Compound ID,Uniprot,Target,E3 ligase,PDB,Name,Smiles,DC50 (nM),Dmax (%),Assay (DC50/Dmax),Percent degradation (%),Assay (Percent degradation),"IC50 (nM, Protac to Target)","Assay (Protac to Target, IC50)","EC50 (nM, Protac to Target)","Assay (Protac to Target, EC50)","Kd (nM, Protac to Target)","Assay (Protac to Target, Kd)","Ki (nM, Protac to Target)","Assay (Protac to Target, Ki)","delta G (kcal/mol, Protac to Target)","delta H (kcal/mol, Protac to Target)","-T*delta S (kcal/mol, Protac to Target)","Assay (Protac to Target, G/H/-TS)","kon (1/Ms, Protac to Target)","koff (1/s, Protac to Target)","t1/2 (s, Protac to Target)","Assay (Protac to Target, kon/koff/t1/2)","IC50 (nM, Protac to E3)","Assay (Protac to E3, IC50)","EC50 (nM, Protac to E3)","Assay (Protac to E3, EC50)","Kd (nM, Protac to E3)","Assay (Protac to E3, Kd)","Ki (nM, Protac to E3)","Assay (Protac to E3, Ki)","delta G (kcal/mol, Protac to E3)","delta H (kcal/mol, Protac to E3)","-T*delta S (kcal/mol, Protac to E3)","Assay (Protac to E3, G/H/-TS)","kon (1/Ms, Protac to E3)","koff (1/s, Protac to E3)","t1/2 (s, Protac to E3)","Assay (Protac to E3, kon/koff/t1/2)","IC50 (nM, Ternary complex)","Assay (Ternary complex, IC50)","EC50 (nM, Ternary complex)","Assay (Ternary complex, EC50)","Kd (nM, Ternary complex)","Assay (Ternary complex, Kd)","Ki (nM, Ternary complex)","Assay (Ternary complex, Ki)","delta G (kcal/mol, Ternary complex)","delta H (kcal/mol, Ternary complex)","-T*delta S (kcal/mol, Ternary complex)","Assay (Ternary complex, G/H/-TS)","kon (1/Ms, Ternary complex)","koff (1/s, Ternary complex)","t1/2 (s, Ternary complex)","Assay (Ternary complex, kon/koff/t1/2)","IC50 (nM, Cellular activities)","Assay (Cellular activities, IC50)","EC50 (nM, Cellular activities)","Assay (Cellular activities, EC50)","GI50 (nM, Cellular activities)","Assay (Cellular activities, GI50)","ED50 (nM, Cellular activities)","Assay (Cellular activities, ED50)","GR50 (nM, Cellular activities)","Assay (Cellular activities, GR50)","PAMPA Papp (nm/s, Permeability)","Assay (Permeability, PAMPA Papp)","Caco-2 A2B Papp (nm/s, Permeability)","Assay (Permeability, Caco-2 A2B Papp)","Caco-2 B2A Papp (nm/s, Permeability)","Assay (Permeability, Caco-2 B2A Papp)",Article DOI,Molecular Weight,Exact Mass,XLogP3,Heavy Atom Count,Ring Count,Hydrogen Bond Acceptor Count,Hydrogen Bond Donor Count,Rotatable Bond Count,Topological Polar Surface Area,Molecular Formula,InChI,InChI Key,ik14
94,P10275,AR,VHL,,,CC1=C(C2=CC=C(CNC(=O)[C@@H]3C[C@@H](O)CN3C(=O)[C@@H](NC(=O)CCNC(=O)C3=CC=C(N4C(=S)N(C5=CC=C(C#N)C(C(F)(F)F)=C5)C(=O)C4(C)C)C=C3F)C(C)(C)C)C=C2)SC=N1,,,,26/35/28,% AR degradation in LNCaP cells after 6 h treatment at 100/1000/10000 nM,,,,,,,,,,,,,,,,,,,,,,,,,,,,,,,,,,,,,,,,,,,,,,,,,,,,,,,,,,,,,,,,,10.1021/acs.jmedchem.8b01631,935.039,934.291786072,5.62,65,6,10,4,12,188.07,C45H46F4N8O6S2,"InChI=1S/C45H46F4N8O6S2/c1-24-36(65-23-53-24)26-9-7-25(8-10-26)21-52-39(61)34-19-30(58)22-55(34)40(62)37(43(2,3)4)54-35(59)15-16-51-38(60)31-14-13-29(18-33(31)46)57-42(64)56(41(63)44(57,5)6)28-12-11-27(20-50)32(17-28)45(47,48)49/h7-14,17-18,23,30,34,37,58H,15-16,19,21-22H2,1-6H3,(H,51,60)(H,52,61)(H,54,59)/t30-,34+,37-/m1/s1",GHDHSFXBWJJYAN-XTYUYLDHSA-N,GHDHSFXBWJJYAN
95,P10275,AR,VHL,,,CC1=C(C2=CC=C(CNC(=O)[C@@H]3C[C@@H](O)CN3C(=O)[C@@H](NC(=O)CCCNC(=O)C3=CC=C(N4C(=S)N(C5=CC=C(C#N)C(C(F)(F)F)=C5)C(=O)C4(C)C)C=C3F)C(C)(C)C)C=C2)SC=N1,,,,15/23/23,% AR degradation in LNCaP cells after 6 h treatment at 100/1000/10000 nM,,,,,,,,,,,,,,,,,,,,,,,,,,,,,,,,,,,,,,,,,,,,,,,,,,,,,,,,,,,,,,,,,10.1021/acs.jmedchem.8b01631,949.066,948.307436136,5.98,66,6,10,4,13,188.07,C46H48F4N8O6S2,"InChI=1S/C46H48F4N8O6S2/c1-25-37(66-24-54-25)27-11-9-26(10-12-27)22-53-40(62)35-20-31(59)23-56(35)41(63)38(44(2,3)4)55-36(60)8-7-17-52-39(61)32-16-15-30(19-34(32)47)58-43(65)57(42(64)45(58,5)6)29-14-13-28(21-51)33(18-29)46(48,49)50/h9-16,18-19,24,31,35,38,59H,7-8,17,20,22-23H2,1-6H3,(H,52,61)(H,53,62)(H,55,60)/t31-,35+,38-/m1/s1",IWXCCOWEXFTLEC-HTSYFKMQSA-N,IWXCCOWEXFTLEC
96,P10275,AR,VHL,,,CC1=C(C2=CC=C(CNC(=O)[C@@H]3C[C@@H](O)CN3C(=O)[C@@H](NC(=O)CCCCNC(=O)C3=CC=C(N4C(=S)N(C5=CC=C(C#N)C(C(F)(F)F)=C5)C(=O)C4(C)C)C=C3F)C(C)(C)C)C=C2)SC=N1,,,,16/20/25,% AR degradation in LNCaP cells after 6 h treatment at 100/1000/10000 nM,,,,,,,,,,,,,,,,,,,,,,,,,,,,,,,,,,,,,,,,,,,,,,,,,,,,,,,,,,,,,,,,,10.1021/acs.jmedchem.8b01631,963.093,962.3230862,6.34,67,6,10,4,14,188.07,C47H50F4N8O6S2,"InChI=1S/C47H50F4N8O6S2/c1-26-38(67-25-55-26)28-12-10-27(11-13-28)23-54-41(63)36-21-32(60)24-57(36)42(64)39(45(2,3)4)56-37(61)9-7-8-18-53-40(62)33-17-16-31(20-35(33)48)59-44(66)58(43(65)46(59,5)6)30-15-14-29(22-52)34(19-30)47(49,50)51/h10-17,19-20,25,32,36,39,60H,7-9,18,21,23-24H2,1-6H3,(H,53,62)(H,54,63)(H,56,61)/t32-,36+,39-/m1/s1",ZFWHPGQSSVNCFB-KZBBYPRMSA-N,ZFWHPGQSSVNCFB
97,P10275,AR,VHL,,,CC1=C(C2=CC=C(CNC(=O)[C@@H]3C[C@@H](O)CN3C(=O)[C@@H](NC(=O)CCCCCNC(=O)C3=CC=C(N4C(=S)N(C5=CC=C(C#N)C(C(F)(F)F)=C5)C(=O)C4(C)C)C=C3F)C(C)(C)C)C=C2)SC=N1,,,,11/25/29,% AR degradation in LNCaP cells after 6 h treatment at 100/1000/10000 nM,,,,,,,,,,,,,,,,,,,,,,,,,,,,,,,,,,,,,,,,,,,,,,,,,,,,,,,,,,,,,,,,,10.1021/acs.jmedchem.8b01631,977.12,976.338736264,6.7,68,6,10,4,15,188.07,C48H52F4N8O6S2,"InChI=1S/C48H52F4N8O6S2/c1-27-39(68-26-56-27)29-13-11-28(12-14-29)24-55-42(64)37-22-33(61)25-58(37)43(65)40(46(2,3)4)57-38(62)10-8-7-9-19-54-41(63)34-18-17-32(21-36(34)49)60-45(67)59(44(66)47(60,5)6)31-16-15-30(23-53)35(20-31)48(50,51)52/h11-18,20-21,26,33,37,40,61H,7-10,19,22,24-25H2,1-6H3,(H,54,63)(H,55,64)(H,57,62)/t33-,37+,40-/m1/s1",LBGRZWNYLZVZQM-HOLFLANQSA-N,LBGRZWNYLZVZQM
98,P10275,AR,VHL,,,CC1=C(C2=CC=C(CNC(=O)[C@@H]3C[C@@H](O)CN3C(=O)[C@@H](NC(=O)CCCCCCNC(=O)C3=CC=C(N4C(=S)N(C5=CC=C(C#N)C(C(F)(F)F)=C5)C(=O)C4(C)C)C=C3F)C(C)(C)C)C=C2)SC=N1,,,,54/84/64,% AR degradation in LNCaP cells after 6 h treatment at 100/1000/10000 nM,,,,,,,,,,,,,,,,,,,,,,,,,,,,,,,,,,,,,,,,,,,,,,,,,,,,,,,,,,,,,,,,,10.1021/acs.jmedchem.8b01631,991.147,990.354386328,7.24,69,6,10,4,16,188.07,C49H54F4N8O6S2,"InChI=1S/C49H54F4N8O6S2/c1-28-40(69-27-57-28)30-14-12-29(13-15-30)25-56-43(65)38-23-34(62)26-59(38)44(66)41(47(2,3)4)58-39(63)11-9-7-8-10-20-55-42(64)35-19-18-33(22-37(35)50)61-46(68)60(45(67)48(61,5)6)32-17-16-31(24-54)36(21-32)49(51,52)53/h12-19,21-22,27,34,38,41,62H,7-11,20,23,25-26H2,1-6H3,(H,55,64)(H,56,65)(H,58,63)/t34-,38+,41-/m1/s1",QPHYYAFAFYEWMM-RHMQSKSJSA-N,QPHYYAFAFYEWMM
99,P10275,AR,VHL,,,CC1=C(C2=CC=C(CNC(=O)[C@@H]3C[C@@H](O)CN3C(=O)[C@@H](NC(=O)CCCCCCCNC(=O)C3=CC=C(N4C(=S)N(C5=CC=C(C#N)C(C(F)(F)F)=C5)C(=O)C4(C)C)C=C3F)C(C)(C)C)C=C2)SC=N1,,,,8/29/65,% AR degradation in LNCaP cells after 6 h treatment at 10/100/1000 nM,,,,,,,,,,,,,,,,,,,,,,,,,,,,,,,,,,,,,,,,,,,,,,,,,,,,,,,,,,,,,,,,,10.1021/acs.jmedchem.8b01631,1005.174,1004.37003639,7.78,70,6,10,4,17,188.07,C50H56F4N8O6S2,"InChI=1S/C50H56F4N8O6S2/c1-29-41(70-28-58-29)31-15-13-30(14-16-31)26-57-44(66)39-24-35(63)27-60(39)45(67)42(48(2,3)4)59-40(64)12-10-8-7-9-11-21-56-43(65)36-20-19-34(23-38(36)51)62-47(69)61(46(68)49(62,5)6)33-18-17-32(25-55)37(22-33)50(52,53)54/h13-20,22-23,28,35,39,42,63H,7-12,21,24,26-27H2,1-6H3,(H,56,65)(H,57,66)(H,59,64)/t35-,39+,42-/m1/s1",UNTJCJBQCSZSDR-DCFQOXSYSA-N,UNTJCJBQCSZSDR
100,P10275,AR,VHL,,,CC1=C(C2=CC=C(CNC(=O)[C@@H]3C[C@@H](O)CN3C(=O)[C@@H](NC(=O)CCCCCCCCNC(=O)C3=CC=C(N4C(=S)N(C5=CC=C(C#N)C(C(F)(F)F)=C5)C(=O)C4(C)C)C=C3F)C(C)(C)C)C=C2)SC=N1,,,,15/66/87,% AR degradation in LNCaP cells after 6 h treatment at 10/100/1000 nM,,,,,,,,,,,,,,,,,,,,,,,,,,,,,,,,,,,,,,,,,,,,,,,,,,,,,,,,,,,,,,,,,10.1021/acs.jmedchem.8b01631,1019.201,1018.38568646,8.32,71,6,10,4,18,188.07,C51H58F4N8O6S2,"InChI=1S/C51H58F4N8O6S2/c1-30-42(71-29-59-30)32-16-14-31(15-17-32)27-58-45(67)40-25-36(64)28-61(40)46(68)43(49(2,3)4)60-41(65)13-11-9-7-8-10-12-22-57-44(66)37-21-20-35(24-39(37)52)63-48(70)62(47(69)50(63,5)6)34-19-18-33(26-56)38(23-34)51(53,54)55/h14-21,23-24,29,36,40,43,64H,7-13,22,25,27-28H2,1-6H3,(H,57,66)(H,58,67)(H,60,65)/t36-,40+,43-/m1/s1",SVTIVBBIZFCGJI-QIWIAYTASA-N,SVTIVBBIZFCGJI
101,P10275,AR,VHL,,,CC1=C(C2=CC=C(CNC(=O)[C@@H]3C[C@@H](O)CN3C(=O)[C@@H](NC(=O)CCCCCCCCCNC(=O)C3=CC=C(N4C(=S)N(C5=CC=C(C#N)C(C(F)(F)F)=C5)C(=O)C4(C)C)C=C3F)C(C)(C)C)C=C2)SC=N1,,,,10/48/88,% AR degradation in LNCaP cells after 6 h treatment at 10/100/1000 nM,,,,,,,,,,,,,,,,,,,,,,,,,,,,,,,,,,,,,,,,,,,,,,,,,,,,,,,,,,,,,,,,,10.1021/acs.jmedchem.8b01631,1033.228,1032.40133652,8.86,72,6,10,4,19,188.07,C52H60F4N8O6S2,"InChI=1S/C52H60F4N8O6S2/c1-31-43(72-30-60-31)33-17-15-32(16-18-33)28-59-46(68)41-26-37(65)29-62(41)47(69)44(50(2,3)4)61-42(66)14-12-10-8-7-9-11-13-23-58-45(67)38-22-21-36(25-40(38)53)64-49(71)63(48(70)51(64,5)6)35-20-19-34(27-57)39(24-35)52(54,55)56/h15-22,24-25,30,37,41,44,65H,7-14,23,26,28-29H2,1-6H3,(H,58,67)(H,59,68)(H,61,66)/t37-,41+,44-/m1/s1",HBTUNEMDIYFWQW-ZKAWRXRFSA-N,HBTUNEMDIYFWQW
102,P10275,AR,VHL,,,CC1=C(C2=CC=C(CNC(=O)[C@@H]3C[C@@H](O)CN3C(=O)[C@@H](NC(=O)CCCCCCCCCCNC(=O)C3=CC=C(N4C(=S)N(C5=CC=C(C#N)C(C(F)(F)F)=C5)C(=O)C4(C)C)C=C3F)C(C)(C)C)C=C2)SC=N1,,,,11/48/86,% AR degradation in LNCaP cells after 6 h treatment at 10/100/1000 nM,,,,,,,,,,,,,,,,,,,,,,,,,,,,,,,,,,,,,,,,,,,,,,,,,,,,,,,,,,,,,,,,,10.1021/acs.jmedchem.8b01631,1047.255,1046.41698658,9.4,73,6,10,4,20,188.07,C53H62F4N8O6S2,"InChI=1S/C53H62F4N8O6S2/c1-32-44(73-31-61-32)34-18-16-33(17-19-34)29-60-47(69)42-27-38(66)30-63(42)48(70)45(51(2,3)4)62-43(67)15-13-11-9-7-8-10-12-14-24-59-46(68)39-23-22-37(26-41(39)54)65-50(72)64(49(71)52(65,5)6)36-21-20-35(28-58)40(25-36)53(55,56)57/h16-23,25-26,31,38,42,45,66H,7-15,24,27,29-30H2,1-6H3,(H,59,68)(H,60,69)(H,62,67)/t38-,42+,45-/m1/s1",JVXFONHOIBGDQZ-CENKHQFISA-N,JVXFONHOIBGDQZ
103,P10275,AR,VHL,,,CC1=C(C2=CC=C(CNC(=O)[C@@H]3C[C@@H](O)CN3C(=O)[C@@H](NC(=O)CCCCCCCCCCCNC(=O)C3=CC=C(N4C(=S)N(C5=CC=C(C#N)C(C(F)(F)F)=C5)C(=O)C4(C)C)C=C3F)C(C)(C)C)C=C2)SC=N1,,,,30/69/75,% AR degradation in LNCaP cells after 6 h treatment at 100/1000/10000 nM,,,,,,,,,,,,,,,,,,,,,,,,,,,,,,,,,,,,,,,,,,,,,,,,,,,,,,,,,,,,,,,,,10.1021/acs.jmedchem.8b01631,1061.282,1060.43263665,9.94,74,6,10,4,21,188.07,C54H64F4N8O6S2,"InChI=1S/C54H64F4N8O6S2/c1-33-45(74-32-62-33)35-19-17-34(18-20-35)30-61-48(70)43-28-39(67)31-64(43)49(71)46(52(2,3)4)63-44(68)16-14-12-10-8-7-9-11-13-15-25-60-47(69)40-24-23-38(27-42(40)55)66-51(73)65(50(72)53(66,5)6)37-22-21-36(29-59)41(26-37)54(56,57)58/h17-24,26-27,32,39,43,46,67H,7-16,25,28,30-31H2,1-6H3,(H,60,69)(H,61,70)(H,63,68)/t39-,43+,46-/m1/s1",YLEYRJVYSVNVMW-ILGHAVELSA-N,YLEYRJVYSVNVMW
104,P10275,AR,VHL,,,CC1=C(C2=CC=C(CNC(=O)[C@@H]3C[C@@H](O)CN3C(=O)[C@@H](NC(=O)CCOCCOCCNC(=O)C3=CC=C(N4C(=S)N(C5=CC=C(C#N)C(C(F)(F)F)=C5)C(=O)C4(C)C)C=C3F)C(C)(C)C)C=C2)SC=N1,,,,32/35/40,% AR degradation in LNCaP cells after 6 h treatment at 100/1000/10000 nM,,,,,,,,,,,,,,,,,,,,,,,,,,,,,,,,,,,,,,,,,,,,,,,,,,,,,,,,,,,,,,,,,10.1021/acs.jmedchem.8b01631,1023.145,1022.34421557,5.33,71,6,12,4,18,206.53,C49H54F4N8O8S2,"InChI=1S/C49H54F4N8O8S2/c1-28-40(71-27-57-28)30-9-7-29(8-10-30)25-56-43(65)38-23-34(62)26-59(38)44(66)41(47(2,3)4)58-39(63)15-17-68-19-20-69-18-16-55-42(64)35-14-13-33(22-37(35)50)61-46(70)60(45(67)48(61,5)6)32-12-11-31(24-54)36(21-32)49(51,52)53/h7-14,21-22,27,34,38,41,62H,15-20,23,25-26H2,1-6H3,(H,55,64)(H,56,65)(H,58,63)/t34-,38+,41-/m1/s1",UUYSEODCXJXBSH-RHMQSKSJSA-N,UUYSEODCXJXBSH
105,P10275,AR,VHL,,,CC1=C(C2=CC=C(CNC(=O)[C@@H]3C[C@@H](O)CN3C(=O)[C@@H](NC(=O)CCCCCCC3=CC=C(C#CC4=CC=C(N5C(=S)N(C6=CC=C(C#N)C(C(F)(F)F)=C6)C(=O)C5(C)C)C=C4)C=N3)C(C)(C)C)C=C2)SC=N1,,,,30/63/96,% AR degradation in LNCaP cells after 6 h treatment at 10/100/1000 nM,,,,,,,,,,,,,,,,,,,,,,,,,,,,,,,,,,,,,,,,,,,,,,,,,,,,,,,,,,,,,,,,,10.1021/acs.jmedchem.8b01631,1031.24,1030.38454358,9.29,73,7,10,3,15,171.86,C55H57F3N8O5S2,"InChI=1S/C55H57F3N8O5S2/c1-34-47(73-33-62-34)38-20-15-37(16-21-38)31-61-49(69)45-28-43(67)32-64(45)50(70)48(53(2,3)4)63-46(68)12-10-8-7-9-11-40-23-17-36(30-60-40)14-13-35-18-24-41(25-19-35)66-52(72)65(51(71)54(66,5)6)42-26-22-39(29-59)44(27-42)55(56,57)58/h15-27,30,33,43,45,48,67H,7-12,28,31-32H2,1-6H3,(H,61,69)(H,63,68)/t43-,45+,48-/m1/s1",DQQBASHTDJWTOF-FHGSKKDFSA-N,DQQBASHTDJWTOF
106,P10275,AR,VHL,,,CC1=C(C2=CC=C(CNC(=O)[C@@H]3C[C@@H](O)CN3C(=O)[C@@H](NC(=O)CCCN3CCN(C4=CC=C(C#CC5=CC=C(N6C(=S)N(C7=CC=C(C#N)C(C(F)(F)F)=C7)C(=O)C6(C)C)C=C5)C=N4)CC3)C(C)(C)C)C=C2)SC=N1,,,,50/80/80,% AR degradation in LNCaP cells after 6 h treatment at 100/1000/10000 nM,,,,,,,,,,,,,,,,,,,,,,,,,,,,,,,,,,,,,,,,,,,,,,,,,,,,,,,,,,,,,,,,,10.1021/acs.jmedchem.8b01631,1073.281,1072.40634165,7.82,76,8,12,3,13,178.34,C56H59F3N10O5S2,"InChI=1S/C56H59F3N10O5S2/c1-35-48(76-34-63-35)39-16-11-38(12-17-39)32-62-50(72)45-29-43(70)33-67(45)51(73)49(54(2,3)4)64-47(71)8-7-23-65-24-26-66(27-25-65)46-22-15-37(31-61-46)10-9-36-13-19-41(20-14-36)69-53(75)68(52(74)55(69,5)6)42-21-18-40(30-60)44(28-42)56(57,58)59/h11-22,28,31,34,43,45,49,70H,7-8,23-27,29,32-33H2,1-6H3,(H,62,72)(H,64,71)/t43-,45+,49-/m1/s1",LUQBLTDGOLZKCA-SSEBIXAFSA-N,LUQBLTDGOLZKCA
107,P10275,AR,VHL,,,CC1=C(C2=CC=C([C@H](C)NC(=O)[C@@H]3C[C@@H](O)CN3C(=O)[C@@H](NC(=O)CCCN3CCN(C4=CC=C(C#CC5=CC=C(N6C(=S)N(C7=CC=C(C#N)C(C(F)(F)F)=C7)C(=O)C6(C)C)C=C5)C=N4)CC3)C(C)(C)C)C=C2)SC=N1,,,,37/61/92,% AR degradation in LNCaP cells after 6 h treatment at 10/100/1000 nM,,,,,,,,,,,,,,,,,,,,,,,,,,,,,,,,,,,,,,,,,,,,,,,,,,,,,,,,,,,,,,,,,10.1021/acs.jmedchem.8b01631,1087.308,1086.42199171,8.22,77,8,12,3,13,178.34,C57H61F3N10O5S2,"InChI=1S/C57H61F3N10O5S2/c1-35(39-15-17-40(18-16-39)49-36(2)63-34-77-49)64-51(73)46-30-44(71)33-68(46)52(74)50(55(3,4)5)65-48(72)9-8-24-66-25-27-67(28-26-66)47-23-14-38(32-62-47)11-10-37-12-20-42(21-13-37)70-54(76)69(53(75)56(70,6)7)43-22-19-41(31-61)45(29-43)57(58,59)60/h12-23,29,32,34-35,44,46,50,71H,8-9,24-28,30,33H2,1-7H3,(H,64,73)(H,65,72)/t35-,44+,46-,50+/m0/s1",UESVUNITXHBXAZ-RIZNWJGOSA-N,UESVUNITXHBXAZ
108,P10275,AR,VHL,,,CC1=C(C2=CC=C([C@H](C)NC(=O)[C@@H]3C[C@@H](O)CN3C(=O)[C@@H](NC(=O)CCCCN3CCN(C4=CC=C(C#CC5=CC=C(N6C(=S)N(C7=CC=C(C#N)C(C(F)(F)F)=C7)C(=O)C6(C)C)C=C5)C=N4)CC3)C(C)(C)C)C=C2)SC=N1,,,,28/48/89,% AR degradation in LNCaP cells after 6 h treatment at 10/100/1000 nM,,,,,,,,,,,,,,,,,,,,,,,,,,,,,,,,,,,,,,,,,,,,,,,,,,,,,,,,,,,,,,,,,10.1021/acs.jmedchem.8b01631,1101.335,1100.43764178,8.58,78,8,12,3,14,178.34,C58H63F3N10O5S2,"InChI=1S/C58H63F3N10O5S2/c1-36(40-16-18-41(19-17-40)50-37(2)64-35-78-50)65-52(74)47-31-45(72)34-69(47)53(75)51(56(3,4)5)66-49(73)10-8-9-25-67-26-28-68(29-27-67)48-24-15-39(33-63-48)12-11-38-13-21-43(22-14-38)71-55(77)70(54(76)57(71,6)7)44-23-20-42(32-62)46(30-44)58(59,60)61/h13-24,30,33,35-36,45,47,51,72H,8-10,25-29,31,34H2,1-7H3,(H,65,74)(H,66,73)/t36-,45+,47-,51+/m0/s1",IFIQPRCRTBSGCW-OWEXABFXSA-N,IFIQPRCRTBSGCW
109,P10275,AR,VHL,,,CC1=C(C2=CC=C([C@H](C)NC(=O)[C@@H]3C[C@@H](O)CN3C(=O)[C@@H](NC(=O)CCN3CCN(C4=CC=C(C#CC5=CC=C(N6C(=S)N(C7=CC=C(C#N)C(C(F)(F)F)=C7)C(=O)C6(C)C)C=C5)C=N4)CC3)C(C)(C)C)C=C2)SC=N1,,,,34/51/78,% AR degradation in LNCaP cells after 6 h treatment at 10/100/1000 nM,,,,,,,,,,,,,,,,,,,,,,,,,,,,,,,,,,,,,,,,,,,,,,,,,,,,,,,,,,,,,,,,,10.1021/acs.jmedchem.8b01631,1073.281,1072.40634165,7.87,76,8,12,3,12,178.34,C56H59F3N10O5S2,"InChI=1S/C56H59F3N10O5S2/c1-34(38-13-15-39(16-14-38)48-35(2)62-33-76-48)63-50(72)45-29-43(70)32-67(45)51(73)49(54(3,4)5)64-47(71)22-23-65-24-26-66(27-25-65)46-21-12-37(31-61-46)9-8-36-10-18-41(19-11-36)69-53(75)68(52(74)55(69,6)7)42-20-17-40(30-60)44(28-42)56(57,58)59/h10-21,28,31,33-34,43,45,49,70H,22-27,29,32H2,1-7H3,(H,63,72)(H,64,71)/t34-,43+,45-,49+/m0/s1",XBYIKVWSXKAVDE-KQDFWKMASA-N,XBYIKVWSXKAVDE
110,P10275,AR,VHL,,,CC1=C(C2=CC=C([C@H](C)NC(=O)[C@@H]3C[C@@H](O)CN3C(=O)[C@@H](NC(=O)CN3CCN(C4=CC=C(C#CC5=CC=C(N6C(=S)N(C7=CC=C(C#N)C(C(F)(F)F)=C7)C(=O)C6(C)C)C=C5)C=N4)CC3)C(C)(C)C)C=C2)SC=N1,,,,3/31/28,% AR degradation in LNCaP cells after 6 h treatment at 100/1000/10000 nM,,,,,,,,,,,,,,,,,,,,,,,,,,,,,,,,,,,,,,,,,,,,,,,,,,,,,,,,,,,,,,,,,10.1021/acs.jmedchem.8b01631,1059.254,1058.39069158,7.96,75,8,12,3,11,178.34,C55H57F3N10O5S2,"InChI=1S/C55H57F3N10O5S2/c1-33(37-13-15-38(16-14-37)47-34(2)61-32-75-47)62-49(71)44-27-42(69)30-66(44)50(72)48(53(3,4)5)63-46(70)31-64-22-24-65(25-23-64)45-21-12-36(29-60-45)9-8-35-10-18-40(19-11-35)68-52(74)67(51(73)54(68,6)7)41-20-17-39(28-59)43(26-41)55(56,57)58/h10-21,26,29,32-33,42,44,48,69H,22-25,27,30-31H2,1-7H3,(H,62,71)(H,63,70)/t33-,42+,44-,48+/m0/s1",XVQSTGFWUADNSG-ZYBUMLIXSA-N,XVQSTGFWUADNSG
111,P10275,AR,VHL,,,CC1=C(C2=CC=C([C@H](C)NC(=O)[C@@H]3C[C@@H](O)CN3C(=O)[C@@H](NC(=O)N3CCN(C4=CC=C(C#CC5=CC=C(N6C(=S)N(C7=CC=C(C#N)C(C(F)(F)F)=C7)C(=O)C6(C)C)C=C5)C=N4)CC3)C(C)(C)C)C=C2)SC=N1,,,,0/12/0,% AR degradation in LNCaP cells after 6 h treatment at 100/1000/10000 nM,,,,,,,,,,,,,,,,,,,,,,,,,,,,,,,,,,,,,,,,,,,,,,,,,,,,,,,,,,,,,,,,,10.1021/acs.jmedchem.8b01631,1045.227,1044.37504152,7.91,74,8,11,3,9,178.34,C54H55F3N10O5S2,"InChI=1S/C54H55F3N10O5S2/c1-32(36-13-15-37(16-14-36)45-33(2)60-31-74-45)61-47(69)43-27-41(68)30-65(43)48(70)46(52(3,4)5)62-50(72)64-24-22-63(23-25-64)44-21-12-35(29-59-44)9-8-34-10-18-39(19-11-34)67-51(73)66(49(71)53(67,6)7)40-20-17-38(28-58)42(26-40)54(55,56)57/h10-21,26,29,31-32,41,43,46,68H,22-25,27,30H2,1-7H3,(H,61,69)(H,62,72)/t32-,41+,43-,46+/m0/s1",DZDNEYFUVBHXKM-GNXBVMDESA-N,DZDNEYFUVBHXKM
112,P10275,AR,VHL,,,CC1=NOC([C@H](C(=O)N2C[C@H](O)C[C@H]2C(=O)N[C@@H](CC(=O)NCCCCCCCCCNC(=O)C2=CC=C(N3C(=S)N(C4=CC=C(C#N)C(C(F)(F)F)=C4)C(=O)C3(C)C)C=C2F)C2=CC=C(C3=C(C)N=CS3)C=C2)C(C)C)=C1,,,,11/50/87,% AR degradation in LNCaP cells after 6 h treatment at 10/100/1000 nM,,,,,,,,,,,,,,,,,,,,,,,,,,,,,,,,,,,,,,,,,,,,,,,,,,,,,,,,,,,,,,,,,10.1021/acs.jmedchem.8b01631,1114.302,1113.42280024,8.76,78,7,12,4,22,214.1,C56H63F4N9O7S2,"InChI=1S/C56H63F4N9O7S2/c1-32(2)48(46-24-33(3)66-76-46)52(74)67-30-40(70)27-45(67)51(73)65-44(35-14-16-36(17-15-35)49-34(4)64-31-78-49)28-47(71)62-22-12-10-8-7-9-11-13-23-63-50(72)41-21-20-39(26-43(41)57)69-54(77)68(53(75)55(69,5)6)38-19-18-37(29-61)42(25-38)56(58,59)60/h14-21,24-26,31-32,40,44-45,48,70H,7-13,22-23,27-28,30H2,1-6H3,(H,62,71)(H,63,72)(H,65,73)/t40-,44+,45+,48-/m1/s1",QMJVJZXGGGXRPC-XUTPHSDNSA-N,QMJVJZXGGGXRPC
113,P10275,AR,VHL,,,CC1=NOC([C@H](C(=O)N2C[C@H](O)C[C@H]2C(=O)N[C@@H](CC(=O)NCCCN2CCN(C3=CC=C(C#CC4=CC=C(N5C(=S)N(C6=CC=C(C#N)C(C(F)(F)F)=C6)C(=O)C5(C)C)C=C4)C=N3)CC2)C2=CC=C(C3=C(C)N=CS3)C=C2)C(C)C)=C1,,,,27/75/94,% AR degradation in LNCaP cells after 6 h treatment at 10/100/1000 nM,,,,,,,,,,,,,,,,,,,,,,,,,,,,,,,,,,,,,,,,,,,,,,,,,,,,,,,,,,,,,,,,,10.1021/acs.jmedchem.8b01631,1154.355,1153.42780536,7.91,82,9,14,3,16,204.37,C60H62F3N11O6S2,"InChI=1S/C60H62F3N11O6S2/c1-36(2)53(50-28-37(3)69-80-50)56(78)72-34-46(75)30-49(72)55(77)68-48(41-13-15-42(16-14-41)54-38(4)67-35-82-54)31-52(76)65-22-7-23-70-24-26-71(27-25-70)51-21-12-40(33-66-51)9-8-39-10-18-44(19-11-39)74-58(81)73(57(79)59(74,5)6)45-20-17-43(32-64)47(29-45)60(61,62)63/h10-21,28-29,33,35-36,46,48-49,53,75H,7,22-27,30-31,34H2,1-6H3,(H,65,76)(H,68,77)/t46-,48+,49+,53-/m1/s1",YJSJHDDWLLYYGT-TWPSXJLCSA-N,YJSJHDDWLLYYGT
114,P10275,AR,VHL,,,CC1=NOC([C@H](C(=O)N2C[C@H](O)C[C@H]2C(=O)N[C@@H](CC(=O)N2CCN(C3=CC=C(C#CC4=CC=C(N5C(=S)N(C6=CC=C(C#N)C(C(F)(F)F)=C6)C(=O)C5(C)C)C=C4)C=N3)CC2)C2=CC=C(C3=C(C)N=CS3)C=C2)C(C)C)=C1,,,,22/72/93,% AR degradation in LNCaP cells after 6 h treatment at 10/100/1000 nM,,,,,,,,,,,,,,,,,,,,,,,,,,,,,,,,,,,,,,,,,,,,,,,,,,,,,,,,,,,,,,,,,10.1021/acs.jmedchem.8b01631,1097.259,1096.36995614,7.7,78,9,13,2,12,192.34,C57H55F3N10O6S2,"InChI=1S/C57H55F3N10O6S2/c1-33(2)50(47-25-34(3)65-76-47)53(74)68-31-43(71)27-46(68)52(73)64-45(38-12-14-39(15-13-38)51-35(4)63-32-78-51)28-49(72)67-23-21-66(22-24-67)48-20-11-37(30-62-48)8-7-36-9-17-41(18-10-36)70-55(77)69(54(75)56(70,5)6)42-19-16-40(29-61)44(26-42)57(58,59)60/h9-20,25-26,30,32-33,43,45-46,50,71H,21-24,27-28,31H2,1-6H3,(H,64,73)/t43-,45+,46+,50-/m1/s1",IQMQOGXOGASOHR-WWWWNMQMSA-N,IQMQOGXOGASOHR
115,P10275,AR,VHL,,,CC1=NOC([C@H](C(=O)N2C[C@H](O)C[C@H]2C(=O)N[C@@H](CC(=O)N2CCC(N3CCC(C#CC4=CC=C(N5C(=S)N(C6=CC=C(C#N)C(C(F)(F)F)=C6)C(=O)C5(C)C)C=C4)CC3)CC2)C2=CC=C(C3=C(C)N=CS3)C=C2)C(C)C)=C1,,,,20/81/97,% AR degradation in LNCaP cells after 6 h treatment at 10/100/1000 nM,,,,,,,,,,,,,,,,,,,,,,,,,,,,,,,,,,,,,,,,,,,,,,,,,,,,,,,,,,,,,,,,,10.1021/acs.jmedchem.8b01631,1102.319,1101.42165736,8.04,78,9,12,2,12,179.45,C58H62F3N9O6S2,"InChI=1S/C58H62F3N9O6S2/c1-34(2)51(49-27-35(3)65-76-49)54(74)68-32-45(71)29-48(68)53(73)64-47(39-11-13-40(14-12-39)52-36(4)63-33-78-52)30-50(72)67-25-21-42(22-26-67)66-23-19-38(20-24-66)8-7-37-9-16-43(17-10-37)70-56(77)69(55(75)57(70,5)6)44-18-15-41(31-62)46(28-44)58(59,60)61/h9-18,27-28,33-34,38,42,45,47-48,51,71H,19-26,29-30,32H2,1-6H3,(H,64,73)/t45-,47+,48+,51-/m1/s1",GUBNYKHHDKQDQF-CIFRGWANSA-N,GUBNYKHHDKQDQF
116,P10275,AR,VHL,,,CC1=NOC([C@H](C(=O)N2C[C@H](O)C[C@H]2C(=O)N[C@@H](CC(=O)N2CCC(N3CCC(C#CC4=CC=C(N5C(=S)N(C6=CN=C(C#N)C(C(F)(F)F)=C6)C(=O)C56CCC6)C=C4)CC3)CC2)C2=CC=C(C3=C(C)N=CS3)C=C2)C(C)C)=C1,,,,38/80/95,% AR degradation in LNCaP cells after 6 h treatment at 10/100/1000 nM,,,,,,,,,,,,,,,,,,,,,,,,,,,,,,,,,,,,,,,,,,,,,,,,,,,,,,,,,,,,,,,,,10.1021/acs.jmedchem.8b01631,1115.318,1114.41690633,7.42,79,10,13,2,12,192.34,C58H61F3N10O6S2,"InChI=1S/C58H61F3N10O6S2/c1-34(2)51(49-26-35(3)66-77-49)54(75)69-32-44(72)28-48(69)53(74)65-46(39-10-12-40(13-11-39)52-36(4)64-33-79-52)29-50(73)68-24-18-41(19-25-68)67-22-16-38(17-23-67)7-6-37-8-14-42(15-9-37)71-56(78)70(55(76)57(71)20-5-21-57)43-27-45(58(59,60)61)47(30-62)63-31-43/h8-15,26-27,31,33-34,38,41,44,46,48,51,72H,5,16-25,28-29,32H2,1-4H3,(H,65,74)/t44-,46+,48+,51-/m1/s1",ALWGZTAGCPHDFO-YUWVYYDQSA-N,ALWGZTAGCPHDFO
117,P10275,AR,VHL,,,CC1=NOC([C@H](C(=O)N2C[C@H](O)C[C@H]2C(=O)N[C@@H](CC(=O)N2CCC(N3CCC(C#CC4=CC=C(S(=O)CC(C)(O)C(=O)NC5=CC=C(C#N)C(C(F)(F)F)=C5)C=C4)CC3)CC2)C2=CC=C(C3=C(C)N=CS3)C=C2)C(C)C)=C1,,,,18/34/35,% AR degradation in LNCaP cells after 6 h treatment at 100/1000/10000 nM,,,,,,,,,,,,,,,,,,,,,,,,,,,,,,,,,,,,,,,,,,,,,,,,,,,,,,,,,,,,,,,,,10.1021/acs.jmedchem.8b01631,1109.307,1108.41623764,5.84,78,8,13,4,15,222.3,C57H63F3N8O8S2,"InChI=1S/C57H63F3N8O8S2/c1-34(2)51(49-26-35(3)65-76-49)54(72)68-31-44(69)28-48(68)53(71)64-47(39-10-12-40(13-11-39)52-36(4)62-33-77-52)29-50(70)67-24-20-43(21-25-67)66-22-18-38(19-23-66)7-6-37-8-16-45(17-9-37)78(75)32-56(5,74)55(73)63-42-15-14-41(30-61)46(27-42)57(58,59)60/h8-17,26-27,33-34,38,43-44,47-48,51,69,74H,18-25,28-29,31-32H2,1-5H3,(H,63,73)(H,64,71)/t44-,47+,48+,51-,56?,78?/m1/s1",XJIMCYXRPLNZMP-NKZBRKBLSA-N,XJIMCYXRPLNZMP
118,P10275,AR,VHL,,ARD-61,CC1=NOC([C@H](C(=O)N2C[C@H](O)C[C@H]2C(=O)N[C@@H](CC(=O)N2CCC(N3CCC(C#CC4=CC=C(C(=O)N[C@H]5C(C)(C)[C@H](OC6=CC=C(C#N)C(Cl)=C6)C5(C)C)C=C4)CC3)CC2)C2=CC=C(C3=C(C)N=CS3)C=C2)C(C)C)=C1,,,,76/98/99,% AR degradation in LNCaP cells after 6 h treatment at 10/100/1000 nM,,,,,,,,,,,,,,,,,,,,,,,,,,,,,,,,,,,,,,,,,,,,,,,,,,,,,,,,,,,,,,,,,10.1021/acs.jmedchem.8b01631,1095.808,1094.48549529,9.31,78,9,12,3,14,194.23,C61H71ClN8O7S,"InChI=1S/C61H71ClN8O7S/c1-36(2)53(51-29-37(3)67-77-51)57(75)70-34-46(71)30-50(70)56(74)65-49(41-15-17-42(18-16-41)54-38(4)64-35-78-54)32-52(72)69-27-23-45(24-28-69)68-25-21-40(22-26-68)10-9-39-11-13-43(14-12-39)55(73)66-58-60(5,6)59(61(58,7)8)76-47-20-19-44(33-63)48(62)31-47/h11-20,29,31,35-36,40,45-46,49-50,53,58-59,71H,21-28,30,32,34H2,1-8H3,(H,65,74)(H,66,73)/t46-,49+,50+,53-,58-,59-/m1/s1",RGPUSLXMPBTXNU-MLMZQBPXSA-N,RGPUSLXMPBTXNU
118,P10275,AR,VHL,,ARD-61,CC1=NOC([C@H](C(=O)N2C[C@H](O)C[C@H]2C(=O)N[C@@H](CC(=O)N2CCC(N3CCC(C#CC4=CC=C(C(=O)N[C@H]5C(C)(C)[C@H](OC6=CC=C(C#N)C(Cl)=C6)C5(C)C)C=C4)CC3)CC2)C2=CC=C(C3=C(C)N=CS3)C=C2)C(C)C)=C1,7.2/1,>95/>95,Degradation of AR in LNCaP/VCaP AR+ cells after 6 h treatment,76/>95/>99,% AR degradation in LNCaP cells after 6 h treatment at 10/100/1000 nM,,,,,,,,,,,,,,,,,,,,,,,,,,,,,,,,,,,,,,,,,,,,,,,,,2/2,Inhibit growth of LNCaP/VCaP cells,,,,,,,,,,,,,,,10.1021/acs.jmedchem.9b01393,1095.808,1094.48549529,9.31,78,9,12,3,14,194.23,C61H71ClN8O7S,"InChI=1S/C61H71ClN8O7S/c1-36(2)53(51-29-37(3)67-77-51)57(75)70-34-46(71)30-50(70)56(74)65-49(41-15-17-42(18-16-41)54-38(4)64-35-78-54)32-52(72)69-27-23-45(24-28-69)68-25-21-40(22-26-68)10-9-39-11-13-43(14-12-39)55(73)66-58-60(5,6)59(61(58,7)8)76-47-20-19-44(33-63)48(62)31-47/h11-20,29,31,35-36,40,45-46,49-50,53,58-59,71H,21-28,30,32,34H2,1-8H3,(H,65,74)(H,66,73)/t46-,49+,50+,53-,58-,59-/m1/s1",RGPUSLXMPBTXNU-MLMZQBPXSA-N,RGPUSLXMPBTXNU
119,P10275,AR,VHL,,,CC1=NOC([C@H](C(=O)N2C[C@H](O)C[C@H]2C(=O)N[C@@H](CC(=O)N2CCC(N3CCC(C#CC4=CC=C(CC5=C(C)N(C6=CC=C(C#N)C(Cl)=C6)N=C5C)C=C4)CC3)CC2)C2=CC=C(C3=C(C)N=CS3)C=C2)C(C)C)=C1,,,,65/93/78,% AR degradation in LNCaP cells after 6 h treatment at 100/1000/10000 nM,,,,,,,,,,,,,,,,,,,,,,,,,,,,,,,,,,,,,,,,,,,,,,,,,,,,,,,,,,,,,,,,,10.1021/acs.jmedchem.8b01631,1034.728,1033.44396483,8.77,74,9,12,2,13,173.72,C58H64ClN9O5S,"InChI=1S/C58H64ClN9O5S/c1-35(2)55(53-27-36(3)64-73-53)58(72)67-33-48(69)30-52(67)57(71)62-51(43-13-15-44(16-14-43)56-38(5)61-34-74-56)31-54(70)66-25-21-46(22-26-66)65-23-19-41(20-24-65)8-7-40-9-11-42(12-10-40)28-49-37(4)63-68(39(49)6)47-18-17-45(32-60)50(59)29-47/h9-18,27,29,34-35,41,46,48,51-52,55,69H,19-26,28,30-31,33H2,1-6H3,(H,62,71)/t48-,51+,52+,55-/m1/s1",STEVDPTZCIOYTQ-SFWKOQDQSA-N,STEVDPTZCIOYTQ
120,P10275,AR,VHL,,ARD-69,CC1=C(C2=CC=C([C@H](CC(=O)N3CCC(N4CCC(C#CC5=CC=C(C(=O)N[C@H]6C(C)(C)[C@H](OC7=CC=C(C#N)C(Cl)=C7)C6(C)C)C=C5)CC4)CC3)NC(=O)[C@@H]3C[C@@H](O)CN3C(=O)[C@@H](NC(=O)C3(F)CC3)C(C)(C)C)C=C2)SC=N1,0.86/0.76/10.4,>95/>95/>95,Degradation of AR in LNCaP/VCaP/22Rv1 cells after 24 h treatment,89/99/100,% AR degradation in LNCaP cells after 6 h treatment at 10/100/1000 nM,,,,,,,,,,,,,,,,,,,,,,,,,,,,,,,,,,,,,,,,,,,,,,,,,0.25/0.34/183,Inhibit growth of LNCaP/VCaP/22Rv1 cells,,,,,,,,,,,,,,,10.1021/acs.jmedchem.8b01631,1129.841,1128.50737361,9.29,80,9,11,4,14,197.3,C62H74ClFN8O7S,"InChI=1S/C62H74ClFN8O7S/c1-37-51(80-36-66-37)41-17-15-40(16-18-41)48(67-54(76)49-31-45(73)35-72(49)55(77)52(59(2,3)4)68-58(78)62(64)25-26-62)33-50(74)71-29-23-44(24-30-71)70-27-21-39(22-28-70)10-9-38-11-13-42(14-12-38)53(75)69-56-60(5,6)57(61(56,7)8)79-46-20-19-43(34-65)47(63)32-46/h11-20,32,36,39,44-45,48-49,52,56-57,73H,21-31,33,35H2,1-8H3,(H,67,76)(H,68,78)(H,69,75)/t45-,48+,49+,52-,56-,57-/m1/s1",CWGVEMFBQJUWLU-RXFAPWBBSA-N,CWGVEMFBQJUWLU
121,P10275,AR,VHL,,,CC1=C(C2=CC=C([C@H](CC(=O)N3CCC(N4CCC(C#CC5=CC=C(C(=O)N[C@H]6C(C)(C)[C@H](OC7=CC=C(C#N)C(Cl)=C7)C6(C)C)C=C5)CC4)CC3)NC(=O)[C@@H]3C[C@@H](O)CN3C(=O)[C@@H](NC(=O)C3(C#N)CC3)C(C)(C)C)C=C2)SC=N1,,,,76/99/100,% AR degradation in LNCaP cells after 6 h treatment at 10/100/1000 nM,,,,,,,,,,,,,,,,,,,,,,,,,,,,,,,,,,,,,,,,,,,,,,,,,,,,,,,,,,,,,,,,,10.1021/acs.jmedchem.8b01631,1136.861,1135.51204439,8.81,81,9,12,4,14,221.09,C63H74ClN9O7S,"InChI=1S/C63H74ClN9O7S/c1-38-52(81-37-67-38)42-17-15-41(16-18-42)49(68-55(77)50-31-46(74)35-73(50)56(78)53(60(2,3)4)69-59(79)63(36-66)25-26-63)33-51(75)72-29-23-45(24-30-72)71-27-21-40(22-28-71)10-9-39-11-13-43(14-12-39)54(76)70-57-61(5,6)58(62(57,7)8)80-47-20-19-44(34-65)48(64)32-47/h11-20,32,37,40,45-46,49-50,53,57-58,74H,21-31,33,35H2,1-8H3,(H,68,77)(H,69,79)(H,70,76)/t46-,49+,50+,53-,57-,58-/m1/s1",YLIIPOUNLYQGIU-NMPLUEPVSA-N,YLIIPOUNLYQGIU
122,P10275,AR,VHL,,,CC(=O)N[C@H](C(=O)N1C[C@H](O)C[C@H]1C(=O)N[C@@H](CC(=O)N1CCC(N2CCC(C#CC3=CC=C(C(=O)N[C@H]4C(C)(C)[C@H](OC5=CC=C(C#N)C(Cl)=C5)C4(C)C)C=C3)CC2)CC1)C1=CC=C(C2=C(C)N=CS2)C=C1)C(C)(C)C,,,,39/77/99,% AR degradation in LNCaP cells after 6 h treatment at 10/100/1000 nM,,,,,,,,,,,,,,,,,,,,,,,,,,,,,,,,,,,,,,,,,,,,,,,,,,,,,,,,,,,,,,,,,10.1021/acs.jmedchem.8b01631,1085.813,1084.50114536,8.57,77,8,11,4,13,197.3,C60H73ClN8O7S,"InChI=1S/C60H73ClN8O7S/c1-36-51(77-35-63-36)41-18-16-40(17-19-41)48(65-54(74)49-30-45(71)34-69(49)55(75)52(58(3,4)5)64-37(2)70)32-50(72)68-28-24-44(25-29-68)67-26-22-39(23-27-67)11-10-38-12-14-42(15-13-38)53(73)66-56-59(6,7)57(60(56,8)9)76-46-21-20-43(33-62)47(61)31-46/h12-21,31,35,39,44-45,48-49,52,56-57,71H,22-30,32,34H2,1-9H3,(H,64,70)(H,65,74)(H,66,73)/t45-,48+,49+,52-,56-,57-/m1/s1",YCVBOGOSHGKMCU-RXFAPWBBSA-N,YCVBOGOSHGKMCU
123,P10275,AR,VHL,,,CC1=C(C2=CC=C([C@@H](CC(=O)N3CCC(N4CCC(C#CC5=CC=C(C(=O)N[C@H]6C(C)(C)[C@H](OC7=CC=C(C#N)C(Cl)=C7)C6(C)C)C=C5)CC4)CC3)NC(=O)[C@@H]3C[C@@H](O)CN3C(=O)[C@@H](NC(=O)C3(F)CC3)C(C)(C)C)C=C2)SC=N1,,,,<5/<5/<5,% AR degradation in LNCaP cells after 6 h treatment at 100/1000/10000 nM,,,,,,,,,,,,,,,,,,,,,,,,,,,,,,,,,,,,,,,,,,,,,,,,,,,,,,,,,,,,,,,,,10.1021/acs.jmedchem.8b01631,1129.841,1128.50737361,9.29,80,9,11,4,14,197.3,C62H74ClFN8O7S,"InChI=1S/C62H74ClFN8O7S/c1-37-51(80-36-66-37)41-17-15-40(16-18-41)48(67-54(76)49-31-45(73)35-72(49)55(77)52(59(2,3)4)68-58(78)62(64)25-26-62)33-50(74)71-29-23-44(24-30-71)70-27-21-39(22-28-70)10-9-38-11-13-42(14-12-38)53(75)69-56-60(5,6)57(61(56,7)8)79-46-20-19-43(34-65)47(63)32-46/h11-20,32,36,39,44-45,48-49,52,56-57,73H,21-31,33,35H2,1-8H3,(H,67,76)(H,68,78)(H,69,75)/t45-,48-,49+,52-,56-,57-/m1/s1",CWGVEMFBQJUWLU-QNUMSGHZSA-N,CWGVEMFBQJUWLU
124,P10275,AR,VHL,,,CC1=C(C2=CC=C([C@H](CC(=O)N3CCC(N4CCC(C#CC5=CC=C(C(=O)N[C@H]6C(C)(C)[C@H](OC7=CC=C(C#N)C(Cl)=C7)C6(C)C)C=C5)CC4)CC3)NC(=O)[C@@H]3C[C@@H](O)CN3C(=O)[C@H](NC(=O)C3(F)CC3)C(C)(C)C)C=C2)SC=N1,,,,<5/<5/<5,% AR degradation in LNCaP cells after 6 h treatment at 100/1000/10000 nM,,,,,,,,,,,,,,,,,,,,,,,,,,,,,,,,,,,,,,,,,,,,,,,,,,,,,,,,,,,,,,,,,10.1021/acs.jmedchem.8b01631,1129.841,1128.50737361,9.29,80,9,11,4,14,197.3,C62H74ClFN8O7S,"InChI=1S/C62H74ClFN8O7S/c1-37-51(80-36-66-37)41-17-15-40(16-18-41)48(67-54(76)49-31-45(73)35-72(49)55(77)52(59(2,3)4)68-58(78)62(64)25-26-62)33-50(74)71-29-23-44(24-30-71)70-27-21-39(22-28-70)10-9-38-11-13-42(14-12-38)53(75)69-56-60(5,6)57(61(56,7)8)79-46-20-19-43(34-65)47(63)32-46/h11-20,32,36,39,44-45,48-49,52,56-57,73H,21-31,33,35H2,1-8H3,(H,67,76)(H,68,78)(H,69,75)/t45-,48+,49+,52+,56-,57-/m1/s1",CWGVEMFBQJUWLU-LIZFVIDXSA-N,CWGVEMFBQJUWLU
125,P10275,AR,VHL,,,CC1=NOC([C@H](C(=O)N2C[C@H](O)C[C@H]2C(=O)N[C@@H](CC(=O)NCCCCCCCCCNC(=O)C2=CC=C(C(=O)N[C@H]3C(C)(C)[C@H](OC4=CC=C(C#N)C(Cl)=C4)C3(C)C)C=C2)C2=CC=C(C3=C(C)N=CS3)C=C2)C(C)C)=C1,,,,43/91/96,% AR degradation in LNCaP cells after 6 h treatment at 10/100/1000 nM,,,,,,,,,,,,,,,,,,,,,,,,,,,,,,,,,,,,,,,,,,,,,,,,,,,,,,,,,,,,,,,,,10.1021/acs.jmedchem.8b01631,1089.801,1088.49605998,9.93,77,7,12,5,24,228.88,C59H73ClN8O8S,"InChI=1S/C59H73ClN8O8S/c1-35(2)50(48-28-36(3)67-76-48)55(74)68-33-43(69)29-47(68)54(73)65-46(38-16-18-39(19-17-38)51-37(4)64-34-77-51)31-49(70)62-26-14-12-10-9-11-13-15-27-63-52(71)40-20-22-41(23-21-40)53(72)66-56-58(5,6)57(59(56,7)8)75-44-25-24-42(32-61)45(60)30-44/h16-25,28,30,34-35,43,46-47,50,56-57,69H,9-15,26-27,29,31,33H2,1-8H3,(H,62,70)(H,63,71)(H,65,73)(H,66,72)/t43-,46+,47+,50-,56-,57-/m1/s1",UTPTUYDLZXJLRV-NKRIERETSA-N,UTPTUYDLZXJLRV
126,P10275,AR,CRBN,,,CC1(C)[C@H](NC(=O)C2=CC=C(C(=O)NCCCCCCCCCCNC3=CC=CC4=C3C(=O)N(C3CCC(=O)NC3=O)C4=O)C=C2)C(C)(C)[C@H]1OC1=CC=C(C#N)C(Cl)=C1,,,,7/20/5,% AR degradation in LNCaP cells after 6 h treatment at 100/1000/10000 nM,,,,,,,,,,,,,,,,,,,,,,,,,,,,,,,,,,,,,,,,,,,,,,,,,,,,,,,,,,,,,,,,,10.1021/acs.jmedchem.8b01631,837.418,836.366425716,8.8,60,6,9,4,18,186.8,C46H53ClN6O7,"InChI=1S/C46H53ClN6O7/c1-45(2)43(46(3,4)44(45)60-31-21-20-30(27-48)33(47)26-31)52-39(56)29-18-16-28(17-19-29)38(55)50-25-12-10-8-6-5-7-9-11-24-49-34-15-13-14-32-37(34)42(59)53(41(32)58)35-22-23-36(54)51-40(35)57/h13-21,26,35,43-44,49H,5-12,22-25H2,1-4H3,(H,50,55)(H,52,56)(H,51,54,57)/t35?,43-,44-",QRQGVXVDQXIEQK-OBASXCCISA-N,QRQGVXVDQXIEQK
127,P10275,AR,CRBN,,,CC1(C)[C@H](NC(=O)C2=CC=C(C#CC3CCN(C4CCN(C5=CC=CC6=C5C(=O)N(C5CCC(=O)NC5=O)C6=O)CC4)CC3)C=C2)C(C)(C)[C@H]1OC1=CC=C(C#N)C(Cl)=C1,,,,2/25/20,% AR degradation in LNCaP cells after 6 h treatment at 100/1000/10000 nM,,,,,,,,,,,,,,,,,,,,,,,,,,,,,,,,,,,,,,,,,,,,,,,,,,,,,,,,,,,,,,,,,10.1021/acs.jmedchem.8b01631,829.398,828.340210968,7.05,60,8,9,2,7,152.15,C47H49ClN6O6,"InChI=1S/C47H49ClN6O6/c1-46(2)44(47(3,4)45(46)60-33-15-14-31(27-49)35(48)26-33)51-40(56)30-12-10-28(11-13-30)8-9-29-18-22-52(23-19-29)32-20-24-53(25-21-32)36-7-5-6-34-39(36)43(59)54(42(34)58)37-16-17-38(55)50-41(37)57/h5-7,10-15,26,29,32,37,44-45H,16-25H2,1-4H3,(H,51,56)(H,50,55,57)/t37?,44-,45-",JFDLNPIBQDRWHM-FMQKDUAYSA-N,JFDLNPIBQDRWHM
255,P10275,AR,VHL,,,CC1=C(C2=CC=C(CNC(=O)[C@@H]3C[C@@H](O)CN3C(=O)[C@@H](NC(=O)COCCOCCOCCOC3=CC=C(N4C(=S)N(C5=CC=C(C#N)C(C(F)(F)F)=C5)C(=O)C4(C)C)C=C3)C(C)(C)C)C=C2)SC=N1,,47,Degradation of AR in VCaP cells after 20 h treatment,,,,,,,,,,,,,,,,,,,,,,,,,,,,,,,,,,,,,,,,,,,,,,,,,,,,,,,,,,,,,,,,,,,10.1038/s42003-018-0105-8,1008.155,1007.35330303,5.87,70,6,13,3,20,195.89,C49H56F3N7O9S2,"InChI=1S/C49H56F3N7O9S2/c1-30-41(70-29-55-30)32-9-7-31(8-10-32)26-54-43(62)39-24-36(60)27-57(39)44(63)42(47(2,3)4)56-40(61)28-67-20-19-65-17-18-66-21-22-68-37-15-13-34(14-16-37)59-46(69)58(45(64)48(59,5)6)35-12-11-33(25-53)38(23-35)49(50,51)52/h7-16,23,29,36,39,42,60H,17-22,24,26-28H2,1-6H3,(H,54,62)(H,56,61)/t36-,39+,42-/m1/s1",HIWSGVNEQRFBBA-QLMCDVMBSA-N,HIWSGVNEQRFBBA
256,P10275,AR,VHL,,,CC1=C(C2=CC=C(CNC(=O)[C@@H]3C[C@@H](O)CN3C(=O)[C@@H](NC(=O)COCCCOCCCCCOC3=CC=C(N4C(=S)N(C5=CC=C(C#N)C(C(F)(F)F)=C5)C(=O)C4(C)C)C=C3)C(C)(C)C)C=C2)SC=N1,15,76,Degradation of AR in VCaP cells after 20 h treatment,,,,,,,,,,,,,,,,,,,,,,,,,,,,,,,,,,,,,,,,,,,,,,,,,,,,,,,,,,,,,<1,Compounds were administered at 10 000 nM and incubated for 5 h,0.35,Compounds were administered at 10 000 nM and incubated for 2 h,0.24,Compounds were administered at 10 000 nM and incubated for 2 h,10.1038/s42003-018-0105-8; 10.1021/acsmedchemlett.0c00194,1020.21,1019.38968854,7.45,71,6,12,3,21,186.66,C51H60F3N7O8S2,"InChI=1S/C51H60F3N7O8S2/c1-32-43(71-31-57-32)34-13-11-33(12-14-34)28-56-45(64)41-26-38(62)29-59(41)46(65)44(49(2,3)4)58-42(63)30-68-23-10-22-67-21-8-7-9-24-69-39-19-17-36(18-20-39)61-48(70)60(47(66)50(61,5)6)37-16-15-35(27-55)40(25-37)51(52,53)54/h11-20,25,31,38,41,44,62H,7-10,21-24,26,28-30H2,1-6H3,(H,56,64)(H,58,63)/t38-,41+,44-/m1/s1",MTZBLTXMAXNSIO-UMWCMSNQSA-N,MTZBLTXMAXNSIO
257,P10275,AR,VHL,,ARCC-4,CC1=C(C2=CC=C(CNC(=O)[C@@H]3C[C@@H](O)CN3C(=O)[C@@H](NC(=O)COCCCCOC3=CC=C(C4=CC=C(N5C(=S)N(C6=CC=C(C#N)C(C(F)(F)F)=C6)C(=O)C5(C)C)C=C4)C=C3)C(C)(C)C)C=C2)SC=N1,5,98,Degradation of AR in VCaP cells after 20 h treatment,,,36,Inhibition of AR by AR radioligand binding assays,,,,,,,,,,,,,,,,,,,,,,,,,,,,,,,,,,,,,,,,,,,,,,,150,Inhibit proliferation of VCaP cells,,,,,,,,,,,,,,,10.1038/s42003-018-0105-8,1024.201,1023.36347379,8.51,72,7,11,3,17,177.43,C53H56F3N7O7S2,"InChI=1S/C53H56F3N7O7S2/c1-32-45(72-31-59-32)36-11-9-33(10-12-36)28-58-47(66)43-26-40(64)29-61(43)48(67)46(51(2,3)4)60-44(65)30-69-23-7-8-24-70-41-21-16-35(17-22-41)34-13-18-38(19-14-34)63-50(71)62(49(68)52(63,5)6)39-20-15-37(27-57)42(25-39)53(54,55)56/h9-22,25,31,40,43,46,64H,7-8,23-24,26,28-30H2,1-6H3,(H,58,66)(H,60,65)/t40-,43+,46-/m1/s1",DUPAJELXESPTNF-PPZGWQTASA-N,DUPAJELXESPTNF
338,P10275,AR,MDM2,,,COC1=CC=C(C2=N[C@H](C3=CC=C(Cl)C=C3)[C@H](C3=CC=C(Cl)C=C3)N2C(=O)N2CCN(CC(=O)NCCOCCOCCOCC(=O)NC3=CC=C(OC[C@](C)(O)C(=O)NC4=CC=C([N+](=O)[O-])C(C(F)(F)F)=C4)C=C3)C(=O)C2)C(OC(C)C)=C1,,,,,,,,,,,,,,,,,,,,,,,,,,,,,,,,,,,,,,,,,,,,,,,,,,,,,,,,,,,,,,,,,,,,,,10.1016/j.bmcl.2008.07.114,1210.057,1208.36363865,3.73,84,7,15,4,26,262.27,C57H61Cl2F3N8O14,"InChI=1S/C57H61Cl2F3N8O14/c1-35(2)84-47-30-43(79-4)18-19-44(47)53-66-51(36-5-9-38(58)10-6-36)52(37-7-11-39(59)12-8-37)69(53)55(75)68-23-22-67(50(73)32-68)31-48(71)63-21-24-80-25-26-81-27-28-82-33-49(72)64-40-13-16-42(17-14-40)83-34-56(3,76)54(74)65-41-15-20-46(70(77)78)45(29-41)57(60,61)62/h5-20,29-30,35,51-52,76H,21-28,31-34H2,1-4H3,(H,63,71)(H,64,72)(H,65,74)/t51-,52+,56+/m1/s1",VKTBFTIPDGAIPC-BIOIQHPWSA-N,VKTBFTIPDGAIPC
354,P10275,AR,VHL,,,C#CC1=CC=C([C@H](CC(=O)N2CCC(N3CCC(C#CC4=CC=C(C(=O)N[C@H]5C(C)(C)[C@H](OC6=CC=C(C#N)C(Cl)=C6)C5(C)C)C=C4)CC3)CC2)NC(=O)[C@@H]2C[C@@H](O)CN2C(=O)[C@@H](C2=CC(C)=NO2)C(C)C)C=C1,,,,68/>95/>99,% AR degradation in LNCaP cells after 6 h treatment at 10/100/1000 nM,,,,,,,,,,,,,,,,,,,,,,,,,,,,,,,,,,,,,,,,,,,,,,,,,,,,,,,,,,,,,,,,,10.1021/acs.jmedchem.9b01393,1022.688,1021.4868752,7.59,74,8,10,3,13,181.34,C59H68ClN7O7,"InChI=1S/C59H68ClN7O7/c1-9-38-12-16-41(17-13-38)48(62-54(71)49-31-45(68)35-67(49)55(72)52(36(2)3)50-30-37(4)64-74-50)33-51(69)66-28-24-44(25-29-66)65-26-22-40(23-27-65)11-10-39-14-18-42(19-15-39)53(70)63-56-58(5,6)57(59(56,7)8)73-46-21-20-43(34-61)47(60)32-46/h1,12-21,30,32,36,40,44-45,48-49,52,56-57,68H,22-29,31,33,35H2,2-8H3,(H,62,71)(H,63,70)/t45-,48+,49+,52-,56-,57-/m1/s1",KFBJDRLGRCWMLQ-RXFAPWBBSA-N,KFBJDRLGRCWMLQ
355,P10275,AR,VHL,,,CC1=NOC([C@H](C(=O)N2C[C@H](O)C[C@H]2C(=O)N[C@@H](CC(=O)N2CCC(N3CCC(C#CC4=CC=C(C(=O)N[C@H]5C(C)(C)[C@H](OC6=CC=C(C#N)C(Cl)=C6)C5(C)C)C=C4)CC3)CC2)C2=CC=C(C#N)C=C2)C(C)C)=C1,,,,81/>95/>99,% AR degradation in LNCaP cells after 6 h treatment at 10/100/1000 nM,,,,,,,,,,,,,,,,,,,,,,,,,,,,,,,,,,,,,,,,,,,,,,,,,,,,,,,,,,,,,,,,,10.1021/acs.jmedchem.9b01393,1023.676,1022.48212416,7.11,74,8,11,3,13,205.13,C58H67ClN8O7,"InChI=1S/C58H67ClN8O7/c1-35(2)51(49-28-36(3)64-74-49)54(72)67-34-44(68)29-48(67)53(71)62-47(40-14-12-39(32-60)13-15-40)31-50(69)66-26-22-43(23-27-66)65-24-20-38(21-25-65)9-8-37-10-16-41(17-11-37)52(70)63-55-57(4,5)56(58(55,6)7)73-45-19-18-42(33-61)46(59)30-45/h10-19,28,30,35,38,43-44,47-48,51,55-56,68H,20-27,29,31,34H2,1-7H3,(H,62,71)(H,63,70)/t44-,47+,48+,51-,55-,56-/m1/s1",BJJDMARRWANKSP-IXUVUIQXSA-N,BJJDMARRWANKSP
356,P10275,AR,VHL,,,CC1=NOC([C@H](C(=O)N2C[C@H](O)C[C@H]2C(=O)N[C@@H](CC(=O)N2CCC(N3CCC(C#CC4=CC=C(C(=O)N[C@H]5C(C)(C)[C@H](OC6=CC=C(C#N)C(Cl)=C6)C5(C)C)C=C4)CC3)CC2)C2=CC=C(Br)C=C2)C(C)C)=C1,,,,45/76/>95,% AR degradation in LNCaP cells after 6 h treatment at 10/100/1000 nM,,,,,,,,,,,,,,,,,,,,,,,,,,,,,,,,,,,,,,,,,,,,,,,,,,,,,,,,,,,,,,,,,10.1021/acs.jmedchem.9b01393,1077.562,1075.39738726,7.23,73,8,10,3,13,181.34,C57H67BrClN7O7,"InChI=1S/C57H67BrClN7O7/c1-34(2)50(48-28-35(3)63-73-48)53(71)66-33-43(67)29-47(66)52(70)61-46(38-14-17-41(58)18-15-38)31-49(68)65-26-22-42(23-27-65)64-24-20-37(21-25-64)9-8-36-10-12-39(13-11-36)51(69)62-54-56(4,5)55(57(54,6)7)72-44-19-16-40(32-60)45(59)30-44/h10-19,28,30,34,37,42-43,46-47,50,54-55,67H,20-27,29,31,33H2,1-7H3,(H,61,70)(H,62,69)/t43-,46+,47+,50-,54-,55-/m1/s1",GECXGMVWVGLBOA-QBLJSAFHSA-N,GECXGMVWVGLBOA
357,P10275,AR,VHL,,,CC1=NOC([C@H](C(=O)N2C[C@H](O)C[C@H]2C(=O)N[C@@H](CC(=O)N2CCC(N3CCC(C#CC4=CC=C(C(=O)N[C@H]5C(C)(C)[C@H](OC6=CC=C(C#N)C(Cl)=C6)C5(C)C)C=C4)CC3)CC2)C2=CC=C(Cl)C=C2)C(C)C)=C1,,,,85/>95/>99,% AR degradation in LNCaP cells after 6 h treatment at 10/100/1000 nM,,,,,,,,,,,,,,,,,,,,,,,,,,,,,,,,,,,,,,,,,,,,,,,,,,,,,,,,,,,,,,,,,10.1021/acs.jmedchem.9b01393,1033.111,1031.44790284,6.59,73,8,10,3,13,181.34,C57H67Cl2N7O7,"InChI=1S/C57H67Cl2N7O7/c1-34(2)50(48-28-35(3)63-73-48)53(71)66-33-43(67)29-47(66)52(70)61-46(38-14-17-41(58)18-15-38)31-49(68)65-26-22-42(23-27-65)64-24-20-37(21-25-64)9-8-36-10-12-39(13-11-36)51(69)62-54-56(4,5)55(57(54,6)7)72-44-19-16-40(32-60)45(59)30-44/h10-19,28,30,34,37,42-43,46-47,50,54-55,67H,20-27,29,31,33H2,1-7H3,(H,61,70)(H,62,69)/t43-,46+,47+,50-,54-,55-/m1/s1",ZIPHSTZZNQZAOF-QBLJSAFHSA-N,ZIPHSTZZNQZAOF
358,P10275,AR,VHL,,,CC1=NOC([C@H](C(=O)N2C[C@H](O)C[C@H]2C(=O)N[C@@H](CC(=O)N2CCC(N3CCC(C#CC4=CC=C(C(=O)N[C@H]5C(C)(C)[C@H](OC6=CC=C(C#N)C(Cl)=C6)C5(C)C)C=C4)CC3)CC2)C2=CC=C(F)C=C2)C(C)C)=C1,,,,92/>95/>99,% AR degradation in LNCaP cells after 6 h treatment at 10/100/1000 nM,,,,,,,,,,,,,,,,,,,,,,,,,,,,,,,,,,,,,,,,,,,,,,,,,,,,,,,,,,,,,,,,,10.1021/acs.jmedchem.9b01393,1016.656,1015.47745338,8.72,73,8,10,3,13,181.34,C57H67ClFN7O7,"InChI=1S/C57H67ClFN7O7/c1-34(2)50(48-28-35(3)63-73-48)53(71)66-33-43(67)29-47(66)52(70)61-46(38-14-17-41(59)18-15-38)31-49(68)65-26-22-42(23-27-65)64-24-20-37(21-25-64)9-8-36-10-12-39(13-11-36)51(69)62-54-56(4,5)55(57(54,6)7)72-44-19-16-40(32-60)45(58)30-44/h10-19,28,30,34,37,42-43,46-47,50,54-55,67H,20-27,29,31,33H2,1-7H3,(H,61,70)(H,62,69)/t43-,46+,47+,50-,54-,55-/m1/s1",SZGZCFNKKUVIIV-QBLJSAFHSA-N,SZGZCFNKKUVIIV
359,P10275,AR,VHL,,,CC1=NOC([C@H](C(=O)N2C[C@H](O)C[C@H]2C(=O)N[C@@H](CC(=O)N2CCC(N3CCC(C#CC4=CC=C(C(=O)N[C@H]5C(C)(C)[C@H](OC6=CC=C(C#N)C(Cl)=C6)C5(C)C)C=C4)CC3)CC2)C2=CC=CC=C2)C(C)C)=C1,,,,62/72/>99,% AR degradation in LNCaP cells after 6 h treatment at 10/100/1000 nM,,,,,,,,,,,,,,,,,,,,,,,,,,,,,,,,,,,,,,,,,,,,,,,,,,,,,,,,,,,,,,,,,10.1021/acs.jmedchem.9b01393,998.666,997.486875196,7.73,72,8,10,3,13,181.34,C57H68ClN7O7,"InChI=1S/C57H68ClN7O7/c1-35(2)50(48-29-36(3)62-72-48)53(70)65-34-43(66)30-47(65)52(69)60-46(39-11-9-8-10-12-39)32-49(67)64-27-23-42(24-28-64)63-25-21-38(22-26-63)14-13-37-15-17-40(18-16-37)51(68)61-54-56(4,5)55(57(54,6)7)71-44-20-19-41(33-59)45(58)31-44/h8-12,15-20,29,31,35,38,42-43,46-47,50,54-55,66H,21-28,30,32,34H2,1-7H3,(H,60,69)(H,61,68)/t43-,46+,47+,50-,54-,55-/m1/s1",FSCPVRXZILXELV-QBLJSAFHSA-N,FSCPVRXZILXELV
360,P10275,AR,VHL,,,CC(=O)N[C@H](C(=O)N1C[C@H](O)C[C@H]1C(=O)N[C@@H](CC(=O)N1CCC(N2CCC(C#CC3=CC=C(C(=O)N[C@H]4C(C)(C)[C@H](OC5=CC=C(C#N)C(Cl)=C5)C4(C)C)C=C3)CC2)CC1)C1=CC=CC=C1)C(C)C,,,,8/11/17,% AR degradation in LNCaP cells after 6 h treatment at 10/100/1000 nM,,,,,,,,,,,,,,,,,,,,,,,,,,,,,,,,,,,,,,,,,,,,,,,,,,,,,,,,,,,,,,,,,10.1021/acs.jmedchem.9b01393,974.644,973.486875196,8.25,70,7,9,4,13,184.41,C55H68ClN7O7,"InChI=1S/C55H68ClN7O7/c1-34(2)48(58-35(3)64)51(69)63-33-42(65)29-46(63)50(68)59-45(38-11-9-8-10-12-38)31-47(66)62-27-23-41(24-28-62)61-25-21-37(22-26-61)14-13-36-15-17-39(18-16-36)49(67)60-52-54(4,5)53(55(52,6)7)70-43-20-19-40(32-57)44(56)30-43/h8-12,15-20,30,34,37,41-42,45-46,48,52-53,65H,21-29,31,33H2,1-7H3,(H,58,64)(H,59,68)(H,60,67)/t42-,45+,46+,48+,52-,53-/m1/s1",IOKVTDBHNXFCGP-UMGZQGGQSA-N,IOKVTDBHNXFCGP
361,P10275,AR,VHL,,,CC1=NOC([C@H](C(=O)N2C[C@H](O)C[C@H]2C(=O)N[C@@H](CC(=O)N2CCC(N3CC(C#CC4=CC=C(C(=O)N[C@H]5C(C)(C)[C@H](OC6=CC=C(C#N)C(Cl)=C6)C5(C)C)C=C4)C3)CC2)C2=CC=CC=C2)C(C)C)=C1,,,,6/68/86,% AR degradation in LNCaP cells after 6 h treatment at 10/100/1000 nM,,,,,,,,,,,,,,,,,,,,,,,,,,,,,,,,,,,,,,,,,,,,,,,,,,,,,,,,,,,,,,,,,10.1021/acs.jmedchem.9b01393,970.612,969.455575068,8.32,70,8,10,3,13,181.34,C55H64ClN7O7,"InChI=1S/C55H64ClN7O7/c1-33(2)48(46-25-34(3)60-70-46)51(68)63-32-41(64)26-45(63)50(67)58-44(37-11-9-8-10-12-37)28-47(65)61-23-21-40(22-24-61)62-30-36(31-62)14-13-35-15-17-38(18-16-35)49(66)59-52-54(4,5)53(55(52,6)7)69-42-20-19-39(29-57)43(56)27-42/h8-12,15-20,25,27,33,36,40-41,44-45,48,52-53,64H,21-24,26,28,30-32H2,1-7H3,(H,58,67)(H,59,66)/t41-,44+,45+,48-,52-,53-/m1/s1",UWTHFHYBWWFQIY-PHLGFMGRSA-N,UWTHFHYBWWFQIY
362,P10275,AR,VHL,,,CC1=NOC([C@H](C(=O)N2C[C@H](O)C[C@H]2C(=O)N[C@@H](CC(=O)N2CC(N3CCC(C#CC4=CC=C(C(=O)N[C@H]5C(C)(C)[C@H](OC6=CC=C(C#N)C(Cl)=C6)C5(C)C)C=C4)CC3)C2)C2=CC=CC=C2)C(C)C)=C1,,,,21/67/68,% AR degradation in LNCaP cells after 6 h treatment at 10/100/1000 nM,,,,,,,,,,,,,,,,,,,,,,,,,,,,,,,,,,,,,,,,,,,,,,,,,,,,,,,,,,,,,,,,,10.1021/acs.jmedchem.9b01393,970.612,969.455575068,7.34,70,8,10,3,13,181.34,C55H64ClN7O7,"InChI=1S/C55H64ClN7O7/c1-33(2)48(46-25-34(3)60-70-46)51(68)63-32-41(64)26-45(63)50(67)58-44(37-11-9-8-10-12-37)28-47(65)62-30-40(31-62)61-23-21-36(22-24-61)14-13-35-15-17-38(18-16-35)49(66)59-52-54(4,5)53(55(52,6)7)69-42-20-19-39(29-57)43(56)27-42/h8-12,15-20,25,27,33,36,40-41,44-45,48,52-53,64H,21-24,26,28,30-32H2,1-7H3,(H,58,67)(H,59,66)/t41-,44+,45+,48-,52-,53-/m1/s1",GDNAPEQOKLZKHJ-PHLGFMGRSA-N,GDNAPEQOKLZKHJ
363,P10275,AR,VHL,,ARD-266,CC1=NOC([C@H](C(=O)N2C[C@H](O)C[C@H]2C(=O)N[C@@H](CC(=O)N2CCC(C#CC3=CC=C(C(=O)N[C@H]4C(C)(C)[C@H](OC5=CC=C(C#N)C(Cl)=C5)C4(C)C)C=C3)CC2)C2=CC=CC=C2)C(C)C)=C1,0.5/1/0.2,>99/>95/>95,Degradation of AR in LNCaP/VCaP/22Rv1 cells after 6 h treatment,90/>95/>99,% AR degradation in LNCaP cells after 6 h treatment at 10/100/1000 nM,,,,,,,,,,,,,,,,,,,,,,,,,,,,,,,,,,,,,,,,,,,,,,,,,2/6,Inhibit growth of LNCaP/VCaP cells,,,,,,,,,,,,,,,10.1021/acs.jmedchem.9b01393,915.532,914.413375908,7.87,66,7,9,3,12,178.1,C52H59ClN6O7,"InChI=1S/C52H59ClN6O7/c1-31(2)45(43-25-32(3)57-66-43)48(64)59-30-38(60)26-42(59)47(63)55-41(35-11-9-8-10-12-35)28-44(61)58-23-21-34(22-24-58)14-13-33-15-17-36(18-16-33)46(62)56-49-51(4,5)50(52(49,6)7)65-39-20-19-37(29-54)40(53)27-39/h8-12,15-20,25,27,31,34,38,41-42,45,49-50,60H,21-24,26,28,30H2,1-7H3,(H,55,63)(H,56,62)/t38-,41+,42+,45-,49-,50-/m1/s1",RTNONCBKGZNCJS-LJLQSONVSA-N,RTNONCBKGZNCJS
364,P10275,AR,VHL,,,CC1=NOC([C@H](C(=O)N2C[C@H](O)C[C@H]2C(=O)N[C@@H](CC(=O)N2CCC(C3CN(C4=CC=C(C(=O)N[C@H]5C(C)(C)[C@H](OC6=CC=C(C#N)C(Cl)=C6)C5(C)C)C=C4)C3)CC2)C2=CC=CC=C2)C(C)C)=C1,,,,48/>95/>99,% AR degradation in LNCaP cells after 6 h treatment at 10/100/1000 nM,,,,,,,,,,,,,,,,,,,,,,,,,,,,,,,,,,,,,,,,,,,,,,,,,,,,,,,,,,,,,,,,,10.1021/acs.jmedchem.9b01393,946.59,945.455575068,6.49,68,8,10,3,14,181.34,C53H64ClN7O7,"InChI=1S/C53H64ClN7O7/c1-31(2)46(44-23-32(3)58-68-44)49(66)61-30-39(62)24-43(61)48(65)56-42(34-11-9-8-10-12-34)26-45(63)59-21-19-33(20-22-59)37-28-60(29-37)38-16-13-35(14-17-38)47(64)57-50-52(4,5)51(53(50,6)7)67-40-18-15-36(27-55)41(54)25-40/h8-18,23,25,31,33,37,39,42-43,46,50-51,62H,19-22,24,26,28-30H2,1-7H3,(H,56,65)(H,57,64)/t39-,42+,43+,46-,50-,51-/m1/s1",KKVROFGYVIENJS-FGKWRFTHSA-N,KKVROFGYVIENJS
365,P10275,AR,VHL,,,CC1=NOC([C@H](C(=O)N2C[C@H](O)C[C@H]2C(=O)N[C@@H](CC(=O)N2CCC(N3CC(C4=CC=C(C(=O)N[C@H]5C(C)(C)[C@H](OC6=CC=C(C#N)C(Cl)=C6)C5(C)C)C=C4)C3)CC2)C2=CC=CC=C2)C(C)C)=C1,,,,40/>95/>99,% AR degradation in LNCaP cells after 6 h treatment at 10/100/1000 nM,,,,,,,,,,,,,,,,,,,,,,,,,,,,,,,,,,,,,,,,,,,,,,,,,,,,,,,,,,,,,,,,,10.1021/acs.jmedchem.9b01393,946.59,945.455575068,2.42,68,8,10,3,14,181.34,C53H64ClN7O7,"InChI=1S/C53H64ClN7O7/c1-31(2)46(44-23-32(3)58-68-44)49(66)61-30-39(62)24-43(61)48(65)56-42(34-11-9-8-10-12-34)26-45(63)59-21-19-38(20-22-59)60-28-37(29-60)33-13-15-35(16-14-33)47(64)57-50-52(4,5)51(53(50,6)7)67-40-18-17-36(27-55)41(54)25-40/h8-18,23,25,31,37-39,42-43,46,50-51,62H,19-22,24,26,28-30H2,1-7H3,(H,56,65)(H,57,64)/t39-,42+,43+,46-,50-,51-/m1/s1",PEMGSOVCRGNRMB-FGKWRFTHSA-N,PEMGSOVCRGNRMB
366,P10275,AR,VHL,,,CC1=NOC([C@H](C(=O)N2C[C@H](O)C[C@H]2C(=O)N[C@@H](CC(=O)N2CCC(C3=CC=C(C(=O)N[C@H]4C(C)(C)[C@H](OC5=CC=C(C#N)C(Cl)=C5)C4(C)C)C=C3)CC2)C2=CC=CC=C2)C(C)C)=C1,,,,38/>95/>99,% AR degradation in LNCaP cells after 6 h treatment at 10/100/1000 nM,,,,,,,,,,,,,,,,,,,,,,,,,,,,,,,,,,,,,,,,,,,,,,,,,,,,,,,,,,,,,,,,,10.1021/acs.jmedchem.9b01393,891.51,890.413375908,2.42,64,7,9,3,13,178.1,C50H59ClN6O7,"InChI=1S/C50H59ClN6O7/c1-29(2)43(41-23-30(3)55-64-41)46(62)57-28-36(58)24-40(57)45(61)53-39(33-11-9-8-10-12-33)26-42(59)56-21-19-32(20-22-56)31-13-15-34(16-14-31)44(60)54-47-49(4,5)48(50(47,6)7)63-37-18-17-35(27-52)38(51)25-37/h8-18,23,25,29,32,36,39-40,43,47-48,58H,19-22,24,26,28H2,1-7H3,(H,53,61)(H,54,60)/t36-,39+,40+,43-,47-,48-/m1/s1",SLQCGBDHGHRQLH-QITWFHFUSA-N,SLQCGBDHGHRQLH
367,P10275,AR,VHL,,,CC1=NOC([C@H](C(=O)N2C[C@H](O)C[C@H]2C(=O)N[C@@H](CC(=O)N2CCN(C3=CC=C(C(=O)N[C@H]4C(C)(C)[C@H](OC5=CC=C(C#N)C(Cl)=C5)C4(C)C)C=C3)CC2)C2=CC=CC=C2)C(C)C)=C1,,,,<5/>95/>99,% AR degradation in LNCaP cells after 6 h treatment at 10/100/1000 nM,,,,,,,,,,,,,,,,,,,,,,,,,,,,,,,,,,,,,,,,,,,,,,,,,,,,,,,,,,,,,,,,,10.1021/acs.jmedchem.9b01393,892.498,891.408624876,1.65,64,7,10,3,13,181.34,C49H58ClN7O7,"InChI=1S/C49H58ClN7O7/c1-29(2)42(40-23-30(3)54-64-40)45(62)57-28-35(58)24-39(57)44(61)52-38(31-11-9-8-10-12-31)26-41(59)56-21-19-55(20-22-56)34-16-13-32(14-17-34)43(60)53-46-48(4,5)47(49(46,6)7)63-36-18-15-33(27-51)37(50)25-36/h8-18,23,25,29,35,38-39,42,46-47,58H,19-22,24,26,28H2,1-7H3,(H,52,61)(H,53,60)/t35-,38+,39+,42-,46-,47-/m1/s1",PCESUBZRKODSDM-KTORGRRYSA-N,PCESUBZRKODSDM
368,P10275,AR,VHL,,,CC1=NOC([C@H](C(=O)N2C[C@H](O)C[C@H]2C(=O)N[C@@H](CC(=O)N2CCC(C#CC3=CC=C(C(=O)N[C@H]4C(C)(C)[C@H](OC5=CC=C(C#N)C(Cl)=C5)C4(C)C)C=C3)CC2)C2=CC=C(C3=C(C)N=CS3)C=C2)C(C)C)=C1,,,,56/>95/>99,% AR degradation in LNCaP cells after 6 h treatment at 10/100/1000 nM,,,,,,,,,,,,,,,,,,,,,,,,,,,,,,,,,,,,,,,,,,,,,,,,,,,,,,,,,,,,,,,,,10.1021/acs.jmedchem.9b01393,1012.674,1011.411996,1.65,72,8,11,3,13,190.99,C56H62ClN7O7S,"InChI=1S/C56H62ClN7O7S/c1-32(2)48(46-25-33(3)62-71-46)52(69)64-30-41(65)26-45(64)51(68)60-44(37-15-17-38(18-16-37)49-34(4)59-31-72-49)28-47(66)63-23-21-36(22-24-63)10-9-35-11-13-39(14-12-35)50(67)61-53-55(5,6)54(56(53,7)8)70-42-20-19-40(29-58)43(57)27-42/h11-20,25,27,31-32,36,41,44-45,48,53-54,65H,21-24,26,28,30H2,1-8H3,(H,60,68)(H,61,67)/t41-,44+,45+,48-,53-,54-/m1/s1",RQSWBJCPQYXMAP-XXOZGILYSA-N,RQSWBJCPQYXMAP
369,P10275,AR,VHL,,,CC1=NOC([C@H](C(=O)N2C[C@H](O)C[C@H]2C(=O)N[C@@H](CC(=O)N2CCC(C#CC3=CC=C(C(=O)N[C@H]4C(C)(C)[C@H](OC5=CC=C(C#N)C(Cl)=C5)C4(C)C)C=C3)CC2)C2=CC=C(F)C=C2)C(C)C)=C1,,,,62/>95/>99,% AR degradation in LNCaP cells after 6 h treatment at 10/100/1000 nM,,,,,,,,,,,,,,,,,,,,,,,,,,,,,,,,,,,,,,,,,,,,,,,,,,,,,,,,,,,,,,,,,10.1021/acs.jmedchem.9b01393,933.522,932.403954096,1.5,67,7,9,3,12,178.1,C52H58ClFN6O7,"InChI=1S/C52H58ClFN6O7/c1-30(2)45(43-24-31(3)58-67-43)48(65)60-29-38(61)25-42(60)47(64)56-41(34-14-17-37(54)18-15-34)27-44(62)59-22-20-33(21-23-59)9-8-32-10-12-35(13-11-32)46(63)57-49-51(4,5)50(52(49,6)7)66-39-19-16-36(28-55)40(53)26-39/h10-19,24,26,30,33,38,41-42,45,49-50,61H,20-23,25,27,29H2,1-7H3,(H,56,64)(H,57,63)/t38-,41+,42+,45-,49-,50-/m1/s1",IYSZALLJVPVQMS-LJLQSONVSA-N,IYSZALLJVPVQMS
370,P10275,AR,VHL,,,CC1=NOC([C@H](C(=O)N2C[C@H](O)C[C@H]2C(=O)N[C@@H](CC(=O)N2CCC(C#CC3=CC=C(C(=O)N[C@H]4C(C)(C)[C@H](OC5=CC=C(C#N)C(Cl)=C5)C4(C)C)C=C3)CC2)C2=CC=C(Cl)C=C2)C(C)C)=C1,,,,85/>95/>99,% AR degradation in LNCaP cells after 6 h treatment at 10/100/1000 nM,,,,,,,,,,,,,,,,,,,,,,,,,,,,,,,,,,,,,,,,,,,,,,,,,,,,,,,,,,,,,,,,,10.1021/acs.jmedchem.9b01393,949.977,948.374403556,1.5,67,7,9,3,12,178.1,C52H58Cl2N6O7,"InChI=1S/C52H58Cl2N6O7/c1-30(2)45(43-24-31(3)58-67-43)48(65)60-29-38(61)25-42(60)47(64)56-41(34-14-17-37(53)18-15-34)27-44(62)59-22-20-33(21-23-59)9-8-32-10-12-35(13-11-32)46(63)57-49-51(4,5)50(52(49,6)7)66-39-19-16-36(28-55)40(54)26-39/h10-19,24,26,30,33,38,41-42,45,49-50,61H,20-23,25,27,29H2,1-7H3,(H,56,64)(H,57,63)/t38-,41+,42+,45-,49-,50-/m1/s1",JQSIPPHULOUEPZ-LJLQSONVSA-N,JQSIPPHULOUEPZ
371,P10275,AR,VHL,,,CC1=NOC([C@H](C(=O)N2C[C@H](O)C[C@H]2C(=O)N[C@@H](CC(=O)N2CCC(C#CC3=CC=C(C(=O)N[C@H]4C(C)(C)[C@H](OC5=CC=C(C#N)C(Cl)=C5)C4(C)C)C=C3)CC2)C2=CC=C(Br)C=C2)C(C)C)=C1,,,,31/>95/>99,% AR degradation in LNCaP cells after 6 h treatment at 10/100/1000 nM,,,,,,,,,,,,,,,,,,,,,,,,,,,,,,,,,,,,,,,,,,,,,,,,,,,,,,,,,,,,,,,,,10.1021/acs.jmedchem.9b01393,994.428,992.323887976,1.36,67,7,9,3,12,178.1,C52H58BrClN6O7,"InChI=1S/C52H58BrClN6O7/c1-30(2)45(43-24-31(3)58-67-43)48(65)60-29-38(61)25-42(60)47(64)56-41(34-14-17-37(53)18-15-34)27-44(62)59-22-20-33(21-23-59)9-8-32-10-12-35(13-11-32)46(63)57-49-51(4,5)50(52(49,6)7)66-39-19-16-36(28-55)40(54)26-39/h10-19,24,26,30,33,38,41-42,45,49-50,61H,20-23,25,27,29H2,1-7H3,(H,56,64)(H,57,63)/t38-,41+,42+,45-,49-,50-/m1/s1",GDINLWLBPFSNAU-LJLQSONVSA-N,GDINLWLBPFSNAU
372,P10275,AR,VHL,,,CC1=NOC([C@H](C(=O)N2C[C@H](O)C[C@H]2C(=O)N[C@@H](CC(=O)N2CCC(C#CC3=CC=C(C(=O)N[C@H]4C(C)(C)[C@H](OC5=CC=C(C#N)C(Cl)=C5)C4(C)C)C=C3)CC2)C2=CC=C(C#N)C=C2)C(C)C)=C1,,,,80/>95/>99,% AR degradation in LNCaP cells after 6 h treatment at 10/100/1000 nM,,,,,,,,,,,,,,,,,,,,,,,,,,,,,,,,,,,,,,,,,,,,,,,,,,,,,,,,,,,,,,,,,10.1021/acs.jmedchem.9b01393,940.542,939.408624876,1.36,68,7,10,3,12,201.89,C53H58ClN7O7,"InChI=1S/C53H58ClN7O7/c1-31(2)46(44-24-32(3)59-68-44)49(66)61-30-39(62)25-43(61)48(65)57-42(36-14-12-35(28-55)13-15-36)27-45(63)60-22-20-34(21-23-60)9-8-33-10-16-37(17-11-33)47(64)58-50-52(4,5)51(53(50,6)7)67-40-19-18-38(29-56)41(54)26-40/h10-19,24,26,31,34,39,42-43,46,50-51,62H,20-23,25,27,30H2,1-7H3,(H,57,65)(H,58,64)/t39-,42+,43+,46-,50-,51-/m1/s1",JSXKMAYTMVQJEX-FGKWRFTHSA-N,JSXKMAYTMVQJEX
373,P10275,AR,VHL,,,C#CC1=CC=C([C@H](CC(=O)N2CCC(C#CC3=CC=C(C(=O)N[C@H]4C(C)(C)[C@H](OC5=CC=C(C#N)C(Cl)=C5)C4(C)C)C=C3)CC2)NC(=O)[C@@H]2C[C@@H](O)CN2C(=O)[C@@H](C2=CC(C)=NO2)C(C)C)C=C1,,,,76/>95/>99,% AR degradation in LNCaP cells after 6 h treatment at 10/100/1000 nM,,,,,,,,,,,,,,,,,,,,,,,,,,,,,,,,,,,,,,,,,,,,,,,,,,,,,,,,,,,,,,,,,10.1021/acs.jmedchem.9b01393,939.554,938.413375908,1.91,68,7,9,3,12,178.1,C54H59ClN6O7,"InChI=1S/C54H59ClN6O7/c1-9-34-12-16-37(17-13-34)43(57-49(65)44-27-40(62)31-61(44)50(66)47(32(2)3)45-26-33(4)59-68-45)29-46(63)60-24-22-36(23-25-60)11-10-35-14-18-38(19-15-35)48(64)58-51-53(5,6)52(54(51,7)8)67-41-21-20-39(30-56)42(55)28-41/h1,12-21,26,28,32,36,40,43-44,47,51-52,62H,22-25,27,29,31H2,2-8H3,(H,57,65)(H,58,64)/t40-,43+,44+,47-,51-,52-/m1/s1",KBIZCLQKIYTJJA-WYBLCROHSA-N,KBIZCLQKIYTJJA
374,P10275,AR,VHL,,,CC(=O)N[C@H](C(=O)N1C[C@H](O)C[C@H]1C(=O)N[C@@H](CC(=O)N1CCC(C#CC2=CC=C(C(=O)N[C@H]3C(C)(C)[C@H](OC4=CC=C(C#N)C(Cl)=C4)C3(C)C)C=C2)CC1)C1=CC=CC=C1)C(C)C,,,,<5/<5/<5,% AR degradation in LNCaP cells after 6 h treatment at 10/100/1000 nM,,,,,,,,,,,,,,,,,,,,,,,,,,,,,,,,,,,,,,,,,,,,,,,,,,,,,,,,,,,,,,,,,10.1021/acs.jmedchem.9b01393,891.51,890.413375908,1.91,64,6,8,4,12,181.17,C50H59ClN6O7,"InChI=1S/C50H59ClN6O7/c1-30(2)43(53-31(3)58)46(63)57-29-37(59)25-41(57)45(62)54-40(34-11-9-8-10-12-34)27-42(60)56-23-21-33(22-24-56)14-13-32-15-17-35(18-16-32)44(61)55-47-49(4,5)48(50(47,6)7)64-38-20-19-36(28-52)39(51)26-38/h8-12,15-20,26,30,33,37,40-41,43,47-48,59H,21-25,27,29H2,1-7H3,(H,53,58)(H,54,62)(H,55,61)/t37-,40+,41+,43+,47-,48-/m1/s1",ZHRCPVGJUUUHKS-OXFIULHZSA-N,ZHRCPVGJUUUHKS
733,P10275,AR,cIAP1,,,CC(C)C[C@H](NC(=O)[C@@H](O)[C@H](N)CC1=CC=CC=C1)C(=O)NCCOCCOCCOCC(=O)O[C@H]1CC[C@H]2[C@@H]3CC[C@H]4CC(=O)CC[C@]4(C)[C@H]3CC[C@]12C,,,,,,,,,,,,,,,,,,,,,,,,,,,,,,,,,,,,,,,,,,,,,,,,,,,,,,,,,,,,,,,,,,,,,,10.1016/j.bmc.2011.09.041,770.021,769.487730724,4.35,55,5,10,4,20,175.51,C43H67N3O9,"InChI=1S/C43H67N3O9/c1-28(2)24-36(46-41(51)39(49)35(44)25-29-8-6-5-7-9-29)40(50)45-18-19-52-20-21-53-22-23-54-27-38(48)55-37-13-12-33-32-11-10-30-26-31(47)14-16-42(30,3)34(32)15-17-43(33,37)4/h5-9,28,30,32-37,39,49H,10-27,44H2,1-4H3,(H,45,50)(H,46,51)/t30-,32-,33-,34-,35+,36-,37-,39-,42-,43-/m0/s1",YNDJPWSVYYRNTJ-MEXKHVBFSA-N,YNDJPWSVYYRNTJ
1063,P10275,AR,cIAP1,,SNIPER(AR)-2,CC1=C(C#N)C(C2=CC=C(C#N)C=C2)=C(C)N1CC1=CC=C(C(=O)NCCOCCOCCOCCNC(=O)[C@H](CC(C)C)NC(=O)[C@@H](O)[C@H](N)CC2=CC=CC=C2)C=C1,21600,,Degradation of AR in 22Rv1 cells after 6 h treatment,,,27,IC50 of AR,,,,,,,,,,,,,,,,,,,,,,,,,,,,,,,,,,,,,,,,,,,,,,,,,,,,,,,,,,,,,,,10.1021/acs.jmedchem.7b00168,820.004,819.431947164,3.08,60,4,11,5,24,213.75,C46H57N7O7,"InChI=1S/C46H57N7O7/c1-31(2)26-41(52-46(57)43(54)40(49)27-34-8-6-5-7-9-34)45(56)51-19-21-59-23-25-60-24-22-58-20-18-50-44(55)38-16-12-36(13-17-38)30-53-32(3)39(29-48)42(33(53)4)37-14-10-35(28-47)11-15-37/h5-17,31,40-41,43,54H,18-27,30,49H2,1-4H3,(H,50,55)(H,51,56)(H,52,57)/t40-,41+,43+/m1/s1",NHMJRWPSMORJLM-JWZYOJHJSA-N,NHMJRWPSMORJLM
1064,P10275,AR,cIAP1,,SNIPER(AR)-8,CC(C)C[C@H](NC(=O)[C@@H](O)[C@H](N)CC1=CC=CC=C1)C(=O)NCCOCCOCCOCCNC(=O)C1=CC=C(S(=O)(=O)CC(C)(O)C(=O)NC2=CC=C(C#N)C(C(F)(F)F)=C2)C=C1,>30000,,Degradation of AR in 22Rv1 cells after 6 h treatment,,,1100,IC50 of AR,,,,,,,,,,,,,,,,,,,,,,,,,,,,,,,,,,,,,,,,,,,,,,,,,,,,,,,,,,,,,,,10.1021/acs.jmedchem.7b00168,921.005,920.36016224,3.63,64,3,13,7,26,268.5,C43H55F3N6O11S,"InChI=1S/C43H55F3N6O11S/c1-28(2)23-36(52-40(56)37(53)35(48)24-29-7-5-4-6-8-29)39(55)50-16-18-62-20-22-63-21-19-61-17-15-49-38(54)30-10-13-33(14-11-30)64(59,60)27-42(3,58)41(57)51-32-12-9-31(26-47)34(25-32)43(44,45)46/h4-14,25,28,35-37,53,58H,15-24,27,48H2,1-3H3,(H,49,54)(H,50,55)(H,51,57)(H,52,56)/t35-,36+,37+,42?/m1/s1",PIRRWGXSGGCAEW-OGBWKRBHSA-N,PIRRWGXSGGCAEW
1065,P10275,AR,cIAP1,,SNIPER(AR)-23,CC1=NN(C2=CC=C(C#N)C(C(F)(F)F)=C2)C(C)=C1CC1=CC=C(C(=O)NCCOCCOCCOCCNC(=O)[C@H](CC(C)C)NC(=O)[C@@H](O)[C@H](N)CC2=CC=CC=C2)C=C1,11700,,Degradation of AR in 22Rv1 cells after 6 h treatment,,,190,IC50 of AR,,,,,,,,,,,,,,,,,,,,,,,,,,,,,,,,,,,,,,,,,,,,,,,,,,,,,,,,,,,,,,,10.1021/acs.jmedchem.7b00168,863.979,863.419331792,4.34,62,4,11,5,24,202.85,C45H56F3N7O7,"InChI=1S/C45H56F3N7O7/c1-29(2)24-40(53-44(59)41(56)39(50)26-32-8-6-5-7-9-32)43(58)52-17-19-61-21-23-62-22-20-60-18-16-51-42(57)34-12-10-33(11-13-34)25-37-30(3)54-55(31(37)4)36-15-14-35(28-49)38(27-36)45(46,47)48/h5-15,27,29,39-41,56H,16-26,50H2,1-4H3,(H,51,57)(H,52,58)(H,53,59)/t39-,40+,41+/m1/s1",ZTVZRLVVINGLIZ-AEKUSUEZSA-N,ZTVZRLVVINGLIZ
1066,P10275,AR,cIAP1,,SNIPER(AR)-26,CC1=NN(C2=CC=C(C#N)C(Cl)=C2)C(C)=C1CCC1=CC=C(C(=O)NCCOCCOCCOCCNC(=O)[C@H](CC(C)C)NC(=O)[C@@H](O)[C@H](N)CC2=CC=CC=C2)C=C1,20500,,Degradation of AR in 22Rv1 cells after 6 h treatment,,,190,IC50 of AR,,,,,,,,,,,,,,,,,,,,,,,,,,,,,,,,,,,,,,,,,,,,,,,,,,,,,,,,,,,,,,,10.1021/acs.jmedchem.7b00168,844.454,843.408624876,3.12,60,4,11,5,25,202.85,C45H58ClN7O7,"InChI=1S/C45H58ClN7O7/c1-30(2)26-41(51-45(57)42(54)40(48)27-34-8-6-5-7-9-34)44(56)50-19-21-59-23-25-60-24-22-58-20-18-49-43(55)35-13-10-33(11-14-35)12-17-38-31(3)52-53(32(38)4)37-16-15-36(29-47)39(46)28-37/h5-11,13-16,28,30,40-42,54H,12,17-27,48H2,1-4H3,(H,49,55)(H,50,56)(H,51,57)/t40-,41+,42+/m1/s1",LMIAQQBKBLWQGJ-IWSHAHEXSA-N,LMIAQQBKBLWQGJ
1067,P10275,AR,cIAP1,,SNIPER(AR)-27,CC1=NN(C2=CC=C(C#N)C=C2Cl)C(C)=C1CC1=CC=C(C(=O)NCCOCCOCCOCCNC(=O)[C@H](CC(C)C)NC(=O)[C@@H](O)[C@H](N)CC2=CC=CC=C2)C=C1,>30000,,Degradation of AR in 22Rv1 cells after 6 h treatment,,,>10000,IC50 of AR,,,,,,,,,,,,,,,,,,,,,,,,,,,,,,,,,,,,,,,,,,,,,,,,,,,,,,,,,,,,,,,10.1021/acs.jmedchem.7b00168,830.427,829.392974812,4.88,59,4,11,5,24,202.85,C44H56ClN7O7,"InChI=1S/C44H56ClN7O7/c1-29(2)24-39(50-44(56)41(53)38(47)27-32-8-6-5-7-9-32)43(55)49-17-19-58-21-23-59-22-20-57-18-16-48-42(54)35-13-10-33(11-14-35)25-36-30(3)51-52(31(36)4)40-15-12-34(28-46)26-37(40)45/h5-15,26,29,38-39,41,53H,16-25,27,47H2,1-4H3,(H,48,54)(H,49,55)(H,50,56)/t38-,39+,41+/m1/s1",ITBLIPSXEWWMSK-QAOPUTECSA-N,ITBLIPSXEWWMSK
1068,P10275,AR,IAP,,SNIPER(AR)-12,CN[C@@H](C)C(=O)N[C@H](C(=O)N1CCC[C@H]1C(=O)N[C@H](C(=O)NCCOCCOCCOCCNC(=O)C1=CC=C(CN2C(C)=C(C#N)C(C3=CC=C(C#N)C=C3)=C2C)C=C1)C(C1=CC=CC=C1)C1=CC=CC=C1)C1CCCCC1,,,,,,,,,,,,,,,,,,,,,,,,,,,,,,,,,,,,,,,,,,,,,,,,,,,,,,,,,,,,,,,,,,,,,,10.1021/acs.jmedchem.7b00168,1074.337,1073.57386036,5.43,79,7,12,5,27,228.94,C62H75N9O8,"InChI=1S/C62H75N9O8/c1-42(65-4)58(72)68-56(50-19-12-7-13-20-50)62(76)70-32-14-21-53(70)60(74)69-57(55(47-15-8-5-9-16-47)48-17-10-6-11-18-48)61(75)67-31-34-78-36-38-79-37-35-77-33-30-66-59(73)51-28-24-46(25-29-51)41-71-43(2)52(40-64)54(44(71)3)49-26-22-45(39-63)23-27-49/h5-6,8-11,15-18,22-29,42,50,53,55-57,65H,7,12-14,19-21,30-38,41H2,1-4H3,(H,66,73)(H,67,75)(H,68,72)(H,69,74)/t42-,53-,56-,57-/m0/s1",DVDLGBJCWMAMRL-IICYZJSVSA-N,DVDLGBJCWMAMRL
1069,P10275,AR,cIAP1,,SNIPER(AR)-31,CN[C@@H](C)C(=O)N[C@H](C(=O)N1CCC[C@H]1C1=NC(C(=O)C2=CC=CC(OCCOCCOCCNC(=O)C3=CC=C(CN4C(C)=C(C#N)C(C5=CC=C(C#N)C=C5)=C4C)C=C3)=C2)=CS1)C1CCCCC1,,,,,,,,,,,,,,,,,,,,,,,,,,,,,,,,,,,,,,,,,,,,,,,,,,,,,,,,,,,,,,,,,,,,,,10.1021/acs.jmedchem.7b00168,967.206,966.446217324,2.98,70,7,13,3,22,200.7,C54H62N8O7S,"InChI=1S/C54H62N8O7S/c1-35(57-4)51(64)60-49(41-10-6-5-7-11-41)54(66)61-24-9-14-47(61)53-59-46(34-70-53)50(63)43-12-8-13-44(30-43)69-29-28-68-27-26-67-25-23-58-52(65)42-21-17-39(18-22-42)33-62-36(2)45(32-56)48(37(62)3)40-19-15-38(31-55)16-20-40/h8,12-13,15-22,30,34-35,41,47,49,57H,5-7,9-11,14,23-29,33H2,1-4H3,(H,58,65)(H,60,64)/t35-,47-,49-/m0/s1",XFUPHTLQEMDKEY-IYPQNJMNSA-N,XFUPHTLQEMDKEY
1070,P10275,AR,cIAP1,,SNIPER(AR)-60,CN[C@@H](C)C(=O)N[C@H](C(=O)N1CCC[C@H]1C1=NC(C(=O)C2=CC=CC(OCCOCCOCCOCC#CC3=CC=C(CN4C(C)=C(C#N)C(C5=CC=C(C#N)C=C5)=C4C)C=C3)=C2)=CS1)C1CCCCC1,,,,,,,,,,,,,,,,,,,,,,,,,,,,,,,,,,,,,,,,,,,,,,,,,,,,,,,,,,,,,,,,,,,,,,10.1021/acs.jmedchem.7b00168,978.229,977.450968356,2.83,71,7,13,2,22,180.83,C56H63N7O7S,"InChI=1S/C56H63N7O7S/c1-38(59-4)54(65)61-52(45-12-6-5-7-13-45)56(66)62-25-9-16-50(62)55-60-49(37-71-55)53(64)46-14-8-15-47(33-46)70-32-31-69-30-29-68-28-27-67-26-10-11-41-17-19-43(20-18-41)36-63-39(2)48(35-58)51(40(63)3)44-23-21-42(34-57)22-24-44/h8,14-15,17-24,33,37-38,45,50,52,59H,5-7,9,12-13,16,25-32,36H2,1-4H3,(H,61,65)/t38-,50-,52-/m0/s1",ZVVYDHIAFHJWGP-YJZHHQNSSA-N,ZVVYDHIAFHJWGP
1071,P10275,AR,cIAP1,,SNIPER(AR)-70,CN[C@@H](C)C(=O)N[C@H](C(=O)N1CCC[C@H]1C1=NC(C(=O)C2=CC=CC(OCCOCCOCCOCCCC3=CC=C(CN4C(C)=C(C#N)C(C5=CC=C(C#N)C=C5)=C4C)C=C3)=C2)=CS1)C1CCCCC1,,,,,,,,,,,,,,,,,,,,,,,,,,,,,,,,,,,,,,,,,,,,,,,,,,,,,,,,,,,,,,,,,,,,,,10.1021/acs.jmedchem.7b00168,982.261,981.482268484,2.68,71,7,13,2,25,180.83,C56H67N7O7S,"InChI=1S/C56H67N7O7S/c1-38(59-4)54(65)61-52(45-12-6-5-7-13-45)56(66)62-25-9-16-50(62)55-60-49(37-71-55)53(64)46-14-8-15-47(33-46)70-32-31-69-30-29-68-28-27-67-26-10-11-41-17-19-43(20-18-41)36-63-39(2)48(35-58)51(40(63)3)44-23-21-42(34-57)22-24-44/h8,14-15,17-24,33,37-38,45,50,52,59H,5-7,9-13,16,25-32,36H2,1-4H3,(H,61,65)/t38-,50-,52-/m0/s1",AOUDBQAAATYINN-YJZHHQNSSA-N,AOUDBQAAATYINN
1072,P10275,AR,cIAP1,,SNIPER(AR)-51,CN[C@@H](C)C(=O)N[C@H](C(=O)N1CCC[C@H]1C1=NC(C(=O)C2=CC=CC(OCCOCCOCCOCCOC3=CC=C(CN4C(C)=C(C#N)C(C5=CC=C(C#N)C=C5)=C4C)C=C3)=C2)=CS1)C1CCCCC1,,,,,,,,,,,,,,,,,,,,,,,,,,,,,,,,,,,,,,,,,,,,,,,,,,,,,,,,,,,,,,,,,,,,,,10.1021/acs.jmedchem.7b00168,984.233,983.46153304,2.53,71,7,14,2,25,190.06,C55H65N7O8S,"InChI=1S/C55H65N7O8S/c1-37(58-4)53(64)60-51(43-10-6-5-7-11-43)55(65)61-23-9-14-49(61)54-59-48(36-71-54)52(63)44-12-8-13-46(32-44)70-31-29-68-27-25-66-24-26-67-28-30-69-45-21-17-41(18-22-45)35-62-38(2)47(34-57)50(39(62)3)42-19-15-40(33-56)16-20-42/h8,12-13,15-22,32,36-37,43,49,51,58H,5-7,9-11,14,23-31,35H2,1-4H3,(H,60,64)/t37-,49-,51-/m0/s1",YKLNRBANSQLMHA-JWWZLTTOSA-N,YKLNRBANSQLMHA
1073,P10275,AR,cIAP1,,SNIPER(AR)-53,CN[C@@H](C)C(=O)N[C@H](C(=O)N1CCC[C@H]1C1=NC(C(=O)C2=CC=CC(OCCOCCOCCOCCOC3=CC=CC(CN4C(C)=C(C#N)C(C5=CC=C(C#N)C=C5)=C4C)=C3)=C2)=CS1)C1CCCCC1,,,,,,,,,,,,,,,,,,,,,,,,,,,,,,,,,,,,,,,,,,,,,,,,,,,,,,,,,,,,,,,,,,,,,,10.1021/acs.jmedchem.7b00168,984.233,983.46153304,3.88,71,7,14,2,25,190.06,C55H65N7O8S,"InChI=1S/C55H65N7O8S/c1-37(58-4)53(64)60-51(43-12-6-5-7-13-43)55(65)61-22-10-17-49(61)54-59-48(36-71-54)52(63)44-14-9-16-46(32-44)70-30-28-68-26-24-66-23-25-67-27-29-69-45-15-8-11-41(31-45)35-62-38(2)47(34-57)50(39(62)3)42-20-18-40(33-56)19-21-42/h8-9,11,14-16,18-21,31-32,36-37,43,49,51,58H,5-7,10,12-13,17,22-30,35H2,1-4H3,(H,60,64)/t37-,49-,51-/m0/s1",XCECZUPNPUFBAS-JWWZLTTOSA-N,XCECZUPNPUFBAS
1074,P10275,AR,cIAP1,,SNIPER(AR)-52,CN[C@@H](C)C(=O)N[C@H](C(=O)N1CCC[C@H]1C1=NC(C(=O)C2=CC=CC(OCCOCCOCCOC3=CC=C(CN4C(C)=C(C#N)C(C5=CC=C(C#N)C=C5)=C4C)C=C3)=C2)=CS1)C1CCCCC1,,,,,,,,,,,,,,,,,,,,,,,,,,,,,,,,,,,,,,,,,,,,,,,,,,,,,,,,,,,,,,,,,,,,,,10.1021/acs.jmedchem.7b00168,940.18,939.435318292,4.23,68,7,13,2,22,180.83,C53H61N7O7S,"InChI=1S/C53H61N7O7S/c1-35(56-4)51(62)58-49(41-10-6-5-7-11-41)53(63)59-23-9-14-47(59)52-57-46(34-68-52)50(61)42-12-8-13-44(30-42)67-29-27-65-25-24-64-26-28-66-43-21-17-39(18-22-43)33-60-36(2)45(32-55)48(37(60)3)40-19-15-38(31-54)16-20-40/h8,12-13,15-22,30,34-35,41,47,49,56H,5-7,9-11,14,23-29,33H2,1-4H3,(H,58,62)/t35-,47-,49-/m0/s1",IHBQIEIOGPFWKZ-IYPQNJMNSA-N,IHBQIEIOGPFWKZ
1075,P10275,AR,cIAP1,,SNIPER(AR)-171,CN[C@@H](C)C(=O)N[C@H](C(=O)N1CCC[C@H]1C1=NC(C(=O)C2=CC=CC(OCCOCCOCCOCCOCCOC3=CC=C(CN4C(C)=C(C#N)C(C5=CC=C(C#N)C=C5)=C4C)C=C3)=C2)=CS1)C1CCCCC1,,,,,,,,,,,,,,,,,,,,,,,,,,,,,,,,,,,,,,,,,,,,,,,,,,,,,,,,,,,,,,,,,,,,,,10.1021/acs.jmedchem.7b00168,1028.286,1027.48774779,4.59,74,7,15,2,28,199.29,C57H69N7O9S,"InChI=1S/C57H69N7O9S/c1-39(60-4)55(66)62-53(45-10-6-5-7-11-45)57(67)63-23-9-14-51(63)56-61-50(38-74-56)54(65)46-12-8-13-48(34-46)73-33-31-71-29-27-69-25-24-68-26-28-70-30-32-72-47-21-17-43(18-22-47)37-64-40(2)49(36-59)52(41(64)3)44-19-15-42(35-58)16-20-44/h8,12-13,15-22,34,38-39,45,51,53,60H,5-7,9-11,14,23-33,37H2,1-4H3,(H,62,66)/t39-,51-,53-/m0/s1",GLYXRSNWIBKMMX-XOIMNWENSA-N,GLYXRSNWIBKMMX
1076,P10275,AR,cIAP1,,SNIPER(AR)-65,CN[C@@H](C)C(=O)N[C@H](C(=O)N1CCC[C@H]1C1=NC(C(=O)C2=CC=CC(OCCOCCOCCOCCOC3=CC=CC=C3CN3C(C)=C(C#N)C(C4=CC=C(C#N)C=C4)=C3C)=C2)=CS1)C1CCCCC1,,,,,,,,,,,,,,,,,,,,,,,,,,,,,,,,,,,,,,,,,,,,,,,,,,,,,,,,,,,,,,,,,,,,,,10.1021/acs.jmedchem.7b00168,984.233,983.46153304,3.37,71,7,14,2,25,190.06,C55H65N7O8S,"InChI=1S/C55H65N7O8S/c1-37(58-4)53(64)60-51(42-12-6-5-7-13-42)55(65)61-23-11-17-48(61)54-59-47(36-71-54)52(63)43-15-10-16-45(32-43)69-30-28-67-26-24-66-25-27-68-29-31-70-49-18-9-8-14-44(49)35-62-38(2)46(34-57)50(39(62)3)41-21-19-40(33-56)20-22-41/h8-10,14-16,18-22,32,36-37,42,48,51,58H,5-7,11-13,17,23-31,35H2,1-4H3,(H,60,64)/t37-,48-,51-/m0/s1",DJTXLUMZGKSFGC-FPLXOXQRSA-N,DJTXLUMZGKSFGC
1077,P10275,AR,cIAP1,,SNIPER(AR)-66,CN[C@@H](C)C(=O)N[C@H](C(=O)N1CCC[C@H]1C1=NC(C(=O)C2=CC=CC(OCCOC3=CC=C(OCCOC4=CC=C(CN5C(C)=C(C#N)C(C6=CC=C(C#N)C=C6)=C5C)C=C4)C=C3)=C2)=CS1)C1CCCCC1,,N.D.,,,,,,,,,,,,,,,,,,,,,,,,,,,,,,,,,,,,,,,,,,,,,,,,,,,,,,,,,,,,,,,,,,,,10.1021/acs.jmedchem.7b00168,988.224,987.435318292,5.13,72,8,13,2,21,180.83,C57H61N7O7S,"InChI=1S/C57H61N7O7S/c1-37(60-4)55(66)62-53(43-10-6-5-7-11-43)57(67)63-27-9-14-51(63)56-61-50(36-72-56)54(65)44-12-8-13-48(32-44)71-31-30-70-47-25-23-46(24-26-47)69-29-28-68-45-21-17-41(18-22-45)35-64-38(2)49(34-59)52(39(64)3)42-19-15-40(33-58)16-20-42/h8,12-13,15-26,32,36-37,43,51,53,60H,5-7,9-11,14,27-31,35H2,1-4H3,(H,62,66)/t37-,51-,53-/m0/s1",ZNAIGLCBFNYWAQ-NXPDQULFSA-N,ZNAIGLCBFNYWAQ
1078,P10275,AR,cIAP1,,SNIPER(AR)-67,CN[C@@H](C)C(=O)N[C@H](C(=O)N1CCC[C@H]1C1=NC(C(=O)C2=CC=CC(OCCOC3=CC=CC(OCCOC4=CC=C(CN5C(C)=C(C#N)C(C6=CC=C(C#N)C=C6)=C5C)C=C4)=C3)=C2)=CS1)C1CCCCC1,,N.D.,,,,,,,,,,,,,,,,,,,,,,,,,,,,,,,,,,,,,,,,,,,,,,,,,,,,,,,,,,,,,,,,,,,,10.1021/acs.jmedchem.7b00168,988.224,987.435318292,5.68,72,8,13,2,21,180.83,C57H61N7O7S,"InChI=1S/C57H61N7O7S/c1-37(60-4)55(66)62-53(43-11-6-5-7-12-43)57(67)63-26-10-17-51(63)56-61-50(36-72-56)54(65)44-13-8-14-46(31-44)69-29-30-71-48-16-9-15-47(32-48)70-28-27-68-45-24-20-41(21-25-45)35-64-38(2)49(34-59)52(39(64)3)42-22-18-40(33-58)19-23-42/h8-9,13-16,18-25,31-32,36-37,43,51,53,60H,5-7,10-12,17,26-30,35H2,1-4H3,(H,62,66)/t37-,51-,53-/m0/s1",VPTPISILDHXZGQ-NXPDQULFSA-N,VPTPISILDHXZGQ
1079,P10275,AR,cIAP1,,SNIPER(AR)-68,CN[C@@H](C)C(=O)N[C@H](C(=O)N1CCC[C@H]1C1=NC(C(=O)C2=CC=CC(OCCOC3=CC=CC=C3OCCOC3=CC=C(CN4C(C)=C(C#N)C(C5=CC=C(C#N)C=C5)=C4C)C=C3)=C2)=CS1)C1CCCCC1,,N.D.,,,,,,,,,,,,,,,,,,,,,,,,,,,,,,,,,,,,,,,,,,,,,,,,,,,,,,,,,,,,,,,,,,,,10.1021/acs.jmedchem.7b00168,988.224,987.435318292,3.23,72,8,13,2,21,180.83,C57H61N7O7S,"InChI=1S/C57H61N7O7S/c1-37(60-4)55(66)62-53(43-12-6-5-7-13-43)57(67)63-27-11-16-49(63)56-61-48(36-72-56)54(65)44-14-10-15-46(32-44)69-29-31-71-51-18-9-8-17-50(51)70-30-28-68-45-25-21-41(22-26-45)35-64-38(2)47(34-59)52(39(64)3)42-23-19-40(33-58)20-24-42/h8-10,14-15,17-26,32,36-37,43,49,53,60H,5-7,11-13,16,27-31,35H2,1-4H3,(H,62,66)/t37-,49-,53-/m0/s1",MUSIDTNVTQLLCG-BFRHPTAISA-N,MUSIDTNVTQLLCG
1429,P10275,AR,VHL,,,CC1=C(C2=CC=C(CNC(=O)[C@@H]3C[C@@H](O)CN3C(=O)[C@@H](NC(=O)COCCCOCCCCCOC3=CC=C(N4C(=O)N(C5=CC=C(C#N)C(C(F)(F)F)=C5)C(=O)C4(C)C)C=C3)C(C)(C)C)C=C2)SC=N1,<=50/<=50,>=71/51-70,Degradation of AR in LNCaP/VCaP cells after 2-4 h treatment,,,,,,,,,,,,,,,,,,,,,,,,,,,,,,,,,,,,,,,,,,,,,,,,,,,,,,,,,,,,,,,,,,,10.1021/acsmedchemlett.9b00115,1004.142,1003.41253216,5.45,71,6,12,3,21,203.73,C51H60F3N7O9S,"InChI=1S/C51H60F3N7O9S/c1-32-43(71-31-57-32)34-13-11-33(12-14-34)28-56-45(64)41-26-38(62)29-59(41)46(65)44(49(2,3)4)58-42(63)30-69-23-10-22-68-21-8-7-9-24-70-39-19-17-36(18-20-39)61-48(67)60(47(66)50(61,5)6)37-16-15-35(27-55)40(25-37)51(52,53)54/h11-20,25,31,38,41,44,62H,7-10,21-24,26,28-30H2,1-6H3,(H,56,64)(H,58,63)/t38-,41+,44-/m1/s1",JAJUSXSEHHKCEK-UMWCMSNQSA-N,JAJUSXSEHHKCEK
1430,P10275,AR,VHL,,,CC1=C(C2=CC=C(CNC(=O)[C@@H]3C[C@@H](O)CN3C(=O)[C@@H](NC(=O)COCCCOCCN3CCC(C4=CC=C(N5C(=S)N(C6=CC=C(C#N)C(C(F)(F)F)=C6)C(=O)C5(C)C)C=C4)CC3)C(C)(C)C)C=C2)SC=N1,<=501,51-70,Degradation of AR in LNCaP cells after 2-4 h treatment,,,,,,,,,,,,,,,,,,,,,,,,,,,,,,,,,,,,,,,,,,,,,,,,,,,,,,,,,,,,,,,,,,,10.1021/acsmedchemlett.9b00115,1045.264,1044.42132302,3.58,73,7,12,3,18,180.67,C53H63F3N8O7S2,"InChI=1S/C53H63F3N8O7S2/c1-33-45(73-32-59-33)37-10-8-34(9-11-37)29-58-47(67)43-27-41(65)30-62(43)48(68)46(51(2,3)4)60-44(66)31-71-24-7-23-70-25-22-61-20-18-36(19-21-61)35-12-15-39(16-13-35)64-50(72)63(49(69)52(64,5)6)40-17-14-38(28-57)42(26-40)53(54,55)56/h8-17,26,32,36,41,43,46,65H,7,18-25,27,29-31H2,1-6H3,(H,58,67)(H,60,66)/t41-,43+,46-/m1/s1",FDBSHOXCSNLRGD-LASKKICZSA-N,FDBSHOXCSNLRGD
1431,P10275,AR,VHL,,,CC(C)(C)[C@H](NC(=O)COCCCCCOC1=CC=C(C(=O)N[C@H]2C(C)(C)[C@H](OC3=CC=C(C#N)C(Cl)=C3)C2(C)C)C=C1)C(=O)N1C[C@H](O)C[C@H]1C(=O)NCC1=CC=C(C2=CN=CS2)C=C1,<=50,>=71,Degradation of AR in LNCaP cells after 2-4 h treatment,,,,,,,,,,,,,,,,,,,,,,,,,,,,,,,,,,,,,,,,,,,,,,,,,,,,,,,,,,,,,,,,,,,10.1021/acsmedchemlett.9b00115,941.592,940.396011592,2.36,66,6,11,4,19,192.21,C50H61ClN6O8S,"InChI=1S/C50H61ClN6O8S/c1-48(2,3)42(45(62)57-28-35(58)23-39(57)44(61)54-26-31-11-13-32(14-12-31)40-27-53-30-66-40)55-41(59)29-63-21-9-8-10-22-64-36-18-15-33(16-19-36)43(60)56-46-49(4,5)47(50(46,6)7)65-37-20-17-34(25-52)38(51)24-37/h11-20,24,27,30,35,39,42,46-47,58H,8-10,21-23,26,28-29H2,1-7H3,(H,54,61)(H,55,59)(H,56,60)/t35-,39+,42-,46-,47-/m1/s1",AMPBLCGZRAITTM-RRMXYVBQSA-N,AMPBLCGZRAITTM
1432,P10275,AR,VHL,,,CC1=C(C2=CC=C([C@H](C)NC(=O)[C@@H]3C[C@@H](O)CN3C(=O)[C@@H](NC(=O)COCCCCCNC3=CC=C(C(=O)N[C@H]4C(C)(C)[C@H](OC5=CC=C(C#N)C(Cl)=C5)C4(C)C)C=C3)C(C)(C)C)C=C2)SC=N1,<=50,>=71,Degradation of AR in LNCaP cells after 2-4 h treatment,,,,,,,,,,,,,,,,,,,,,,,,,,,,,,,,,,,,,,,,,,,,,,,,,,,,,,,,,,,,,,,,,,,10.1021/acsmedchemlett.9b00115,968.662,967.443296132,3.77,68,6,11,5,19,195.01,C52H66ClN7O7S,"InChI=1S/C52H66ClN7O7S/c1-31(33-13-15-34(16-14-33)43-32(2)56-30-68-43)57-46(64)41-25-38(61)28-60(41)47(65)44(50(3,4)5)58-42(62)29-66-24-12-10-11-23-55-37-20-17-35(18-21-37)45(63)59-48-51(6,7)49(52(48,8)9)67-39-22-19-36(27-54)40(53)26-39/h13-22,26,30-31,38,41,44,48-49,55,61H,10-12,23-25,28-29H2,1-9H3,(H,57,64)(H,58,62)(H,59,63)/t31-,38+,41-,44+,48-,49-/m0/s1",JQTRUKZGCBXQDD-IWHLCMBKSA-N,JQTRUKZGCBXQDD
1433,P10275,AR,VHL,,,CC1=C(C2=CC=C(CNC(=O)[C@@H]3C[C@@H](O)CN3C(=O)[C@@H](NC(=O)COCCC3=CC=C(C4=CC=C(C(=O)N[C@H]5C(C)(C)[C@H](OC6=CC=C(C#N)C(Cl)=C6)C5(C)C)C=C4)C=C3)C(C)(C)C)C=C2)SC=N1,<=50,>=71,Degradation of AR in LNCaP cells after 2-4 h treatment,,,,,,,,,,,,,,,,,,,,,,,,,,,,,,,,,,,,,,,,,,,,,,,,,,,,,,,,,,,,,,,,,,,10.1021/acsmedchemlett.9b00115,973.637,972.401096972,3.19,69,7,10,4,16,182.98,C54H61ClN6O7S,"InChI=1S/C54H61ClN6O7S/c1-32-45(69-31-58-32)37-15-11-34(12-16-37)28-57-48(65)43-25-40(62)29-61(43)49(66)46(52(2,3)4)59-44(63)30-67-24-23-33-9-13-35(14-10-33)36-17-19-38(20-18-36)47(64)60-50-53(5,6)51(54(50,7)8)68-41-22-21-39(27-56)42(55)26-41/h9-22,26,31,40,43,46,50-51,62H,23-25,28-30H2,1-8H3,(H,57,65)(H,59,63)(H,60,64)/t40-,43+,46-,50-,51-/m1/s1",GPLDNHBAUYMIMT-XUDCYVGASA-N,GPLDNHBAUYMIMT
1434,P10275,AR,VHL,,,CC1=C(C2=CC=C(CNC(=O)[C@@H]3C[C@@H](O)CN3C(=O)[C@@H](NC(=O)COCC3=CC=C(OC(=O)N[C@H]4C(C)(C)[C@H](OC5=CC=C(C#N)C(Cl)=C5)C4(C)C)C=C3)C(C)(C)C)C=C2)OC=N1,<=50,>=71,Degradation of AR in LNCaP cells after 2-4 h treatment,,,,,,,,,,,,,,,,,,,,,,,,,,,,,,,,,,,,,,,,,,,,,,,,,,,,,,,,,,,,,,,,,,,10.1021/acsmedchemlett.9b00115,883.443,882.37190502,2.57,63,6,11,4,14,205.35,C47H55ClN6O9,"InChI=1S/C47H55ClN6O9/c1-27-38(61-26-51-27)30-13-9-28(10-14-30)22-50-40(57)36-19-32(55)23-54(36)41(58)39(45(2,3)4)52-37(56)25-60-24-29-11-16-33(17-12-29)63-44(59)53-42-46(5,6)43(47(42,7)8)62-34-18-15-31(21-49)35(48)20-34/h9-18,20,26,32,36,39,42-43,55H,19,22-25H2,1-8H3,(H,50,57)(H,52,56)(H,53,59)/t32-,36+,39-,42-,43-/m1/s1",VEFDAFDSPLDCMS-RCOCDALESA-N,VEFDAFDSPLDCMS
1442,P10275,AR,CRBN,,,CC1(C)[C@H](NC(=O)C2=CC=C(OCCCCCOCCCNC3=CC=CC4=C3C(=O)N(C3CCC(=O)NC3=O)C4=O)C=C2)C(C)(C)[C@H]1OC1=CC=C(C#N)C(Cl)=C1,,,,,,,,,,,,,,,,,,,,,,,,,,,,,,,,,,,,,,,,,,,,,,,,,,,,,,,,,,,,,,,,,,,,,,10.1021/acsmedchemlett.9b00424,798.337,797.319141176,3.31,57,6,10,3,17,176.16,C43H48ClN5O8,"InChI=1S/C43H48ClN5O8/c1-42(2)40(43(3,4)41(42)57-29-17-14-27(25-45)31(44)24-29)48-36(51)26-12-15-28(16-13-26)56-23-7-5-6-21-55-22-9-20-46-32-11-8-10-30-35(32)39(54)49(38(30)53)33-18-19-34(50)47-37(33)52/h8,10-17,24,33,40-41,46H,5-7,9,18-23H2,1-4H3,(H,48,51)(H,47,50,52)/t33?,40-,41-",QSPCDHGSGMVDJL-IVBVVVCDSA-N,QSPCDHGSGMVDJL
1443,P10275,AR,CRBN,,,CC1(C)C(=O)N(C2=CC=C(C#N)C(C(F)(F)F)=C2)C(=S)N1C1=CC=C(C2=CC=C(OCCCCCNC3=CC=CC4=C3C(=O)N(C3CCC(=O)NC3=O)C4=O)C=C2)C=C1,,,,,,,,,,,,,,,,,,,,,,,,,,,,,,,,,,,,,,,,,,,,,,,,,,,,,,,,,,,,,,,,,,,,,,10.1021/acsmedchemlett.9b00424,822.866,822.244738564,4.65,59,7,9,2,12,152.15,C43H37F3N6O6S,"InChI=1S/C43H37F3N6O6S/c1-42(2)40(57)50(29-16-11-27(24-47)32(23-29)43(44,45)46)41(59)52(42)28-14-9-25(10-15-28)26-12-17-30(18-13-26)58-22-5-3-4-21-48-33-8-6-7-31-36(33)39(56)51(38(31)55)34-19-20-35(53)49-37(34)54/h6-18,23,34,48H,3-5,19-22H2,1-2H3,(H,49,53,54)",LTNVQSMHVCBXCG-UHFFFAOYSA-N,LTNVQSMHVCBXCG
1556,P10275,AR,CRBN,,,CC(O)(COC1=CC=C(OCCOCCOCCOCCOC2=CC=CC3=C2C(=O)N(C2CCC(=O)NC2=O)C3=O)C=C1)C(=O)NC1=CC=C(C#N)C(C(F)(F)F)=C1,,,,,,,,,,,,,,,,,,,,,,,,,,,,,,,,,,,,,,,,,,,,,,,,,,,,,,,,,,,,,,,,,,,,,,10.1021/acsmedchemlett.0c00194,812.751,812.251657348,5.91,58,5,13,3,20,212.05,C39H39F3N4O12,"InChI=1S/C39H39F3N4O12/c1-38(52,37(51)44-25-6-5-24(22-43)29(21-25)39(40,41)42)23-58-27-9-7-26(8-10-27)56-19-17-54-15-13-53-14-16-55-18-20-57-31-4-2-3-28-33(31)36(50)46(35(28)49)30-11-12-32(47)45-34(30)48/h2-10,21,30,52H,11-20,23H2,1H3,(H,44,51)(H,45,47,48)",YBUGJPSHLSZKIC-UHFFFAOYSA-N,YBUGJPSHLSZKIC
1557,P10275,AR,CRBN,,,CC(O)(COC1=CC=C(OCCOCCOCCOCCOC2=CC=CC3=C2CN([C@H]2CCC(=O)NC2=O)C3=O)C=C1)C(=O)NC1=CC=C(C#N)C(C(F)(F)F)=C1,,,,,,,,,,,,,,,,,,,,,,,,,,,,,,,,,,,,,,,,,,,,,,,,,,,,,,,,,,,,,,,,,,,,,,10.1021/acsmedchemlett.0c00194,798.768,798.272392792,4.41,57,5,12,3,20,194.98,C39H41F3N4O11,"InChI=1S/C39H41F3N4O11/c1-38(51,37(50)44-26-6-5-25(22-43)31(21-26)39(40,41)42)24-57-28-9-7-27(8-10-28)55-19-17-53-15-13-52-14-16-54-18-20-56-33-4-2-3-29-30(33)23-46(36(29)49)32-11-12-34(47)45-35(32)48/h2-10,21,32,51H,11-20,23-24H2,1H3,(H,44,50)(H,45,47,48)/t32-,38?/m0/s1",WXTXTGAJJSPHBT-MDYKADOQSA-N,WXTXTGAJJSPHBT
1558,P10275,AR,CRBN,,,CN1C(=O)N(C2=CC=C(C#N)C(C(F)(F)F)=C2)C(=O)C1(C)C1=CC=C(OCCOCCOCCOCCOC2=CC=CC3=C2C(=O)N(C2CCC(=O)NC2=O)C3=O)C=C1,,,,,,,,,,,,,,,,,,,,,,,,,,,,,,,,,,,,,,,,,,,,,,,,,,,,,,,,,,,,,,,,,,,,,,10.1021/acsmedchemlett.0c00194,821.762,821.251991696,4.41,59,6,12,1,17,194.11,C40H38F3N5O11,"InChI=1S/C40H38F3N5O11/c1-39(37(53)47(38(54)46(39)2)26-9-6-24(23-44)29(22-26)40(41,42)43)25-7-10-27(11-8-25)58-20-18-56-16-14-55-15-17-57-19-21-59-31-5-3-4-28-33(31)36(52)48(35(28)51)30-12-13-32(49)45-34(30)50/h3-11,22,30H,12-21H2,1-2H3,(H,45,49,50)",KUEVRVOQPNNRMD-UHFFFAOYSA-N,KUEVRVOQPNNRMD
1559,P10275,AR,CRBN,,,CN1C(=O)N(C2=CC=C(C#N)C(C(F)(F)F)=C2)C(=O)C1(C)C1=CC=C(OCCOCCOCCOCCOC2=CC=CC3=C2CN([C@H]2CCC(=O)NC2=O)C3=O)C=C1,,,,,,,,,,,,,,,,,,,,,,,,,,,,,,,,,,,,,,,,,,,,,,,,,,,,,,,,,,,,,,,,,,,,,,10.1021/acsmedchemlett.0c00194,807.779,807.27272714,4.41,58,6,11,1,17,177.04,C40H40F3N5O10,"InChI=1S/C40H40F3N5O10/c1-39(37(52)48(38(53)46(39)2)27-9-6-25(23-44)31(22-27)40(41,42)43)26-7-10-28(11-8-26)57-20-18-55-16-14-54-15-17-56-19-21-58-33-5-3-4-29-30(33)24-47(36(29)51)32-12-13-34(49)45-35(32)50/h3-11,22,32H,12-21,24H2,1-2H3,(H,45,49,50)/t32-,39?/m0/s1",YDVIYZOBGOZUAN-DKHGMYDOSA-N,YDVIYZOBGOZUAN
1560,P10275,AR,CRBN,,,CC1(C)C(=O)N(C2=CC=C(C#N)C(C(F)(F)F)=C2)C(=S)N1C1=CC=C(OCCOCCOCCOCCOC2=CC=CC3=C2C(=O)N(C2CCC(=O)NC2=O)C3=O)C=C1,,N.D.,,,,,,,,,,,,,,,,,,,,,,,,,,,,,,,,,,,,,,,,,,,,,,,,,,,,,,,,,,,,,,<1,Compounds were administered at 10 000 nM and incubated for 5 h,1.7,Compounds were administered at 10 000 nM and incubated for 2 h,14.1,Compounds were administered at 10 000 nM and incubated for 2 h,10.1021/acsmedchemlett.0c00194,837.83,837.229148076,3.02,59,6,12,1,17,177.04,C40H38F3N5O10S,"InChI=1S/C40H38F3N5O10S/c1-39(2)37(53)46(26-7-6-24(23-44)29(22-26)40(41,42)43)38(59)48(39)25-8-10-27(11-9-25)57-20-18-55-16-14-54-15-17-56-19-21-58-31-5-3-4-28-33(31)36(52)47(35(28)51)30-12-13-32(49)45-34(30)50/h3-11,22,30H,12-21H2,1-2H3,(H,45,49,50)",AWZDAIQLULBEES-UHFFFAOYSA-N,AWZDAIQLULBEES
1561,P10275,AR,CRBN,,,CC1(C)C(=O)N(C2=CC=C(C#N)C(C(F)(F)F)=C2)C(=S)N1C1=CC=C(OCCOCCOCCOCCOC2=CC=CC3=C2CN([C@H]2CCC(=O)NC2=O)C3=O)C=C1,10,33,Degradation of AR in LNCaP cells after 6 h treatment,,,,,,,,,,,,,,,,,,,,,,,,,,,,,,,,,,,,,,,,,,,,,,,,,,,,,,,,,,,,,,,,,,,10.1021/acsmedchemlett.0c00194,823.847,823.24988352,3.02,58,6,11,1,17,159.97,C40H40F3N5O9S,"InChI=1S/C40H40F3N5O9S/c1-39(2)37(52)47(27-7-6-25(23-44)31(22-27)40(41,42)43)38(58)48(39)26-8-10-28(11-9-26)56-20-18-54-16-14-53-15-17-55-19-21-57-33-5-3-4-29-30(33)24-46(36(29)51)32-12-13-34(49)45-35(32)50/h3-11,22,32H,12-21,24H2,1-2H3,(H,45,49,50)/t32-/m0/s1",OHIHMSVOYVOFIW-YTTGMZPUSA-N,OHIHMSVOYVOFIW
1562,P10275,AR,VHL,,,CC1=C(C2=CC=C(CNC(=O)[C@@H]3C[C@@H](O)CN3C(=O)[C@@H](NC(=O)COCCCOCCCCOC3=CC=C(N4C(=S)N(C5=CC=C(C#N)C(C(F)(F)F)=C5)C(=O)C4(C)C)C=C3)C(C)(C)C)C=C2)SC=N1,,,,,,25,IC50 was assessed using a radio-ligand displacement assay,,,,,11,Ki was assessed using a radio-ligand displacement assay,,,,,,,,,,,,,,,,,,,,,,,,,,,,,,,,,,,,,,,,,,,,,,,,,,,<1,Compounds were administered at 10 000 nM and incubated for 5 h,<2.7,Compounds were administered at 10 000 nM and incubated for 2 h,1.4,Compounds were administered at 10 000 nM and incubated for 2 h,10.1021/acsmedchemlett.0c00194,1006.183,1005.37403848,3.02,70,6,12,3,20,186.66,C50H58F3N7O8S2,"InChI=1S/C50H58F3N7O8S2/c1-31-42(70-30-56-31)33-12-10-32(11-13-33)27-55-44(63)40-25-37(61)28-58(40)45(64)43(48(2,3)4)57-41(62)29-67-22-9-21-66-20-7-8-23-68-38-18-16-35(17-19-38)60-47(69)59(46(65)49(60,5)6)36-15-14-34(26-54)39(24-36)50(51,52)53/h10-19,24,30,37,40,43,61H,7-9,20-23,25,27-29H2,1-6H3,(H,55,63)(H,57,62)/t37-,40+,43-/m1/s1",UYAKVNKOLXEIRY-AKCINUCUSA-N,UYAKVNKOLXEIRY
1563,P10275,AR,VHL,,,CC1=C(C2=CC=C(CNC(=O)[C@@H]3C[C@@H](O)CN3C(=O)[C@@H](NC(=O)COCC(F)(F)C(F)(F)C(F)(F)COCCCOC3=CC=C(N4C(=S)N(C5=CC=C(C#N)C(C(F)(F)F)=C5)C(=O)C4(C)C)C=C3)C(C)(C)C)C=C2)SC=N1,,,,,,,,,,,,,,,,,,,,,,,,,,,,,,,,,,,,,,,,,,,,,,,,,,,,,,,,,,,,,,,,<1,Compounds were administered at 10 000 nM and incubated for 5 h,0.26,Compounds were administered at 10 000 nM and incubated for 2 h,<0.79,Compounds were administered at 10 000 nM and incubated for 2 h,10.1021/acsmedchemlett.0c00194,1128.15,1127.33315767,3.68,77,6,12,3,21,186.66,C51H54F9N7O8S2,"InChI=1S/C51H54F9N7O8S2/c1-29-40(77-28-63-29)31-10-8-30(9-11-31)23-62-42(70)38-21-35(68)24-65(38)43(71)41(46(2,3)4)64-39(69)25-74-27-49(54,55)51(59,60)48(52,53)26-73-18-7-19-75-36-16-14-33(15-17-36)67-45(76)66(44(72)47(67,5)6)34-13-12-32(22-61)37(20-34)50(56,57)58/h8-17,20,28,35,38,41,68H,7,18-19,21,23-27H2,1-6H3,(H,62,70)(H,64,69)/t35-,38+,41-/m1/s1",YQJIYEVGJLJDLM-LFHXYJAASA-N,YQJIYEVGJLJDLM
1564,P10275,AR,VHL,,,CC1=C(C2=CC=C(CNC(=O)[C@@H]3C[C@@H](O)CN3C(=O)[C@@H](NC(=O)CCOCCOCCOCCOC3=CC=C(N4C(=S)N(C5=CC=C(C#N)C(C(F)(F)F)=C5)C(=O)C4(C)C)C=C3)C(C)(C)C)C=C2)SC=N1,,,,,,,,,,,,,,,,,,,,,,,,,,,,,,,,,,,,,,,,,,,,,,,,,,,,,,,,,,,,,,,,<1,Compounds were administered at 10 000 nM and incubated for 5 h,<0.69,Compounds were administered at 10 000 nM and incubated for 2 h,8.6,Compounds were administered at 10 000 nM and incubated for 2 h,10.1021/acsmedchemlett.0c00194,1022.182,1021.3689531,3.68,71,6,13,3,21,195.89,C50H58F3N7O9S2,"InChI=1S/C50H58F3N7O9S2/c1-31-42(71-30-56-31)33-9-7-32(8-10-33)28-55-44(63)40-26-37(61)29-58(40)45(64)43(48(2,3)4)57-41(62)17-18-66-19-20-67-21-22-68-23-24-69-38-15-13-35(14-16-38)60-47(70)59(46(65)49(60,5)6)36-12-11-34(27-54)39(25-36)50(51,52)53/h7-16,25,30,37,40,43,61H,17-24,26,28-29H2,1-6H3,(H,55,63)(H,57,62)/t37-,40+,43-/m1/s1",AHPZKNARQBAMMU-AKCINUCUSA-N,AHPZKNARQBAMMU
1565,P10275,AR,VHL,,,CC1=C(C2=CC=C(CNC(=O)[C@@H]3C[C@@H](O)CN3C(=O)[C@@H](NC(=O)COCCCOC3=CC=C(C4=CC=C(N5C(=S)N(C6=CC=C(C#N)C(C(F)(F)F)=C6)C(=O)C5(C)C)C=C4)C=C3)C(C)(C)C)C=C2)SC=N1,,,,,,,,,,,,,,,,,,,,,,,,,,,,,,,,,,,,,,,,,,,,,,,,,,,,,,,,,,,,,,,,<1,Compounds were administered at 10 000 nM and incubated for 5 h,,,,,10.1021/acsmedchemlett.0c00194,1010.174,1009.34782373,3.68,71,7,11,3,16,177.43,C52H54F3N7O7S2,"InChI=1S/C52H54F3N7O7S2/c1-31-44(71-30-58-31)35-10-8-32(9-11-35)27-57-46(65)42-25-39(63)28-60(42)47(66)45(50(2,3)4)59-43(64)29-68-22-7-23-69-40-20-15-34(16-21-40)33-12-17-37(18-13-33)62-49(70)61(48(67)51(62,5)6)38-19-14-36(26-56)41(24-38)52(53,54)55/h8-21,24,30,39,42,45,63H,7,22-23,25,27-29H2,1-6H3,(H,57,65)(H,59,64)/t39-,42+,45-/m1/s1",KJDKEFBHSCTTPP-BZPYCXPJSA-N,KJDKEFBHSCTTPP
1566,P10275,AR,VHL,,,CC1=C(C2=CC=C(CNC(=O)[C@@H]3C[C@@H](O)CN3C(=O)[C@@H](NC(=O)COCC(F)(F)COC3=CC=C(C4=CC=C(N5C(=S)N(C6=CC=C(C#N)C(C(F)(F)F)=C6)C(=O)C5(C)C)C=C4)C=C3)C(C)(C)C)C=C2)SC=N1,,,,,,,,,,,,,,,,,,,,,,,,,,,,,,,,,,,,,,,,,,,,,,,,,,,,,,,,,,,,,,,,<1,Compounds were administered at 10 000 nM and incubated for 5 h,,,,,10.1021/acsmedchemlett.0c00194,1046.154,1045.3289801,3.43,73,7,11,3,16,177.43,C52H52F5N7O7S2,"InChI=1S/C52H52F5N7O7S2/c1-30-43(73-29-60-30)34-9-7-31(8-10-34)24-59-45(67)41-22-38(65)25-62(41)46(68)44(49(2,3)4)61-42(66)26-70-27-51(53,54)28-71-39-19-14-33(15-20-39)32-11-16-36(17-12-32)64-48(72)63(47(69)50(64,5)6)37-18-13-35(23-58)40(21-37)52(55,56)57/h7-21,29,38,41,44,65H,22,24-28H2,1-6H3,(H,59,67)(H,61,66)/t38-,41+,44-/m1/s1",OZXVJHIDCIBXAC-UMWCMSNQSA-N,OZXVJHIDCIBXAC
1567,P10275,AR,VHL,,,CC1=C(C2=CC=C(CNC(=O)[C@@H]3C[C@@H](O)CN3C(=O)[C@@H](NC(=O)COCCCOCC(F)(F)C(F)(F)COC3=CC=C(N4C(=S)N(C5=CC=C(C#N)C(C(F)(F)F)=C5)C(=O)C4(C)C)C=C3)C(C)(C)C)C=C2)SC=N1,,,,,,,,,,,,,,,,,,,,,,,,,,,,,,,,,,,,,,,,,,,,,,,,,,,,,,,,,,,,,,,,<1,Compounds were administered at 10 000 nM and incubated for 5 h,<0.11,Compounds were administered at 10 000 nM and incubated for 2 h,0.33,Compounds were administered at 10 000 nM and incubated for 2 h,10.1021/acsmedchemlett.0c00194,1078.143,1077.33635123,3.43,74,6,12,3,20,186.66,C50H54F7N7O8S2,"InChI=1S/C50H54F7N7O8S2/c1-29-40(74-28-60-29)31-10-8-30(9-11-31)23-59-42(67)38-21-35(65)24-62(38)43(68)41(46(2,3)4)61-39(66)25-70-18-7-19-71-26-48(51,52)49(53,54)27-72-36-16-14-33(15-17-36)64-45(73)63(44(69)47(64,5)6)34-13-12-32(22-58)37(20-34)50(55,56)57/h8-17,20,28,35,38,41,65H,7,18-19,21,23-27H2,1-6H3,(H,59,67)(H,61,66)/t35-,38+,41-/m1/s1",DRPPHAFHVRTMSO-LFHXYJAASA-N,DRPPHAFHVRTMSO
1568,P10275,AR,VHL,,,CC1=C(C2=CC=C(CNC(=O)[C@@H]3C[C@@H](O)CN3C(=O)[C@@H](NC(=O)CCOCCOCCOC3=CC=C(C(=O)N[C@H]4C(C)(C)[C@H](OC5=CC=C(C#N)C(C(F)(F)F)=C5)C4(C)C)C=C3)C(C)(C)C)C=C2)SC=N1,,,,,,,,,,,,,,,,,,,,,,,,,,,,,,,,,,,,,,,,,,,,,,,,,,,,,,,,,,,,,,,,<1,Compounds were administered at 10 000 nM and incubated for 5 h,,,,,10.1021/acsmedchemlett.0c00194,1005.17,1004.43293326,3.43,71,6,12,4,20,201.44,C52H63F3N6O9S,"InChI=1S/C52H63F3N6O9S/c1-31-42(71-30-58-31)33-11-9-32(10-12-33)28-57-45(65)40-25-36(62)29-61(40)46(66)43(49(2,3)4)59-41(63)19-20-67-21-22-68-23-24-69-37-16-13-34(14-17-37)44(64)60-47-50(5,6)48(51(47,7)8)70-38-18-15-35(27-56)39(26-38)52(53,54)55/h9-18,26,30,36,40,43,47-48,62H,19-25,28-29H2,1-8H3,(H,57,65)(H,59,63)(H,60,64)/t36-,40+,43-,47-,48-/m1/s1",NPIUSCVAQUBJKH-FNMWGEBHSA-N,NPIUSCVAQUBJKH
1569,P10275,AR,VHL,,,CC1=C(C2=CC=C(CNC(=O)[C@@H]3C[C@@H](O)CN3C(=O)[C@@H](NC(=O)COCCCCCOC3=CC=C(C(=O)N[C@H]4C(C)(C)[C@H](OC5=CC=C(C#N)C(C(F)(F)F)=C5)C4(C)C)C=C3)C(C)(C)C)C=C2)SC=N1,,,,,,11,IC50 was assessed using a radio-ligand displacement assay,,,,,5,Ki was assessed using a radio-ligand displacement assay,,,,,,,,,,,,,,,,,,,,,,,,,,,,,,,,,,,,,,,,,,,,,,,,,,,<1,Compounds were administered at 10 000 nM and incubated for 5 h,,,,,10.1021/acsmedchemlett.0c00194,989.171,988.438018636,2.88,70,6,11,4,19,192.21,C52H63F3N6O8S,"InChI=1S/C52H63F3N6O8S/c1-31-42(70-30-58-31)33-14-12-32(13-15-33)27-57-45(65)40-24-36(62)28-61(40)46(66)43(49(2,3)4)59-41(63)29-67-22-10-9-11-23-68-37-19-16-34(17-20-37)44(64)60-47-50(5,6)48(51(47,7)8)69-38-21-18-35(26-56)39(25-38)52(53,54)55/h12-21,25,30,36,40,43,47-48,62H,9-11,22-24,27-29H2,1-8H3,(H,57,65)(H,59,63)(H,60,64)/t36-,40+,43-,47-,48-/m1/s1",PMJLFYUAIWZLAX-FNMWGEBHSA-N,PMJLFYUAIWZLAX
1584,P10275,AR,VHL,,,CC1=C(C2=CC=C(CNC(=O)[C@@H]3C[C@@H](O)CN3C(=O)[C@@H](NC(=O)COCCCOCCCCCOC3=CC=C(N4C(=S)N(C5=CN=C(C#N)C(C(F)(F)F)=C5)C(=O)C4(C)C)C=C3)C(C)(C)C)C=C2)SC=N1,<=50/<=50,>=71/51-70,"Degradation of AR in LNCaP/VCaP cells using ELISA assay (DC50: 15min, Dmax: 4h)",,,,,,,,,,,,,,,,,,,,,,,,,,,,,,,,,,,,,,,,,,,,,,,,,,,,,,,,,,,,,,,,,,,10.1021/acsmedchemlett.0c00236,1021.198,1020.38493751,2.8,71,6,13,3,21,199.55,C50H59F3N8O8S2,"InChI=1S/C50H59F3N8O8S2/c1-31-42(71-30-57-31)33-13-11-32(12-14-33)26-56-44(64)40-24-36(62)28-59(40)45(65)43(48(2,3)4)58-41(63)29-68-21-10-20-67-19-8-7-9-22-69-37-17-15-34(16-18-37)61-47(70)60(46(66)49(61,5)6)35-23-38(50(51,52)53)39(25-54)55-27-35/h11-18,23,27,30,36,40,43,62H,7-10,19-22,24,26,28-29H2,1-6H3,(H,56,64)(H,58,63)/t36-,40+,43-/m1/s1",SGTVGCRQPJCKNZ-QIWIAYTASA-N,SGTVGCRQPJCKNZ
1585,P10275,AR,VHL,,,CC1=C(C2=CC=C([C@H](C)NC(=O)[C@@H]3C[C@@H](O)CN3C(=O)[C@@H](NC(=O)COCCCOCCCCCOC3=CC=C(N4C(=S)N(C5=CC=C(C#N)C(C(F)(F)F)=C5)C(=O)C4(C)C)C=C3F)C(C)(C)C)C=C2)SC=N1,<=50/<=50,>=71/51-70,"Degradation of AR in LNCaP/VCaP cells using ELISA assay (DC50: 15min, Dmax: 4h)",,,,,,,,,,,,,,,,,,,,,,,,,,,,,,,,,,,,,,,,,,,,,,,,,,,,,,,,,,,,,,,,,,,10.1021/acsmedchemlett.0c00236,1052.227,1051.39591679,4.15,73,6,12,3,21,186.66,C52H61F4N7O8S2,"InChI=1S/C52H61F4N7O8S2/c1-31(33-12-14-34(15-13-33)44-32(2)58-30-73-44)59-46(66)41-26-38(64)28-61(41)47(67)45(50(3,4)5)60-43(65)29-70-22-11-21-69-20-9-8-10-23-71-42-19-18-37(25-40(42)53)63-49(72)62(48(68)51(63,6)7)36-17-16-35(27-57)39(24-36)52(54,55)56/h12-19,24-25,30-31,38,41,45,64H,8-11,20-23,26,28-29H2,1-7H3,(H,59,66)(H,60,65)/t31-,38+,41-,45+/m0/s1",FLLKKIZFEMVEEL-OZSPHOIVSA-N,FLLKKIZFEMVEEL
1586,P10275,AR,VHL,,,CC1=C(C2=CC=C([C@H](C)NC(=O)[C@@H]3C[C@@H](O)CN3C(=O)[C@@H](NC(=O)COCCCOCCCCCOC3=C(F)C=C(N4C(=S)N(C5=CC=C(C#N)C(C(F)(F)F)=C5)C(=O)C4(C)C)C=C3F)C(C)(C)C)C=C2)SC=N1,<=50/<=50,>=71/51-70,"Degradation of AR in LNCaP/VCaP cells using ELISA assay (DC50: 15min, Dmax: 4h)",,,,,,,,,,,,,,,,,,,,,,,,,,,,,,,,,,,,,,,,,,,,,,,,,,,,,,,,,,,,,,,,,,,10.1021/acsmedchemlett.0c00236,1070.217,1069.38649498,4.0,74,6,12,3,21,186.66,C52H60F5N7O8S2,"InChI=1S/C52H60F5N7O8S2/c1-30(32-12-14-33(15-13-32)44-31(2)59-29-74-44)60-46(67)41-25-37(65)27-62(41)47(68)45(50(3,4)5)61-42(66)28-71-20-11-19-70-18-9-8-10-21-72-43-39(53)23-36(24-40(43)54)64-49(73)63(48(69)51(64,6)7)35-17-16-34(26-58)38(22-35)52(55,56)57/h12-17,22-24,29-30,37,41,45,65H,8-11,18-21,25,27-28H2,1-7H3,(H,60,67)(H,61,66)/t30-,37+,41-,45+/m0/s1",DKNBVZGJLBYCQJ-YCDRFOERSA-N,DKNBVZGJLBYCQJ
1587,P10275,AR,VHL,,,CC1=C(C2=CC=C(CNC(=O)[C@@H]3C[C@@H](O)CN3C(=O)[C@@H](NC(=O)COCCCOCCCCOC3=CC=C(N4C(=S)N(C5=CC=C(C#N)C(C(F)(F)F)=C5)C(=O)C4(C)C)C=C3F)C(C)(C)C)C=C2)SC=N1,<=50/<=50,>=71/>=71,"Degradation of AR in LNCaP/VCaP cells using ELISA assay (DC50: 15min, Dmax: 4h)",,,,,,,,,,,,,,,,,,,,,,,,,,,,,,,,,,,,,,,,,,,,,,,,,,,,,,,,,,,,,,,,,,,10.1021/acsmedchemlett.0c00236,1024.173,1023.36461666,3.85,71,6,12,3,20,186.66,C50H57F4N7O8S2,"InChI=1S/C50H57F4N7O8S2/c1-30-42(71-29-57-30)32-12-10-31(11-13-32)26-56-44(64)39-24-36(62)27-59(39)45(65)43(48(2,3)4)58-41(63)28-68-20-9-19-67-18-7-8-21-69-40-17-16-35(23-38(40)51)61-47(70)60(46(66)49(61,5)6)34-15-14-33(25-55)37(22-34)50(52,53)54/h10-17,22-23,29,36,39,43,62H,7-9,18-21,24,26-28H2,1-6H3,(H,56,64)(H,58,63)/t36-,39+,43-/m1/s1",HVIFXYXSTAVNJM-IPQHXDNUSA-N,HVIFXYXSTAVNJM
1588,P10275,AR,VHL,,,CC1=C(C2=CC=C(CNC(=O)[C@@H]3C[C@@H](O)CN3C(=O)[C@@H](NC(=O)COCCCOCCCCOC3=CC=C(N4C(=S)N(C5=CN=C(C#N)C(C(F)(F)F)=C5)C(=O)C4(C)C)C=C3)C(C)(C)C)C=C2)SC=N1,<=50/<=50,>=71/>=71,"Degradation of AR in LNCaP/VCaP cells using ELISA assay (DC50: 15min, Dmax: 4h)",,,,,,,,,,,,,,,,,,,,,,,,,,,,,,,,,,,,,,,,,,,,,,,,,,,,,,,,,,,,,,,,,,,10.1021/acsmedchemlett.0c00236,1007.171,1006.36928744,3.71,70,6,13,3,20,199.55,C49H57F3N8O8S2,"InChI=1S/C49H57F3N8O8S2/c1-30-41(70-29-56-30)32-12-10-31(11-13-32)25-55-43(63)39-23-35(61)27-58(39)44(64)42(47(2,3)4)57-40(62)28-67-20-9-19-66-18-7-8-21-68-36-16-14-33(15-17-36)60-46(69)59(45(65)48(60,5)6)34-22-37(49(50,51)52)38(24-53)54-26-34/h10-17,22,26,29,35,39,42,61H,7-9,18-21,23,25,27-28H2,1-6H3,(H,55,63)(H,57,62)/t35-,39+,42-/m1/s1",QRYUVTSBJUTMOL-DCFQOXSYSA-N,QRYUVTSBJUTMOL
1589,P10275,AR,VHL,,,CC1=C(C2=CC=C(CNC(=O)[C@@H]3C[C@@H](O)CN3C(=O)[C@@H](NC(=O)COCCCOCCCCOC3=CC=C(N4C(=S)N(C5=CC=C(C#N)C(Cl)=C5)C(=O)C4(C)C)C=C3)C(C)(C)C)C=C2)SC=N1,<=50/<=50,>=71/>=71,"Degradation of AR in LNCaP/VCaP cells using ELISA assay (DC50: 15min, Dmax: 4h)",,,,,,,,,,,,,,,,,,,,,,,,,,,,,,,,,,,,,,,,,,,,,,,,,,,,,,,,,,,,,,,,,,,10.1021/acsmedchemlett.0c00236,972.631,971.347681496,3.56,67,6,12,3,20,186.66,C49H58ClN7O8S2,"InChI=1S/C49H58ClN7O8S2/c1-31-42(67-30-53-31)33-12-10-32(11-13-33)27-52-44(60)40-25-37(58)28-55(40)45(61)43(48(2,3)4)54-41(59)29-64-22-9-21-63-20-7-8-23-65-38-18-16-35(17-19-38)57-47(66)56(46(62)49(57,5)6)36-15-14-34(26-51)39(50)24-36/h10-19,24,30,37,40,43,58H,7-9,20-23,25,27-29H2,1-6H3,(H,52,60)(H,54,59)/t37-,40+,43-/m1/s1",HTGWWWOBPGTSLC-AKCINUCUSA-N,HTGWWWOBPGTSLC
1590,P10275,AR,VHL,,,CC1=C(C2=CC=C(CNC(=O)[C@@H]3C[C@@H](O)CN3C(=O)[C@@H](NC(=O)COCCCOCCCCOC3=CC=C(C4=CC=C(N5C(=S)N(C6=CC=C(C#N)C(C(F)(F)F)=C6)C(=O)C5(C)C)C=C4)C=C3)C(C)(C)C)C=C2)SC=N1,<=50/<=50,>=71/>=71,"Degradation of AR in LNCaP/VCaP cells using ELISA assay (DC50: 15min, Dmax: 4h)",,,,,,,,,,,,,,,,,,,,,,,,,,,,,,,,,,,,,,,,,,,,,,,,,,,,,,,,,,,,,,,,,,,10.1021/acsmedchemlett.0c00236,1082.281,1081.4053386,3.46,76,7,12,3,21,186.66,C56H62F3N7O8S2,"InChI=1S/C56H62F3N7O8S2/c1-35-48(76-34-62-35)39-12-10-36(11-13-39)31-61-50(69)46-29-43(67)32-64(46)51(70)49(54(2,3)4)63-47(68)33-73-26-9-25-72-24-7-8-27-74-44-22-17-38(18-23-44)37-14-19-41(20-15-37)66-53(75)65(52(71)55(66,5)6)42-21-16-40(30-60)45(28-42)56(57,58)59/h10-23,28,34,43,46,49,67H,7-9,24-27,29,31-33H2,1-6H3,(H,61,69)(H,63,68)/t43-,46+,49-/m1/s1",IACCNUDTPQOEHL-YWIAGSDQSA-N,IACCNUDTPQOEHL
1866,P10275,AR,CRBN,,A001,N#CC1=CC=C(O[C@@H]2C[C@@H]3CC[C@H](C2)N3C(=O)C2=CC=C(N3CCN(CCCCCCCCCOC4=CC=CC5=C4C(=O)N(C4CCC(=O)NC4=O)C5=O)CC3)C=C2)C=C1Cl,,,,,,,,,,,,,,,,,,,,,,,,,,,,,,,,,,,,,,,,,,,,,,,,,,,,,,,,,,,,,,,,,,,,,,10.1016/j.ejmech.2021.113307,849.429,848.366425716,6.87,61,8,10,1,16,152.59,C47H53ClN6O7,"InChI=1S/C47H53ClN6O7/c48-39-29-36(18-13-32(39)30-49)61-37-27-34-16-17-35(28-37)53(34)45(57)31-11-14-33(15-12-31)52-24-22-51(23-25-52)21-6-4-2-1-3-5-7-26-60-41-10-8-9-38-43(41)47(59)54(46(38)58)40-19-20-42(55)50-44(40)56/h8-15,18,29,34-35,37,40H,1-7,16-17,19-28H2,(H,50,55,56)/t34-,35+,37+,40?",GJKHWPITFRGJJH-KRRCZHMUSA-N,GJKHWPITFRGJJH
1867,P10275,AR,CRBN,,A002,N#CC1=CC=C(O[C@@H]2C[C@@H]3CC[C@H](C2)N3C(=O)C2=CC=C(N3CCN(CCCCCCCCCNC4=CC=CC5=C4C(=O)N(C4CCC(=O)NC4=O)C5=O)CC3)C=C2)C=C1Cl,,,,,,,,,,,,,,,,,,,,,,,,,,,,,,,,,,,,,,,,,,,,,,,,,,,,,,,,,,,,,,,,,,,,,,10.1016/j.ejmech.2021.113307,848.445,847.382410128,6.14,61,8,10,2,16,155.39,C47H54ClN7O6,"InChI=1S/C47H54ClN7O6/c48-39-29-36(18-13-32(39)30-49)61-37-27-34-16-17-35(28-37)54(34)45(58)31-11-14-33(15-12-31)53-25-23-52(24-26-53)22-7-5-3-1-2-4-6-21-50-40-10-8-9-38-43(40)47(60)55(46(38)59)41-19-20-42(56)51-44(41)57/h8-15,18,29,34-35,37,41,50H,1-7,16-17,19-28H2,(H,51,56,57)/t34-,35+,37+,41?",XBRHIQDCHUOSOS-WMOQPUQGSA-N,XBRHIQDCHUOSOS
1868,P10275,AR,CRBN,,A003,N#CC1=CC=C(O[C@@H]2C[C@@H]3CC[C@H](C2)N3C(=O)C2=CC=C(N3CCN(CCCCCCCCNC4=CC=CC5=C4C(=O)N(C4CCC(=O)NC4=O)C5=O)CC3)C=C2)C=C1Cl,,,,,,,,,,,,,,,,,,,,,,,,,,,,,,,,,,,,,,,,,,,,,,,,,,,,,,,,,,,,,,,,,,,,,,10.1016/j.ejmech.2021.113307,834.418,833.366760064,5.4,60,8,10,2,15,155.39,C46H52ClN7O6,"InChI=1S/C46H52ClN7O6/c47-38-28-35(17-12-31(38)29-48)60-36-26-33-15-16-34(27-36)53(33)44(57)30-10-13-32(14-11-30)52-24-22-51(23-25-52)21-6-4-2-1-3-5-20-49-39-9-7-8-37-42(39)46(59)54(45(37)58)40-18-19-41(55)50-43(40)56/h7-14,17,28,33-34,36,40,49H,1-6,15-16,18-27H2,(H,50,55,56)/t33-,34+,36+,40?",IVFBQRUGDYDURP-DKQNIJNPSA-N,IVFBQRUGDYDURP
1869,P10275,AR,CRBN,,A004,N#CC1=CC=C(O[C@@H]2C[C@@H]3CC[C@H](C2)N3C(=O)C2=CC=C(N3CCN(CCCCCCCNC4=CC=CC5=C4C(=O)N(C4CCC(=O)NC4=O)C5=O)CC3)C=C2)C=C1Cl,,,,,,,,,,,,,,,,,,,,,,,,,,,,,,,,,,,,,,,,,,,,,,,,,,,,,,,,,,,,,,,,,,,,,,10.1016/j.ejmech.2021.113307,820.391,819.35111,5.49,59,8,10,2,14,155.39,C45H50ClN7O6,"InChI=1S/C45H50ClN7O6/c46-37-27-34(16-11-30(37)28-47)59-35-25-32-14-15-33(26-35)52(32)43(56)29-9-12-31(13-10-29)51-23-21-50(22-24-51)20-5-3-1-2-4-19-48-38-8-6-7-36-41(38)45(58)53(44(36)57)39-17-18-40(54)49-42(39)55/h6-13,16,27,32-33,35,39,48H,1-5,14-15,17-26H2,(H,49,54,55)/t32-,33+,35+,39?",MTEWSOMQANBNJB-KCKPBYPFSA-N,MTEWSOMQANBNJB
1870,P10275,AR,CRBN,,A005,N#CC1=CC=C(O[C@@H]2C[C@@H]3CC[C@H](C2)N3C(=O)C2=CN=C(N3CCN(CCCCNC4=CC=CC5=C4C(=O)N(C4CCC(=O)NC4=O)C5=O)CC3)N=C2)C=C1Cl,,,,,,,,,,,,,,,,,,,,,,,,,,,,,,,,,,,,,,,,,,,,,,,,,,,,,,,,,,,,,,,,,,,,,,10.1016/j.ejmech.2021.113307,780.286,779.294657744,6.14,56,8,12,2,11,181.17,C40H42ClN9O6,"InChI=1S/C40H42ClN9O6/c41-31-20-28(9-6-24(31)21-42)56-29-18-26-7-8-27(19-29)49(26)37(53)25-22-44-40(45-23-25)48-16-14-47(15-17-48)13-2-1-12-43-32-5-3-4-30-35(32)39(55)50(38(30)54)33-10-11-34(51)46-36(33)52/h3-6,9,20,22-23,26-27,29,33,43H,1-2,7-8,10-19H2,(H,46,51,52)/t26-,27+,29+,33?",GAEITELLPPZQTI-BIROGDAPSA-N,GAEITELLPPZQTI
1871,P10275,AR,CRBN,,A006,N#CC1=CC=C(O[C@@H]2C[C@@H]3CC[C@H](C2)N3C(=O)C2=CN=C(N3CCN(CCCNC4=CC=CC5=C4C(=O)N(C4CCC(=O)NC4=O)C5=O)CC3)N=C2)C=C1Cl,,,,,,,,,,,,,,,,,,,,,,,,,,,,,,,,,,,,,,,,,,,,,,,,,,,,,,,,,,,,,,,,,,,,,,10.1016/j.ejmech.2021.113307,766.259,765.27900768,1.0,55,8,12,2,10,181.17,C39H40ClN9O6,"InChI=1S/C39H40ClN9O6/c40-30-19-27(8-5-23(30)20-41)55-28-17-25-6-7-26(18-28)48(25)36(52)24-21-43-39(44-22-24)47-15-13-46(14-16-47)12-2-11-42-31-4-1-3-29-34(31)38(54)49(37(29)53)32-9-10-33(50)45-35(32)51/h1,3-5,8,19,21-22,25-26,28,32,42H,2,6-7,9-18H2,(H,45,50,51)/t25-,26+,28+,32?",HRCXWMRNKVLOAT-BQMABGLVSA-N,HRCXWMRNKVLOAT
1872,P10275,AR,CRBN,,A007,N#CC1=CC=C(O[C@@H]2C[C@@H]3CC[C@H](C2)N3C(=O)C2=CN=C(N3CCN(CCCCCNC4=CC=CC5=C4C(=O)N(C4CCC(=O)NC4=O)C5=O)CC3)N=C2)C=C1Cl,,,,,,,,,,,,,,,,,,,,,,,,,,,,,,,,,,,,,,,,,,,,,,,,,,,,,,,,,,,,,,,,,,,,,,10.1016/j.ejmech.2021.113307,794.313,793.310307808,1.36,57,8,12,2,12,181.17,C41H44ClN9O6,"InChI=1S/C41H44ClN9O6/c42-32-21-29(10-7-25(32)22-43)57-30-19-27-8-9-28(20-30)50(27)38(54)26-23-45-41(46-24-26)49-17-15-48(16-18-49)14-3-1-2-13-44-33-6-4-5-31-36(33)40(56)51(39(31)55)34-11-12-35(52)47-37(34)53/h4-7,10,21,23-24,27-28,30,34,44H,1-3,8-9,11-20H2,(H,47,52,53)/t27-,28+,30+,34?",AMKSVGVEMNZDMR-IEPJAZGXSA-N,AMKSVGVEMNZDMR
1873,P10275,AR,CRBN,,A008,N#CC1=CC=C(O[C@@H]2C[C@@H]3CC[C@H](C2)N3C(=O)C2=CN=C(N3CCN(CCCCCCNC4=CC=CC5=C4C(=O)N(C4CCC(=O)NC4=O)C5=O)CC3)N=C2)C=C1Cl,,,,,,,,,,,,,,,,,,,,,,,,,,,,,,,,,,,,,,,,,,,,,,,,,,,,,,,,,,,,,,,,,,,,,,10.1016/j.ejmech.2021.113307,808.34,807.325957872,2.07,58,8,12,2,13,181.17,C42H46ClN9O6,"InChI=1S/C42H46ClN9O6/c43-33-22-30(11-8-26(33)23-44)58-31-20-28-9-10-29(21-31)51(28)39(55)27-24-46-42(47-25-27)50-18-16-49(17-19-50)15-4-2-1-3-14-45-34-7-5-6-32-37(34)41(57)52(40(32)56)35-12-13-36(53)48-38(35)54/h5-8,11,22,24-25,28-29,31,35,45H,1-4,9-10,12-21H2,(H,48,53,54)/t28-,29+,31+,35?",OHVAEQOMKGBJCC-VTEKLHLHSA-N,OHVAEQOMKGBJCC
1874,P10275,AR,CRBN,,A009,N#CC1=CC=C(O[C@@H]2C[C@@H]3CC[C@H](C2)N3C(=O)C2=CN=C(N3CCN(CCCCCCCNC4=CC=CC5=C4C(=O)N(C4CCC(=O)NC4=O)C5=O)CC3)N=C2)C=C1Cl,,,,,,,,,,,,,,,,,,,,,,,,,,,,,,,,,,,,,,,,,,,,,,,,,,,,,,,,,,,,,,,,,,,,,,10.1016/j.ejmech.2021.113307,822.367,821.341607936,2.04,59,8,12,2,14,181.17,C43H48ClN9O6,"InChI=1S/C43H48ClN9O6/c44-34-23-31(12-9-27(34)24-45)59-32-21-29-10-11-30(22-32)52(29)40(56)28-25-47-43(48-26-28)51-19-17-50(18-20-51)16-5-3-1-2-4-15-46-35-8-6-7-33-38(35)42(58)53(41(33)57)36-13-14-37(54)49-39(36)55/h6-9,12,23,25-26,29-30,32,36,46H,1-5,10-11,13-22H2,(H,49,54,55)/t29-,30+,32+,36?",GULKUUXOCUYTIM-IKZKNXLCSA-N,GULKUUXOCUYTIM
1875,P10275,AR,CRBN,,A010,N#CC1=CC=C(O[C@@H]2C[C@@H]3CC[C@H](C2)N3C(=O)C2=CN=C(N3CCN(CCCCCCNC4=CC=C5C(=O)N(C6CCC(=O)NC6=O)C(=O)C5=C4)CC3)N=C2)C=C1Cl,,,,,,,,,,,,,,,,,,,,,,,,,,,,,,,,,,,,,,,,,,,,,,,,,,,,,,,,,,,,,,,,,,,,,,10.1016/j.ejmech.2021.113307,808.34,807.325957872,2.39,58,8,12,2,13,181.17,C42H46ClN9O6,"InChI=1S/C42H46ClN9O6/c43-35-22-31(9-5-26(35)23-44)58-32-20-29-7-8-30(21-32)51(29)39(55)27-24-46-42(47-25-27)50-17-15-49(16-18-50)14-4-2-1-3-13-45-28-6-10-33-34(19-28)41(57)52(40(33)56)36-11-12-37(53)48-38(36)54/h5-6,9-10,19,22,24-25,29-30,32,36,45H,1-4,7-8,11-18,20-21H2,(H,48,53,54)/t29-,30+,32+,36?",ULIJQLNZMUDUOH-IKZKNXLCSA-N,ULIJQLNZMUDUOH
1876,P10275,AR,CRBN,,A011,N#CC1=CC=C(O[C@@H]2C[C@@H]3CC[C@H](C2)N3C(=O)C2=CN=C(N3CCN(CCCCCNC4=CC=C5C(=O)N(C6CCC(=O)NC6=O)C(=O)C5=C4)CC3)N=C2)C=C1Cl,,,,,,,,,,,,,,,,,,,,,,,,,,,,,,,,,,,,,,,,,,,,,,,,,,,,,,,,,,,,,,,,,,,,,,10.1016/j.ejmech.2021.113307,794.313,793.310307808,1.43,57,8,12,2,12,181.17,C41H44ClN9O6,"InChI=1S/C41H44ClN9O6/c42-34-21-30(8-4-25(34)22-43)57-31-19-28-6-7-29(20-31)50(28)38(54)26-23-45-41(46-24-26)49-16-14-48(15-17-49)13-3-1-2-12-44-27-5-9-32-33(18-27)40(56)51(39(32)55)35-10-11-36(52)47-37(35)53/h4-5,8-9,18,21,23-24,28-29,31,35,44H,1-3,6-7,10-17,19-20H2,(H,47,52,53)/t28-,29+,31+,35?",HSHGEAOSBLMTSN-VTEKLHLHSA-N,HSHGEAOSBLMTSN
1877,P10275,AR,CRBN,,A012,N#CC1=CC=C(O[C@@H]2C[C@@H]3CC[C@H](C2)N3C(=O)C2=CN=C(N3CCN(CCCCNC4=CC=C5C(=O)N(C6CCC(=O)NC6=O)C(=O)C5=C4)CC3)N=C2)C=C1Cl,,,,,,,,,,,,,,,,,,,,,,,,,,,,,,,,,,,,,,,,,,,,,,,,,,,,,,,,,,,,,,,,,,,,,,10.1016/j.ejmech.2021.113307,780.286,779.294657744,1.02,56,8,12,2,11,181.17,C40H42ClN9O6,"InChI=1S/C40H42ClN9O6/c41-33-20-29(7-3-24(33)21-42)56-30-18-27-5-6-28(19-30)49(27)37(53)25-22-44-40(45-23-25)48-15-13-47(14-16-48)12-2-1-11-43-26-4-8-31-32(17-26)39(55)50(38(31)54)34-9-10-35(51)46-36(34)52/h3-4,7-8,17,20,22-23,27-28,30,34,43H,1-2,5-6,9-16,18-19H2,(H,46,51,52)/t27-,28+,30+,34?",SPOCQMKHKXQYMP-IEPJAZGXSA-N,SPOCQMKHKXQYMP
1878,P10275,AR,CRBN,,A013,N#CC1=CC=C(O[C@@H]2C[C@@H]3CC[C@H](C2)N3C(=O)C2=CN=C(N3CCN(CCCNC4=CC=C5C(=O)N(C6CCC(=O)NC6=O)C(=O)C5=C4)CC3)N=C2)C=C1Cl,,,,,,,,,,,,,,,,,,,,,,,,,,,,,,,,,,,,,,,,,,,,,,,,,,,,,,,,,,,,,,,,,,,,,,10.1016/j.ejmech.2021.113307,766.259,765.27900768,1.58,55,8,12,2,10,181.17,C39H40ClN9O6,"InChI=1S/C39H40ClN9O6/c40-32-19-28(6-2-23(32)20-41)55-29-17-26-4-5-27(18-29)48(26)36(52)24-21-43-39(44-22-24)47-14-12-46(13-15-47)11-1-10-42-25-3-7-30-31(16-25)38(54)49(37(30)53)33-8-9-34(50)45-35(33)51/h2-3,6-7,16,19,21-22,26-27,29,33,42H,1,4-5,8-15,17-18H2,(H,45,50,51)/t26-,27+,29+,33?",TUPOGIPNVDAHBP-BIROGDAPSA-N,TUPOGIPNVDAHBP
1879,P10275,AR,CRBN,,A014,N#CC1=CC=C(O[C@@H]2C[C@@H]3CC[C@H](C2)N3C(=O)C2=CN=C(N3CCN(CCCCCCCNC4=CC=C5C(=O)N(C6CCC(=O)NC6=O)C(=O)C5=C4)CC3)N=C2)C=C1Cl,,,,,,,,,,,,,,,,,,,,,,,,,,,,,,,,,,,,,,,,,,,,,,,,,,,,,,,,,,,,,,,,,,,,,,10.1016/j.ejmech.2021.113307,822.367,821.341607936,2.34,59,8,12,2,14,181.17,C43H48ClN9O6,"InChI=1S/C43H48ClN9O6/c44-36-23-32(10-6-27(36)24-45)59-33-21-30-8-9-31(22-33)52(30)40(56)28-25-47-43(48-26-28)51-18-16-50(17-19-51)15-5-3-1-2-4-14-46-29-7-11-34-35(20-29)42(58)53(41(34)57)37-12-13-38(54)49-39(37)55/h6-7,10-11,20,23,25-26,30-31,33,37,46H,1-5,8-9,12-19,21-22H2,(H,49,54,55)/t30-,31+,33+,37?",KVOALCQPTVMLMD-HMLWELGYSA-N,KVOALCQPTVMLMD
1880,P10275,AR,CRBN,,A015,N#CC1=CC=C(O[C@@H]2C[C@@H]3CC[C@H](C2)N3C(=O)C2=CC=C(C#CC3CCN(C4CCN(C5=CC=C6C(=O)N(C7CCC(=O)NC7=O)C(=O)C6=C5)CC4)CC3)C=C2)C=C1Cl,,,,,,,,,,,,,,,,,,,,,,,,,,,,,,,,,,,,,,,,,,,,,,,,,,,,,,,,,,,,,,,,,,,,,,10.1016/j.ejmech.2021.113307,813.355,812.30891084,0.97,59,9,9,1,6,143.36,C46H45ClN6O6,"InChI=1S/C46H45ClN6O6/c47-40-26-36(11-7-31(40)27-48)59-37-23-34-8-9-35(24-37)52(34)44(56)30-5-3-28(4-6-30)1-2-29-15-19-50(20-16-29)32-17-21-51(22-18-32)33-10-12-38-39(25-33)46(58)53(45(38)57)41-13-14-42(54)49-43(41)55/h3-7,10-12,25-26,29,32,34-35,37,41H,8-9,13-24H2,(H,49,54,55)/t34-,35+,37+,41?",IBEHIQKNMPAPGW-WMOQPUQGSA-N,IBEHIQKNMPAPGW
1881,P10275,AR,CRBN,,A016,C[C@@]12C[C@H](NC(=O)C3=CC=C(N4CCN(CCCCCCCCNC5=CC=C6C(=O)N(C7CCC(=O)NC7=O)C(=O)C6=C5)CC4)C=C3)C[C@]1(C)C[C@@H](OC1=CC=C(C#N)C(Cl)=C1)C2,,,,,,,,,,,,,,,,,,,,,,,,,,,,,,,,,,,,,,,,,,,,,,,,,,,,,,,,,,,,,,,,,,,,,,10.1016/j.ejmech.2021.113307,876.499,875.413710256,1.37,63,8,10,3,16,164.18,C49H58ClN7O6,"InChI=1S/C49H58ClN7O6/c1-48-27-35(28-49(48,2)30-38(29-48)63-37-15-11-33(31-51)41(50)26-37)53-44(59)32-9-13-36(14-10-32)56-23-21-55(22-24-56)20-8-6-4-3-5-7-19-52-34-12-16-39-40(25-34)47(62)57(46(39)61)42-17-18-43(58)54-45(42)60/h9-16,25-26,35,38,42,52H,3-8,17-24,27-30H2,1-2H3,(H,53,59)(H,54,58,60)/t35-,38-,42?,48-,49+",ZBYXEUWWHCAVOS-WYTGAUPVSA-N,ZBYXEUWWHCAVOS
1882,P10275,AR,CRBN,,A017,C[C@@]12C[C@H](NC(=O)C3=CC=C(N4CCN(CCCCCCCCCNC5=CC=C6C(=O)N(C7CCC(=O)NC7=O)C(=O)C6=C5)CC4)C=C3)C[C@]1(C)C[C@@H](OC1=CC=C(C#N)C(Cl)=C1)C2,,,,,,,,,,,,,,,,,,,,,,,,,,,,,,,,,,,,,,,,,,,,,,,,,,,,,,,,,,,,,,,,,,,,,,10.1016/j.ejmech.2021.113307,890.526,889.42936032,2.73,64,8,10,3,17,164.18,C50H60ClN7O6,"InChI=1S/C50H60ClN7O6/c1-49-28-36(29-50(49,2)31-39(30-49)64-38-16-12-34(32-52)42(51)27-38)54-45(60)33-10-14-37(15-11-33)57-24-22-56(23-25-57)21-9-7-5-3-4-6-8-20-53-35-13-17-40-41(26-35)48(63)58(47(40)62)43-18-19-44(59)55-46(43)61/h10-17,26-27,36,39,43,53H,3-9,18-25,28-31H2,1-2H3,(H,54,60)(H,55,59,61)/t36-,39-,43?,49-,50+",IQMKABAPTKVTTP-IGWVDRENSA-N,IQMKABAPTKVTTP
1883,P10275,AR,CRBN,,A018,C[C@@]12C[C@H](NC(=O)C3=CC=C(N4CCN(CCCCCNC5=CC=C6C(=O)N(C7CCC(=O)NC7=O)C(=O)C6=C5)CC4)C=C3)C[C@]1(C)C[C@@H](OC1=CC=C(C#N)C(Cl)=C1)C2,,,,,,,,,,,,,,,,,,,,,,,,,,,,,,,,,,,,,,,,,,,,,,,,,,,,,,,,,,,,,,,,,,,,,,10.1016/j.ejmech.2021.113307,834.418,833.366760064,3.81,60,8,10,3,13,164.18,C46H52ClN7O6,"InChI=1S/C46H52ClN7O6/c1-45-24-32(25-46(45,2)27-35(26-45)60-34-12-8-30(28-48)38(47)23-34)50-41(56)29-6-10-33(11-7-29)53-20-18-52(19-21-53)17-5-3-4-16-49-31-9-13-36-37(22-31)44(59)54(43(36)58)39-14-15-40(55)51-42(39)57/h6-13,22-23,32,35,39,49H,3-5,14-21,24-27H2,1-2H3,(H,50,56)(H,51,55,57)/t32-,35-,39?,45-,46+",MCOMXBYVBAQTSW-DCBCPTNZSA-N,MCOMXBYVBAQTSW
1884,P10275,AR,CRBN,,A019,C[C@@]12C[C@H](NC(=O)C3=CC=C(N4CCN(CCCCCCNC5=CC=C6C(=O)N(C7CCC(=O)NC7=O)C(=O)C6=C5)CC4)C=C3)C[C@]1(C)C[C@@H](OC1=CC=C(C#N)C(Cl)=C1)C2,,,,,,,,,,,,,,,,,,,,,,,,,,,,,,,,,,,,,,,,,,,,,,,,,,,,,,,,,,,,,,,,,,,,,,10.1016/j.ejmech.2021.113307,848.445,847.382410128,4.89,61,8,10,3,14,164.18,C47H54ClN7O6,"InChI=1S/C47H54ClN7O6/c1-46-25-33(26-47(46,2)28-36(27-46)61-35-13-9-31(29-49)39(48)24-35)51-42(57)30-7-11-34(12-8-30)54-21-19-53(20-22-54)18-6-4-3-5-17-50-32-10-14-37-38(23-32)45(60)55(44(37)59)40-15-16-41(56)52-43(40)58/h7-14,23-24,33,36,40,50H,3-6,15-22,25-28H2,1-2H3,(H,51,57)(H,52,56,58)/t33-,36-,40?,46-,47+",BTMXOJVXRGWVLC-VUPSWWCGSA-N,BTMXOJVXRGWVLC
1885,P10275,AR,CRBN,,A020,C[C@@]12C[C@H](NC(=O)C3=CC=C(N4CCN(CCCCCCCNC5=CC=C6C(=O)N(C7CCC(=O)NC7=O)C(=O)C6=C5)CC4)C=C3)C[C@]1(C)C[C@@H](OC1=CC=C(C#N)C(Cl)=C1)C2,,,,,,,,,,,,,,,,,,,,,,,,,,,,,,,,,,,,,,,,,,,,,,,,,,,,,,,,,,,,,,,,,,,,,,10.1016/j.ejmech.2021.113307,862.472,861.398060192,5.98,62,8,10,3,15,164.18,C48H56ClN7O6,"InChI=1S/C48H56ClN7O6/c1-47-26-34(27-48(47,2)29-37(28-47)62-36-14-10-32(30-50)40(49)25-36)52-43(58)31-8-12-35(13-9-31)55-22-20-54(21-23-55)19-7-5-3-4-6-18-51-33-11-15-38-39(24-33)46(61)56(45(38)60)41-16-17-42(57)53-44(41)59/h8-15,24-25,34,37,41,51H,3-7,16-23,26-29H2,1-2H3,(H,52,58)(H,53,57,59)/t34-,37-,41?,47-,48+",YGIVTHVHVROTMZ-WQBQAAIHSA-N,YGIVTHVHVROTMZ
1886,P10275,AR,VHL,,A021,CC1=C(C2=CC=C([C@H](CC(=O)NCCCCCCCCCN3CCN(C4=CC=C(C(=O)N5[C@H]6CC[C@@H]5C[C@H](OC5=CC=C(C#N)C(Cl)=C5)C6)C=C4)CC3)NC(=O)[C@@H]3C[C@@H](O)CN3C(=O)[C@@H](NC(=O)C3(F)CC3)C(C)(C)C)C=C2)SC=N1,,,,,,,,,,,,,,,,,,,,,,,,,,,,,,,,,,,,,,,,,,,,,,,,,,,,,,,,,,,,,,,,,,,,,,10.1016/j.ejmech.2021.113307,1148.888,1147.54957277,1.0,81,9,12,4,23,200.54,C62H79ClFN9O7S,"InChI=1S/C62H79ClFN9O7S/c1-40-55(81-39-67-40)42-14-12-41(13-15-42)52(68-57(76)53-34-48(74)38-72(53)59(78)56(61(2,3)4)69-60(79)62(64)24-25-62)36-54(75)66-26-10-8-6-5-7-9-11-27-70-28-30-71(31-29-70)45-19-16-43(17-20-45)58(77)73-46-21-22-47(73)33-50(32-46)80-49-23-18-44(37-65)51(63)35-49/h12-20,23,35,39,46-48,50,52-53,56,74H,5-11,21-22,24-34,36,38H2,1-4H3,(H,66,75)(H,68,76)(H,69,79)/t46-,47+,48-,50+,52+,53+,56-/m1/s1",LADIYOREVGTGOO-DFCYECTPSA-N,LADIYOREVGTGOO
1887,P10275,AR,VHL,,A022,CC1=C(C2=CC=C([C@H](CC(=O)NCCCCCCCCN3CCN(C4=CC=C(C(=O)N5[C@H]6CC[C@@H]5C[C@H](OC5=CC=C(C#N)C(Cl)=C5)C6)C=C4)CC3)NC(=O)[C@@H]3C[C@@H](O)CN3C(=O)[C@@H](NC(=O)C3(F)CC3)C(C)(C)C)C=C2)SC=N1,,,,,,,,,,,,,,,,,,,,,,,,,,,,,,,,,,,,,,,,,,,,,,,,,,,,,,,,,,,,,,,,,,,,,,10.1016/j.ejmech.2021.113307,1134.861,1133.5339227,0.85,80,9,12,4,22,200.54,C61H77ClFN9O7S,"InChI=1S/C61H77ClFN9O7S/c1-39-54(80-38-66-39)41-13-11-40(12-14-41)51(67-56(75)52-33-47(73)37-71(52)58(77)55(60(2,3)4)68-59(78)61(63)23-24-61)35-53(74)65-25-9-7-5-6-8-10-26-69-27-29-70(30-28-69)44-18-15-42(16-19-44)57(76)72-45-20-21-46(72)32-49(31-45)79-48-22-17-43(36-64)50(62)34-48/h11-19,22,34,38,45-47,49,51-52,55,73H,5-10,20-21,23-33,35,37H2,1-4H3,(H,65,74)(H,67,75)(H,68,78)/t45-,46+,47-,49+,51+,52+,55-/m1/s1",UQKPIGGGPYYGME-YZXMSQERSA-N,UQKPIGGGPYYGME
1888,P10275,AR,VHL,,A023,CC1=C(C2=CC=C([C@H](CC(=O)NCCCCCCCN3CCN(C4=CC=C(C(=O)N5[C@H]6CC[C@@H]5C[C@H](OC5=CC=C(C#N)C(Cl)=C5)C6)C=C4)CC3)NC(=O)[C@@H]3C[C@@H](O)CN3C(=O)[C@@H](NC(=O)C3(F)CC3)C(C)(C)C)C=C2)SC=N1,,,,,,,,,,,,,,,,,,,,,,,,,,,,,,,,,,,,,,,,,,,,,,,,,,,,,,,,,,,,,,,,,,,,,,10.1016/j.ejmech.2021.113307,1120.834,1119.51827264,0.71,79,9,12,4,21,200.54,C60H75ClFN9O7S,"InChI=1S/C60H75ClFN9O7S/c1-38-53(79-37-65-38)40-12-10-39(11-13-40)50(66-55(74)51-32-46(72)36-70(51)57(76)54(59(2,3)4)67-58(77)60(62)22-23-60)34-52(73)64-24-8-6-5-7-9-25-68-26-28-69(29-27-68)43-17-14-41(15-18-43)56(75)71-44-19-20-45(71)31-48(30-44)78-47-21-16-42(35-63)49(61)33-47/h10-18,21,33,37,44-46,48,50-51,54,72H,5-9,19-20,22-32,34,36H2,1-4H3,(H,64,73)(H,66,74)(H,67,77)/t44-,45+,46-,48+,50+,51+,54-/m1/s1",JVUBHUYGDSBRAL-OAGCRGANSA-N,JVUBHUYGDSBRAL
1889,P10275,AR,VHL,,A024,CC1=C(C2=CC=C(CNC(=O)[C@@H]3C[C@@H](O)CN3C(=O)[C@@H](NC(=O)COCCN3CCN(C4=CC=C(C(=O)N5[C@H]6CC[C@@H]5C[C@H](OC5=CC=C(C#N)C(Cl)=C5)C6)C=C4)CC3)C(C)(C)C)C=C2)SC=N1,,,,,,,,,,,,,,,,,,,,,,,,,,,,,,,,,,,,,,,,,,,,,,,,,,,,,,,,,,,,,,,,,,,,,,10.1016/j.ejmech.2021.113307,965.618,964.407244972,3.04,68,8,12,3,15,180.67,C51H61ClN8O7S,"InChI=1S/C51H61ClN8O7S/c1-32-46(68-31-55-32)34-7-5-33(6-8-34)28-54-48(63)44-25-40(61)29-59(44)50(65)47(51(2,3)4)56-45(62)30-66-22-21-57-17-19-58(20-18-57)37-12-9-35(10-13-37)49(64)60-38-14-15-39(60)24-42(23-38)67-41-16-11-36(27-53)43(52)26-41/h5-13,16,26,31,38-40,42,44,47,61H,14-15,17-25,28-30H2,1-4H3,(H,54,63)(H,56,62)/t38-,39+,40-,42+,44+,47-/m1/s1",ZQWMVWOVTOXMQG-XTNSXTGZSA-N,ZQWMVWOVTOXMQG
1890,P10275,AR,VHL,,A025,CC1=C(C2=CC=C(CNC(=O)[C@@H]3C[C@@H](O)CN3C(=O)[C@@H](NC(=O)CN3CCN(C4=CC=C(C(=O)N5[C@H]6CC[C@@H]5C[C@H](OC5=CC=C(C#N)C(Cl)=C5)C6)C=C4)CC3)C(C)(C)C)C=C2)SC=N1,,,,,,,,,,,,,,,,,,,,,,,,,,,,,,,,,,,,,,,,,,,,,,,,,,,,,,,,,,,,,,,,,,,,,,10.1016/j.ejmech.2021.113307,921.565,920.381030224,0.23,65,8,11,3,12,171.44,C49H57ClN8O6S,"InChI=1S/C49H57ClN8O6S/c1-30-44(65-29-53-30)32-7-5-31(6-8-32)26-52-46(61)42-23-38(59)27-57(42)48(63)45(49(2,3)4)54-43(60)28-55-17-19-56(20-18-55)35-12-9-33(10-13-35)47(62)58-36-14-15-37(58)22-40(21-36)64-39-16-11-34(25-51)41(50)24-39/h5-13,16,24,29,36-38,40,42,45,59H,14-15,17-23,26-28H2,1-4H3,(H,52,61)(H,54,60)/t36-,37+,38-,40+,42+,45-/m1/s1",SZWGHQDNJZDVPJ-VQJCDHAESA-N,SZWGHQDNJZDVPJ
1891,P10275,AR,VHL,,A026,CC1=C(C2=CC=C(CNC(=O)[C@@H]3C[C@@H](O)CN3C(=O)[C@@H](NC(=O)CCN3CCN(C4=CC=C(C(=O)N5[C@H]6CC[C@@H]5C[C@H](OC5=CC=C(C#N)C(Cl)=C5)C6)C=C4)CC3)C(C)(C)C)C=C2)SC=N1,,,,,,,,,,,,,,,,,,,,,,,,,,,,,,,,,,,,,,,,,,,,,,,,,,,,,,,,,,,,,,,,,,,,,,10.1016/j.ejmech.2021.113307,935.592,934.396680288,0.09,66,8,11,3,13,171.44,C50H59ClN8O6S,"InChI=1S/C50H59ClN8O6S/c1-31-45(66-30-54-31)33-7-5-32(6-8-33)28-53-47(62)43-25-39(60)29-58(43)49(64)46(50(2,3)4)55-44(61)17-18-56-19-21-57(22-20-56)36-12-9-34(10-13-36)48(63)59-37-14-15-38(59)24-41(23-37)65-40-16-11-35(27-52)42(51)26-40/h5-13,16,26,30,37-39,41,43,46,60H,14-15,17-25,28-29H2,1-4H3,(H,53,62)(H,55,61)/t37-,38+,39-,41+,43+,46-/m1/s1",CCMKLQGJTHMHKE-POAWTESUSA-N,CCMKLQGJTHMHKE
1892,P10275,AR,VHL,,A027,CC1=C(C2=CC=C([C@H](C)NC(=O)[C@@H]3C[C@@H](O)CN3C(=O)[C@@H](NC(=O)COCCN3CCN(C4=CC=C(C(=O)N5[C@H]6CC[C@@H]5C[C@H](OC5=CC=C(C#N)C(Cl)=C5)C6)N=N4)CC3)C(C)(C)C)C=C2)SC=N1,,,,,,,,,,,,,,,,,,,,,,,,,,,,,,,,,,,,,,,,,,,,,,,,,,,,,,,,,,,,,,,,,,,,,,10.1016/j.ejmech.2021.113307,981.621,980.413392972,-0.51,69,8,14,3,15,206.45,C50H61ClN10O7S,"InChI=1S/C50H61ClN10O7S/c1-30(32-6-8-33(9-7-32)45-31(2)53-29-69-45)54-47(64)42-24-37(62)27-60(42)49(66)46(50(3,4)5)55-44(63)28-67-21-20-58-16-18-59(19-17-58)43-15-14-41(56-57-43)48(65)61-35-11-12-36(61)23-39(22-35)68-38-13-10-34(26-52)40(51)25-38/h6-10,13-15,25,29-30,35-37,39,42,46,62H,11-12,16-24,27-28H2,1-5H3,(H,54,64)(H,55,63)/t30-,35-,36+,37+,39+,42-,46+/m0/s1",DGMQXHDNWFFKQX-LFFFJZGVSA-N,DGMQXHDNWFFKQX
1893,P10275,AR,VHL,,A028,CC1=C(C2=CC=C([C@H](C)NC(=O)[C@@H]3C[C@@H](O)CN3C(=O)[C@@H](NC(=O)COCCN3CCN(C4=CC=C(C(=O)N5[C@H]6CC[C@@H]5C[C@H](OC5=CC=C(C#N)C(Cl)=C5)C6)C=C4)CC3)C(C)(C)C)C=C2)SC=N1,,,,,,,,,,,,,,,,,,,,,,,,,,,,,,,,,,,,,,,,,,,,,,,,,,,,,,,,,,,,,,,,,,,,,,10.1016/j.ejmech.2021.113307,979.645,978.422895036,-0.15,69,8,12,3,15,180.67,C52H63ClN8O7S,"InChI=1S/C52H63ClN8O7S/c1-32(34-6-8-35(9-7-34)47-33(2)55-31-69-47)56-49(64)45-26-41(62)29-60(45)51(66)48(52(3,4)5)57-46(63)30-67-23-22-58-18-20-59(21-19-58)38-13-10-36(11-14-38)50(65)61-39-15-16-40(61)25-43(24-39)68-42-17-12-37(28-54)44(53)27-42/h6-14,17,27,31-32,39-41,43,45,48,62H,15-16,18-26,29-30H2,1-5H3,(H,56,64)(H,57,63)/t32-,39-,40+,41+,43+,45-,48+/m0/s1",YXTKQPKOFRCTIL-DPCBQQEESA-N,YXTKQPKOFRCTIL
1894,P10275,AR,VHL,,A029,CC1=C(C2=CC=C([C@H](C)NC(=O)[C@@H]3C[C@@H](O)CN3C(=O)[C@@H](NC(=O)COCCN3CCN(C4=CC=C(C(=O)N5[C@H]6CC[C@@H]5C[C@H](OC5=CC=C(C#N)C(Cl)=C5)C6)C=N4)CC3)C(C)(C)C)C=C2)SC=N1,,,,,,,,,,,,,,,,,,,,,,,,,,,,,,,,,,,,,,,,,,,,,,,,,,,,,,,,,,,,,,,,,,,,,,10.1016/j.ejmech.2021.113307,980.633,979.418144004,0.2,69,8,13,3,15,193.56,C51H62ClN9O7S,"InChI=1S/C51H62ClN9O7S/c1-31(33-6-8-34(9-7-33)46-32(2)55-30-69-46)56-48(64)43-24-39(62)28-60(43)50(66)47(51(3,4)5)57-45(63)29-67-21-20-58-16-18-59(19-17-58)44-15-11-36(27-54-44)49(65)61-37-12-13-38(61)23-41(22-37)68-40-14-10-35(26-53)42(52)25-40/h6-11,14-15,25,27,30-31,37-39,41,43,47,62H,12-13,16-24,28-29H2,1-5H3,(H,56,64)(H,57,63)/t31-,37-,38+,39+,41+,43-,47+/m0/s1",NPZYDOGAFGKCGF-GSRQTQSDSA-N,NPZYDOGAFGKCGF
1895,P10275,AR,VHL,,A030,CC1=C(C2=CC=C([C@H](C)NC(=O)[C@@H]3C[C@@H](O)CN3C(=O)[C@@H](NC(=O)COCCN3CCN(C4=CN=C(C(=O)N5[C@H]6CC[C@@H]5C[C@H](OC5=CC=C(C#N)C(Cl)=C5)C6)C=N4)CC3)C(C)(C)C)C=C2)SC=N1,,,,,,,,,,,,,,,,,,,,,,,,,,,,,,,,,,,,,,,,,,,,,,,,,,,,,,,,,,,,,,,,,,,,,,10.1016/j.ejmech.2021.113307,981.621,980.413392972,0.56,69,8,14,3,15,206.45,C50H61ClN10O7S,"InChI=1S/C50H61ClN10O7S/c1-30(32-6-8-33(9-7-32)45-31(2)55-29-69-45)56-47(64)42-22-37(62)27-60(42)49(66)46(50(3,4)5)57-44(63)28-67-19-18-58-14-16-59(17-15-58)43-26-53-41(25-54-43)48(65)61-35-11-12-36(61)21-39(20-35)68-38-13-10-34(24-52)40(51)23-38/h6-10,13,23,25-26,29-30,35-37,39,42,46,62H,11-12,14-22,27-28H2,1-5H3,(H,56,64)(H,57,63)/t30-,35-,36+,37+,39+,42-,46+/m0/s1",FLMJMVBJGUHTSQ-LFFFJZGVSA-N,FLMJMVBJGUHTSQ
1896,P10275,AR,VHL,,A031,CC1=C(C2=CC=C([C@H](C)NC(=O)[C@@H]3C[C@@H](O)CN3C(=O)[C@@H](NC(=O)COCCN3CCN(C4=NC=C(C(=O)N5[C@H]6CC[C@@H]5C[C@H](OC5=CC=C(C#N)C(Cl)=C5)C6)C=N4)CC3)C(C)(C)C)C=C2)SC=N1,,,,,,,,,,,,,,,,,,,,,,,,,,,,,,,,,,,,,,,,,,,,,,,,,,,,,,250,Inhibit proliferation of VCaP cells,,,,,,,,,,,,,,,10.1016/j.ejmech.2021.113307,981.621,980.413392972,0.92,69,8,14,3,15,206.45,C50H61ClN10O7S,"InChI=1S/C50H61ClN10O7S/c1-30(32-6-8-33(9-7-32)44-31(2)55-29-69-44)56-46(64)42-22-38(62)27-60(42)48(66)45(50(3,4)5)57-43(63)28-67-19-18-58-14-16-59(17-15-58)49-53-25-35(26-54-49)47(65)61-36-11-12-37(61)21-40(20-36)68-39-13-10-34(24-52)41(51)23-39/h6-10,13,23,25-26,29-30,36-38,40,42,45,62H,11-12,14-22,27-28H2,1-5H3,(H,56,64)(H,57,63)/t30-,36-,37+,38+,40+,42-,45+/m0/s1",PGVTULUCNZWYPD-YRHZNJHBSA-N,PGVTULUCNZWYPD
1897,P10275,AR,VHL,,A032,CC1=C(C2=CC=C([C@H](C)NC(=O)[C@@H]3C[C@@H](O)CN3C(=O)[C@@H](NC(=O)COCCN3CCN(C4=CC=C(C(=O)N5[C@H]6CC[C@@H]5C[C@H](OC5=CC=C(C#N)C(Cl)=C5)C6)N=C4)CC3)C(C)(C)C)C=C2)SC=N1,,,,,,,,,,,,,,,,,,,,,,,,,,,,,,,,,,,,,,,,,,,,,,,,,,,,,,,,,,,,,,,,,,,,,,10.1016/j.ejmech.2021.113307,980.633,979.418144004,-0.66,69,8,13,3,15,193.56,C51H62ClN9O7S,"InChI=1S/C51H62ClN9O7S/c1-31(33-6-8-34(9-7-33)46-32(2)55-30-69-46)56-48(64)44-24-39(62)28-60(44)50(66)47(51(3,4)5)57-45(63)29-67-21-20-58-16-18-59(19-17-58)38-13-15-43(54-27-38)49(65)61-36-11-12-37(61)23-41(22-36)68-40-14-10-35(26-53)42(52)25-40/h6-10,13-15,25,27,30-31,36-37,39,41,44,47,62H,11-12,16-24,28-29H2,1-5H3,(H,56,64)(H,57,63)/t31-,36-,37+,39+,41+,44-,47+/m0/s1",RZBCMYKIXIYUDF-IYTCBSFGSA-N,RZBCMYKIXIYUDF
2102,P10275,AR,VHL,,MTX-23,CC1=C(C2=CC=C([C@H](C)NC(=O)[C@@H]3C[C@@H](O)CN3C(=O)[C@@H](NC(=O)CCCCNC(=O)COC3=C(F)C(F)=CC=C3C3=CSC(N4CCOCC4)=N3)C(C)(C)C)C=C2)SC=N1,2000,,Degradation of AR in 22Rv1 cells after 24 h treatment,,,,,,,,,,,,,,,,,,,,,,,,,,,,,,,,,,,,,,,,,,,,,,,,,,,,,,,,,,,,,,,,,,,10.1158/1535-7163.MCT-20-0417,882.069,881.341595476,7.83,61,6,12,4,16,175.32,C43H53F2N7O7S2,"InChI=1S/C43H53F2N7O7S2/c1-25(27-9-11-28(12-10-27)38-26(2)47-24-61-38)48-40(56)33-20-29(53)21-52(33)41(57)39(43(3,4)5)50-34(54)8-6-7-15-46-35(55)22-59-37-30(13-14-31(44)36(37)45)32-23-60-42(49-32)51-16-18-58-19-17-51/h9-14,23-25,29,33,39,53H,6-8,15-22H2,1-5H3,(H,46,55)(H,48,56)(H,50,54)/t25-,29+,33-,39+/m0/s1",JOZGICGAZBMCJF-JMSDHYLISA-N,JOZGICGAZBMCJF
2102,P10275,AR-V7,VHL,,MTX-23,CC1=C(C2=CC=C([C@H](C)NC(=O)[C@@H]3C[C@@H](O)CN3C(=O)[C@@H](NC(=O)CCCCNC(=O)COC3=C(F)C(F)=CC=C3C3=CSC(N4CCOCC4)=N3)C(C)(C)C)C=C2)SC=N1,370,,Degradation of AR-V7 in 22Rv1 cells after 24 h treatment,,,,,,,,,,,,,,,,,,,,,,,,,,,,,,,,,,,,,,,,,,,,,,,,,,,,,,,,,,,,,,,,,,,10.1158/1535-7163.MCT-20-0417,882.069,881.341595476,7.83,61,6,12,4,16,175.32,C43H53F2N7O7S2,"InChI=1S/C43H53F2N7O7S2/c1-25(27-9-11-28(12-10-27)38-26(2)47-24-61-38)48-40(56)33-20-29(53)21-52(33)41(57)39(43(3,4)5)50-34(54)8-6-7-15-46-35(55)22-59-37-30(13-14-31(44)36(37)45)32-23-60-42(49-32)51-16-18-58-19-17-51/h9-14,23-25,29,33,39,53H,6-8,15-22H2,1-5H3,(H,46,55)(H,48,56)(H,50,54)/t25-,29+,33-,39+/m0/s1",JOZGICGAZBMCJF-JMSDHYLISA-N,JOZGICGAZBMCJF
2258,P10275,AR,DCAF11,,21-ARL,CC1(C)[C@H](NC(=O)C2=CC=C(OCC(=O)NCCCOCCOCCOCCCN(C(=O)CCl)C(C(=O)NCC3=CC=CC=C3)C3=CC=C(Cl)C(Cl)=C3)C=C2)C(C)(C)[C@H]1OC1=CC=C(C#N)C(Cl)=C1,,,,,,,,,,,,,,,,,,,,,,,,,,,,,,,,,,,,,,,,,,,,,,,,,,,,,,,,,,,,,,,,,,,,,,10.1021/jacs.1c00990,1027.871,1025.30668919,7.09,69,5,10,3,27,177.55,C51H59Cl4N5O9,"InChI=1S/C51H59Cl4N5O9/c1-50(2)48(51(3,4)49(50)69-39-18-14-37(31-56)41(54)29-39)59-46(63)35-12-16-38(17-13-35)68-33-43(61)57-20-8-22-65-24-26-67-27-25-66-23-9-21-60(44(62)30-52)45(36-15-19-40(53)42(55)28-36)47(64)58-32-34-10-6-5-7-11-34/h5-7,10-19,28-29,45,48-49H,8-9,20-27,30,32-33H2,1-4H3,(H,57,61)(H,58,64)(H,59,63)/t45?,48-,49-",OZJVDQBSUCNBIV-QBVMTHEVSA-N,OZJVDQBSUCNBIV
2300,P10275,AR,CRBN,,,CC1(C)[C@H](NC(=O)C2=CC=C(NCCCNC3=CC=C4C(=O)N(C5CCC(=O)NC5=O)C(=O)C4=C3)C=C2)C(C)(C)[C@H]1OC1=CC=C(C#N)C(Cl)=C1,,,,0/25/63/70,% AR degradation in VCaP cells after 6 h treatment at 1/10/100/1000 nM,,,,,,,,,,,,,,,,,,,,,,,,,,,,,,,,,,,,,,,,,,,,,,,,,,,,,,,,,,,,,,,,,10.1021/acs.jmedchem.1c00882,711.219,710.261960648,5.37,51,6,9,4,11,169.73,C38H39ClN6O6,"InChI=1S/C38H39ClN6O6/c1-37(2)35(38(3,4)36(37)51-25-12-8-22(20-40)28(39)19-25)44-31(47)21-6-9-23(10-7-21)41-16-5-17-42-24-11-13-26-27(18-24)34(50)45(33(26)49)29-14-15-30(46)43-32(29)48/h6-13,18-19,29,35-36,41-42H,5,14-17H2,1-4H3,(H,44,47)(H,43,46,48)/t29?,35-,36-",AQYGZJMNWBCYPQ-HABYIPSTSA-N,AQYGZJMNWBCYPQ
2301,P10275,AR,CRBN,,,CC1(C)[C@H](NC(=O)C2=CC=C(NCCCCNC3=CC=C4C(=O)N(C5CCC(=O)NC5=O)C(=O)C4=C3)C=C2)C(C)(C)[C@H]1OC1=CC=C(C#N)C(Cl)=C1,,,,42/76/55/21,% AR degradation in VCaP cells after 6 h treatment at 1/10/100/1000 nM,,,,,,,,,,,,,,,,,,,,,,,,,,,,,,,,,,,,,,,,,,,,,,,,,,,,,,,,,,,,,,,,,10.1021/acs.jmedchem.1c00882,725.246,724.277610712,4.53,52,6,9,4,12,169.73,C39H41ClN6O6,"InChI=1S/C39H41ClN6O6/c1-38(2)36(39(3,4)37(38)52-26-13-9-23(21-41)29(40)20-26)45-32(48)22-7-10-24(11-8-22)42-17-5-6-18-43-25-12-14-27-28(19-25)35(51)46(34(27)50)30-15-16-31(47)44-33(30)49/h7-14,19-20,30,36-37,42-43H,5-6,15-18H2,1-4H3,(H,45,48)(H,44,47,49)/t30?,36-,37-",SKJNZPCXKUNTAH-XOPGBXMTSA-N,SKJNZPCXKUNTAH
2302,P10275,AR,CRBN,,,CC1(C)[C@H](NC(=O)C2=CC=C(NCCCCCNC3=CC=C4C(=O)N(C5CCC(=O)NC5=O)C(=O)C4=C3)C=C2)C(C)(C)[C@H]1OC1=CC=C(C#N)C(Cl)=C1,,,,49/84/89/97,% AR degradation in VCaP cells after 6 h treatment at 1/10/100/1000 nM,,,,,,,,,,,,,,,,,,,,,,,,,,,,,,,,,,,,,,,,,,,,,,,,,,,,,,,,,,,,,,,,,10.1021/acs.jmedchem.1c00882,739.273,738.293260776,5.67,53,6,9,4,13,169.73,C40H43ClN6O6,"InChI=1S/C40H43ClN6O6/c1-39(2)37(40(3,4)38(39)53-27-14-10-24(22-42)30(41)21-27)46-33(49)23-8-11-25(12-9-23)43-18-6-5-7-19-44-26-13-15-28-29(20-26)36(52)47(35(28)51)31-16-17-32(48)45-34(31)50/h8-15,20-21,31,37-38,43-44H,5-7,16-19H2,1-4H3,(H,46,49)(H,45,48,50)/t31?,37-,38-",HTQHVCIFHNZERG-QFRTWJHBSA-N,HTQHVCIFHNZERG
2303,P10275,AR,CRBN,,,CC1(C)[C@H](NC(=O)C2=CC=C(NCCCCCCNC3=CC=C4C(=O)N(C5CCC(=O)NC5=O)C(=O)C4=C3)C=C2)C(C)(C)[C@H]1OC1=CC=C(C#N)C(Cl)=C1,,,,69/85/77/79,% AR degradation in VCaP cells after 6 h treatment at 1/10/100/1000 nM,,,,,,,,,,,,,,,,,,,,,,,,,,,,,,,,,,,,,,,,,,,,,,,,,,,,,,,,,,,,,,,,,10.1021/acs.jmedchem.1c00882,753.3,752.30891084,6.45,54,6,9,4,14,169.73,C41H45ClN6O6,"InChI=1S/C41H45ClN6O6/c1-40(2)38(41(3,4)39(40)54-28-15-11-25(23-43)31(42)22-28)47-34(50)24-9-12-26(13-10-24)44-19-7-5-6-8-20-45-27-14-16-29-30(21-27)37(53)48(36(29)52)32-17-18-33(49)46-35(32)51/h9-16,21-22,32,38-39,44-45H,5-8,17-20H2,1-4H3,(H,47,50)(H,46,49,51)/t32?,38-,39-",URFCUOCEARNOFL-GFYKNJBQSA-N,URFCUOCEARNOFL
2304,P10275,AR,CRBN,,,CC1(C)[C@H](NC(=O)C2=CC=C(NCCCCCCCNC3=CC=C4C(=O)N(C5CCC(=O)NC5=O)C(=O)C4=C3)C=C2)C(C)(C)[C@H]1OC1=CC=C(C#N)C(Cl)=C1,,,,28/58/79/62,% AR degradation in VCaP cells after 6 h treatment at 1/10/100/1000 nM,,,,,,,,,,,,,,,,,,,,,,,,,,,,,,,,,,,,,,,,,,,,,,,,,,,,,,,,,,,,,,,,,10.1021/acs.jmedchem.1c00882,767.327,766.324560904,5.72,55,6,9,4,15,169.73,C42H47ClN6O6,"InChI=1S/C42H47ClN6O6/c1-41(2)39(42(3,4)40(41)55-29-16-12-26(24-44)32(43)23-29)48-35(51)25-10-13-27(14-11-25)45-20-8-6-5-7-9-21-46-28-15-17-30-31(22-28)38(54)49(37(30)53)33-18-19-34(50)47-36(33)52/h10-17,22-23,33,39-40,45-46H,5-9,18-21H2,1-4H3,(H,48,51)(H,47,50,52)/t33?,39-,40-",FJEXQQXJFDIPKV-YEKULVGXSA-N,FJEXQQXJFDIPKV
2305,P10275,AR,CRBN,,,CC1(C)[C@H](NC(=O)C2=CC=C(NCCCCCCCCNC3=CC=C4C(=O)N(C5CCC(=O)NC5=O)C(=O)C4=C3)C=C2)C(C)(C)[C@H]1OC1=CC=C(C#N)C(Cl)=C1,,,,48/76/82/73,% AR degradation in VCaP cells after 6 h treatment at 1/10/100/1000 nM,,,,,,,,,,,,,,,,,,,,,,,,,,,,,,,,,,,,,,,,,,,,,,,,,,,,,,,,,,,,,,,,,10.1021/acs.jmedchem.1c00882,781.354,780.340210968,6.18,56,6,9,4,16,169.73,C43H49ClN6O6,"InChI=1S/C43H49ClN6O6/c1-42(2)40(43(3,4)41(42)56-30-17-13-27(25-45)33(44)24-30)49-36(52)26-11-14-28(15-12-26)46-21-9-7-5-6-8-10-22-47-29-16-18-31-32(23-29)39(55)50(38(31)54)34-19-20-35(51)48-37(34)53/h11-18,23-24,34,40-41,46-47H,5-10,19-22H2,1-4H3,(H,49,52)(H,48,51,53)/t34?,40-,41-",FHHWNWZNSVDUKE-RPINAMIVSA-N,FHHWNWZNSVDUKE
2306,P10275,AR,CRBN,,,CC1(C)[C@H](NC(=O)C2=CC=C(N3CCN(CCNC4=CC=C5C(=O)N(C6CCC(=O)NC6=O)C(=O)C5=C4)CC3)C=C2)C(C)(C)[C@H]1OC1=CC=C(C#N)C(Cl)=C1,,,,58/83/79/76,% AR degradation in VCaP cells after 6 h treatment at 1/10/100/1000 nM,,,,,,,,,,,,,,,,,,,,,,,,,,,,,,,,,,,,,,,,,,,,,,,,,,,,,,,,,,,,,,,,,10.1021/acs.jmedchem.1c00882,766.299,765.304159808,6.18,55,7,10,3,10,164.18,C41H44ClN7O6,"InChI=1S/C41H44ClN7O6/c1-40(2)38(41(3,4)39(40)55-28-11-7-25(23-43)31(42)22-28)46-34(51)24-5-9-27(10-6-24)48-19-17-47(18-20-48)16-15-44-26-8-12-29-30(21-26)37(54)49(36(29)53)32-13-14-33(50)45-35(32)52/h5-12,21-22,32,38-39,44H,13-20H2,1-4H3,(H,46,51)(H,45,50,52)/t32?,38-,39-",UPRYTOIAZTWNPQ-GFYKNJBQSA-N,UPRYTOIAZTWNPQ
2307,P10275,AR,CRBN,,,CC1(C)[C@H](NC(=O)C2=CC=C(N3CCN(CCCNC4=CC=C5C(=O)N(C6CCC(=O)NC6=O)C(=O)C5=C4)CC3)C=C2)C(C)(C)[C@H]1OC1=CC=C(C#N)C(Cl)=C1,,,,22/37/54/53,% AR degradation in VCaP cells after 6 h treatment at 1/10/100/1000 nM,,,,,,,,,,,,,,,,,,,,,,,,,,,,,,,,,,,,,,,,,,,,,,,,,,,,,,,,,,,,,,,,,10.1021/acs.jmedchem.1c00882,780.326,779.319809872,6.18,56,7,10,3,11,164.18,C42H46ClN7O6,"InChI=1S/C42H46ClN7O6/c1-41(2)39(42(3,4)40(41)56-29-12-8-26(24-44)32(43)23-29)47-35(52)25-6-10-28(11-7-25)49-20-18-48(19-21-49)17-5-16-45-27-9-13-30-31(22-27)38(55)50(37(30)54)33-14-15-34(51)46-36(33)53/h6-13,22-23,33,39-40,45H,5,14-21H2,1-4H3,(H,47,52)(H,46,51,53)/t33?,39-,40-",FBYCVTUXHOLVFB-YEKULVGXSA-N,FBYCVTUXHOLVFB
2308,P10275,AR,CRBN,,,CC1(C)[C@H](NC(=O)C2=CC=C(N3CCN(CCCCNC4=CC=C5C(=O)N(C6CCC(=O)NC6=O)C(=O)C5=C4)CC3)C=C2)C(C)(C)[C@H]1OC1=CC=C(C#N)C(Cl)=C1,,,,42/63/84/82,% AR degradation in VCaP cells after 6 h treatment at 1/10/100/1000 nM,,,,,,,,,,,,,,,,,,,,,,,,,,,,,,,,,,,,,,,,,,,,,,,,,,,,,,,,,,,,,,,,,10.1021/acs.jmedchem.1c00882,794.353,793.335459936,5.47,57,7,10,3,12,164.18,C43H48ClN7O6,"InChI=1S/C43H48ClN7O6/c1-42(2)40(43(3,4)41(42)57-30-13-9-27(25-45)33(44)24-30)48-36(53)26-7-11-29(12-8-26)50-21-19-49(20-22-50)18-6-5-17-46-28-10-14-31-32(23-28)39(56)51(38(31)55)34-15-16-35(52)47-37(34)54/h7-14,23-24,34,40-41,46H,5-6,15-22H2,1-4H3,(H,48,53)(H,47,52,54)/t34?,40-,41-",USRBELPDGYYQCZ-RPINAMIVSA-N,USRBELPDGYYQCZ
2309,P10275,AR,CRBN,,,CC1(C)[C@H](NC(=O)C2=CC=C(N3CCN(CCCCCNC4=CC=C5C(=O)N(C6CCC(=O)NC6=O)C(=O)C5=C4)CC3)C=C2)C(C)(C)[C@H]1OC1=CC=C(C#N)C(Cl)=C1,,,,12/59/85/60,% AR degradation in VCaP cells after 6 h treatment at 1/10/100/1000 nM,,,,,,,,,,,,,,,,,,,,,,,,,,,,,,,,,,,,,,,,,,,,,,,,,,,,,,,,,,,,,,,,,10.1021/acs.jmedchem.1c00882,808.38,807.35111,5.47,58,7,10,3,13,164.18,C44H50ClN7O6,"InChI=1S/C44H50ClN7O6/c1-43(2)41(44(3,4)42(43)58-31-14-10-28(26-46)34(45)25-31)49-37(54)27-8-12-30(13-9-27)51-22-20-50(21-23-51)19-7-5-6-18-47-29-11-15-32-33(24-29)40(57)52(39(32)56)35-16-17-36(53)48-38(35)55/h8-15,24-25,35,41-42,47H,5-7,16-23H2,1-4H3,(H,49,54)(H,48,53,55)/t35?,41-,42-",WJJVJSVWKAKNNP-ZOVDNBRGSA-N,WJJVJSVWKAKNNP
2310,P10275,AR,CRBN,,,CC1(C)[C@H](NC(=O)C2=CC=C(NCCCCCNC3=CC=CC4=C3C(=O)N(C3CCC(=O)NC3=O)C4=O)C=C2)C(C)(C)[C@H]1OC1=CC=C(C#N)C(Cl)=C1,,,,<5/9/36/38,% AR degradation in VCaP cells after 6 h treatment at 1/10/100/1000 nM,,,,,,,,,,,,,,,,,,,,,,,,,,,,,,,,,,,,,,,,,,,,,,,,,,,,,,,,,,,,,,,,,10.1021/acs.jmedchem.1c00882,739.273,738.293260776,5.47,53,6,9,4,13,169.73,C40H43ClN6O6,"InChI=1S/C40H43ClN6O6/c1-39(2)37(40(3,4)38(39)53-26-16-13-24(22-42)28(41)21-26)46-33(49)23-11-14-25(15-12-23)43-19-6-5-7-20-44-29-10-8-9-27-32(29)36(52)47(35(27)51)30-17-18-31(48)45-34(30)50/h8-16,21,30,37-38,43-44H,5-7,17-20H2,1-4H3,(H,46,49)(H,45,48,50)/t30?,37-,38-",KMDMGCNLBWJTNV-IXLOQNDHSA-N,KMDMGCNLBWJTNV
2311,P10275,AR,CRBN,,,CC1(C)[C@H](NC(=O)C2=CC=C(NCCCCCCNC3=CC=CC4=C3C(=O)N(C3CCC(=O)NC3=O)C4=O)C=C2)C(C)(C)[C@H]1OC1=CC=C(C#N)C(Cl)=C1,,,,10/22/43/48,% AR degradation in VCaP cells after 6 h treatment at 1/10/100/1000 nM,,,,,,,,,,,,,,,,,,,,,,,,,,,,,,,,,,,,,,,,,,,,,,,,,,,,,,,,,,,,,,,,,10.1021/acs.jmedchem.1c00882,753.3,752.30891084,5.54,54,6,9,4,14,169.73,C41H45ClN6O6,"InChI=1S/C41H45ClN6O6/c1-40(2)38(41(3,4)39(40)54-27-17-14-25(23-43)29(42)22-27)47-34(50)24-12-15-26(16-13-24)44-20-7-5-6-8-21-45-30-11-9-10-28-33(30)37(53)48(36(28)52)31-18-19-32(49)46-35(31)51/h9-17,22,31,38-39,44-45H,5-8,18-21H2,1-4H3,(H,47,50)(H,46,49,51)/t31?,38-,39-",DGSOAPVEBIOAIM-FLTDQQQMSA-N,DGSOAPVEBIOAIM
2312,P10275,AR,CRBN,,,CC1(C)[C@H](NC(=O)C2=CC=C(N3CCN(CCNC4=CC=CC5=C4C(=O)N(C4CCC(=O)NC4=O)C5=O)CC3)C=C2)C(C)(C)[C@H]1OC1=CC=C(C#N)C(Cl)=C1,,,,<5/23/41/32,% AR degradation in VCaP cells after 6 h treatment at 1/10/100/1000 nM,,,,,,,,,,,,,,,,,,,,,,,,,,,,,,,,,,,,,,,,,,,,,,,,,,,,,,,,,,,,,,,,,10.1021/acs.jmedchem.1c00882,766.299,765.304159808,5.54,55,7,10,3,10,164.18,C41H44ClN7O6,"InChI=1S/C41H44ClN7O6/c1-40(2)38(41(3,4)39(40)55-27-13-10-25(23-43)29(42)22-27)46-34(51)24-8-11-26(12-9-24)48-20-18-47(19-21-48)17-16-44-30-7-5-6-28-33(30)37(54)49(36(28)53)31-14-15-32(50)45-35(31)52/h5-13,22,31,38-39,44H,14-21H2,1-4H3,(H,46,51)(H,45,50,52)/t31?,38-,39-",YAVZMCDVNXQJID-FLTDQQQMSA-N,YAVZMCDVNXQJID
2313,P10275,AR,CRBN,,,CC1(C)[C@H](NC(=O)C2=CC=C(N3CCN(CCCNC4=CC=CC5=C4C(=O)N(C4CCC(=O)NC4=O)C5=O)CC3)C=C2)C(C)(C)[C@H]1OC1=CC=C(C#N)C(Cl)=C1,,,,<5/<5/<5/9,% AR degradation in VCaP cells after 6 h treatment at 1/10/100/1000 nM,,,,,,,,,,,,,,,,,,,,,,,,,,,,,,,,,,,,,,,,,,,,,,,,,,,,,,,,,,,,,,,,,10.1021/acs.jmedchem.1c00882,780.326,779.319809872,5.54,56,7,10,3,11,164.18,C42H46ClN7O6,"InChI=1S/C42H46ClN7O6/c1-41(2)39(42(3,4)40(41)56-28-14-11-26(24-44)30(43)23-28)47-35(52)25-9-12-27(13-10-25)49-21-19-48(20-22-49)18-6-17-45-31-8-5-7-29-34(31)38(55)50(37(29)54)32-15-16-33(51)46-36(32)53/h5,7-14,23,32,39-40,45H,6,15-22H2,1-4H3,(H,47,52)(H,46,51,53)/t32?,39-,40-",JYSCBQWRAQKZNR-COLKGGAISA-N,JYSCBQWRAQKZNR
2314,P10275,AR,CRBN,,,CC1(C)[C@H](NC(=O)C2=CC=C(N3CCN(CCCCCNC4=CC=CC5=C4C(=O)N(C4CCC(=O)NC4=O)C5=O)CC3)C=C2)C(C)(C)[C@H]1OC1=CC=C(C#N)C(Cl)=C1,,,,7/40/47/32,% AR degradation in VCaP cells after 6 h treatment at 1/10/100/1000 nM,,,,,,,,,,,,,,,,,,,,,,,,,,,,,,,,,,,,,,,,,,,,,,,,,,,,,,,,,,,,,,,,,10.1021/acs.jmedchem.1c00882,808.38,807.35111,6.45,58,7,10,3,13,164.18,C44H50ClN7O6,"InChI=1S/C44H50ClN7O6/c1-43(2)41(44(3,4)42(43)58-30-16-13-28(26-46)32(45)25-30)49-37(54)27-11-14-29(15-12-27)51-23-21-50(22-24-51)20-7-5-6-19-47-33-10-8-9-31-36(33)40(57)52(39(31)56)34-17-18-35(53)48-38(34)55/h8-16,25,34,41-42,47H,5-7,17-24H2,1-4H3,(H,49,54)(H,48,53,55)/t34?,41-,42-",BCKKOFRJGPPGFK-PCLMCWKJSA-N,BCKKOFRJGPPGFK
2315,P10275,AR,CRBN,,,CC1(C)[C@H](NC(=O)C2=CC=C(N3CCN(C4CN(C5=CC=C6C(=O)N(C7CCC(=O)NC7=O)C(=O)C6=C5)C4)CC3)C=C2)C(C)(C)[C@H]1OC1=CC=C(C#N)C(Cl)=C1,,,,54/77/91/73,% AR degradation in VCaP cells after 6 h treatment at 1/10/100/1000 nM,,,,,,,,,,,,,,,,,,,,,,,,,,,,,,,,,,,,,,,,,,,,,,,,,,,,,,,,,,,,,,,,,10.1021/acs.jmedchem.1c00882,778.31,777.304159808,6.45,56,8,10,2,8,155.39,C42H44ClN7O6,"InChI=1S/C42H44ClN7O6/c1-41(2)39(42(3,4)40(41)56-29-11-7-25(21-44)32(43)20-29)46-35(52)24-5-8-26(9-6-24)47-15-17-48(18-16-47)28-22-49(23-28)27-10-12-30-31(19-27)38(55)50(37(30)54)33-13-14-34(51)45-36(33)53/h5-12,19-20,28,33,39-40H,13-18,22-23H2,1-4H3,(H,46,52)(H,45,51,53)/t33?,39-,40-",TVNUXMHVPSQCNZ-YEKULVGXSA-N,TVNUXMHVPSQCNZ
2316,P10275,AR,CRBN,,,CC1(C)[C@H](NC(=O)C2=CC=C(N3CCN(CC4CN(C5=CC=C6C(=O)N(C7CCC(=O)NC7=O)C(=O)C6=C5)C4)CC3)C=C2)C(C)(C)[C@H]1OC1=CC=C(C#N)C(Cl)=C1,0.15/5.08,,Degradation of AR in VCaP/LNCaP cells after 24 h treatment,64/96/98/90,% AR degradation in VCaP cells after 6 h treatment at 1/10/100/1000 nM,,,,,,,,,,,,,,,,,,,,,,,,,,,,,,,,,,,,,,,,,,,,,,,,,7/10,Inhibit growth of VCaP/LNCaP cells,,,,,,,,,,,,,,,10.1021/acs.jmedchem.1c00882,792.337,791.319809872,6.45,57,8,10,2,9,155.39,C43H46ClN7O6,"InChI=1S/C43H46ClN7O6/c1-42(2)40(43(3,4)41(42)57-30-11-7-27(21-45)33(44)20-30)47-36(53)26-5-8-28(9-6-26)49-17-15-48(16-18-49)22-25-23-50(24-25)29-10-12-31-32(19-29)39(56)51(38(31)55)34-13-14-35(52)46-37(34)54/h5-12,19-20,25,34,40-41H,13-18,22-24H2,1-4H3,(H,47,53)(H,46,52,54)/t34?,40-,41-",NYTQWRHXSYHGSP-RPINAMIVSA-N,NYTQWRHXSYHGSP
2317,P10275,AR,CRBN,,,CC1(C)[C@H](NC(=O)C2=CC=C(N3CCN(C4CCN(C5=CC=C6C(=O)N(C7CCC(=O)NC7=O)C(=O)C6=C5)CC4)CC3)C=C2)C(C)(C)[C@H]1OC1=CC=C(C#N)C(Cl)=C1,0.76/1.41,,Degradation of AR in VCaP/LNCaP cells after 24 h treatment,79/93/85/55,% AR degradation in VCaP cells after 6 h treatment at 1/10/100/1000 nM,,,,,,,,,,,,,,,,,,,,,,,,,,,,,,,,,,,,,,,,,,,,,,,,,8/11,Inhibit growth of VCaP/LNCaP cells,,,,,,,,,,,,,,,10.1021/acs.jmedchem.1c00882,806.364,805.335459936,6.76,58,8,10,2,8,155.39,C44H48ClN7O6,"InChI=1S/C44H48ClN7O6/c1-43(2)41(44(3,4)42(43)58-31-11-7-27(25-46)34(45)24-31)48-37(54)26-5-8-28(9-6-26)50-19-21-51(22-20-50)29-15-17-49(18-16-29)30-10-12-32-33(23-30)40(57)52(39(32)56)35-13-14-36(53)47-38(35)55/h5-12,23-24,29,35,41-42H,13-22H2,1-4H3,(H,48,54)(H,47,53,55)/t35?,41-,42-",GOJVIZZNCNOPSJ-ZOVDNBRGSA-N,GOJVIZZNCNOPSJ
2318,P10275,AR,CRBN,,ARD-2128,CC1(C)[C@H](NC(=O)C2=CC=C(N3CCN(CC4CCN(C5=CC=C6C(=O)N(C7CCC(=O)NC7=O)C(=O)C6=C5)CC4)CC3)C=C2)C(C)(C)[C@H]1OC1=CC=C(C#N)C(Cl)=C1,0.28/8.3,,Degradation of AR in VCaP/LNCaP cells after 24 h treatment,62/94/98/96,% AR degradation in VCaP cells after 6 h treatment at 1/10/100/1000 nM,,,,,,,,,,,,,,,,,,,,,,,,,,,,,,,,,,,,,,,,,,,,,,,,,4/5,Inhibit growth of VCaP/LNCaP cells,,,,,,,,,,,,,,,10.1021/acs.jmedchem.1c00882,820.391,819.35111,6.76,59,8,10,2,9,155.39,C45H50ClN7O6,"InChI=1S/C45H50ClN7O6/c1-44(2)42(45(3,4)43(44)59-32-11-7-29(25-47)35(46)24-32)49-38(55)28-5-8-30(9-6-28)52-21-19-50(20-22-52)26-27-15-17-51(18-16-27)31-10-12-33-34(23-31)41(58)53(40(33)57)36-13-14-37(54)48-39(36)56/h5-12,23-24,27,36,42-43H,13-22,26H2,1-4H3,(H,49,55)(H,48,54,56)/t36?,42-,43-",BWDWHHAZFQBJQL-JABICJEXSA-N,BWDWHHAZFQBJQL
2319,P10275,AR,CRBN,,,CC1(C)[C@H](NC(=O)C2=CC=C(C(=O)N3CCN(C4CN(C5=CC=C6C(=O)N(C7CCC(=O)NC7=O)C(=O)C6=C5)C4)CC3)C=C2)C(C)(C)[C@H]1OC1=CC=C(C#N)C(Cl)=C1,,,,71/83/95/83,% AR degradation in VCaP cells after 6 h treatment at 1/10/100/1000 nM,,,,,,,,,,,,,,,,,,,,,,,,,,,,,,,,,,,,,,,,,,,,,,,,,,,,,,,,,,,,,,,,,10.1021/acs.jmedchem.1c00882,806.32,805.299074428,6.76,58,8,10,2,8,172.46,C43H44ClN7O7,"InChI=1S/C43H44ClN7O7/c1-42(2)40(43(3,4)41(42)58-29-11-9-26(21-45)32(44)20-29)47-35(53)24-5-7-25(8-6-24)37(55)49-17-15-48(16-18-49)28-22-50(23-28)27-10-12-30-31(19-27)39(57)51(38(30)56)33-13-14-34(52)46-36(33)54/h5-12,19-20,28,33,40-41H,13-18,22-23H2,1-4H3,(H,47,53)(H,46,52,54)/t33?,40-,41-",GSBDPSRAZIBNMI-IVBVVVCDSA-N,GSBDPSRAZIBNMI
2320,P10275,AR,CRBN,,,CC1(C)[C@H](NC(=O)C2=CC=C(C(=O)N3CCN(CC4CN(C5=CC=C6C(=O)N(C7CCC(=O)NC7=O)C(=O)C6=C5)C4)CC3)C=C2)C(C)(C)[C@H]1OC1=CC=C(C#N)C(Cl)=C1,,,,65/92/96/79,% AR degradation in VCaP cells after 6 h treatment at 1/10/100/1000 nM,,,,,,,,,,,,,,,,,,,,,,,,,,,,,,,,,,,,,,,,,,,,,,,,,,,,,,,,,,,,,,,,,10.1021/acs.jmedchem.1c00882,820.347,819.314724492,6.04,59,8,10,2,9,172.46,C44H46ClN7O7,"InChI=1S/C44H46ClN7O7/c1-43(2)41(44(3,4)42(43)59-30-11-9-28(21-46)33(45)20-30)48-36(54)26-5-7-27(8-6-26)38(56)50-17-15-49(16-18-50)22-25-23-51(24-25)29-10-12-31-32(19-29)40(58)52(39(31)57)34-13-14-35(53)47-37(34)55/h5-12,19-20,25,34,41-42H,13-18,22-24H2,1-4H3,(H,48,54)(H,47,53,55)/t34?,41-,42-",PMCUCRVADOBCSR-PCLMCWKJSA-N,PMCUCRVADOBCSR
2321,P10275,AR,CRBN,,,CC1(C)[C@H](NC(=O)C2=CC=C(C(=O)N3CCN(C4CCN(C5=CC=C6C(=O)N(C7CCC(=O)NC7=O)C(=O)C6=C5)CC4)CC3)C=C2)C(C)(C)[C@H]1OC1=CC=C(C#N)C(Cl)=C1,,,,85/97/96/83,% AR degradation in VCaP cells after 6 h treatment at 1/10/100/1000 nM,,,,,,,,,,,,,,,,,,,,,,,,,,,,,,,,,,,,,,,,,,,,,,,,,,,,,,,,,,,,,,,,,10.1021/acs.jmedchem.1c00882,834.374,833.330374556,6.04,60,8,10,2,8,172.46,C45H48ClN7O7,"InChI=1S/C45H48ClN7O7/c1-44(2)42(45(3,4)43(44)60-31-11-9-28(25-47)34(46)24-31)49-37(55)26-5-7-27(8-6-26)39(57)52-21-19-51(20-22-52)29-15-17-50(18-16-29)30-10-12-32-33(23-30)41(59)53(40(32)58)35-13-14-36(54)48-38(35)56/h5-12,23-24,29,35,42-43H,13-22H2,1-4H3,(H,49,55)(H,48,54,56)/t35?,42-,43-",IFHFBUGVHCIJNP-SGHVCNSHSA-N,IFHFBUGVHCIJNP
2322,P10275,AR,CRBN,,,CC1(C)[C@H](NC(=O)C2=CC=C(C(=O)N3CCN(CC4CCN(C5=CC=C6C(=O)N(C7CCC(=O)NC7=O)C(=O)C6=C5)CC4)CC3)C=C2)C(C)(C)[C@H]1OC1=CC=C(C#N)C(Cl)=C1,,,,76/97/97/96,% AR degradation in VCaP cells after 6 h treatment at 1/10/100/1000 nM,,,,,,,,,,,,,,,,,,,,,,,,,,,,,,,,,,,,,,,,,,,,,,,,,,,,,,,,,,,,,,,,,10.1021/acs.jmedchem.1c00882,848.401,847.34602462,6.04,61,8,10,2,9,172.46,C46H50ClN7O7,"InChI=1S/C46H50ClN7O7/c1-45(2)43(46(3,4)44(45)61-32-11-9-30(25-48)35(47)24-32)50-38(56)28-5-7-29(8-6-28)40(58)53-21-19-51(20-22-53)26-27-15-17-52(18-16-27)31-10-12-33-34(23-31)42(60)54(41(33)59)36-13-14-37(55)49-39(36)57/h5-12,23-24,27,36,43-44H,13-22,26H2,1-4H3,(H,50,56)(H,49,55,57)/t36?,43-,44-",DHRLIGMURBNFBV-GFQMCGJDSA-N,DHRLIGMURBNFBV
2323,P10275,AR,CRBN,,,CC1(C)[C@H](NC(=O)C2=CC=C(N3CCC(N4CCN(C5=CC=C6C(=O)N(C7CCC(=O)NC7=O)C(=O)C6=C5)CC4)CC3)C=C2)C(C)(C)[C@H]1OC1=CC=C(C#N)C(Cl)=C1,0.12/1.43,,Degradation of AR in VCaP/LNCaP cells after 24 h treatment,57/93/96/85,% AR degradation in VCaP cells after 6 h treatment at 1/10/100/1000 nM,,,,,,,,,,,,,,,,,,,,,,,,,,,,,,,,,,,,,,,,,,,,,,,,,4/14,Inhibit growth of VCaP/LNCaP cells,,,,,,,,,,,,,,,10.1021/acs.jmedchem.1c00882,806.364,805.335459936,4.82,58,8,10,2,8,155.39,C44H48ClN7O6,"InChI=1S/C44H48ClN7O6/c1-43(2)41(44(3,4)42(43)58-31-11-7-27(25-46)34(45)24-31)48-37(54)26-5-8-28(9-6-26)49-17-15-29(16-18-49)50-19-21-51(22-20-50)30-10-12-32-33(23-30)40(57)52(39(32)56)35-13-14-36(53)47-38(35)55/h5-12,23-24,29,35,41-42H,13-22H2,1-4H3,(H,48,54)(H,47,53,55)/t35?,41-,42-",IBPGCZDPTQXMHO-ZOVDNBRGSA-N,IBPGCZDPTQXMHO
2324,P10275,AR,CRBN,,,CC1(C)[C@H](NC(=O)C2=CC=C(N3CCC(CN4CCN(C5=CC=C6C(=O)N(C7CCC(=O)NC7=O)C(=O)C6=C5)CC4)CC3)C=C2)C(C)(C)[C@H]1OC1=CC=C(C#N)C(Cl)=C1,0.38/3.38,,Degradation of AR in VCaP/LNCaP cells after 24 h treatment,40/96/99/99,% AR degradation in VCaP cells after 6 h treatment at 1/10/100/1000 nM,,,,,,,,,,,,,,,,,,,,,,,,,,,,,,,,,,,,,,,,,,,,,,,,,5/13,Inhibit growth of VCaP/LNCaP cells,,,,,,,,,,,,,,,10.1021/acs.jmedchem.1c00882,820.391,819.35111,5.53,59,8,10,2,9,155.39,C45H50ClN7O6,"InChI=1S/C45H50ClN7O6/c1-44(2)42(45(3,4)43(44)59-32-11-7-29(25-47)35(46)24-32)49-38(55)28-5-8-30(9-6-28)51-17-15-27(16-18-51)26-50-19-21-52(22-20-50)31-10-12-33-34(23-31)41(58)53(40(33)57)36-13-14-37(54)48-39(36)56/h5-12,23-24,27,36,42-43H,13-22,26H2,1-4H3,(H,49,55)(H,48,54,56)/t36?,42-,43-",ARVBJCZQRUZZDE-JABICJEXSA-N,ARVBJCZQRUZZDE
2325,P10275,AR,CRBN,,,CC1(C)[C@H](NC(=O)C2=CC=C(N3CCN(C4CC5(C4)CN(C4=CC=C6C(=O)N(C7CCC(=O)NC7=O)C(=O)C6=C4)C5)CC3)C=C2)C(C)(C)[C@H]1OC1=CC=C(C#N)C(Cl)=C1,,,,37/78/93/88,% AR degradation in VCaP cells after 6 h treatment at 1/10/100/1000 nM,,,,,,,,,,,,,,,,,,,,,,,,,,,,,,,,,,,,,,,,,,,,,,,,,,,,,,,,,,,,,,,,,10.1021/acs.jmedchem.1c00882,818.375,817.335459936,6.25,59,9,10,2,8,155.39,C45H48ClN7O6,"InChI=1S/C45H48ClN7O6/c1-43(2)41(44(3,4)42(43)59-31-11-7-27(23-47)34(46)20-31)49-37(55)26-5-8-28(9-6-26)50-15-17-51(18-16-50)30-21-45(22-30)24-52(25-45)29-10-12-32-33(19-29)40(58)53(39(32)57)35-13-14-36(54)48-38(35)56/h5-12,19-20,30,35,41-42H,13-18,21-22,24-25H2,1-4H3,(H,49,55)(H,48,54,56)/t35?,41-,42-",GXQKKLUWLOIBAM-ZOVDNBRGSA-N,GXQKKLUWLOIBAM
2326,P10275,AR,CRBN,,,CC1(C)[C@H](NC(=O)C2=CC=C(N3CCN(CC4CC5(C4)CN(C4=CC=C6C(=O)N(C7CCC(=O)NC7=O)C(=O)C6=C4)C5)CC3)C=C2)C(C)(C)[C@H]1OC1=CC=C(C#N)C(Cl)=C1,,,,30/82/97/95,% AR degradation in VCaP cells after 6 h treatment at 1/10/100/1000 nM,,,,,,,,,,,,,,,,,,,,,,,,,,,,,,,,,,,,,,,,,,,,,,,,,,,,,,,,,,,,,,,,,10.1021/acs.jmedchem.1c00882,832.402,831.35111,7.33,60,9,10,2,9,155.39,C46H50ClN7O6,"InChI=1S/C46H50ClN7O6/c1-44(2)42(45(3,4)43(44)60-32-11-7-29(23-48)35(47)20-32)50-38(56)28-5-8-30(9-6-28)52-17-15-51(16-18-52)24-27-21-46(22-27)25-53(26-46)31-10-12-33-34(19-31)41(59)54(40(33)58)36-13-14-37(55)49-39(36)57/h5-12,19-20,27,36,42-43H,13-18,21-22,24-26H2,1-4H3,(H,50,56)(H,49,55,57)/t36?,42-,43-",DMBURQWZRJNBLX-JABICJEXSA-N,DMBURQWZRJNBLX
2327,P10275,AR,CRBN,,,CC1(C)[C@H](NC(=O)C2=CC=C(N3CCN(C4CC5(CCN(C6=CC=C7C(=O)N(C8CCC(=O)NC8=O)C(=O)C7=C6)C5)C4)CC3)C=C2)C(C)(C)[C@H]1OC1=CC=C(C#N)C(Cl)=C1,,,,38/80/87/84,% AR degradation in VCaP cells after 6 h treatment at 1/10/100/1000 nM,,,,,,,,,,,,,,,,,,,,,,,,,,,,,,,,,,,,,,,,,,,,,,,,,,,,,,,,,,,,,,,,,10.1021/acs.jmedchem.1c00882,832.402,831.35111,3.31,60,9,10,2,8,155.39,C46H50ClN7O6,"InChI=1S/C46H50ClN7O6/c1-44(2)42(45(3,4)43(44)60-32-11-7-28(25-48)35(47)22-32)50-38(56)27-5-8-29(9-6-27)51-17-19-52(20-18-51)31-23-46(24-31)15-16-53(26-46)30-10-12-33-34(21-30)41(59)54(40(33)58)36-13-14-37(55)49-39(36)57/h5-12,21-22,31,36,42-43H,13-20,23-24,26H2,1-4H3,(H,50,56)(H,49,55,57)/t31?,36?,42-,43-,46?",UHARXTYMRNQSKR-OOONLIELSA-N,UHARXTYMRNQSKR
2328,P10275,AR,CRBN,,,CC1(C)[C@H](NC(=O)C2=CC=C(N3CCN(CC4CC5(CCN(C6=CC=C7C(=O)N(C8CCC(=O)NC8=O)C(=O)C7=C6)C5)C4)CC3)C=C2)C(C)(C)[C@H]1OC1=CC=C(C#N)C(Cl)=C1,,,,16/56/71/51,% AR degradation in VCaP cells after 6 h treatment at 1/10/100/1000 nM,,,,,,,,,,,,,,,,,,,,,,,,,,,,,,,,,,,,,,,,,,,,,,,,,,,,,,,,,,,,,,,,,10.1021/acs.jmedchem.1c00882,846.429,845.366760064,4.39,61,9,10,2,9,155.39,C47H52ClN7O6,"InChI=1S/C47H52ClN7O6/c1-45(2)43(46(3,4)44(45)61-33-11-7-30(25-49)36(48)22-33)51-39(57)29-5-8-31(9-6-29)53-19-17-52(18-20-53)26-28-23-47(24-28)15-16-54(27-47)32-10-12-34-35(21-32)42(60)55(41(34)59)37-13-14-38(56)50-40(37)58/h5-12,21-22,28,37,43-44H,13-20,23-24,26-27H2,1-4H3,(H,51,57)(H,50,56,58)/t28?,37?,43-,44-,47?",DCOGPZJUOQBADY-LMJMDUSLSA-N,DCOGPZJUOQBADY
2329,P10275,AR,CRBN,,,CC1(C)[C@H](NC(=O)C2=CC=C(N3CCN(C4CCC5(CC4)CCN(C4=CC=C6C(=O)N(C7CCC(=O)NC7=O)C(=O)C6=C4)CC5)CC3)C=C2)C(C)(C)[C@H]1OC1=CC=C(C#N)C(Cl)=C1,,,,14/38/67/80,% AR degradation in VCaP cells after 6 h treatment at 1/10/100/1000 nM,,,,,,,,,,,,,,,,,,,,,,,,,,,,,,,,,,,,,,,,,,,,,,,,,,,,,,,,,,,,,,,,,10.1021/acs.jmedchem.1c00882,874.483,873.398060192,5.47,63,9,10,2,8,155.39,C49H56ClN7O6,"InChI=1S/C49H56ClN7O6/c1-47(2)45(48(3,4)46(47)63-35-11-7-31(29-51)38(50)28-35)53-41(59)30-5-8-32(9-6-30)55-23-25-56(26-24-55)33-15-17-49(18-16-33)19-21-54(22-20-49)34-10-12-36-37(27-34)44(62)57(43(36)61)39-13-14-40(58)52-42(39)60/h5-12,27-28,33,39,45-46H,13-26H2,1-4H3,(H,53,59)(H,52,58,60)/t39?,45-,46-",YSPGTJUSEGQJII-QBCKCKNJSA-N,YSPGTJUSEGQJII
2330,P10275,AR,CRBN,,,CC1(C)[C@H](NC(=O)C2=CC=C(N3CCN(C4CCC5(CC4)CN(C4=CC=C6C(=O)N(C7CCC(=O)NC7=O)C(=O)C6=C4)C5)CC3)C=C2)C(C)(C)[C@H]1OC1=CC=C(C#N)C(Cl)=C1,,,,15/48/73/82,% AR degradation in VCaP cells after 6 h treatment at 1/10/100/1000 nM,,,,,,,,,,,,,,,,,,,,,,,,,,,,,,,,,,,,,,,,,,,,,,,,,,,,,,,,,,,,,,,,,10.1021/acs.jmedchem.1c00882,846.429,845.366760064,6.56,61,9,10,2,8,155.39,C47H52ClN7O6,"InChI=1S/C47H52ClN7O6/c1-45(2)43(46(3,4)44(45)61-33-11-7-29(25-49)36(48)24-33)51-39(57)28-5-8-30(9-6-28)52-19-21-53(22-20-52)31-15-17-47(18-16-31)26-54(27-47)32-10-12-34-35(23-32)42(60)55(41(34)59)37-13-14-38(56)50-40(37)58/h5-12,23-24,31,37,43-44H,13-22,26-27H2,1-4H3,(H,51,57)(H,50,56,58)/t37?,43-,44-",NTTPTYCXQDIWQW-CKLCFHENSA-N,NTTPTYCXQDIWQW
2331,P10275,AR,CRBN,,,CC1(C)[C@H](NC(=O)C2=CC=C(N3CCC4(CC3)CC(NC3=CC=C5C(=O)N(C6CCC(=O)NC6=O)C(=O)C5=C3)C4)C=C2)C(C)(C)[C@H]1OC1=CC=C(C#N)C(Cl)=C1,,,,0/16/82/88,% AR degradation in VCaP cells after 6 h treatment at 1/10/100/1000 nM,,,,,,,,,,,,,,,,,,,,,,,,,,,,,,,,,,,,,,,,,,,,,,,,,,,,,,,,,,,,,,,,,10.1021/acs.jmedchem.1c00882,777.322,776.30891084,3.31,56,8,9,3,8,160.94,C43H45ClN6O6,"InChI=1S/C43H45ClN6O6/c1-41(2)39(42(3,4)40(41)56-29-11-7-25(23-45)32(44)20-29)48-35(52)24-5-9-28(10-6-24)49-17-15-43(16-18-49)21-27(22-43)46-26-8-12-30-31(19-26)38(55)50(37(30)54)33-13-14-34(51)47-36(33)53/h5-12,19-20,27,33,39-40,46H,13-18,21-22H2,1-4H3,(H,48,52)(H,47,51,53)/t33?,39-,40-",BSJZNQXMKMMAHE-YEKULVGXSA-N,BSJZNQXMKMMAHE
2332,P10275,AR,CRBN,,,CC1(C)[C@H](NC(=O)C2=CC=C(N3CCC4(CCC(NC5=CC=C6C(=O)N(C7CCC(=O)NC7=O)C(=O)C6=C5)CC4)CC3)C=C2)C(C)(C)[C@H]1OC1=CC=C(C#N)C(Cl)=C1,,,,13/30/38/57,% AR degradation in VCaP cells after 6 h treatment at 1/10/100/1000 nM,,,,,,,,,,,,,,,,,,,,,,,,,,,,,,,,,,,,,,,,,,,,,,,,,,,,,,,,,,,,,,,,,10.1021/acs.jmedchem.1c00882,805.376,804.340210968,4.39,58,8,9,3,8,160.94,C45H49ClN6O6,"InChI=1S/C45H49ClN6O6/c1-43(2)41(44(3,4)42(43)58-31-11-7-27(25-47)34(46)24-31)50-37(54)26-5-9-30(10-6-26)51-21-19-45(20-22-51)17-15-28(16-18-45)48-29-8-12-32-33(23-29)40(57)52(39(32)56)35-13-14-36(53)49-38(35)55/h5-12,23-24,28,35,41-42,48H,13-22H2,1-4H3,(H,50,54)(H,49,53,55)/t35?,41-,42-",GOPLBBMERRSJEP-ZOVDNBRGSA-N,GOPLBBMERRSJEP
2333,P10275,AR,CRBN,,,CC1(C)[C@@H](NC(=O)C2=CC=C(N3CCN(CC4CCN(C5=CC=C6C(=O)N(C7CCC(=O)NC7=O)C(=O)C6=C5)CC4)CC3)C=C2)C[C@@H]1OC1=CC=C(C#N)C(Cl)=C1,,,,<5/19/75/90,% AR degradation in VCaP cells after 6 h treatment at 1/10/100/1000 nM,,,,,,,,,,,,,,,,,,,,,,,,,,,,,,,,,,,,,,,,,,,,,,,,,,,,,,,,,,,,,,,,,10.1021/acs.jmedchem.1c00882,792.337,791.319809872,5.47,57,8,10,2,9,155.39,C43H46ClN7O6,"InChI=1S/C43H46ClN7O6/c1-43(2)36(23-37(43)57-31-9-5-28(24-45)34(44)22-31)46-39(53)27-3-6-29(7-4-27)50-19-17-48(18-20-50)25-26-13-15-49(16-14-26)30-8-10-32-33(21-30)42(56)51(41(32)55)35-11-12-38(52)47-40(35)54/h3-10,21-22,26,35-37H,11-20,23,25H2,1-2H3,(H,46,53)(H,47,52,54)/t35?,36-,37-/m0/s1",OPOHRULPDHWIMA-JXFJOITASA-N,OPOHRULPDHWIMA
2334,P10275,AR,CRBN,,,N#CC1=CC=C(O[C@H]2C[C@H](NC(=O)C3=CC=C(N4CCN(CC5CCN(C6=CC=C7C(=O)N(C8CCC(=O)NC8=O)C(=O)C7=C6)CC5)CC4)C=C3)C2)C=C1Cl,,,,<5/30/25/39,% AR degradation in VCaP cells after 6 h treatment at 1/10/100/1000 nM,,,,,,,,,,,,,,,,,,,,,,,,,,,,,,,,,,,,,,,,,,,,,,,,,,,,,,,,,,,,,,,,,10.1021/acs.jmedchem.1c00882,764.283,763.288509744,6.56,55,8,10,2,9,155.39,C41H42ClN7O6,"InChI=1S/C41H42ClN7O6/c42-35-22-31(7-3-27(35)23-43)55-32-19-28(20-32)44-38(51)26-1-4-29(5-2-26)48-17-15-46(16-18-48)24-25-11-13-47(14-12-25)30-6-8-33-34(21-30)41(54)49(40(33)53)36-9-10-37(50)45-39(36)52/h1-8,21-22,25,28,32,36H,9-20,24H2,(H,44,51)(H,45,50,52)/t28-,32-,36?",KZBHLBPCXLIZLA-XUEBMSRXSA-N,KZBHLBPCXLIZLA
2335,P10275,AR,CRBN,,,CC1(C)[C@H](NC(=O)C2=CC=C(N3CCN(CC4CCN(C5=CC=C6C(=O)N(C7CCC(=O)NC7=O)C(=O)C6=C5)CC4)CC3)C=C2)C(C)(C)[C@H]1OC1=CC=C(C#N)C(F)=C1,,,,<5/15/75/80,% AR degradation in VCaP cells after 6 h treatment at 1/10/100/1000 nM,,,,,,,,,,,,,,,,,,,,,,,,,,,,,,,,,,,,,,,,,,,,,,,,,,,,,,,,,,,,,,,,,10.1021/acs.jmedchem.1c00882,803.936,803.38066054,3.31,59,8,10,2,9,155.39,C45H50FN7O6,"InChI=1S/C45H50FN7O6/c1-44(2)42(45(3,4)43(44)59-32-11-7-29(25-47)35(46)24-32)49-38(55)28-5-8-30(9-6-28)52-21-19-50(20-22-52)26-27-15-17-51(18-16-27)31-10-12-33-34(23-31)41(58)53(40(33)57)36-13-14-37(54)48-39(36)56/h5-12,23-24,27,36,42-43H,13-22,26H2,1-4H3,(H,49,55)(H,48,54,56)/t36?,42-,43-",VNIUIQUONIMGCZ-JABICJEXSA-N,VNIUIQUONIMGCZ
2336,P10275,AR,CRBN,,,CC1(C)[C@H](NC(=O)C2=CC=C(N3CCN(CC4CCN(C5=CC=C6C(=O)N(C7CCC(=O)NC7=O)C(=O)C6=C5)CC4)CC3)C=C2)C(C)(C)[C@H]1OC1=CC=C(C#N)C(C(F)(F)F)=C1,,,,22/45/87/90,% AR degradation in VCaP cells after 6 h treatment at 1/10/100/1000 nM,,,,,,,,,,,,,,,,,,,,,,,,,,,,,,,,,,,,,,,,,,,,,,,,,,,,,,,,,,,,,,,,,10.1021/acs.jmedchem.1c00882,853.943,853.37746698,4.39,62,8,10,2,9,155.39,C46H50F3N7O6,"InChI=1S/C46H50F3N7O6/c1-44(2)42(45(3,4)43(44)62-32-11-7-29(25-50)35(24-32)46(47,48)49)52-38(58)28-5-8-30(9-6-28)55-21-19-53(20-22-55)26-27-15-17-54(18-16-27)31-10-12-33-34(23-31)41(61)56(40(33)60)36-13-14-37(57)51-39(36)59/h5-12,23-24,27,36,42-43H,13-22,26H2,1-4H3,(H,52,58)(H,51,57,59)/t36?,42-,43-",SKXRXOCDOMSQPQ-JABICJEXSA-N,SKXRXOCDOMSQPQ
2337,P10275,AR,CRBN,,,CC1(C)[C@H](NC(=O)C2=CC=C(N3CCN(CC4CCN(C5=CC=C6C(=O)N(C7CCC(=O)NC7=O)C(=O)C6=C5)CC4)CC3)C=C2)C(C)(C)[C@H]1OC1=CN=C(C#N)C(C(F)(F)F)=C1,,,,6/12/33/41,% AR degradation in VCaP cells after 6 h treatment at 1/10/100/1000 nM,,,,,,,,,,,,,,,,,,,,,,,,,,,,,,,,,,,,,,,,,,,,,,,,,,,,,,,,,,,,,,,,,10.1021/acs.jmedchem.1c00882,854.931,854.372715948,5.47,62,8,11,2,9,168.28,C45H49F3N8O6,"InChI=1S/C45H49F3N8O6/c1-43(2)41(44(3,4)42(43)62-30-22-33(45(46,47)48)34(23-49)50-24-30)52-37(58)27-5-7-28(8-6-27)55-19-17-53(18-20-55)25-26-13-15-54(16-14-26)29-9-10-31-32(21-29)40(61)56(39(31)60)35-11-12-36(57)51-38(35)59/h5-10,21-22,24,26,35,41-42H,11-20,25H2,1-4H3,(H,52,58)(H,51,57,59)/t35?,41-,42-",ABSBBQRJBGJPAQ-ZOVDNBRGSA-N,ABSBBQRJBGJPAQ
2495,P10275,AR,CRBN,,,N#CC1=CC=C(O[C@H]2CC[C@H](NC(=O)C3=CC=C(NCCCNC4=CC=C5C(=O)N(C6CCC(=O)NC6=O)C(=O)C5=C4)C=C3)CC2)C=C1Cl,1,85,Degradation of AR in VCaP cells after 24 h treatment,,,,,,,,,,,,,,,,,,,,,,,,,,,,,,,,,,,,,,,,,,,,,,,,,,,,,,,,,,,,,,,,,,,10.1021/acs.jmedchem.1c00900,683.165,682.23066052,4.69,49,6,9,4,11,169.73,C36H35ClN6O6,"InChI=1S/C36H35ClN6O6/c37-30-19-27(10-4-22(30)20-38)49-26-11-7-24(8-12-26)41-33(45)21-2-5-23(6-3-21)39-16-1-17-40-25-9-13-28-29(18-25)36(48)43(35(28)47)31-14-15-32(44)42-34(31)46/h2-6,9-10,13,18-19,24,26,31,39-40H,1,7-8,11-12,14-17H2,(H,41,45)(H,42,44,46)/t24-,26-,31?",XLWFMSWFAKUJON-QYYYJOFJSA-N,XLWFMSWFAKUJON
2496,P10275,AR,CRBN,,,N#CC1=CC=C(O[C@H]2CC[C@H](NC(=O)C3=CC=C(NCCCCNC4=CC=C5C(=O)N(C6CCC(=O)NC6=O)C(=O)C5=C4)C=C3)CC2)C=C1Cl,1.1,89,Degradation of AR in VCaP cells after 24 h treatment,,,,,,,,,,,,,,,,,,,,,,,,,,,,,,,,,,,,,,,,,,,,,,,,,,,,,,,,,,,,,,,,,,,10.1021/acs.jmedchem.1c00900,697.192,696.246310584,4.69,50,6,9,4,12,169.73,C37H37ClN6O6,"InChI=1S/C37H37ClN6O6/c38-31-20-28(11-5-23(31)21-39)50-27-12-8-25(9-13-27)42-34(46)22-3-6-24(7-4-22)40-17-1-2-18-41-26-10-14-29-30(19-26)37(49)44(36(29)48)32-15-16-33(45)43-35(32)47/h3-7,10-11,14,19-20,25,27,32,40-41H,1-2,8-9,12-13,15-18H2,(H,42,46)(H,43,45,47)/t25-,27-,32?",SEKBVYVWYRALIG-COJZMJFXSA-N,SEKBVYVWYRALIG
2497,P10275,AR,CRBN,,,N#CC1=CC=C(O[C@H]2CC[C@H](NC(=O)C3=CC=C(NCCCCCNC4=CC=C5C(=O)N(C6CCC(=O)NC6=O)C(=O)C5=C4)C=C3)CC2)C=C1Cl,0.2,95,Degradation of AR in VCaP cells after 24 h treatment,,,,,,,,,,,,,,,,,,,,,,,,,,,,,,,,,,,,,,,,,,,,,,,,,,,,,,,,,,,,,,,,,,,10.1021/acs.jmedchem.1c00900,711.219,710.261960648,4.5,51,6,9,4,13,169.73,C38H39ClN6O6,"InChI=1S/C38H39ClN6O6/c39-32-21-29(12-6-24(32)22-40)51-28-13-9-26(10-14-28)43-35(47)23-4-7-25(8-5-23)41-18-2-1-3-19-42-27-11-15-30-31(20-27)38(50)45(37(30)49)33-16-17-34(46)44-36(33)48/h4-8,11-12,15,20-21,26,28,33,41-42H,1-3,9-10,13-14,16-19H2,(H,43,47)(H,44,46,48)/t26-,28-,33?",FZVBQSWNRMPEHR-NBAFNCFLSA-N,FZVBQSWNRMPEHR
2498,P10275,AR,CRBN,,,N#CC1=CC=C(O[C@H]2CC[C@H](NC(=O)C3=CC=C(NCCCCCCNC4=CC=C5C(=O)N(C6CCC(=O)NC6=O)C(=O)C5=C4)C=C3)CC2)C=C1Cl,0.6,99,Degradation of AR in VCaP cells after 24 h treatment,,,,,,,,,,,,,,,,,,,,,,,,,,,,,,,,,,,,,,,,,,,,,,,,,,,,,,,,,,,,,,,,,,,10.1021/acs.jmedchem.1c00900,725.246,724.277610712,4.5,52,6,9,4,14,169.73,C39H41ClN6O6,"InChI=1S/C39H41ClN6O6/c40-33-22-30(13-7-25(33)23-41)52-29-14-10-27(11-15-29)44-36(48)24-5-8-26(9-6-24)42-19-3-1-2-4-20-43-28-12-16-31-32(21-28)39(51)46(38(31)50)34-17-18-35(47)45-37(34)49/h5-9,12-13,16,21-22,27,29,34,42-43H,1-4,10-11,14-15,17-20H2,(H,44,48)(H,45,47,49)/t27-,29-,34?",SLYLTYLJUFVQPH-BKPPXGSPSA-N,SLYLTYLJUFVQPH
2499,P10275,AR,CRBN,,,N#CC1=CC=C(O[C@H]2CC[C@H](NC(=O)C3=CC=C(NCCCCCCCNC4=CC=C5C(=O)N(C6CCC(=O)NC6=O)C(=O)C5=C4)C=C3)CC2)C=C1Cl,0.7,99,Degradation of AR in VCaP cells after 24 h treatment,,,,,,,,,,,,,,,,,,,,,,,,,,,,,,,,,,,,,,,,,,,,,,,,,,,,,,,,,,,,,,,,,,,10.1021/acs.jmedchem.1c00900,739.273,738.293260776,2.72,53,6,9,4,15,169.73,C40H43ClN6O6,"InChI=1S/C40H43ClN6O6/c41-34-23-31(14-8-26(34)24-42)53-30-15-11-28(12-16-30)45-37(49)25-6-9-27(10-7-25)43-20-4-2-1-3-5-21-44-29-13-17-32-33(22-29)40(52)47(39(32)51)35-18-19-36(48)46-38(35)50/h6-10,13-14,17,22-23,28,30,35,43-44H,1-5,11-12,15-16,18-21H2,(H,45,49)(H,46,48,50)/t28-,30-,35?",KLUHWCISGKYNHH-KGNGEQPNSA-N,KLUHWCISGKYNHH
2500,P10275,AR,CRBN,,,N#CC1=CC=C(O[C@H]2CC[C@H](NC(=O)C3=CC=C(NCCCCCCCCNC4=CC=C5C(=O)N(C6CCC(=O)NC6=O)C(=O)C5=C4)C=C3)CC2)C=C1Cl,1.5,97,Degradation of AR in VCaP cells after 24 h treatment,,,,,,,,,,,,,,,,,,,,,,,,,,,,,,,,,,,,,,,,,,,,,,,,,,,,,,,,,,,,,,,,,,,10.1021/acs.jmedchem.1c00900,753.3,752.30891084,4.18,54,6,9,4,16,169.73,C41H45ClN6O6,"InChI=1S/C41H45ClN6O6/c42-35-24-32(15-9-27(35)25-43)54-31-16-12-29(13-17-31)46-38(50)26-7-10-28(11-8-26)44-21-5-3-1-2-4-6-22-45-30-14-18-33-34(23-30)41(53)48(40(33)52)36-19-20-37(49)47-39(36)51/h7-11,14-15,18,23-24,29,31,36,44-45H,1-6,12-13,16-17,19-22H2,(H,46,50)(H,47,49,51)/t29-,31-,36?",LIAPRZHHMHGLCS-NSGDDVBOSA-N,LIAPRZHHMHGLCS
2501,P10275,AR,CRBN,,,N#CC1=CC=C(O[C@H]2CC[C@H](NC(=O)C3=CC=C(NCCCCCCCCCNC4=CC=C5C(=O)N(C6CCC(=O)NC6=O)C(=O)C5=C4)C=C3)CC2)C=C1Cl,3.2,96,Degradation of AR in VCaP cells after 24 h treatment,,,,,,,,,,,,,,,,,,,,,,,,,,,,,,,,,,,,,,,,,,,,,,,,,,,,,,,,,,,,,,,,,,,10.1021/acs.jmedchem.1c00900,767.327,766.324560904,3.55,55,6,9,4,17,169.73,C42H47ClN6O6,"InChI=1S/C42H47ClN6O6/c43-36-25-33(16-10-28(36)26-44)55-32-17-13-30(14-18-32)47-39(51)27-8-11-29(12-9-27)45-22-6-4-2-1-3-5-7-23-46-31-15-19-34-35(24-31)42(54)49(41(34)53)37-20-21-38(50)48-40(37)52/h8-12,15-16,19,24-25,30,32,37,45-46H,1-7,13-14,17-18,20-23H2,(H,47,51)(H,48,50,52)/t30-,32-,37?",VSYZSMLAOKWORE-GUJMKDNBSA-N,VSYZSMLAOKWORE
2502,P10275,AR,CRBN,,,N#CC1=CC=C(O[C@H]2CC[C@H](NC(=O)C3=CC=C(NCCCCCCCCCCNC4=CC=C5C(=O)N(C6CCC(=O)NC6=O)C(=O)C5=C4)C=C3)CC2)C=C1Cl,>1000,25,Degradation of AR in VCaP cells after 24 h treatment,,,,,,,,,,,,,,,,,,,,,,,,,,,,,,,,,,,,,,,,,,,,,,,,,,,,,,,,,,,,,,,,,,,10.1021/acs.jmedchem.1c00900,781.354,780.340210968,4.83,56,6,9,4,18,169.73,C43H49ClN6O6,"InChI=1S/C43H49ClN6O6/c44-37-26-34(17-11-29(37)27-45)56-33-18-14-31(15-19-33)48-40(52)28-9-12-30(13-10-28)46-23-7-5-3-1-2-4-6-8-24-47-32-16-20-35-36(25-32)43(55)50(42(35)54)38-21-22-39(51)49-41(38)53/h9-13,16-17,20,25-26,31,33,38,46-47H,1-8,14-15,18-19,21-24H2,(H,48,52)(H,49,51,53)/t31-,33-,38?",RJFFRTWDHINENB-GCVZDEPESA-N,RJFFRTWDHINENB
2503,P10275,AR,CRBN,,,N#CC1=CC=C(O[C@H]2CC[C@H](NC(=O)C3=CC=C(NCCCCCCCCCCCNC4=CC=C5C(=O)N(C6CCC(=O)NC6=O)C(=O)C5=C4)C=C3)CC2)C=C1Cl,>1000,42,Degradation of AR in VCaP cells after 24 h treatment,,,,,,,,,,,,,,,,,,,,,,,,,,,,,,,,,,,,,,,,,,,,,,,,,,,,,,,,,,,,,,,,,,,10.1021/acs.jmedchem.1c00900,795.381,794.355861032,4.62,57,6,9,4,19,169.73,C44H51ClN6O6,"InChI=1S/C44H51ClN6O6/c45-38-27-35(18-12-30(38)28-46)57-34-19-15-32(16-20-34)49-41(53)29-10-13-31(14-11-29)47-24-8-6-4-2-1-3-5-7-9-25-48-33-17-21-36-37(26-33)44(56)51(43(36)55)39-22-23-40(52)50-42(39)54/h10-14,17-18,21,26-27,32,34,39,47-48H,1-9,15-16,19-20,22-25H2,(H,49,53)(H,50,52,54)/t32-,34-,39?",KPYLNSRIYNAOJF-RIZDTZEESA-N,KPYLNSRIYNAOJF
2504,P10275,AR,CRBN,,,N#CC1=CC=C(O[C@H]2CC[C@H](NC(=O)C3=CC=C(N4CCN(CCNC5=CC=C6C(=O)N(C7CCC(=O)NC7=O)C(=O)C6=C5)CC4)C=C3)CC2)C=C1Cl,0.8,77,Degradation of AR in VCaP cells after 24 h treatment,,,,,,,,,,,,,,,,,,,,,,,,,,,,,,,,,,,,,,,,,,,,,,,,,,,,,,,,,,,,,,,,,,,10.1021/acs.jmedchem.1c00900,738.245,737.27285968,5.34,53,7,10,3,10,164.18,C39H40ClN7O6,"InChI=1S/C39H40ClN7O6/c40-33-22-30(9-3-25(33)23-41)53-29-10-4-26(5-11-29)43-36(49)24-1-7-28(8-2-24)46-19-17-45(18-20-46)16-15-42-27-6-12-31-32(21-27)39(52)47(38(31)51)34-13-14-35(48)44-37(34)50/h1-3,6-9,12,21-22,26,29,34,42H,4-5,10-11,13-20H2,(H,43,49)(H,44,48,50)/t26-,29-,34?",KUCKATJPXILIRH-BPHARUEYSA-N,KUCKATJPXILIRH
2505,P10275,AR,CRBN,,,N#CC1=CC=C(O[C@H]2CC[C@H](NC(=O)C3=CC=C(N4CCN(CCCNC5=CC=C6C(=O)N(C7CCC(=O)NC7=O)C(=O)C6=C5)CC4)C=C3)CC2)C=C1Cl,2.7,82,Degradation of AR in VCaP cells after 24 h treatment,,,,,,,,,,,,,,,,,,,,,,,,,,,,,,,,,,,,,,,,,,,,,,,,,,,,,,,,,,,,,,,,,,,10.1021/acs.jmedchem.1c00900,752.272,751.288509744,6.05,54,7,10,3,11,164.18,C40H42ClN7O6,"InChI=1S/C40H42ClN7O6/c41-34-23-31(10-4-26(34)24-42)54-30-11-5-27(6-12-30)44-37(50)25-2-8-29(9-3-25)47-20-18-46(19-21-47)17-1-16-43-28-7-13-32-33(22-28)40(53)48(39(32)52)35-14-15-36(49)45-38(35)51/h2-4,7-10,13,22-23,27,30,35,43H,1,5-6,11-12,14-21H2,(H,44,50)(H,45,49,51)/t27-,30-,35?",IOIPLMHHWKGICH-LFUVDIOQSA-N,IOIPLMHHWKGICH
2506,P10275,AR,CRBN,,,N#CC1=CC=C(O[C@H]2CC[C@H](NC(=O)C3=CC=C(N4CCN(CCCCNC5=CC=C6C(=O)N(C7CCC(=O)NC7=O)C(=O)C6=C5)CC4)C=C3)CC2)C=C1Cl,16.2,67,Degradation of AR in VCaP cells after 24 h treatment,,,,,,,,,,,,,,,,,,,,,,,,,,,,,,,,,,,,,,,,,,,,,,,,,,,,,,,,,,,,,,,,,,,10.1021/acs.jmedchem.1c00900,766.299,765.304159808,5.42,55,7,10,3,12,164.18,C41H44ClN7O6,"InChI=1S/C41H44ClN7O6/c42-35-24-32(11-5-27(35)25-43)55-31-12-6-28(7-13-31)45-38(51)26-3-9-30(10-4-26)48-21-19-47(20-22-48)18-2-1-17-44-29-8-14-33-34(23-29)41(54)49(40(33)53)36-15-16-37(50)46-39(36)52/h3-5,8-11,14,23-24,28,31,36,44H,1-2,6-7,12-13,15-22H2,(H,45,51)(H,46,50,52)/t28-,31-,36?",QFBDIBRAVHTJHW-HDGSNFBOSA-N,QFBDIBRAVHTJHW
2507,P10275,AR,CRBN,,,N#CC1=CC=C(O[C@H]2CC[C@H](NC(=O)C3=CC=C(N4CCN(CCCCCNC5=CC=C6C(=O)N(C7CCC(=O)NC7=O)C(=O)C6=C5)CC4)C=C3)CC2)C=C1Cl,0.9,85,Degradation of AR in VCaP cells after 24 h treatment,,,,,,,,,,,,,,,,,,,,,,,,,,,,,,,,,,,,,,,,,,,,,,,,,,,,,,,,,,,,,,,,,,,10.1021/acs.jmedchem.1c00900,780.326,779.319809872,5.21,56,7,10,3,13,164.18,C42H46ClN7O6,"InChI=1S/C42H46ClN7O6/c43-36-25-33(12-6-28(36)26-44)56-32-13-7-29(8-14-32)46-39(52)27-4-10-31(11-5-27)49-22-20-48(21-23-49)19-3-1-2-18-45-30-9-15-34-35(24-30)42(55)50(41(34)54)37-16-17-38(51)47-40(37)53/h4-6,9-12,15,24-25,29,32,37,45H,1-3,7-8,13-14,16-23H2,(H,46,52)(H,47,51,53)/t29-,32-,37?",RIBBYHBSLKRREX-MLUZTVPMSA-N,RIBBYHBSLKRREX
2508,P10275,AR,CRBN,,,N#CC1=CC=C(O[C@H]2CC[C@H](NC(=O)C3=CC=C(N4CCN(CC5CCN(C6=CC=C7C(=O)N(C8CCC(=O)NC8=O)C(=O)C7=C6)CC5)CC4)C=C3)CC2)C=C1Cl,0.2,97,Degradation of AR in VCaP cells after 24 h treatment,,,,,,,,,,,,,,,,,,,,,,,,,,,,,,,,,,,,,,,,,,,,,,,,,,,2.7,Inhibit growth of VCaP cells,,,,,,,,,,,,,,,10.1021/acs.jmedchem.1c00900,792.337,791.319809872,5.93,57,8,10,2,9,155.39,C43H46ClN7O6,"InChI=1S/C43H46ClN7O6/c44-37-24-34(9-3-29(37)25-45)57-33-10-4-30(5-11-33)46-40(53)28-1-6-31(7-2-28)50-21-19-48(20-22-50)26-27-15-17-49(18-16-27)32-8-12-35-36(23-32)43(56)51(42(35)55)38-13-14-39(52)47-41(38)54/h1-3,6-9,12,23-24,27,30,33,38H,4-5,10-11,13-22,26H2,(H,46,53)(H,47,52,54)/t30-,33-,38?",QJZUVOHJKPMREF-SIOTYANSSA-N,QJZUVOHJKPMREF
2508,P10275,AR,CRBN,,TJA-107,N#CC1=CC=C(O[C@H]2CC[C@H](NC(=O)C3=CC=C(N4CCN(CC5CCN(C6=CC=C7C(=O)N(C8CCC(=O)NC8=O)C(=O)C7=C6)CC5)CC4)C=C3)CC2)C=C1Cl,155.3,>90,Degradation of AR in human dermal papilla cells,,,,,,,,,,,,,,,,,,,,,,,,,,,,,,,,,,,,,,,,,,,,,,,,,,,,,,,,,,,,,,,,,,,10.1002/smtd.202201293,792.337,791.319809872,6.64,57,8,10,2,9,155.39,C43H46ClN7O6,"InChI=1S/C43H46ClN7O6/c44-37-24-34(9-3-29(37)25-45)57-33-10-4-30(5-11-33)46-40(53)28-1-6-31(7-2-28)50-21-19-48(20-22-50)26-27-15-17-49(18-16-27)32-8-12-35-36(23-32)43(56)51(42(35)55)38-13-14-39(52)47-41(38)54/h1-3,6-9,12,23-24,27,30,33,38H,4-5,10-11,13-22,26H2,(H,46,53)(H,47,52,54)/t30-,33-,38?",QJZUVOHJKPMREF-SIOTYANSSA-N,QJZUVOHJKPMREF
2509,P10275,AR,CRBN,,,N#CC1=CC=C(O[C@H]2CC[C@H](NC(=O)C3=CC=C(N4CCN(C5CCN(C6=CC=C7C(=O)N(C8CCC(=O)NC8=O)C(=O)C7=C6)CC5)CC4)C=C3)CC2)C=C1Cl,0.3,88,Degradation of AR in VCaP cells after 24 h treatment,,,,,,,,,,,,,,,,,,,,,,,,,,,,,,,,,,,,,,,,,,,,,,,,,,,7.9,Inhibit growth of VCaP cells,,,,,,,,,,,,,,,10.1021/acs.jmedchem.1c00900,778.31,777.304159808,2.03,56,8,10,2,8,155.39,C42H44ClN7O6,"InChI=1S/C42H44ClN7O6/c43-36-24-33(9-3-27(36)25-44)56-32-10-4-28(5-11-32)45-39(52)26-1-6-29(7-2-26)48-19-21-49(22-20-48)30-15-17-47(18-16-30)31-8-12-34-35(23-31)42(55)50(41(34)54)37-13-14-38(51)46-40(37)53/h1-3,6-9,12,23-24,28,30,32,37H,4-5,10-11,13-22H2,(H,45,52)(H,46,51,53)/t28-,32-,37?",SRMKEEIRTHASLG-MVHOYPFPSA-N,SRMKEEIRTHASLG
2510,P10275,AR T878A,CRBN,,,N#CC1=CC=C(O[C@H]2CC[C@H](NC(=O)C3=CC=C(N4CCC(N5CCN(C6=CC=C7C(=O)N(C8CCC(=O)NC8=O)C(=O)C7=C6)CC5)CC4)C=C3)CC2)C=C1Cl,,,,,,,,,,,,,,,,,,,,,,,,,,,,,,,,,,,,,,,,,,,,,,,,,,,,,,,,,,,,,,,,,,,,,,10.1021/acs.jmedchem.1c00900,778.31,777.304159808,2.17,56,8,10,2,8,155.39,C42H44ClN7O6,"InChI=1S/C42H44ClN7O6/c43-36-24-33(9-3-27(36)25-44)56-32-10-4-28(5-11-32)45-39(52)26-1-6-29(7-2-26)47-17-15-30(16-18-47)48-19-21-49(22-20-48)31-8-12-34-35(23-31)42(55)50(41(34)54)37-13-14-38(51)46-40(37)53/h1-3,6-9,12,23-24,28,30,32,37H,4-5,10-11,13-22H2,(H,45,52)(H,46,51,53)/t28-,32-,37?",ZEEFAZNIKLZENT-MVHOYPFPSA-N,ZEEFAZNIKLZENT
2510,P10275,AR,CRBN,,,N#CC1=CC=C(O[C@H]2CC[C@H](NC(=O)C3=CC=C(N4CCC(N5CCN(C6=CC=C7C(=O)N(C8CCC(=O)NC8=O)C(=O)C7=C6)CC5)CC4)C=C3)CC2)C=C1Cl,0.2,95,Degradation of AR in VCaP cells after 24 h treatment,,,,,,,,,,,,,,,,,,,,,,,,,,,,,,,,,,,,,,,,,,,,,,,,,,,9.7,Inhibit growth of VCaP cells,,,,,,,,,,,,,,,10.1021/acs.jmedchem.1c00900,778.31,777.304159808,2.32,56,8,10,2,8,155.39,C42H44ClN7O6,"InChI=1S/C42H44ClN7O6/c43-36-24-33(9-3-27(36)25-44)56-32-10-4-28(5-11-32)45-39(52)26-1-6-29(7-2-26)47-17-15-30(16-18-47)48-19-21-49(22-20-48)31-8-12-34-35(23-31)42(55)50(41(34)54)37-13-14-38(51)46-40(37)53/h1-3,6-9,12,23-24,28,30,32,37H,4-5,10-11,13-22H2,(H,45,52)(H,46,51,53)/t28-,32-,37?",ZEEFAZNIKLZENT-MVHOYPFPSA-N,ZEEFAZNIKLZENT
2511,P10275,AR T878A,CRBN,,,N#CC1=CC=C(O[C@H]2CC[C@H](NC(=O)C3=CC=C(N4CCN(CC5CN(C6=CC=C7C(=O)N(C8CCC(=O)NC8=O)C(=O)C7=C6)C5)CC4)C=C3)CC2)C=C1Cl,,,,,,,,,,,,,,,,,,,,,,,,,,,,,,,,,,,,,,,,,,,,,,,,,,,,,,,,,,,,,,,,,,,,,,10.1021/acs.jmedchem.1c00900,764.283,763.288509744,2.47,55,8,10,2,9,155.39,C41H42ClN7O6,"InChI=1S/C41H42ClN7O6/c42-35-20-32(9-3-27(35)21-43)55-31-10-4-28(5-11-31)44-38(51)26-1-6-29(7-2-26)47-17-15-46(16-18-47)22-25-23-48(24-25)30-8-12-33-34(19-30)41(54)49(40(33)53)36-13-14-37(50)45-39(36)52/h1-3,6-9,12,19-20,25,28,31,36H,4-5,10-11,13-18,22-24H2,(H,44,51)(H,45,50,52)/t28-,31-,36?",ZXOIALMBAAMQKG-HDGSNFBOSA-N,ZXOIALMBAAMQKG
2511,P10275,AR,CRBN,,,N#CC1=CC=C(O[C@H]2CC[C@H](NC(=O)C3=CC=C(N4CCN(CC5CN(C6=CC=C7C(=O)N(C8CCC(=O)NC8=O)C(=O)C7=C6)C5)CC4)C=C3)CC2)C=C1Cl,0.3,92,Degradation of AR in VCaP cells after 24 h treatment,,,,,,,,,,,,,,,,,,,,,,,,,,,,,,,,,,,,,,,,,,,,,,,,,,,6.7,Inhibit growth of VCaP cells,,,,,,,,,,,,,,,10.1021/acs.jmedchem.1c00900,764.283,763.288509744,2.77,55,8,10,2,9,155.39,C41H42ClN7O6,"InChI=1S/C41H42ClN7O6/c42-35-20-32(9-3-27(35)21-43)55-31-10-4-28(5-11-31)44-38(51)26-1-6-29(7-2-26)47-17-15-46(16-18-47)22-25-23-48(24-25)30-8-12-33-34(19-30)41(54)49(40(33)53)36-13-14-37(50)45-39(36)52/h1-3,6-9,12,19-20,25,28,31,36H,4-5,10-11,13-18,22-24H2,(H,44,51)(H,45,50,52)/t28-,31-,36?",ZXOIALMBAAMQKG-HDGSNFBOSA-N,ZXOIALMBAAMQKG
2512,P10275,AR,CRBN,,,N#CC1=CC=C(O[C@H]2CC[C@H](NC(=O)C3=CC=C(N4CCN(C5CN(C6=CC=C7C(=O)N(C8CCC(=O)NC8=O)C(=O)C7=C6)C5)CC4)C=C3)CC2)C=C1Cl,0.1,76,Degradation of AR in VCaP cells after 24 h treatment,,,,,,,,,,,,,,,,,,,,,,,,,,,,,,,,,,,,,,,,,,,,,,,,,,,,,,,,,,,,,,,,,,,10.1021/acs.jmedchem.1c00900,750.256,749.27285968,2.77,54,8,10,2,8,155.39,C40H40ClN7O6,"InChI=1S/C40H40ClN7O6/c41-34-20-31(9-3-25(34)21-42)54-30-10-4-26(5-11-30)43-37(50)24-1-6-27(7-2-24)45-15-17-46(18-16-45)29-22-47(23-29)28-8-12-32-33(19-28)40(53)48(39(32)52)35-13-14-36(49)44-38(35)51/h1-3,6-9,12,19-20,26,29-30,35H,4-5,10-11,13-18,22-23H2,(H,43,50)(H,44,49,51)/t26-,30-,35?",IFCKDGNCNVHZTM-KEQPVMAKSA-N,IFCKDGNCNVHZTM
2513,P10275,AR,CRBN,,,N#CC1=CC=C(O[C@H]2CC[C@H](NC(=O)C3=CC=C(N4CCC(N5CCN(C6=CC=C7C(=O)N(C8CCC(=O)NC8=O)C(=O)C7=C6)CC5)CC4)C=C3)C2)C=C1Cl,>1000,20,Degradation of AR in VCaP cells after 24 h treatment,,,,,,,,,,,,,,,,,,,,,,,,,,,,,,,,,,,,,,,,,,,,,,,,,,,>1000,Inhibit growth of VCaP cells,,,,,,,,,,,,,,,10.1021/acs.jmedchem.1c00900,764.283,763.288509744,2.77,55,8,10,2,8,155.39,C41H42ClN7O6,"InChI=1S/C41H42ClN7O6/c42-35-23-32(8-3-26(35)24-43)55-31-9-4-27(21-31)44-38(51)25-1-5-28(6-2-25)46-15-13-29(14-16-46)47-17-19-48(20-18-47)30-7-10-33-34(22-30)41(54)49(40(33)53)36-11-12-37(50)45-39(36)52/h1-3,5-8,10,22-23,27,29,31,36H,4,9,11-21H2,(H,44,51)(H,45,50,52)/t27-,31-,36?/m0/s1",GXUBCAYGWJGCKT-SVYXOXRISA-N,GXUBCAYGWJGCKT
2514,P10275,AR,CRBN,,,N#CC1=CC=C(O[C@@H]2CCC[C@@H](NC(=O)C3=CC=C(N4CCC(N5CCN(C6=CC=C7C(=O)N(C8CCC(=O)NC8=O)C(=O)C7=C6)CC5)CC4)C=C3)CC2)C=C1Cl,>1000,45,Degradation of AR in VCaP cells after 24 h treatment,,,,,,,,,,,,,,,,,,,,,,,,,,,,,,,,,,,,,,,,,,,,,,,,,,,,,,,,,,,,,,,,,,,10.1021/acs.jmedchem.1c00900,792.337,791.319809872,2.96,57,8,10,2,8,155.39,C43H46ClN7O6,"InChI=1S/C43H46ClN7O6/c44-37-25-34(11-6-28(37)26-45)57-33-3-1-2-29(7-12-33)46-40(53)27-4-8-30(9-5-27)48-18-16-31(17-19-48)49-20-22-50(23-21-49)32-10-13-35-36(24-32)43(56)51(42(35)55)38-14-15-39(52)47-41(38)54/h4-6,8-11,13,24-25,29,31,33,38H,1-3,7,12,14-23H2,(H,46,53)(H,47,52,54)/t29-,33-,38?/m1/s1",VGXZUMFEKIFIQW-UCRZJGTBSA-N,VGXZUMFEKIFIQW
2515,P10275,AR,CRBN,,,N#CC1=CC=C(O[C@H]2CCC[C@@H](NC(=O)C3=CC=C(N4CCC(N5CCN(C6=CC=C7C(=O)N(C8CCC(=O)NC8=O)C(=O)C7=C6)CC5)CC4)C=C3)CCC2)C=C1Cl,>1000,54,Degradation of AR in VCaP cells after 24 h treatment,,,,,,,,,,,,,,,,,,,,,,,,,,,,,,,,,,,,,,,,,,,,,,,,,,,,,,,,,,,,,,,,,,,10.1021/acs.jmedchem.1c00900,806.364,805.335459936,3.23,58,8,10,2,8,155.39,C44H48ClN7O6,"InChI=1S/C44H48ClN7O6/c45-38-26-35(13-9-29(38)27-46)58-34-5-1-3-30(4-2-6-34)47-41(54)28-7-10-31(11-8-28)49-19-17-32(18-20-49)50-21-23-51(24-22-50)33-12-14-36-37(25-33)44(57)52(43(36)56)39-15-16-40(53)48-42(39)55/h7-14,25-26,30,32,34,39H,1-6,15-24H2,(H,47,54)(H,48,53,55)/t30-,34+,39?",LOWACICYXXELEY-GDMVNCDBSA-N,LOWACICYXXELEY
2516,P10275,AR,CRBN,,,N#CC1=CC=C(OC2CCN(C(=O)C3=CC=C(N4CCC(N5CCN(C6=CC=C7C(=O)N(C8CCC(=O)NC8=O)C(=O)C7=C6)CC5)CC4)C=C3)CC2)C=C1Cl,>1000,19,Degradation of AR in VCaP cells after 24 h treatment,,,,,,,,,,,,,,,,,,,,,,,,,,,,,,,,,,,,,,,,,,,,,,,,,,,>1000,Inhibit growth of VCaP cells,,,,,,,,,,,,,,,10.1021/acs.jmedchem.1c00900,764.283,763.288509744,4.91,55,8,10,1,7,146.6,C41H42ClN7O6,"InChI=1S/C41H42ClN7O6/c42-35-24-32(7-3-27(35)25-43)55-31-13-17-48(18-14-31)39(52)26-1-4-28(5-2-26)45-15-11-29(12-16-45)46-19-21-47(22-20-46)30-6-8-33-34(23-30)41(54)49(40(33)53)36-9-10-37(50)44-38(36)51/h1-8,23-24,29,31,36H,9-22H2,(H,44,50,51)",RACWFSYZHXHUJV-UHFFFAOYSA-N,RACWFSYZHXHUJV
2517,P10275,AR,CRBN,,,N#CC1=CC=C(OC2CCCN(C(=O)C3=CC=C(N4CCC(N5CCN(C6=CC=C7C(=O)N(C8CCC(=O)NC8=O)C(=O)C7=C6)CC5)CC4)C=C3)CC2)C=C1Cl,>1000,35,Degradation of AR in VCaP cells after 24 h treatment,,,,,,,,,,,,,,,,,,,,,,,,,,,,,,,,,,,,,,,,,,,,,,,,,,,>1000,Inhibit growth of VCaP cells,,,,,,,,,,,,,,,10.1021/acs.jmedchem.1c00900,778.31,777.304159808,2.88,56,8,10,1,7,146.6,C42H44ClN7O6,"InChI=1S/C42H44ClN7O6/c43-36-25-33(9-5-28(36)26-44)56-32-2-1-16-49(19-15-32)40(53)27-3-6-29(7-4-27)46-17-13-30(14-18-46)47-20-22-48(23-21-47)31-8-10-34-35(24-31)42(55)50(41(34)54)37-11-12-38(51)45-39(37)52/h3-10,24-25,30,32,37H,1-2,11-23H2,(H,45,51,52)",SWYBGHSSRFVKQG-UHFFFAOYSA-N,SWYBGHSSRFVKQG
2518,P10275,AR,CRBN,,,N#CC1=CC=C(N[C@H]2CC[C@H](NC(=O)C3=CC=C(N4CCC(N5CCN(C6=CC=C7C(=O)N(C8CCC(=O)NC8=O)C(=O)C7=C6)CC5)CC4)C=C3)CC2)C=C1Cl,0.3,78,Degradation of AR in VCaP cells after 24 h treatment,,,,,,,,,,,,,,,,,,,,,,,,,,,,,,,,,,,,,,,,,,,,,,,,,,,16.6,Inhibit growth of VCaP cells,,,,,,,,,,,,,,,10.1021/acs.jmedchem.1c00900,777.326,776.32014422,2.88,56,8,10,3,8,158.19,C42H45ClN8O5,"InChI=1S/C42H45ClN8O5/c43-36-23-30(4-1-27(36)25-44)45-28-5-7-29(8-6-28)46-39(53)26-2-9-31(10-3-26)48-17-15-32(16-18-48)49-19-21-50(22-20-49)33-11-12-34-35(24-33)42(56)51(41(34)55)37-13-14-38(52)47-40(37)54/h1-4,9-12,23-24,28-29,32,37,45H,5-8,13-22H2,(H,46,53)(H,47,52,54)/t28-,29-,37?",IRDHCECVXOCRLY-QZHRDHLUSA-N,IRDHCECVXOCRLY
2519,P10275,AR,CRBN,,,CN(C1=CC=C(C#N)C(Cl)=C1)[C@H]1CC[C@H](NC(=O)C2=CC=C(N3CCC(N4CCN(C5=CC=C6C(=O)N(C7CCC(=O)NC7=O)C(=O)C6=C5)CC4)CC3)C=C2)CC1,0.09,99,Degradation of AR in VCaP cells after 24 h treatment,,,,,,,,,,,,,,,,,,,,,,,,,,,,,,,,,,,,,,,,,,,,,,,,,,,1.8,Inhibit growth of VCaP cells,,,,,,,,,,,,,,,10.1021/acs.jmedchem.1c00900,791.353,790.335794284,2.88,57,8,10,2,8,149.4,C43H47ClN8O5,"InChI=1S/C43H47ClN8O5/c1-48(33-9-4-28(26-45)37(44)25-33)30-10-5-29(6-11-30)46-40(54)27-2-7-31(8-3-27)49-18-16-32(17-19-49)50-20-22-51(23-21-50)34-12-13-35-36(24-34)43(57)52(42(35)56)38-14-15-39(53)47-41(38)55/h2-4,7-9,12-13,24-25,29-30,32,38H,5-6,10-11,14-23H2,1H3,(H,46,54)(H,47,53,55)/t29-,30-,38?",BEEAHZAQHFFDHP-KIIACXQNSA-N,BEEAHZAQHFFDHP
2519,P10275,AR T878A,CRBN,,,CN(C1=CC=C(C#N)C(Cl)=C1)[C@H]1CC[C@H](NC(=O)C2=CC=C(N3CCC(N4CCN(C5=CC=C6C(=O)N(C7CCC(=O)NC7=O)C(=O)C6=C5)CC4)CC3)C=C2)CC1,0.3,95,Degradation of AR T878A in LNCaP (AR T878A) cells after 24 h treatment,,,,,,,,,,,,,,,,,,,,,,,,,,,,,,,,,,,,,,,,,,,,,,,,,,,15.3,Inhibit growth of LNCaP (AR T878A) cells,,,,,,,,,,,,,,,10.1021/acs.jmedchem.1c00900,791.353,790.335794284,2.73,57,8,10,2,8,149.4,C43H47ClN8O5,"InChI=1S/C43H47ClN8O5/c1-48(33-9-4-28(26-45)37(44)25-33)30-10-5-29(6-11-30)46-40(54)27-2-7-31(8-3-27)49-18-16-32(17-19-49)50-20-22-51(23-21-50)34-12-13-35-36(24-34)43(57)52(42(35)56)38-14-15-39(53)47-41(38)55/h2-4,7-9,12-13,24-25,29-30,32,38H,5-6,10-11,14-23H2,1H3,(H,46,54)(H,47,53,55)/t29-,30-,38?",BEEAHZAQHFFDHP-KIIACXQNSA-N,BEEAHZAQHFFDHP
2520,P10275,AR,CRBN,,,CCN(C1=CC=C(C#N)C(Cl)=C1)[C@H]1CC[C@H](NC(=O)C2=CC=C(N3CCC(N4CCN(C5=CC=C6C(=O)N(C7CCC(=O)NC7=O)C(=O)C6=C5)CC4)CC3)C=C2)CC1,0.1,99,Degradation of AR in VCaP cells after 24 h treatment,,,,,,,,,,,,,,,,,,,,,,,,,,,,,,,,,,,,,,,,,,,,,,,,,,,2.1,Inhibit growth of VCaP cells,,,,,,,,,,,,,,,10.1021/acs.jmedchem.1c00900,805.38,804.351444348,2.73,58,8,10,2,9,149.4,C44H49ClN8O5,"InChI=1S/C44H49ClN8O5/c1-2-52(35-10-5-29(27-46)38(45)26-35)33-11-6-30(7-12-33)47-41(55)28-3-8-31(9-4-28)49-19-17-32(18-20-49)50-21-23-51(24-22-50)34-13-14-36-37(25-34)44(58)53(43(36)57)39-15-16-40(54)48-42(39)56/h3-5,8-10,13-14,25-26,30,32-33,39H,2,6-7,11-12,15-24H2,1H3,(H,47,55)(H,48,54,56)/t30-,33-,39?",VZVAWYNZTBXESG-BULKPCKOSA-N,VZVAWYNZTBXESG
2521,P10275,AR,CRBN,,,CCCN(C1=CC=C(C#N)C(Cl)=C1)[C@H]1CC[C@H](NC(=O)C2=CC=C(N3CCC(N4CCN(C5=CC=C6C(=O)N(C7CCC(=O)NC7=O)C(=O)C6=C5)CC4)CC3)C=C2)CC1,1.4,88,Degradation of AR in VCaP cells after 24 h treatment,,,,,,,,,,,,,,,,,,,,,,,,,,,,,,,,,,,,,,,,,,,,,,,,,,,83.5,Inhibit growth of VCaP cells,,,,,,,,,,,,,,,10.1021/acs.jmedchem.1c00900,819.407,818.367094412,2.73,59,8,10,2,10,149.4,C45H51ClN8O5,"InChI=1S/C45H51ClN8O5/c1-2-19-53(36-10-5-30(28-47)39(46)27-36)34-11-6-31(7-12-34)48-42(56)29-3-8-32(9-4-29)50-20-17-33(18-21-50)51-22-24-52(25-23-51)35-13-14-37-38(26-35)45(59)54(44(37)58)40-15-16-41(55)49-43(40)57/h3-5,8-10,13-14,26-27,31,33-34,40H,2,6-7,11-12,15-25H2,1H3,(H,48,56)(H,49,55,57)/t31-,34-,40?",FVEFTVCRDXCSLR-MLTFQQHKSA-N,FVEFTVCRDXCSLR
2522,P10275,AR,CRBN,,,CN(C1=CC=C(C#N)C(Cl)=C1)[C@H]1CC[C@H](NC(=O)C2=CC=C(N3CCN(CC4CCN(C5=CC=C6C(=O)N(C7CCC(=O)NC7=O)C(=O)C6=C5)CC4)CC3)C=C2)CC1,1.4,93,Degradation of AR in VCaP cells after 24 h treatment,,,,,,,,,,,,,,,,,,,,,,,,,,,,,,,,,,,,,,,,,,,,,,,,,,,,,,,,,,,,,,,,,,,10.1021/acs.jmedchem.1c00900,805.38,804.351444348,2.34,58,8,10,2,9,149.4,C44H49ClN8O5,"InChI=1S/C44H49ClN8O5/c1-49(34-9-4-30(26-46)38(45)25-34)32-10-5-31(6-11-32)47-41(55)29-2-7-33(8-3-29)52-22-20-50(21-23-52)27-28-16-18-51(19-17-28)35-12-13-36-37(24-35)44(58)53(43(36)57)39-14-15-40(54)48-42(39)56/h2-4,7-9,12-13,24-25,28,31-32,39H,5-6,10-11,14-23,27H2,1H3,(H,47,55)(H,48,54,56)/t31-,32-,39?",FSMCKEYFGVIYBM-WIDQNFKDSA-N,FSMCKEYFGVIYBM
2523,P10275,AR,CRBN,,,CN(C1=CC=C(C#N)C(Cl)=C1)[C@H]1CC[C@H](NC(=O)C2=CC=C(N3CCC(CN4CCN(C5=CC=C6C(=O)N(C7CCC(=O)NC7=O)C(=O)C6=C5)CC4)CC3)C=C2)CC1,0.5,96,Degradation of AR in VCaP cells after 24 h treatment,,,,,,,,,,,,,,,,,,,,,,,,,,,,,,,,,,,,,,,,,,,,,,,,,,,,,,,,,,,,,,,,,,,10.1021/acs.jmedchem.1c00900,805.38,804.351444348,2.34,58,8,10,2,9,149.4,C44H49ClN8O5,"InChI=1S/C44H49ClN8O5/c1-49(34-9-4-30(26-46)38(45)25-34)32-10-5-31(6-11-32)47-41(55)29-2-7-33(8-3-29)51-18-16-28(17-19-51)27-50-20-22-52(23-21-50)35-12-13-36-37(24-35)44(58)53(43(36)57)39-14-15-40(54)48-42(39)56/h2-4,7-9,12-13,24-25,28,31-32,39H,5-6,10-11,14-23,27H2,1H3,(H,47,55)(H,48,54,56)/t31-,32-,39?",XLQOXOVXCNIRJP-WIDQNFKDSA-N,XLQOXOVXCNIRJP
2524,P10275,AR,CRBN,,,CN(C1=CC=C(C#N)C(Cl)=C1)[C@H]1CC[C@H](NC(=O)C2=CC=C(N3CCN(C4CCN(C5=CC=C6C(=O)N(C7CCC(=O)NC7=O)C(=O)C6=C5)CC4)CC3)C=C2)CC1,0.1,96,Degradation of AR in VCaP cells after 24 h treatment,,,,,,,,,,,,,,,,,,,,,,,,,,,,,,,,,,,,,,,,,,,,,,,,,,,0.8,Inhibit growth of VCaP cells,,,,,,,,,,,,,,,10.1021/acs.jmedchem.1c00900,791.353,790.335794284,2.34,57,8,10,2,8,149.4,C43H47ClN8O5,"InChI=1S/C43H47ClN8O5/c1-48(33-9-4-28(26-45)37(44)25-33)30-10-5-29(6-11-30)46-40(54)27-2-7-31(8-3-27)50-20-22-51(23-21-50)32-16-18-49(19-17-32)34-12-13-35-36(24-34)43(57)52(42(35)56)38-14-15-39(53)47-41(38)55/h2-4,7-9,12-13,24-25,29-30,32,38H,5-6,10-11,14-23H2,1H3,(H,46,54)(H,47,53,55)/t29-,30-,38?",WHJVBMNCPUFBSX-KIIACXQNSA-N,WHJVBMNCPUFBSX
2524,P10275,AR T878A,CRBN,,,CN(C1=CC=C(C#N)C(Cl)=C1)[C@H]1CC[C@H](NC(=O)C2=CC=C(N3CCN(C4CCN(C5=CC=C6C(=O)N(C7CCC(=O)NC7=O)C(=O)C6=C5)CC4)CC3)C=C2)CC1,0.4,95,Degradation of AR T878A in LNCaP (AR T878A) cells after 24 h treatment,,,,,,,,,,,,,,,,,,,,,,,,,,,,,,,,,,,,,,,,,,,,,,,,,,,22.3,Inhibit growth of LNCaP (AR T878A) cells,,,,,,,,,,,,,,,10.1021/acs.jmedchem.1c00900,791.353,790.335794284,3.64,57,8,10,2,8,149.4,C43H47ClN8O5,"InChI=1S/C43H47ClN8O5/c1-48(33-9-4-28(26-45)37(44)25-33)30-10-5-29(6-11-30)46-40(54)27-2-7-31(8-3-27)50-20-22-51(23-21-50)32-16-18-49(19-17-32)34-12-13-35-36(24-34)43(57)52(42(35)56)38-14-15-39(53)47-41(38)55/h2-4,7-9,12-13,24-25,29-30,32,38H,5-6,10-11,14-23H2,1H3,(H,46,54)(H,47,53,55)/t29-,30-,38?",WHJVBMNCPUFBSX-KIIACXQNSA-N,WHJVBMNCPUFBSX
2525,P10275,AR,CRBN,,,CN(C1=CC=C(C#N)C(Cl)=C1)[C@H]1CC[C@H](NC(=O)C2=CC=C(N3CCN(CC4CN(C5=CC=C6C(=O)N(C7CCC(=O)NC7=O)C(=O)C6=C5)C4)CC3)C=C2)CC1,0.01,99,Degradation of AR in VCaP cells after 24 h treatment,,,,,,,,,,,,,,,,,,,,,,,,,,,,,,,,,,,,,,,,,,,,,,,,,,,1.1,Inhibit growth of VCaP cells,,,,,,,,,,,,,,,10.1021/acs.jmedchem.1c00900,777.326,776.32014422,3.64,56,8,10,2,9,149.4,C42H45ClN8O5,"InChI=1S/C42H45ClN8O5/c1-47(32-9-4-28(22-44)36(43)21-32)30-10-5-29(6-11-30)45-39(53)27-2-7-31(8-3-27)49-18-16-48(17-19-49)23-26-24-50(25-26)33-12-13-34-35(20-33)42(56)51(41(34)55)37-14-15-38(52)46-40(37)54/h2-4,7-9,12-13,20-21,26,29-30,37H,5-6,10-11,14-19,23-25H2,1H3,(H,45,53)(H,46,52,54)/t29-,30-,37?",YYULHFDWXXZSRM-VZASAIHWSA-N,YYULHFDWXXZSRM
2525,P10275,AR T878A,CRBN,,,CN(C1=CC=C(C#N)C(Cl)=C1)[C@H]1CC[C@H](NC(=O)C2=CC=C(N3CCN(CC4CN(C5=CC=C6C(=O)N(C7CCC(=O)NC7=O)C(=O)C6=C5)C4)CC3)C=C2)CC1,0.9,99,Degradation of AR T878A in LNCaP (AR T878A) cells after 24 h treatment,,,,,,,,,,,,,,,,,,,,,,,,,,,,,,,,,,,,,,,,,,,,,,,,,,,11.4,Inhibit growth of LNCaP (AR T878A) cells,,,,,,,,,,,,,,,10.1021/acs.jmedchem.1c00900,777.326,776.32014422,3.64,56,8,10,2,9,149.4,C42H45ClN8O5,"InChI=1S/C42H45ClN8O5/c1-47(32-9-4-28(22-44)36(43)21-32)30-10-5-29(6-11-30)45-39(53)27-2-7-31(8-3-27)49-18-16-48(17-19-49)23-26-24-50(25-26)33-12-13-34-35(20-33)42(56)51(41(34)55)37-14-15-38(52)46-40(37)54/h2-4,7-9,12-13,20-21,26,29-30,37H,5-6,10-11,14-19,23-25H2,1H3,(H,45,53)(H,46,52,54)/t29-,30-,37?",YYULHFDWXXZSRM-VZASAIHWSA-N,YYULHFDWXXZSRM
2526,P10275,AR,CRBN,,ARD-2585,CN(C1=CC=C(C#N)C(Cl)=C1)[C@H]1CC[C@H](NC(=O)C2=CC=C(N3CCN(C4CN(C5=CC=C6C(=O)N(C7CCC(=O)NC7=O)C(=O)C6=C5)C4)CC3)C=C2)CC1,0.04,99,Degradation of AR in VCaP cells after 24 h treatment,,,,,,,,,,,,,,,,,,,,,,,,,,,,,,,,,,,,,,,,,,,,,,,,,,,1.5,Inhibit growth of VCaP cells,,,,,,,,,,,,,,,10.1021/acs.jmedchem.1c00900,763.299,762.304494156,4.0,55,8,10,2,8,149.4,C41H43ClN8O5,"InChI=1S/C41H43ClN8O5/c1-46(30-9-4-26(22-43)35(42)21-30)28-10-5-27(6-11-28)44-38(52)25-2-7-29(8-3-25)47-16-18-48(19-17-47)32-23-49(24-32)31-12-13-33-34(20-31)41(55)50(40(33)54)36-14-15-37(51)45-39(36)53/h2-4,7-9,12-13,20-21,27-28,32,36H,5-6,10-11,14-19,23-24H2,1H3,(H,44,52)(H,45,51,53)/t27-,28-,36?",LUCHABJUYSYJAT-RVWRWSNSSA-N,LUCHABJUYSYJAT
2526,P10275,AR T878A,CRBN,,,CN(C1=CC=C(C#N)C(Cl)=C1)[C@H]1CC[C@H](NC(=O)C2=CC=C(N3CCN(C4CN(C5=CC=C6C(=O)N(C7CCC(=O)NC7=O)C(=O)C6=C5)C4)CC3)C=C2)CC1,0.1,98,Degradation of AR T878A in LNCaP (AR T878A) cells after 24 h treatment,,,,,,,,,,,,,,,,,,,,,,,,,,,,,,,,,,,,,,,,,,,,,,,,,,,16.2,Inhibit growth of LNCaP (AR T878A) cells,,,,,,,,,,,,,,,10.1021/acs.jmedchem.1c00900,763.299,762.304494156,4.0,55,8,10,2,8,149.4,C41H43ClN8O5,"InChI=1S/C41H43ClN8O5/c1-46(30-9-4-26(22-43)35(42)21-30)28-10-5-27(6-11-28)44-38(52)25-2-7-29(8-3-25)47-16-18-48(19-17-47)32-23-49(24-32)31-12-13-33-34(20-31)41(55)50(40(33)54)36-14-15-37(51)45-39(36)53/h2-4,7-9,12-13,20-21,27-28,32,36H,5-6,10-11,14-19,23-24H2,1H3,(H,44,52)(H,45,51,53)/t27-,28-,36?",LUCHABJUYSYJAT-RVWRWSNSSA-N,LUCHABJUYSYJAT
2527,P10275,AR,CRBN,,,CN(C1=CC=C(C#N)C(Cl)=C1)[C@H]1CC[C@H](NC(=O)C2=CC=C(N3CC(CN4CCN(C5=CC=C6C(=O)N(C7CCC(=O)NC7=O)C(=O)C6=C5)CC4)C3)C=C2)CC1,0.1,100,Degradation of AR in VCaP cells after 24 h treatment,,,,,,,,,,,,,,,,,,,,,,,,,,,,,,,,,,,,,,,,,,,,,,,,,,,4.3,Inhibit growth of VCaP cells,,,,,,,,,,,,,,,10.1021/acs.jmedchem.1c00900,777.326,776.32014422,4.0,56,8,10,2,9,149.4,C42H45ClN8O5,"InChI=1S/C42H45ClN8O5/c1-47(32-9-4-28(22-44)36(43)21-32)30-10-5-29(6-11-30)45-39(53)27-2-7-31(8-3-27)50-24-26(25-50)23-48-16-18-49(19-17-48)33-12-13-34-35(20-33)42(56)51(41(34)55)37-14-15-38(52)46-40(37)54/h2-4,7-9,12-13,20-21,26,29-30,37H,5-6,10-11,14-19,23-25H2,1H3,(H,45,53)(H,46,52,54)/t29-,30-,37?",LOFIFWMXRZZLIL-VZASAIHWSA-N,LOFIFWMXRZZLIL
2527,P10275,AR T878A,CRBN,,,CN(C1=CC=C(C#N)C(Cl)=C1)[C@H]1CC[C@H](NC(=O)C2=CC=C(N3CC(CN4CCN(C5=CC=C6C(=O)N(C7CCC(=O)NC7=O)C(=O)C6=C5)CC4)C3)C=C2)CC1,1.9,99,Degradation of AR T878A in LNCaP (AR T878A) cells after 24 h treatment,,,,,,,,,,,,,,,,,,,,,,,,,,,,,,,,,,,,,,,,,,,,,,,,,,,11.6,Inhibit growth of LNCaP (AR T878A) cells,,,,,,,,,,,,,,,10.1021/acs.jmedchem.1c00900,777.326,776.32014422,4.54,56,8,10,2,9,149.4,C42H45ClN8O5,"InChI=1S/C42H45ClN8O5/c1-47(32-9-4-28(22-44)36(43)21-32)30-10-5-29(6-11-30)45-39(53)27-2-7-31(8-3-27)50-24-26(25-50)23-48-16-18-49(19-17-48)33-12-13-34-35(20-33)42(56)51(41(34)55)37-14-15-38(52)46-40(37)54/h2-4,7-9,12-13,20-21,26,29-30,37H,5-6,10-11,14-19,23-25H2,1H3,(H,45,53)(H,46,52,54)/t29-,30-,37?",LOFIFWMXRZZLIL-VZASAIHWSA-N,LOFIFWMXRZZLIL
2528,P10275,AR,CRBN,,,CN(C1=CC=C(C#N)C(Cl)=C1)[C@H]1CC[C@H](NC(=O)C2=CC=C(N3CC(N4CCN(C5=CC=C6C(=O)N(C7CCC(=O)NC7=O)C(=O)C6=C5)CC4)C3)C=C2)CC1,0.2,96,Degradation of AR in VCaP cells after 24 h treatment,,,,,,,,,,,,,,,,,,,,,,,,,,,,,,,,,,,,,,,,,,,,,,,,,,,5.1,Inhibit growth of VCaP cells,,,,,,,,,,,,,,,10.1021/acs.jmedchem.1c00900,763.299,762.304494156,4.54,55,8,10,2,8,149.4,C41H43ClN8O5,"InChI=1S/C41H43ClN8O5/c1-46(30-9-4-26(22-43)35(42)21-30)28-10-5-27(6-11-28)44-38(52)25-2-7-29(8-3-25)49-23-32(24-49)48-18-16-47(17-19-48)31-12-13-33-34(20-31)41(55)50(40(33)54)36-14-15-37(51)45-39(36)53/h2-4,7-9,12-13,20-21,27-28,32,36H,5-6,10-11,14-19,23-24H2,1H3,(H,44,52)(H,45,51,53)/t27-,28-,36?",RNZSZCNUPQYOIX-RVWRWSNSSA-N,RNZSZCNUPQYOIX
2528,P10275,AR T878A,CRBN,,,CN(C1=CC=C(C#N)C(Cl)=C1)[C@H]1CC[C@H](NC(=O)C2=CC=C(N3CC(N4CCN(C5=CC=C6C(=O)N(C7CCC(=O)NC7=O)C(=O)C6=C5)CC4)C3)C=C2)CC1,1.3,64,Degradation of AR T878A in LNCaP (AR T878A) cells after 24 h treatment,,,,,,,,,,,,,,,,,,,,,,,,,,,,,,,,,,,,,,,,,,,,,,,,,,,21.7,Inhibit growth of LNCaP (AR T878A) cells,,,,,,,,,,,,,,,10.1021/acs.jmedchem.1c00900,763.299,762.304494156,4.54,55,8,10,2,8,149.4,C41H43ClN8O5,"InChI=1S/C41H43ClN8O5/c1-46(30-9-4-26(22-43)35(42)21-30)28-10-5-27(6-11-28)44-38(52)25-2-7-29(8-3-25)49-23-32(24-49)48-18-16-47(17-19-48)31-12-13-33-34(20-31)41(55)50(40(33)54)36-14-15-37(51)45-39(36)53/h2-4,7-9,12-13,20-21,27-28,32,36H,5-6,10-11,14-19,23-24H2,1H3,(H,44,52)(H,45,51,53)/t27-,28-,36?",RNZSZCNUPQYOIX-RVWRWSNSSA-N,RNZSZCNUPQYOIX
2529,P10275,AR,CRBN,,,CC(O)(CS(=O)(=O)C1=CC=C(N2CCN(C3CCN(C4=CC=C5C(=O)N(C6CCC(=O)NC6=O)C(=O)C5=C4)CC3)CC2)C=C1)C(=O)NC1=CC=C(C#N)C(C(F)(F)F)=C1,>1000,32,Degradation of AR in VCaP cells after 24 h treatment,,,,,,,,,,,,,,,,,,,,,,,,,,,,,,,,,,,,,,,,,,,,,,,,,,,>1000,Inhibit growth of VCaP cells,,,,,,,,,,,,,,,10.1021/acs.jmedchem.1c00900,835.862,835.2611169,5.62,59,7,12,3,9,200.53,C40H40F3N7O8S,"InChI=1S/C40H40F3N7O8S/c1-39(56,38(55)45-25-3-2-24(22-44)32(20-25)40(41,42)43)23-59(57,58)29-7-4-26(5-8-29)48-16-18-49(19-17-48)27-12-14-47(15-13-27)28-6-9-30-31(21-28)37(54)50(36(30)53)33-10-11-34(51)46-35(33)52/h2-9,20-21,27,33,56H,10-19,23H2,1H3,(H,45,55)(H,46,51,52)",RDTWXYREPJFRLJ-UHFFFAOYSA-N,RDTWXYREPJFRLJ
2530,P10275,AR,CRBN,,,CC1(C)C(=O)N(C2=CC=C(C#N)C(C(F)(F)F)=C2)C(=S)N1C1=CC=C(C(=O)N2CCN(C3CCN(C4=CC=C5C(=O)N(C6CCC(=O)NC6=O)C(=O)C5=C4)CC3)CC2)C(F)=C1,>1000,14,Degradation of AR in VCaP cells after 24 h treatment,,,,,,,,,,,,,,,,,,,,,,,,,,,,,,,,,,,,,,,,,,,,,,,,,,,>1000,Inhibit growth of VCaP cells,,,,,,,,,,,,,,,10.1021/acs.jmedchem.1c00900,858.875,858.257114816,5.62,61,8,10,1,6,157.68,C42H38F4N8O6S,"InChI=1S/C42H38F4N8O6S/c1-41(2)39(60)52(26-4-3-23(22-47)31(20-26)42(44,45)46)40(61)54(41)27-6-8-29(32(43)21-27)36(57)51-17-15-50(16-18-51)24-11-13-49(14-12-24)25-5-7-28-30(19-25)38(59)53(37(28)58)33-9-10-34(55)48-35(33)56/h3-8,19-21,24,33H,9-18H2,1-2H3,(H,48,55,56)",GPZDKLVDAYMWLZ-UHFFFAOYSA-N,GPZDKLVDAYMWLZ
2531,P10275,AR,CRBN,,,N#CC1=NC=C(N2C(=O)C3(CCC3)N(C3=CC=C(C(=O)N4CCN(C5CCN(C6=CC=C7C(=O)N(C8CCC(=O)NC8=O)C(=O)C7=C6)CC5)CC4)C(F)=C3)C2=S)C=C1C(F)(F)F,>1000,27,Degradation of AR in VCaP cells after 24 h treatment,,,,,,,,,,,,,,,,,,,,,,,,,,,,,,,,,,,,,,,,,,,,,,,,,,,>1000,Inhibit growth of VCaP cells,,,,,,,,,,,,,,,10.1021/acs.jmedchem.1c00900,871.874,871.252363784,5.62,62,9,11,1,6,170.57,C42H37F4N9O6S,"InChI=1S/C42H37F4N9O6S/c43-31-20-25(55-40(62)53(39(61)41(55)10-1-11-41)26-19-30(42(44,45)46)32(21-47)48-22-26)3-5-28(31)36(58)52-16-14-51(15-17-52)23-8-12-50(13-9-23)24-2-4-27-29(18-24)38(60)54(37(27)59)33-6-7-34(56)49-35(33)57/h2-5,18-20,22-23,33H,1,6-17H2,(H,49,56,57)",DTFBEQQOOYQAKH-UHFFFAOYSA-N,DTFBEQQOOYQAKH
3017,P10275,AR-V7,VHL,,,CC1=C(C2=CC=C([C@H](C)NC(=O)[C@@H]3C[C@@H](O)CN3C(=O)[C@@H](NC(=O)CCOC3=CC=C(C4=CSC(N5CCOCC5)=N4)C=C3)C(C)(C)C)C=C2)SC=N1,,N.D.,,,,,,,,,,,,,,,,,,,,,,,,,,,,,,,,,,,,,,,,,,,,,,,,,,,,,,,,,,,,,,,,,,,,10.1016/j.bmcl.2021.128448,760.983,760.307675256,4.89,53,6,11,3,12,146.22,C39H48N6O6S2,"InChI=1S/C39H48N6O6S2/c1-24(26-6-8-28(9-7-26)34-25(2)40-23-53-34)41-36(48)32-20-29(46)21-45(32)37(49)35(39(3,4)5)43-33(47)14-17-51-30-12-10-27(11-13-30)31-22-52-38(42-31)44-15-18-50-19-16-44/h6-13,22-24,29,32,35,46H,14-21H2,1-5H3,(H,41,48)(H,43,47)/t24-,29+,32-,35+/m0/s1",ALLDAEMDJBDGIP-RTAOEVDGSA-N,ALLDAEMDJBDGIP
3018,P10275,AR-V7,VHL,,,CC1=C(C2=CC=C([C@H](C)NC(=O)[C@@H]3C[C@@H](O)CN3C(=O)[C@@H](NC(=O)CCCOC3=CC=C(C4=CSC(N5CCOCC5)=N4)C=C3)C(C)(C)C)C=C2)SC=N1,350,53,Degradation of AR-V7 in 22RV1 cells after 24 h treatment,,,,,,,,,,,,,,,,,,,,,,,,,,,,,,,,,,,,,,,,,,,,,,,,,,,,,1360,Inhibit proliferation of 22Rv1 cells,,,,,,,,,,,,,10.1016/j.bmcl.2021.128448,775.01,774.32332532,4.89,54,6,11,3,13,146.22,C40H50N6O6S2,"InChI=1S/C40H50N6O6S2/c1-25(27-8-10-29(11-9-27)35-26(2)41-24-54-35)42-37(49)33-21-30(47)22-46(33)38(50)36(40(3,4)5)44-34(48)7-6-18-52-31-14-12-28(13-15-31)32-23-53-39(43-32)45-16-19-51-20-17-45/h8-15,23-25,30,33,36,47H,6-7,16-22H2,1-5H3,(H,42,49)(H,44,48)/t25-,30+,33-,36+/m0/s1",DNHMBIDODIOPOD-JJOXSQEKSA-N,DNHMBIDODIOPOD
3019,P10275,AR-V7,VHL,,,CC1=C(C2=CC=C([C@H](C)NC(=O)[C@@H]3C[C@@H](O)CN3C(=O)[C@@H](NC(=O)COC3=CC=C(C4=CSC(N5CCOCC5)=N4)C=C3)C(C)(C)C)C=C2)SC=N1,,N.D.,,,,,,,,,,,,,,,,,,,,,,,,,,,,,,,,,,,,,,,,,,,,,,,,,,,,,,,,,,,,,,,,,,,,10.1016/j.bmcl.2021.128448,746.956,746.292025192,4.89,52,6,11,3,11,146.22,C38H46N6O6S2,"InChI=1S/C38H46N6O6S2/c1-23(25-6-8-27(9-7-25)33-24(2)39-22-52-33)40-35(47)31-18-28(45)19-44(31)36(48)34(38(3,4)5)42-32(46)20-50-29-12-10-26(11-13-29)30-21-51-37(41-30)43-14-16-49-17-15-43/h6-13,21-23,28,31,34,45H,14-20H2,1-5H3,(H,40,47)(H,42,46)/t23-,28+,31-,34+/m0/s1",BXWKGBLQLAGTJU-CXRLSJKUSA-N,BXWKGBLQLAGTJU
3020,P10275,AR-V7,VHL,,,CC1=C(C2=CC=C([C@H](C)NC(=O)[C@@H]3C[C@@H](O)CN3C(=O)[C@@H](NC(=O)C3=CC=C(C4=CSC(N5CCOCC5)=N4)C=C3)C(C)(C)C)C=C2)SC=N1,,N.D.,,,,,,,,,,,,,,,,,,,,,,,,,,,,,,,,,,,,,,,,,,,,,,,,,,,,,,,,,,,,,,,,,,,,10.1016/j.bmcl.2021.128448,716.93,716.281460508,5.06,50,6,10,3,9,136.99,C37H44N6O5S2,"InChI=1S/C37H44N6O5S2/c1-22(24-6-10-26(11-7-24)31-23(2)38-21-50-31)39-34(46)30-18-28(44)19-43(30)35(47)32(37(3,4)5)41-33(45)27-12-8-25(9-13-27)29-20-49-36(40-29)42-14-16-48-17-15-42/h6-13,20-22,28,30,32,44H,14-19H2,1-5H3,(H,39,46)(H,41,45)/t22-,28+,30-,32+/m0/s1",NIEXSASMBRILQY-DTFXWNADSA-N,NIEXSASMBRILQY
3021,P10275,AR-V7,VHL,,,CC1=C(C2=CC=C([C@H](C)NC(=O)[C@@H]3C[C@@H](O)CN3C(=O)[C@@H](NC(=O)CCCCOC3=CC=C(C4=CSC(N5CCOCC5)=N4)C=C3)C(C)(C)C)C=C2)SC=N1,320,67,Degradation of AR-V7 in 22RV1 cells after 24 h treatment,,,,,,,,,,,,,,,,,,,,,,,,,,,,,,,,,,,,,,,,,,,,,,,,,,,,,880,Inhibit proliferation of 22Rv1 cells,,,,,,,,,,,,,10.1016/j.bmcl.2021.128448,789.037,788.338975384,5.25,55,6,11,3,14,146.22,C41H52N6O6S2,"InChI=1S/C41H52N6O6S2/c1-26(28-9-11-30(12-10-28)36-27(2)42-25-55-36)43-38(50)34-22-31(48)23-47(34)39(51)37(41(3,4)5)45-35(49)8-6-7-19-53-32-15-13-29(14-16-32)33-24-54-40(44-33)46-17-20-52-21-18-46/h9-16,24-26,31,34,37,48H,6-8,17-23H2,1-5H3,(H,43,50)(H,45,49)/t26-,31+,34-,37+/m0/s1",GGBZAQUSRYNTSQ-ASCDMGAVSA-N,GGBZAQUSRYNTSQ
3022,P10275,AR-V7,VHL,,,CC1=C(C2=CC=C([C@H](C)NC(=O)[C@@H]3C[C@@H](O)CN3C(=O)[C@@H](NC(=O)CCCCCOC3=CC=C(C4=CSC(N5CCOCC5)=N4)C=C3)C(C)(C)C)C=C2)SC=N1,,,,,,,,,,,,,,,,,,,,,,,,,,,,,,,,,,,,,,,,,,,,,,,,,,,,,,,,,,,,,,,,,,,,,,10.1016/j.bmcl.2021.128448,803.064,802.354625448,4.37,56,6,11,3,15,146.22,C42H54N6O6S2,"InChI=1S/C42H54N6O6S2/c1-27(29-10-12-31(13-11-29)37-28(2)43-26-56-37)44-39(51)35-23-32(49)24-48(35)40(52)38(42(3,4)5)46-36(50)9-7-6-8-20-54-33-16-14-30(15-17-33)34-25-55-41(45-34)47-18-21-53-22-19-47/h10-17,25-27,32,35,38,49H,6-9,18-24H2,1-5H3,(H,44,51)(H,46,50)/t27-,32+,35-,38+/m0/s1",KVWBZQOYYUGPRL-UTMFLMNVSA-N,KVWBZQOYYUGPRL
3023,P10275,AR-V7,VHL,,,CC1=C(C2=CC=C([C@H](C)NC(=O)[C@@H]3C[C@@H](O)CN3C(=O)[C@@H](NC(=O)CCCCOC3=CC=C(C4=CSC(N5CCOC(C)C5)=N4)C=C3)C(C)(C)C)C=C2)SC=N1,,,,,,,,,,,,,,,,,,,,,,,,,,,,,,,,,,,,,,,,,,,,,,,,,,,,,,,,>10000,Inhibit proliferation of 22Rv1 cells,,,,,,,,,,,,,10.1016/j.bmcl.2021.128448,803.064,802.354625448,4.37,56,6,11,3,14,146.22,C42H54N6O6S2,"InChI=1S/C42H54N6O6S2/c1-26-22-47(18-20-53-26)41-45-34(24-55-41)30-14-16-33(17-15-30)54-19-8-7-9-36(50)46-38(42(4,5)6)40(52)48-23-32(49)21-35(48)39(51)44-27(2)29-10-12-31(13-11-29)37-28(3)43-25-56-37/h10-17,24-27,32,35,38,49H,7-9,18-23H2,1-6H3,(H,44,51)(H,46,50)/t26?,27-,32+,35-,38+/m0/s1",NVIICYFJMOWAQI-PCKHRFHFSA-N,NVIICYFJMOWAQI
3024,P10275,AR-V7,VHL,,,CC1=C(C2=CC=C([C@H](C)NC(=O)[C@@H]3C[C@@H](O)CN3C(=O)[C@@H](NC(=O)CCCCOC3=CC=C(C4=CSC(N5CCOCC5C)=N4)C=C3)C(C)(C)C)C=C2)SC=N1,>10000,,Degradation of AR-V7 in 22RV1 cells after 24 h treatment,,,,,,,,,,,,,,,,,,,,,,,,,,,,,,,,,,,,,,,,,,,,,,,,,,,,,>10000,Inhibit proliferation of 22Rv1 cells,,,,,,,,,,,,,10.1016/j.bmcl.2021.128448,803.064,802.354625448,5.23,56,6,11,3,14,146.22,C42H54N6O6S2,"InChI=1S/C42H54N6O6S2/c1-26-23-53-20-18-47(26)41-45-34(24-55-41)30-14-16-33(17-15-30)54-19-8-7-9-36(50)46-38(42(4,5)6)40(52)48-22-32(49)21-35(48)39(51)44-27(2)29-10-12-31(13-11-29)37-28(3)43-25-56-37/h10-17,24-27,32,35,38,49H,7-9,18-23H2,1-6H3,(H,44,51)(H,46,50)/t26?,27-,32+,35-,38+/m0/s1",UNSGLSMVFYYYDD-PCKHRFHFSA-N,UNSGLSMVFYYYDD
3025,P10275,AR-V7,VHL,,,CC1=C(C2=CC=C([C@H](C)NC(=O)[C@@H]3C[C@@H](O)CN3C(=O)[C@@H](NC(=O)CCCCOC3=CC=C(C4=CSC(N5CC(C)OC(C)C5)=N4)C=C3)C(C)(C)C)C=C2)SC=N1,,,,,,,,,,,,,,,,,,,,,,,,,,,,,,,,,,,,,,,,,,,,,,,,,,,,,,,,>10000,Inhibit proliferation of 22Rv1 cells,,,,,,,,,,,,,10.1016/j.bmcl.2021.128448,817.091,816.370275512,5.04,57,6,11,3,14,146.22,C43H56N6O6S2,"InChI=1S/C43H56N6O6S2/c1-26-21-48(22-27(2)55-26)42-46-35(24-56-42)31-15-17-34(18-16-31)54-19-9-8-10-37(51)47-39(43(5,6)7)41(53)49-23-33(50)20-36(49)40(52)45-28(3)30-11-13-32(14-12-30)38-29(4)44-25-57-38/h11-18,24-28,33,36,39,50H,8-10,19-23H2,1-7H3,(H,45,52)(H,47,51)/t26?,27?,28-,33+,36-,39+/m0/s1",TVBMTILEYZGHOS-YOCVXMCCSA-N,TVBMTILEYZGHOS
3026,P10275,AR-V7,VHL,,,CC1=C(C2=CC=C([C@H](C)NC(=O)[C@@H]3C[C@@H](O)CN3C(=O)[C@@H](NC(=O)CCCCOC3=CC=C(C4=CSC(N5CC(C)OCC5C)=N4)C=C3)C(C)(C)C)C=C2)SC=N1,,,,,,,,,,,,,,,,,,,,,,,,,,,,,,,,,,,,,,,,,,,,,,,,,,,,,,,,>10000,Inhibit proliferation of 22Rv1 cells,,,,,,,,,,,,,10.1016/j.bmcl.2021.128448,817.091,816.370275512,4.18,57,6,11,3,14,146.22,C43H56N6O6S2,"InChI=1S/C43H56N6O6S2/c1-26-23-55-27(2)21-48(26)42-46-35(24-56-42)31-15-17-34(18-16-31)54-19-9-8-10-37(51)47-39(43(5,6)7)41(53)49-22-33(50)20-36(49)40(52)45-28(3)30-11-13-32(14-12-30)38-29(4)44-25-57-38/h11-18,24-28,33,36,39,50H,8-10,19-23H2,1-7H3,(H,45,52)(H,47,51)/t26?,27?,28-,33+,36-,39+/m0/s1",QFLAUKQPFRWZLW-YOCVXMCCSA-N,QFLAUKQPFRWZLW
3027,P10275,AR-V7,VHL,,,CC1=C(C2=CC=C([C@H](C)NC(=O)[C@@H]3C[C@@H](O)CN3C(=O)[C@@H](NC(=O)CCCCOC3=CC=C(C4=CSC(N5CCOC(C)(C)C5)=N4)C=C3)C(C)(C)C)C=C2)SC=N1,>10000,,Degradation of AR-V7 in 22RV1 cells after 24 h treatment,,,,,,,,,,,,,,,,,,,,,,,,,,,,,,,,,,,,,,,,,,,,,,,,,,,,,,,,,,,,,,,,,,,10.1016/j.bmcl.2021.128448,817.091,816.370275512,4.18,57,6,11,3,14,146.22,C43H56N6O6S2,"InChI=1S/C43H56N6O6S2/c1-27(29-11-13-31(14-12-29)37-28(2)44-26-57-37)45-39(52)35-22-32(50)23-49(35)40(53)38(42(3,4)5)47-36(51)10-8-9-20-54-33-17-15-30(16-18-33)34-24-56-41(46-34)48-19-21-55-43(6,7)25-48/h11-18,24,26-27,32,35,38,50H,8-10,19-23,25H2,1-7H3,(H,45,52)(H,47,51)/t27-,32+,35-,38+/m0/s1",YIACDKDYDLPVNM-UTMFLMNVSA-N,YIACDKDYDLPVNM
3028,P10275,AR-V7,VHL,,,CCC1COCCN1C1=NC(C2=CC=C(OCCCCC(=O)N[C@H](C(=O)N3C[C@H](O)C[C@H]3C(=O)N[C@@H](C)C3=CC=C(C4=C(C)N=CS4)C=C3)C(C)(C)C)C=C2)=CS1,,,,,,,,,,,,,,,,,,,,,,,,,,,,,,,,,,,,,,,,,,,,,,,,,,,,,,,,>10000,Inhibit proliferation of 22Rv1 cells,,,,,,,,,,,,,10.1016/j.bmcl.2021.128448,817.091,816.370275512,4.92,57,6,11,3,15,146.22,C43H56N6O6S2,"InChI=1S/C43H56N6O6S2/c1-7-32-24-54-21-19-48(32)42-46-35(25-56-42)30-15-17-34(18-16-30)55-20-9-8-10-37(51)47-39(43(4,5)6)41(53)49-23-33(50)22-36(49)40(52)45-27(2)29-11-13-31(14-12-29)38-28(3)44-26-57-38/h11-18,25-27,32-33,36,39,50H,7-10,19-24H2,1-6H3,(H,45,52)(H,47,51)/t27-,32?,33+,36-,39+/m0/s1",BVEYIQJQNDDACP-UBKFRZIOSA-N,BVEYIQJQNDDACP
3029,P10275,AR-V7,VHL,,,CC1=C(C2=CC=C([C@H](C)NC(=O)[C@@H]3C[C@@H](O)CN3C(=O)[C@@H](NC(=O)CCCCOC3=CC=C(C4=CSC(N5CC6CCC(C5)O6)=N4)C=C3)C(C)(C)C)C=C2)SC=N1,>10000,,Degradation of AR-V7 in 22RV1 cells after 24 h treatment,,,,,,,,,,,,,,,,,,,,,,,,,,,,,,,,,,,,,,,,,,,,,,,,,,,,,>10000,Inhibit proliferation of 22Rv1 cells,,,,,,,,,,,,,10.1016/j.bmcl.2021.128448,815.075,814.354625448,5.3,57,7,11,3,14,146.22,C43H54N6O6S2,"InChI=1S/C43H54N6O6S2/c1-26(28-9-11-30(12-10-28)38-27(2)44-25-57-38)45-40(52)36-20-31(50)21-49(36)41(53)39(43(3,4)5)47-37(51)8-6-7-19-54-32-15-13-29(14-16-32)35-24-56-42(46-35)48-22-33-17-18-34(23-48)55-33/h9-16,24-26,31,33-34,36,39,50H,6-8,17-23H2,1-5H3,(H,45,52)(H,47,51)/t26-,31+,33?,34?,36-,39+/m0/s1",VQDMQIVWDWRGNL-AEGWPRKASA-N,VQDMQIVWDWRGNL
3030,P10275,AR-V7,VHL,,,CC1=C(C2=CC=C([C@H](C)NC(=O)[C@@H]3C[C@@H](O)CN3C(=O)[C@@H](NC(=O)CCCCOC3=CC=C(C4=CSC(N5CC6(COC6)C5)=N4)C=C3)C(C)(C)C)C=C2)SC=N1,,,,,,,,,,,,,,,,,,,,,,,,,,,,,,,,,,,,,,,,,,,,,,,,,,,,,,,,>10000,Inhibit proliferation of 22Rv1 cells,,,,,,,,,,,,,10.1016/j.bmcl.2021.128448,801.048,800.338975384,3.45,56,7,11,3,14,146.22,C42H52N6O6S2,"InChI=1S/C42H52N6O6S2/c1-26(28-9-11-30(12-10-28)36-27(2)43-25-56-36)44-38(51)34-18-31(49)19-48(34)39(52)37(41(3,4)5)46-35(50)8-6-7-17-54-32-15-13-29(14-16-32)33-20-55-40(45-33)47-21-42(22-47)23-53-24-42/h9-16,20,25-26,31,34,37,49H,6-8,17-19,21-24H2,1-5H3,(H,44,51)(H,46,50)/t26-,31+,34-,37+/m0/s1",HEXCMONMMZZNAC-ASCDMGAVSA-N,HEXCMONMMZZNAC
3031,P10275,AR-V7,VHL,,,CC1=C(C2=CC=C([C@H](C)NC(=O)[C@@H]3C[C@@H](O)CN3C(=O)[C@@H](NC(=O)CCCCOC3=CC=C(C4=CSC(N5CCC6(COC6)C5)=N4)C=C3)C(C)(C)C)C=C2)SC=N1,,,,,,,,,,,,,,,,,,,,,,,,,,,,,,,,,,,,,,,,,,,,,,,,,,,,,,,,>10000,Inhibit proliferation of 22Rv1 cells,,,,,,,,,,,,,10.1016/j.bmcl.2021.128448,815.075,814.354625448,3.45,57,7,11,3,14,146.22,C43H54N6O6S2,"InChI=1S/C43H54N6O6S2/c1-27(29-9-11-31(12-10-29)37-28(2)44-26-57-37)45-39(52)35-20-32(50)21-49(35)40(53)38(42(3,4)5)47-36(51)8-6-7-19-55-33-15-13-30(14-16-33)34-22-56-41(46-34)48-18-17-43(23-48)24-54-25-43/h9-16,22,26-27,32,35,38,50H,6-8,17-21,23-25H2,1-5H3,(H,45,52)(H,47,51)/t27-,32+,35-,38+/m0/s1",VGEIWLKHGNCINB-UTMFLMNVSA-N,VGEIWLKHGNCINB
3032,P10275,AR-V7,VHL,,,CC1=C(C2=CC=C([C@H](C)NC(=O)[C@@H]3C[C@@H](O)CN3C(=O)[C@@H](NC(=O)CCCCOC3=CC=C(C4=CSC(N5CC6(CCOCC6)C5)=N4)C=C3)C(C)(C)C)C=C2)SC=N1,,,,,,,,,,,,,,,,,,,,,,,,,,,,,,,,,,,,,,,,,,,,,,,,,,,,,,,,>10000,Inhibit proliferation of 22Rv1 cells,,,,,,,,,,,,,10.1016/j.bmcl.2021.128448,829.102,828.370275512,3.5,58,7,11,3,14,146.22,C44H56N6O6S2,"InChI=1S/C44H56N6O6S2/c1-28(30-9-11-32(12-10-30)38-29(2)45-27-58-38)46-40(53)36-22-33(51)23-50(36)41(54)39(43(3,4)5)48-37(52)8-6-7-19-56-34-15-13-31(14-16-34)35-24-57-42(47-35)49-25-44(26-49)17-20-55-21-18-44/h9-16,24,27-28,33,36,39,51H,6-8,17-23,25-26H2,1-5H3,(H,46,53)(H,48,52)/t28-,33+,36-,39+/m0/s1",LRABJSWDQLGNSR-HYGIYIQXSA-N,LRABJSWDQLGNSR
3033,P10275,AR-V7,VHL,,,CC1=C(C2=CC=C([C@H](C)NC(=O)[C@@H]3C[C@@H](O)CN3C(=O)[C@@H](NC(=O)CCCCOC3=CC=C(C4=CSC(N5CCOCC5)=N4)C=C3F)C(C)(C)C)C=C2)SC=N1,,,,,,,,,,,,,,,,,,,,,,,,,,,,,,,,,,,,,,,,,,,,,,,,,,,,,,,,>10000,Inhibit proliferation of 22Rv1 cells,,,,,,,,,,,,,10.1016/j.bmcl.2021.128448,807.027,806.329553572,4.63,56,6,11,3,14,146.22,C41H51FN6O6S2,"InChI=1S/C41H51FN6O6S2/c1-25(27-9-11-28(12-10-27)36-26(2)43-24-56-36)44-38(51)33-21-30(49)22-48(33)39(52)37(41(3,4)5)46-35(50)8-6-7-17-54-34-14-13-29(20-31(34)42)32-23-55-40(45-32)47-15-18-53-19-16-47/h9-14,20,23-25,30,33,37,49H,6-8,15-19,21-22H2,1-5H3,(H,44,51)(H,46,50)/t25-,30+,33-,37+/m0/s1",VQNFDTJKBKDGIZ-AYIFONRSSA-N,VQNFDTJKBKDGIZ
3034,P10275,AR-V7,VHL,,,CC1=C(C2=CC=C([C@H](C)NC(=O)[C@@H]3C[C@@H](O)CN3C(=O)[C@@H](NC(=O)CCCCOC3=CC=C(C4=CSC(N5CCOCC5)=N4)C(F)=C3)C(C)(C)C)C=C2)SC=N1,,,,,,,,,,,,,,,,,,,,,,,,,,,,,,,,,,,,,,,,,,,,,,,,,,,,,,,,>10000,Inhibit proliferation of 22Rv1 cells,,,,,,,,,,,,,10.1016/j.bmcl.2021.128448,807.027,806.329553572,5.03,56,6,11,3,14,146.22,C41H51FN6O6S2,"InChI=1S/C41H51FN6O6S2/c1-25(27-9-11-28(12-10-27)36-26(2)43-24-56-36)44-38(51)34-20-29(49)22-48(34)39(52)37(41(3,4)5)46-35(50)8-6-7-17-54-30-13-14-31(32(42)21-30)33-23-55-40(45-33)47-15-18-53-19-16-47/h9-14,21,23-25,29,34,37,49H,6-8,15-20,22H2,1-5H3,(H,44,51)(H,46,50)/t25-,29+,34-,37+/m0/s1",VAIJCFLLVYDJDX-VWFFZPPBSA-N,VAIJCFLLVYDJDX
3035,P10275,AR-V7,VHL,,,COC1=C(C2=CSC(N3CCOCC3)=N2)C=CC(OCCCCC(=O)N[C@H](C(=O)N2C[C@H](O)C[C@H]2C(=O)N[C@@H](C)C2=CC=C(C3=C(C)N=CS3)C=C2)C(C)(C)C)=C1F,>10000,,Degradation of AR-V7 in 22RV1 cells after 24 h treatment,,,,,,,,,,,,,,,,,,,,,,,,,,,,,,,,,,,,,,,,,,,,,,,,,,,,,>10000,Inhibit proliferation of 22Rv1 cells,,,,,,,,,,,,,10.1016/j.bmcl.2021.128448,837.053,836.340118256,3.9,58,6,12,3,15,155.45,C42H53FN6O7S2,"InChI=1S/C42H53FN6O7S2/c1-25(27-10-12-28(13-11-27)37-26(2)44-24-58-37)45-39(52)32-21-29(50)22-49(32)40(53)38(42(3,4)5)47-34(51)9-7-8-18-56-33-15-14-30(36(54-6)35(33)43)31-23-57-41(46-31)48-16-19-55-20-17-48/h10-15,23-25,29,32,38,50H,7-9,16-22H2,1-6H3,(H,45,52)(H,47,51)/t25-,29+,32-,38+/m0/s1",QDRLQXPFNAHLMJ-KBBXSPJUSA-N,QDRLQXPFNAHLMJ
3036,P10275,AR-V7,VHL,,,CC1=CC(OCCCCC(=O)N[C@H](C(=O)N2C[C@H](O)C[C@H]2C(=O)N[C@@H](C)C2=CC=C(C3=C(C)N=CS3)C=C2)C(C)(C)C)=CC=C1C1=CSC(N2CCOCC2)=N1,,,,,,,,,,,,,,,,,,,,,,,,,,,,,,,,,,,,,,,,,,,,,,,,,,,,,,,,>10000,Inhibit proliferation of 22Rv1 cells,,,,,,,,,,,,,10.1016/j.bmcl.2021.128448,803.064,802.354625448,4.3,56,6,11,3,14,146.22,C42H54N6O6S2,"InChI=1S/C42H54N6O6S2/c1-26-21-32(14-15-33(26)34-24-55-41(45-34)47-16-19-53-20-17-47)54-18-8-7-9-36(50)46-38(42(4,5)6)40(52)48-23-31(49)22-35(48)39(51)44-27(2)29-10-12-30(13-11-29)37-28(3)43-25-56-37/h10-15,21,24-25,27,31,35,38,49H,7-9,16-20,22-23H2,1-6H3,(H,44,51)(H,46,50)/t27-,31+,35-,38+/m0/s1",OXMHDWGLRPFNFF-RBONMYIESA-N,OXMHDWGLRPFNFF
3037,P10275,AR-V7,VHL,,,CC1=C(C2=CC=C([C@H](C)NC(=O)[C@@H]3C[C@@H](O)CN3C(=O)[C@@H](NC(=O)CCCCOC3=CC=C(C4=CSC(N5CCOCC5)=N4)C=C3[N+](=O)[O-])C(C)(C)C)C=C2)SC=N1,,,,,,,,,,,,,,,,,,,,,,,,,,,,,,,,,,,,,,,,,,,,,,,,,,,,,,,,>10000,Inhibit proliferation of 22Rv1 cells,,,,,,,,,,,,,10.1016/j.bmcl.2021.128448,834.034,833.324053592,4.73,58,6,13,3,15,189.36,C41H51N7O8S2,"InChI=1S/C41H51N7O8S2/c1-25(27-9-11-28(12-10-27)36-26(2)42-24-58-36)43-38(51)33-21-30(49)22-47(33)39(52)37(41(3,4)5)45-35(50)8-6-7-17-56-34-14-13-29(20-32(34)48(53)54)31-23-57-40(44-31)46-15-18-55-19-16-46/h9-14,20,23-25,30,33,37,49H,6-8,15-19,21-22H2,1-5H3,(H,43,51)(H,45,50)/t25-,30+,33-,37+/m0/s1",OBJVNPWHVXWQDQ-AYIFONRSSA-N,OBJVNPWHVXWQDQ
3038,P10275,AR-V7,VHL,,,CC1=C(C2=CC=C([C@H](C)NC(=O)[C@@H]3C[C@@H](O)CN3C(=O)[C@@H](NC(=O)CCCCOC3=CC=C(C4=CSC(N5CCOCC5)=N4)C=C3N)C(C)(C)C)C=C2)SC=N1,,,,,,,,,,,,,,,,,,,,,,,,,,,,,,,,,,,,,,,,,,,,,,,,,,,,,,,,>10000,Inhibit proliferation of 22Rv1 cells,,,,,,,,,,,,,10.1016/j.bmcl.2021.128448,804.052,803.349874416,5.46,56,6,12,4,14,172.24,C41H53N7O6S2,"InChI=1S/C41H53N7O6S2/c1-25(27-9-11-28(12-10-27)36-26(2)43-24-56-36)44-38(51)33-21-30(49)22-48(33)39(52)37(41(3,4)5)46-35(50)8-6-7-17-54-34-14-13-29(20-31(34)42)32-23-55-40(45-32)47-15-18-53-19-16-47/h9-14,20,23-25,30,33,37,49H,6-8,15-19,21-22,42H2,1-5H3,(H,44,51)(H,46,50)/t25-,30+,33-,37+/m0/s1",COHVKUGHNPBREF-AYIFONRSSA-N,COHVKUGHNPBREF
3039,P10275,AR-V7,VHL,,,CC1=C(C2=CC=C(CNC(=O)[C@@H]3C[C@@H](O)CN3C(=O)[C@@H](NC(=O)C3(F)CC3)C(C)(C)C)C(OCCOC3=CC=C(C4=CSC(N5CCOCC5)=N4)C=C3)=C2)SC=N1,,,,,,,,,,,,,,,,,,,,,,,,,,,,,,,,,,,,,,,,,,,,,,,,,,,,,,,,>10000,Inhibit proliferation of 22Rv1 cells,,,,,,,,,,,,,10.1016/j.bmcl.2021.128448,821.01,820.308818128,5.46,57,7,12,3,14,155.45,C41H49FN6O7S2,"InChI=1S/C41H49FN6O7S2/c1-25-34(57-24-44-25)27-5-6-28(21-43-36(50)32-20-29(49)22-48(32)37(51)35(40(2,3)4)46-38(52)41(42)11-12-41)33(19-27)55-18-17-54-30-9-7-26(8-10-30)31-23-56-39(45-31)47-13-15-53-16-14-47/h5-10,19,23-24,29,32,35,49H,11-18,20-22H2,1-4H3,(H,43,50)(H,46,52)/t29-,32+,35-/m1/s1",KFEHXXCQGRWSHV-SCMCFCBLSA-N,KFEHXXCQGRWSHV
3040,P10275,AR-V7,VHL,,,CC1=C(C2=CC=C(CNC(=O)[C@@H]3C[C@@H](O)CN3C(=O)[C@@H](NC(=O)C3(F)CC3)C(C)(C)C)C(OCCCOC3=CC=C(C4=CSC(N5CCOCC5)=N4)C=C3)=C2)SC=N1,,,,,,,,,,,,,,,,,,,,,,,,,,,,,,,,,,,,,,,,,,,,,,,,,,,,,,,,>10000,Inhibit proliferation of 22Rv1 cells,,,,,,,,,,,,,10.1016/j.bmcl.2021.128448,835.037,834.324468192,5.46,58,7,12,3,15,155.45,C42H51FN6O7S2,"InChI=1S/C42H51FN6O7S2/c1-26-35(58-25-45-26)28-6-7-29(22-44-37(51)33-21-30(50)23-49(33)38(52)36(41(2,3)4)47-39(53)42(43)12-13-42)34(20-28)56-17-5-16-55-31-10-8-27(9-11-31)32-24-57-40(46-32)48-14-18-54-19-15-48/h6-11,20,24-25,30,33,36,50H,5,12-19,21-23H2,1-4H3,(H,44,51)(H,47,53)/t30-,33+,36-/m1/s1",WSJWXCVIWJYEQB-WUXNRVTNSA-N,WSJWXCVIWJYEQB
3041,P10275,AR-V7,VHL,,,CC1=C(C2=CC=C(CNC(=O)[C@@H]3C[C@@H](O)CN3C(=O)[C@@H](NC(=O)C3(F)CC3)C(C)(C)C)C(OCCCCOC3=CC=C(C4=CSC(N5CCOCC5)=N4)C=C3)=C2)SC=N1,,,,,,,,,,,,,,,,,,,,,,,,,,,,,,,,,,,,,,,,,,,,,,,,,,,,,,,,>10000,Inhibit proliferation of 22Rv1 cells,,,,,,,,,,,,,10.1016/j.bmcl.2021.128448,849.064,848.340118256,3.76,59,7,12,3,16,155.45,C43H53FN6O7S2,"InChI=1S/C43H53FN6O7S2/c1-27-36(59-26-46-27)29-7-8-30(23-45-38(52)34-22-31(51)24-50(34)39(53)37(42(2,3)4)48-40(54)43(44)13-14-43)35(21-29)57-18-6-5-17-56-32-11-9-28(10-12-32)33-25-58-41(47-33)49-15-19-55-20-16-49/h7-12,21,25-26,31,34,37,51H,5-6,13-20,22-24H2,1-4H3,(H,45,52)(H,48,54)/t31-,34+,37-/m1/s1",KVWNRPVGKCDOOA-WXEAQWFJSA-N,KVWNRPVGKCDOOA
3042,P10275,AR-V7,VHL,,,CC1=C(C2=CC=C(CNC(=O)[C@@H]3C[C@@H](O)CN3C(=O)[C@@H](NC(=O)C3(F)CC3)C(C)(C)C)C(OCCCCCCOC3=CC=C(C4=CSC(N5CCOCC5)=N4)C=C3)=C2)SC=N1,,,,,,,,,,,,,,,,,,,,,,,,,,,,,,,,,,,,,,,,,,,,,,,,,,,,,,,,>10000,Inhibit proliferation of 22Rv1 cells,,,,,,,,,,,,,10.1016/j.bmcl.2021.128448,877.118,876.371418384,4.09,61,7,12,3,18,155.45,C45H57FN6O7S2,"InChI=1S/C45H57FN6O7S2/c1-29-38(61-28-48-29)31-9-10-32(25-47-40(54)36-24-33(53)26-52(36)41(55)39(44(2,3)4)50-42(56)45(46)15-16-45)37(23-31)59-20-8-6-5-7-19-58-34-13-11-30(12-14-34)35-27-60-43(49-35)51-17-21-57-22-18-51/h9-14,23,27-28,33,36,39,53H,5-8,15-22,24-26H2,1-4H3,(H,47,54)(H,50,56)/t33-,36+,39-/m1/s1",TXKLPGJQQIGTBH-YXHZROBUSA-N,TXKLPGJQQIGTBH
3043,P10275,AR-V7,VHL,,,CC1=C(C2=CC=C(CNC(=O)[C@@H]3C[C@@H](O)CN3C(=O)[C@@H](NC(=O)C3(F)CC3)C(C)(C)C)C(OCCCCCCCCOC3=CC=C(C4=CSC(N5CCOCC5)=N4)C=C3)=C2)SC=N1,,,,,,,,,,,,,,,,,,,,,,,,,,,,,,,,,,,,,,,,,,,,,,,,,,,,,,,,>10000,Inhibit proliferation of 22Rv1 cells,,,,,,,,,,,,,10.1016/j.bmcl.2021.128448,905.172,904.402718512,4.48,63,7,12,3,20,155.45,C47H61FN6O7S2,"InChI=1S/C47H61FN6O7S2/c1-31-40(63-30-50-31)33-11-12-34(27-49-42(56)38-26-35(55)28-54(38)43(57)41(46(2,3)4)52-44(58)47(48)17-18-47)39(25-33)61-22-10-8-6-5-7-9-21-60-36-15-13-32(14-16-36)37-29-62-45(51-37)53-19-23-59-24-20-53/h11-16,25,29-30,35,38,41,55H,5-10,17-24,26-28H2,1-4H3,(H,49,56)(H,52,58)/t35-,38+,41-/m1/s1",LTDGFAUUZPJZCF-LFHXYJAASA-N,LTDGFAUUZPJZCF
3053,P10275,AR,CRBN,,,C[C@H]1CC2(CCN(C3=CC=C(C(=O)N4CCC(CN5CC6=CC7=C(C=C6C5)C(=O)N(C5CCC(=O)NC5=O)C7=O)CC4)C=C3)CC2)CN1C1=CC=C(C#N)C(Cl)=C1,,,,>=90/>=90,% AR degradation in Vcap cells after 24 h treatment at 10/100 nM,,,,,,,,,,,,,,,,,,,,,,,,,,,,,,,,,,,,,,,,,,,,,,,,,,,,,,,,,,,,,,,,,10.1021/acsmedchemlett.1c00498,788.349,787.324895252,2.35,57,9,9,1,6,137.37,C44H46ClN7O5,"InChI=1S/C44H46ClN7O5/c1-27-21-44(26-51(27)34-7-4-30(22-46)37(45)20-34)12-16-49(17-13-44)33-5-2-29(3-6-33)41(55)50-14-10-28(11-15-50)23-48-24-31-18-35-36(19-32(31)25-48)43(57)52(42(35)56)38-8-9-39(53)47-40(38)54/h2-7,18-20,27-28,38H,8-17,21,23-26H2,1H3,(H,47,53,54)/t27-,38?/m0/s1",GAXWAKXJBZHVQF-ZVENJKCTSA-N,GAXWAKXJBZHVQF
3053,P10275,AR,CRBN,,ARD-1676,C[C@H]1CC2(CCN(C3=CC=C(C(=O)N4CCC(CN5CC6=CC7=C(C=C6C5)C(=O)N(C5CCC(=O)NC5=O)C7=O)CC4)C=C3)CC2)CN1C1=CC=C(C#N)C(Cl)=C1,0.1/1.1,99/98,Degradation of AR in VCaP/LNCaP cells after 24 h treatment,,,,,,,,,,,,,,,,,,,,,,,,,,,,,,,,,,,,,,,,,,,,,,,,,,,11.5,Inhibit cell growth in the VCaP cells,,,,,,,,,,,0.07,permeability data in Caco-2 cells,0.13,permeability data in Caco-2 cells,10.1021/acs.jmedchem.3c01264,788.349,787.324895252,2.2,57,9,9,1,6,137.37,C44H46ClN7O5,"InChI=1S/C44H46ClN7O5/c1-27-21-44(26-51(27)34-7-4-30(22-46)37(45)20-34)12-16-49(17-13-44)33-5-2-29(3-6-33)41(55)50-14-10-28(11-15-50)23-48-24-31-18-35-36(19-32(31)25-48)43(57)52(42(35)56)38-8-9-39(53)47-40(38)54/h2-7,18-20,27-28,38H,8-17,21,23-26H2,1H3,(H,47,53,54)/t27-,38?/m0/s1",GAXWAKXJBZHVQF-ZVENJKCTSA-N,GAXWAKXJBZHVQF
3053,P10275,AR T878A,CRBN,,ARD-1676,C[C@H]1CC2(CCN(C3=CC=C(C(=O)N4CCC(CN5CC6=CC7=C(C=C6C5)C(=O)N(C5CCC(=O)NC5=O)C7=O)CC4)C=C3)CC2)CN1C1=CC=C(C#N)C(Cl)=C1,1.1,98,Degradation of AR in LNCaP cells after 24 h treatment,,,,,,,,,,,,,,,,,,,,,,,,,,,,,,,,,,,,,,,,,,,,,,,,,,,2.8,Inhibit cell growth in the VCaP cells,,,,,,,,,,,0.07,permeability data in Caco-2 cells,0.13,permeability data in Caco-2 cells,10.1021/acs.jmedchem.3c01264,788.349,787.324895252,1.46,57,9,9,1,6,137.37,C44H46ClN7O5,"InChI=1S/C44H46ClN7O5/c1-27-21-44(26-51(27)34-7-4-30(22-46)37(45)20-34)12-16-49(17-13-44)33-5-2-29(3-6-33)41(55)50-14-10-28(11-15-50)23-48-24-31-18-35-36(19-32(31)25-48)43(57)52(42(35)56)38-8-9-39(53)47-40(38)54/h2-7,18-20,27-28,38H,8-17,21,23-26H2,1H3,(H,47,53,54)/t27-,38?/m0/s1",GAXWAKXJBZHVQF-ZVENJKCTSA-N,GAXWAKXJBZHVQF
3053,P10275,AR L702H and T878A,CRBN,,ARD-1676,C[C@H]1CC2(CCN(C3=CC=C(C(=O)N4CCC(CN5CC6=CC7=C(C=C6C5)C(=O)N(C5CCC(=O)NC5=O)C7=O)CC4)C=C3)CC2)CN1C1=CC=C(C#N)C(Cl)=C1,8,>95,Degradation of AR in MDA-Pca-2b cells after 24 h treatment,,,,,,,,,,,,,,,,,,,,,,,,,,,,,,,,,,,,,,,,,,,,,,,,,,,,,,,,,,,,,,,0.07,permeability data in Caco-2 cells,0.13,permeability data in Caco-2 cells,10.1021/acs.jmedchem.3c01264,788.349,787.324895252,4.77,57,9,9,1,6,137.37,C44H46ClN7O5,"InChI=1S/C44H46ClN7O5/c1-27-21-44(26-51(27)34-7-4-30(22-46)37(45)20-34)12-16-49(17-13-44)33-5-2-29(3-6-33)41(55)50-14-10-28(11-15-50)23-48-24-31-18-35-36(19-32(31)25-48)43(57)52(42(35)56)38-8-9-39(53)47-40(38)54/h2-7,18-20,27-28,38H,8-17,21,23-26H2,1H3,(H,47,53,54)/t27-,38?/m0/s1",GAXWAKXJBZHVQF-ZVENJKCTSA-N,GAXWAKXJBZHVQF
3053,P10275,AR K388R,CRBN,,ARD-1676,C[C@H]1CC2(CCN(C3=CC=C(C(=O)N4CCC(CN5CC6=CC7=C(C=C6C5)C(=O)N(C5CCC(=O)NC5=O)C7=O)CC4)C=C3)CC2)CN1C1=CC=C(C#N)C(Cl)=C1,,,,,,,,,,,,,,,,,,,,,,,,,,,,,,,,,,,,,,,,,,,,,,,,,,,,,,,,,,,,,,,,,,0.07,permeability data in Caco-2 cells,0.13,permeability data in Caco-2 cells,10.1021/acs.jmedchem.3c01264,788.349,787.324895252,4.3,57,9,9,1,6,137.37,C44H46ClN7O5,"InChI=1S/C44H46ClN7O5/c1-27-21-44(26-51(27)34-7-4-30(22-46)37(45)20-34)12-16-49(17-13-44)33-5-2-29(3-6-33)41(55)50-14-10-28(11-15-50)23-48-24-31-18-35-36(19-32(31)25-48)43(57)52(42(35)56)38-8-9-39(53)47-40(38)54/h2-7,18-20,27-28,38H,8-17,21,23-26H2,1H3,(H,47,53,54)/t27-,38?/m0/s1",GAXWAKXJBZHVQF-ZVENJKCTSA-N,GAXWAKXJBZHVQF
3053,P10275,AR Del 388-390,CRBN,,ARD-1676,C[C@H]1CC2(CCN(C3=CC=C(C(=O)N4CCC(CN5CC6=CC7=C(C=C6C5)C(=O)N(C5CCC(=O)NC5=O)C7=O)CC4)C=C3)CC2)CN1C1=CC=C(C#N)C(Cl)=C1,,,,,,,,,,,,,,,,,,,,,,,,,,,,,,,,,,,,,,,,,,,,,,,,,,,,,,,,,,,,,,,,,,0.07,permeability data in Caco-2 cells,0.13,permeability data in Caco-2 cells,10.1021/acs.jmedchem.3c01264,788.349,787.324895252,2.12,57,9,9,1,6,137.37,C44H46ClN7O5,"InChI=1S/C44H46ClN7O5/c1-27-21-44(26-51(27)34-7-4-30(22-46)37(45)20-34)12-16-49(17-13-44)33-5-2-29(3-6-33)41(55)50-14-10-28(11-15-50)23-48-24-31-18-35-36(19-32(31)25-48)43(57)52(42(35)56)38-8-9-39(53)47-40(38)54/h2-7,18-20,27-28,38H,8-17,21,23-26H2,1H3,(H,47,53,54)/t27-,38?/m0/s1",GAXWAKXJBZHVQF-ZVENJKCTSA-N,GAXWAKXJBZHVQF
3053,P10275,AR L702H,CRBN,,ARD-1676,C[C@H]1CC2(CCN(C3=CC=C(C(=O)N4CCC(CN5CC6=CC7=C(C=C6C5)C(=O)N(C5CCC(=O)NC5=O)C7=O)CC4)C=C3)CC2)CN1C1=CC=C(C#N)C(Cl)=C1,,,,,,,,,,,,,,,,,,,,,,,,,,,,,,,,,,,,,,,,,,,,,,,,,,,,,,,,,,,,,,,,,,0.07,permeability data in Caco-2 cells,0.13,permeability data in Caco-2 cells,10.1021/acs.jmedchem.3c01264,788.349,787.324895252,3.7,57,9,9,1,6,137.37,C44H46ClN7O5,"InChI=1S/C44H46ClN7O5/c1-27-21-44(26-51(27)34-7-4-30(22-46)37(45)20-34)12-16-49(17-13-44)33-5-2-29(3-6-33)41(55)50-14-10-28(11-15-50)23-48-24-31-18-35-36(19-32(31)25-48)43(57)52(42(35)56)38-8-9-39(53)47-40(38)54/h2-7,18-20,27-28,38H,8-17,21,23-26H2,1H3,(H,47,53,54)/t27-,38?/m0/s1",GAXWAKXJBZHVQF-ZVENJKCTSA-N,GAXWAKXJBZHVQF
3053,P10275,AR V716M,CRBN,,ARD-1676,C[C@H]1CC2(CCN(C3=CC=C(C(=O)N4CCC(CN5CC6=CC7=C(C=C6C5)C(=O)N(C5CCC(=O)NC5=O)C7=O)CC4)C=C3)CC2)CN1C1=CC=C(C#N)C(Cl)=C1,,,,,,,,,,,,,,,,,,,,,,,,,,,,,,,,,,,,,,,,,,,,,,,,,,,,,,,,,,,,,,,,,,0.07,permeability data in Caco-2 cells,0.13,permeability data in Caco-2 cells,10.1021/acs.jmedchem.3c01264,788.349,787.324895252,4.61,57,9,9,1,6,137.37,C44H46ClN7O5,"InChI=1S/C44H46ClN7O5/c1-27-21-44(26-51(27)34-7-4-30(22-46)37(45)20-34)12-16-49(17-13-44)33-5-2-29(3-6-33)41(55)50-14-10-28(11-15-50)23-48-24-31-18-35-36(19-32(31)25-48)43(57)52(42(35)56)38-8-9-39(53)47-40(38)54/h2-7,18-20,27-28,38H,8-17,21,23-26H2,1H3,(H,47,53,54)/t27-,38?/m0/s1",GAXWAKXJBZHVQF-ZVENJKCTSA-N,GAXWAKXJBZHVQF
3053,P10275,AR W742C,CRBN,,ARD-1676,C[C@H]1CC2(CCN(C3=CC=C(C(=O)N4CCC(CN5CC6=CC7=C(C=C6C5)C(=O)N(C5CCC(=O)NC5=O)C7=O)CC4)C=C3)CC2)CN1C1=CC=C(C#N)C(Cl)=C1,,,,,,,,,,,,,,,,,,,,,,,,,,,,,,,,,,,,,,,,,,,,,,,,,,,,,,,,,,,,,,,,,,0.07,permeability data in Caco-2 cells,0.13,permeability data in Caco-2 cells,10.1021/acs.jmedchem.3c01264,788.349,787.324895252,2.47,57,9,9,1,6,137.37,C44H46ClN7O5,"InChI=1S/C44H46ClN7O5/c1-27-21-44(26-51(27)34-7-4-30(22-46)37(45)20-34)12-16-49(17-13-44)33-5-2-29(3-6-33)41(55)50-14-10-28(11-15-50)23-48-24-31-18-35-36(19-32(31)25-48)43(57)52(42(35)56)38-8-9-39(53)47-40(38)54/h2-7,18-20,27-28,38H,8-17,21,23-26H2,1H3,(H,47,53,54)/t27-,38?/m0/s1",GAXWAKXJBZHVQF-ZVENJKCTSA-N,GAXWAKXJBZHVQF
3053,P10275,AR Del 873-879,CRBN,,ARD-1676,C[C@H]1CC2(CCN(C3=CC=C(C(=O)N4CCC(CN5CC6=CC7=C(C=C6C5)C(=O)N(C5CCC(=O)NC5=O)C7=O)CC4)C=C3)CC2)CN1C1=CC=C(C#N)C(Cl)=C1,,,,,,,,,,,,,,,,,,,,,,,,,,,,,,,,,,,,,,,,,,,,,,,,,,,,,,,,,,,,,,,,,,0.07,permeability data in Caco-2 cells,0.13,permeability data in Caco-2 cells,10.1021/acs.jmedchem.3c01264,788.349,787.324895252,4.1,57,9,9,1,6,137.37,C44H46ClN7O5,"InChI=1S/C44H46ClN7O5/c1-27-21-44(26-51(27)34-7-4-30(22-46)37(45)20-34)12-16-49(17-13-44)33-5-2-29(3-6-33)41(55)50-14-10-28(11-15-50)23-48-24-31-18-35-36(19-32(31)25-48)43(57)52(42(35)56)38-8-9-39(53)47-40(38)54/h2-7,18-20,27-28,38H,8-17,21,23-26H2,1H3,(H,47,53,54)/t27-,38?/m0/s1",GAXWAKXJBZHVQF-ZVENJKCTSA-N,GAXWAKXJBZHVQF
3053,P10275,AR H875Y,CRBN,,ARD-1676,C[C@H]1CC2(CCN(C3=CC=C(C(=O)N4CCC(CN5CC6=CC7=C(C=C6C5)C(=O)N(C5CCC(=O)NC5=O)C7=O)CC4)C=C3)CC2)CN1C1=CC=C(C#N)C(Cl)=C1,,,,,,,,,,,,,,,,,,,,,,,,,,,,,,,,,,,,,,,,,,,,,,,,,,,,,,,,,,,,,,,,,,0.07,permeability data in Caco-2 cells,0.13,permeability data in Caco-2 cells,10.1021/acs.jmedchem.3c01264,788.349,787.324895252,3.52,57,9,9,1,6,137.37,C44H46ClN7O5,"InChI=1S/C44H46ClN7O5/c1-27-21-44(26-51(27)34-7-4-30(22-46)37(45)20-34)12-16-49(17-13-44)33-5-2-29(3-6-33)41(55)50-14-10-28(11-15-50)23-48-24-31-18-35-36(19-32(31)25-48)43(57)52(42(35)56)38-8-9-39(53)47-40(38)54/h2-7,18-20,27-28,38H,8-17,21,23-26H2,1H3,(H,47,53,54)/t27-,38?/m0/s1",GAXWAKXJBZHVQF-ZVENJKCTSA-N,GAXWAKXJBZHVQF
3053,P10275,AR F877L,CRBN,,ARD-1676,C[C@H]1CC2(CCN(C3=CC=C(C(=O)N4CCC(CN5CC6=CC7=C(C=C6C5)C(=O)N(C5CCC(=O)NC5=O)C7=O)CC4)C=C3)CC2)CN1C1=CC=C(C#N)C(Cl)=C1,,,,,,,,,,,,,,,,,,,,,,,,,,,,,,,,,,,,,,,,,,,,,,,,,,,,,,,,,,,,,,,,,,0.07,permeability data in Caco-2 cells,0.13,permeability data in Caco-2 cells,10.1021/acs.jmedchem.3c01264,788.349,787.324895252,3.29,57,9,9,1,6,137.37,C44H46ClN7O5,"InChI=1S/C44H46ClN7O5/c1-27-21-44(26-51(27)34-7-4-30(22-46)37(45)20-34)12-16-49(17-13-44)33-5-2-29(3-6-33)41(55)50-14-10-28(11-15-50)23-48-24-31-18-35-36(19-32(31)25-48)43(57)52(42(35)56)38-8-9-39(53)47-40(38)54/h2-7,18-20,27-28,38H,8-17,21,23-26H2,1H3,(H,47,53,54)/t27-,38?/m0/s1",GAXWAKXJBZHVQF-ZVENJKCTSA-N,GAXWAKXJBZHVQF
3053,P10275,AR T878A,CRBN,,ARD-1676,C[C@H]1CC2(CCN(C3=CC=C(C(=O)N4CCC(CN5CC6=CC7=C(C=C6C5)C(=O)N(C5CCC(=O)NC5=O)C7=O)CC4)C=C3)CC2)CN1C1=CC=C(C#N)C(Cl)=C1,,,,,,,,,,,,,,,,,,,,,,,,,,,,,,,,,,,,,,,,,,,,,,,,,,,,,,,,,,,,,,,,,,0.07,permeability data in Caco-2 cells,0.13,permeability data in Caco-2 cells,10.1021/acs.jmedchem.3c01264,788.349,787.324895252,4.61,57,9,9,1,6,137.37,C44H46ClN7O5,"InChI=1S/C44H46ClN7O5/c1-27-21-44(26-51(27)34-7-4-30(22-46)37(45)20-34)12-16-49(17-13-44)33-5-2-29(3-6-33)41(55)50-14-10-28(11-15-50)23-48-24-31-18-35-36(19-32(31)25-48)43(57)52(42(35)56)38-8-9-39(53)47-40(38)54/h2-7,18-20,27-28,38H,8-17,21,23-26H2,1H3,(H,47,53,54)/t27-,38?/m0/s1",GAXWAKXJBZHVQF-ZVENJKCTSA-N,GAXWAKXJBZHVQF
3053,P10275,AR S889G,CRBN,,ARD-1676,C[C@H]1CC2(CCN(C3=CC=C(C(=O)N4CCC(CN5CC6=CC7=C(C=C6C5)C(=O)N(C5CCC(=O)NC5=O)C7=O)CC4)C=C3)CC2)CN1C1=CC=C(C#N)C(Cl)=C1,,,,,,,,,,,,,,,,,,,,,,,,,,,,,,,,,,,,,,,,,,,,,,,,,,,,,,,,,,,,,,,,,,0.07,permeability data in Caco-2 cells,0.13,permeability data in Caco-2 cells,10.1021/acs.jmedchem.3c01264,788.349,787.324895252,4.59,57,9,9,1,6,137.37,C44H46ClN7O5,"InChI=1S/C44H46ClN7O5/c1-27-21-44(26-51(27)34-7-4-30(22-46)37(45)20-34)12-16-49(17-13-44)33-5-2-29(3-6-33)41(55)50-14-10-28(11-15-50)23-48-24-31-18-35-36(19-32(31)25-48)43(57)52(42(35)56)38-8-9-39(53)47-40(38)54/h2-7,18-20,27-28,38H,8-17,21,23-26H2,1H3,(H,47,53,54)/t27-,38?/m0/s1",GAXWAKXJBZHVQF-ZVENJKCTSA-N,GAXWAKXJBZHVQF
3054,P10275,AR,CRBN,,,CC1=C(N2CCC3(CCN(C4=CC=C(C(=O)N5CCC(N6CC7=CC8=C(C=C7C6)C(=O)N(C6CCC(=O)NC6=O)C8=O)CC5)C=C4)CC3)C2C)C=CC(C#N)=C1Cl,,,,>=90/>=90,% AR degradation in Vcap cells after 24 h treatment at 10/100 nM,,,,,,,,,,,,,,,,,,,,,,,,,,,,,,,,,,,,,,,,,,,,,,,,,,,,,,,,,,,,,,,,,10.1021/acsmedchemlett.1c00498,788.349,787.324895252,4.01,57,9,9,1,5,137.37,C44H46ClN7O5,"InChI=1S/C44H46ClN7O5/c1-26-36(8-5-29(23-46)39(26)45)51-20-15-44(27(51)2)13-18-48(19-14-44)32-6-3-28(4-7-32)41(55)49-16-11-33(12-17-49)50-24-30-21-34-35(22-31(30)25-50)43(57)52(42(34)56)37-9-10-38(53)47-40(37)54/h3-8,21-22,27,33,37H,9-20,24-25H2,1-2H3,(H,47,53,54)",RWMQDUVHPMRHMV-UHFFFAOYSA-N,RWMQDUVHPMRHMV
3055,P10275,AR,CRBN,,,CC1=C(N2CCC3(CCN(C4=CC=C(C(=O)N5CCC(CN6CC7=CC8=C(C=C7C6)C(=O)N(C6CCC(=O)NC6=O)C8=O)CC5)C=C4)CC3)C2C)C=CC(C#N)=C1Cl,,,,>=90/>=90,% AR degradation in Vcap cells after 24 h treatment at 10/100 nM,,,,,,,,,,,,,,,,,,,,,,,,,,,,,,,,,,,,,,,,,,,,,,,,,,,,,,,,,,,,,,,,,10.1021/acsmedchemlett.1c00498,802.376,801.340545316,4.24,58,9,9,1,6,137.37,C45H48ClN7O5,"InChI=1S/C45H48ClN7O5/c1-27-37(8-5-31(23-47)40(27)46)52-20-15-45(28(52)2)13-18-50(19-14-45)34-6-3-30(4-7-34)42(56)51-16-11-29(12-17-51)24-49-25-32-21-35-36(22-33(32)26-49)44(58)53(43(35)57)38-9-10-39(54)48-41(38)55/h3-8,21-22,28-29,38H,9-20,24-26H2,1-2H3,(H,48,54,55)",REHRYTGOXHVITR-UHFFFAOYSA-N,REHRYTGOXHVITR
3056,P10275,AR,CRBN,,,COC1(CN2CC3=CC4=C(C=C3C2)C(=O)N(C2CCC(=O)NC2=O)C4=O)CCN(C(=O)C2=CC=C(N3CCC4(CC3)C[C@H](C)N(C3=CC=C(C#N)C(Cl)=C3)C4)C=C2)CC1,,,,>=90/>=90,% AR degradation in Vcap cells after 24 h treatment at 10/100 nM,,,,,,,,,,,,,,,,,,,,,,,,,,,,,,,,,,,,,,,,,,,,,,,,,,,,,,,,,,,,,,,,,10.1021/acsmedchemlett.1c00498,818.375,817.335459936,2.48,59,9,10,1,7,146.6,C45H48ClN7O6,"InChI=1S/C45H48ClN7O6/c1-28-22-44(26-52(28)34-8-5-30(23-47)37(46)21-34)11-15-50(16-12-44)33-6-3-29(4-7-33)41(56)51-17-13-45(59-2,14-18-51)27-49-24-31-19-35-36(20-32(31)25-49)43(58)53(42(35)57)38-9-10-39(54)48-40(38)55/h3-8,19-21,28,38H,9-18,22,24-27H2,1-2H3,(H,48,54,55)/t28-,38?/m0/s1",MYAUGYDOTJZSSR-XRTOLJPQSA-N,MYAUGYDOTJZSSR
3056,P10275,AR,CRBN,,ARD-1684,COC1(CN2CC3=CC4=C(C=C3C2)C(=O)N(C2CCC(=O)NC2=O)C4=O)CCN(C(=O)C2=CC=C(N3CCC4(CC3)C[C@H](C)N(C3=CC=C(C#N)C(Cl)=C3)C4)C=C2)CC1,0.3/1.0,99/97,Degradation of AR in VCaP/LNCaP cells after 24 h treatment,,,,,,,,,,,,,,,,,,,,,,,,,,,,,,,,,,,,,,,,,,,,,,,,,,,4.9,Inhibit cell growth in the VCaP cells,,,,,,,,,,,,,,,10.1021/acs.jmedchem.3c01264,818.375,817.335459936,3.73,59,9,10,1,7,146.6,C45H48ClN7O6,"InChI=1S/C45H48ClN7O6/c1-28-22-44(26-52(28)34-8-5-30(23-47)37(46)21-34)11-15-50(16-12-44)33-6-3-29(4-7-33)41(56)51-17-13-45(59-2,14-18-51)27-49-24-31-19-35-36(20-32(31)25-49)43(58)53(42(35)57)38-9-10-39(54)48-40(38)55/h3-8,19-21,28,38H,9-18,22,24-27H2,1-2H3,(H,48,54,55)/t28-,38?/m0/s1",MYAUGYDOTJZSSR-XRTOLJPQSA-N,MYAUGYDOTJZSSR
3057,P10275,AR,CRBN,,,CC[C@H]1CC2(CCN(C3=CC=C(C(=O)N4CCC(N5CC6=CC7=C(C=C6C5)C(=O)N(C5CCC(=O)NC5=O)C7=O)CC4)C=C3)CC2)CN1C1=CC=C(C#N)C(Cl)=C1,,,,>=90/>=90,% AR degradation in Vcap cells after 24 h treatment at 10/100 nM,,,,,,,,,,,,,,,,,,,,,,,,,,,,,,,,,,,,,,,,,,,,,,,,,,,,,,,,,,,,,,,,,10.1021/acsmedchemlett.1c00498,788.349,787.324895252,4.44,57,9,9,1,6,137.37,C44H46ClN7O5,"InChI=1S/C44H46ClN7O5/c1-2-31-22-44(26-51(31)34-8-5-28(23-46)37(45)21-34)13-17-48(18-14-44)32-6-3-27(4-7-32)41(55)49-15-11-33(12-16-49)50-24-29-19-35-36(20-30(29)25-50)43(57)52(42(35)56)38-9-10-39(53)47-40(38)54/h3-8,19-21,31,33,38H,2,9-18,22,24-26H2,1H3,(H,47,53,54)/t31-,38?/m0/s1",BUZRUJXEBYATBA-LHSYUTFLSA-N,BUZRUJXEBYATBA
3058,P10275,AR,CRBN,,,CC[C@H]1CC2(CCN(C3=CC=C(C(=O)N4CCN(C5CN(C6=CC=C7C(=O)N(C8CCC(=O)NC8=O)C(=O)C7=C6)C5)CC4)C=C3)CC2)CN1C1=CC=C(C#N)C(Cl)=C1,,,,>=90/>=90,% AR degradation in Vcap cells after 24 h treatment at 10/100 nM,,,,,,,,,,,,,,,,,,,,,,,,,,,,,,,,,,,,,,,,,,,,,,,,,,,,,,,,,,,,,,,,,10.1021/acsmedchemlett.1c00498,803.364,802.335794284,3.06,58,9,10,1,7,140.61,C44H47ClN8O5,"InChI=1S/C44H47ClN8O5/c1-2-30-23-44(27-52(30)33-8-5-29(24-46)37(45)22-33)13-15-48(16-14-44)31-6-3-28(4-7-31)41(56)50-19-17-49(18-20-50)34-25-51(26-34)32-9-10-35-36(21-32)43(58)53(42(35)57)38-11-12-39(54)47-40(38)55/h3-10,21-22,30,34,38H,2,11-20,23,25-27H2,1H3,(H,47,54,55)/t30-,38?/m0/s1",NEDWDSAZGZAIJE-VZSKUFKGSA-N,NEDWDSAZGZAIJE
3059,P10275,AR,CRBN,,,C[C@H]1CC2(CCN(C3=CC=C(C(=O)N4CC(CN5CC6=CC7=C(C=C6C5)C(=O)N(C5CCC(=O)NC5=O)C7=O)C4)C=C3)CC2)CN1C1=CC=C(C#N)C(Cl)=C1,,,,>=90/>=90,% AR degradation in Vcap cells after 24 h treatment at 10/100 nM,,,,,,,,,,,,,,,,,,,,,,,,,,,,,,,,,,,,,,,,,,,,,,,,,,,,,,,,,,,,,,,,,10.1021/acsmedchemlett.1c00498,760.295,759.293595124,2.83,55,9,9,1,6,137.37,C42H42ClN7O5,"InChI=1S/C42H42ClN7O5/c1-25-17-42(24-49(25)32-7-4-28(18-44)35(43)16-32)10-12-47(13-11-42)31-5-2-27(3-6-31)39(53)48-20-26(21-48)19-46-22-29-14-33-34(15-30(29)23-46)41(55)50(40(33)54)36-8-9-37(51)45-38(36)52/h2-7,14-16,25-26,36H,8-13,17,19-24H2,1H3,(H,45,51,52)/t25-,36?/m0/s1",SIFVRCPVOMAZLY-XFCCSEHESA-N,SIFVRCPVOMAZLY
3059,P10275,AR,CRBN,,ARD-1690,C[C@H]1CC2(CCN(C3=CC=C(C(=O)N4CC(CN5CC6=CC7=C(C=C6C5)C(=O)N(C5CCC(=O)NC5=O)C7=O)C4)C=C3)CC2)CN1C1=CC=C(C#N)C(Cl)=C1,0.5/2.9,99/99,Degradation of AR in VCaP/LNCaP cells after 24 h treatment,,,,,,,,,,,,,,,,,,,,,,,,,,,,,,,,,,,,,,,,,,,,,,,,,,,25.7,Inhibit cell growth in the VCaP cells,,,,,,,,,,,,,,,10.1021/acs.jmedchem.3c01264,760.295,759.293595124,3.0,55,9,9,1,6,137.37,C42H42ClN7O5,"InChI=1S/C42H42ClN7O5/c1-25-17-42(24-49(25)32-7-4-28(18-44)35(43)16-32)10-12-47(13-11-42)31-5-2-27(3-6-31)39(53)48-20-26(21-48)19-46-22-29-14-33-34(15-30(29)23-46)41(55)50(40(33)54)36-8-9-37(51)45-38(36)52/h2-7,14-16,25-26,36H,8-13,17,19-24H2,1H3,(H,45,51,52)/t25-,36?/m0/s1",SIFVRCPVOMAZLY-XFCCSEHESA-N,SIFVRCPVOMAZLY
3060,P10275,AR,CRBN,,,C[C@H]1CC2(CCN(C3=CC=C(C(=O)N4CCC(F)(CN5CC6=CC7=C(C=C6C5)C(=O)N(C5CCC(=O)NC5=O)C7)CC4)C=C3)CC2)CN1C1=CC=C(C#N)C(Cl)=C1,,,,>=90/>=90,% AR degradation in Vcap cells after 24 h treatment at 10/100 nM,,,,,,,,,,,,,,,,,,,,,,,,,,,,,,,,,,,,,,,,,,,,,,,,,,,,,,,,,,,,,,,,,10.1021/acsmedchemlett.1c00498,792.356,791.336208884,3.11,57,9,8,1,6,120.3,C44H47ClFN7O4,"InChI=1S/C44H47ClFN7O4/c1-28-21-43(26-53(28)35-7-4-30(22-47)37(45)20-35)10-14-50(15-11-43)34-5-2-29(3-6-34)41(56)51-16-12-44(46,13-17-51)27-49-23-31-18-33-25-52(38-8-9-39(54)48-40(38)55)42(57)36(33)19-32(31)24-49/h2-7,18-20,28,38H,8-17,21,23-27H2,1H3,(H,48,54,55)/t28-,38?/m0/s1",NTPJLJWURIUSTB-XRTOLJPQSA-N,NTPJLJWURIUSTB
3061,P10275,AR,CRBN,,,C[C@H]1CC2(CCN(C3=CC=C(C(=O)N4CCC5(CC4)CC(N4CC6=CC7=C(C=C6C4)C(=O)N(C4CCC(=O)NC4=O)C7=O)C5)C=C3)CC2)CN1C1=CC=C(C#N)C(Cl)=C1,,,,>=50/>=90,% AR degradation in Vcap cells after 24 h treatment at 10/100 nM,,,,,,,,,,,,,,,,,,,,,,,,,,,,,,,,,,,,,,,,,,,,,,,,,,,,,,,,,,,,,,,,,10.1021/acsmedchemlett.1c00498,814.387,813.340545316,2.79,59,10,9,1,5,137.37,C46H48ClN7O5,"InChI=1S/C46H48ClN7O5/c1-28-21-46(27-53(28)34-7-4-30(24-48)38(47)20-34)12-14-50(15-13-46)33-5-2-29(3-6-33)42(57)51-16-10-45(11-17-51)22-35(23-45)52-25-31-18-36-37(19-32(31)26-52)44(59)54(43(36)58)39-8-9-40(55)49-41(39)56/h2-7,18-20,28,35,39H,8-17,21-23,25-27H2,1H3,(H,49,55,56)/t28-,39?/m0/s1",JBTOLNXRVILBNA-RUITYDCOSA-N,JBTOLNXRVILBNA
3062,P10275,AR,CRBN,,,C[C@H]1CC2(CCN(C3=CC=C(C(=O)N4CCN(CC(=O)N5CC6=CC7=C(C=C6C5)C(=O)N(C5CCC(=O)NC5=O)C7=O)CC4)C=C3)CC2)CN1C1=CC=C(C#N)C(Cl)=C1,,,,>=90/>=90,% AR degradation in Vcap cells after 24 h treatment at 10/100 nM,,,,,,,,,,,,,,,,,,,,,,,,,,,,,,,,,,,,,,,,,,,,,,,,,,,,,,,,,,,,,,,,,10.1021/acsmedchemlett.1c00498,817.347,816.31505884,2.6,59,9,10,1,6,157.68,C44H45ClN8O6,"InChI=1S/C44H45ClN8O6/c1-27-21-44(26-52(27)33-7-4-29(22-46)36(45)20-33)10-12-49(13-11-44)32-5-2-28(3-6-32)41(57)50-16-14-48(15-17-50)25-39(55)51-23-30-18-34-35(19-31(30)24-51)43(59)53(42(34)58)37-8-9-38(54)47-40(37)56/h2-7,18-20,27,37H,8-17,21,23-26H2,1H3,(H,47,54,56)/t27-,37?/m0/s1",RQIBYZFBWNLMBH-YTCZSSRZSA-N,RQIBYZFBWNLMBH
3063,P10275,AR,CRBN,,,C[C@H]1CC2(CCN(C3=CC=C(C(=O)N4CCN(C(=O)CN5CC6=CC7=C(C=C6C5)C(=O)N(C5CCC(=O)NC5=O)C7=O)CC4)C=C3)CC2)CN1C1=CC=C(C#N)C(Cl)=C1,,,,>=90/>=90,% AR degradation in Vcap cells after 24 h treatment at 10/100 nM,,,,,,,,,,,,,,,,,,,,,,,,,,,,,,,,,,,,,,,,,,,,,,,,,,,,,,,,,,,,,,,,,10.1021/acsmedchemlett.1c00498,817.347,816.31505884,1.95,59,9,10,1,6,157.68,C44H45ClN8O6,"InChI=1S/C44H45ClN8O6/c1-27-21-44(26-52(27)33-7-4-29(22-46)36(45)20-33)10-12-49(13-11-44)32-5-2-28(3-6-32)41(57)51-16-14-50(15-17-51)39(55)25-48-23-30-18-34-35(19-31(30)24-48)43(59)53(42(34)58)37-8-9-38(54)47-40(37)56/h2-7,18-20,27,37H,8-17,21,23-26H2,1H3,(H,47,54,56)/t27-,37?/m0/s1",HVRQFVOFOCEMCC-YTCZSSRZSA-N,HVRQFVOFOCEMCC
3064,P10275,AR,CRBN,,,C[C@H]1CC2(CCN(C3=CC=C(C(=O)N4CCN(C(=O)CN5CC6=CC7=C(C=C6C5)C(=O)N(C5CCC(=O)NC5=O)C7)CC4)C=C3)CC2)CN1C1=CC=C(C#N)C(Cl)=C1,,,,>=90/>=90,% AR degradation in Vcap cells after 24 h treatment at 10/100 nM,,,,,,,,,,,,,,,,,,,,,,,,,,,,,,,,,,,,,,,,,,,,,,,,,,,,,,,,,,,,,,,,,10.1021/acsmedchemlett.1c00498,803.364,802.335794284,3.52,58,9,9,1,6,140.61,C44H47ClN8O5,"InChI=1S/C44H47ClN8O5/c1-28-21-44(27-53(28)35-7-4-30(22-46)37(45)20-35)10-12-49(13-11-44)34-5-2-29(3-6-34)42(57)51-16-14-50(15-17-51)40(55)26-48-23-31-18-33-25-52(38-8-9-39(54)47-41(38)56)43(58)36(33)19-32(31)24-48/h2-7,18-20,28,38H,8-17,21,23-27H2,1H3,(H,47,54,56)/t28-,38?/m0/s1",KDYZCAPPIPJMJT-XRTOLJPQSA-N,KDYZCAPPIPJMJT
3154,P10275,AR,CRBN,,,CC1(C)C(=O)N(C2=CC=C(C#N)C(C(F)(F)F)=C2)C(=S)N1C1=CC=C(C(=O)NCCOCCOCCNC2=CC=CC3=C2C(=O)N(C2CCC(=O)NC2=O)C3=O)C(F)=C1,,,,,,,,,,,,,,,,,,,,,,,,,,,,,,,,,,,,,,,,,,,,,,,,,,,,,,,,,,,,,,,,,,,,,,10.1002/ardp.202100467,837.809,837.22039496,0.64,59,6,11,3,14,190.48,C39H35F4N7O8S,"InChI=1S/C39H35F4N7O8S/c1-38(2)36(56)48(22-7-6-21(20-44)26(18-22)39(41,42)43)37(59)50(38)23-8-9-24(27(40)19-23)32(52)46-13-15-58-17-16-57-14-12-45-28-5-3-4-25-31(28)35(55)49(34(25)54)29-10-11-30(51)47-33(29)53/h3-9,18-19,29,45H,10-17H2,1-2H3,(H,46,52)(H,47,51,53)",LPKJIHCGLICZIP-UHFFFAOYSA-N,LPKJIHCGLICZIP
3155,P10275,AR,CRBN,,,CC1(C)C(=O)N(C2=CC=C(C#N)C(C(F)(F)F)=C2)C(=S)N1C1=CC=C(C(=O)NCCOCCOCCOCCNC2=CC=CC3=C2C(=O)N(C2CCC(=O)NC2=O)C3=O)C(F)=C1,,,,,,,,,,,,,,,,,,,,,,,,,,,,,,,,,,,,,,,,,,,,,,,,,,,,,,,,,,,,,,,,,,,,,,10.1002/ardp.202100467,881.862,881.246609708,3.69,62,6,12,3,17,199.71,C41H39F4N7O9S,"InChI=1S/C41H39F4N7O9S/c1-40(2)38(58)50(24-7-6-23(22-46)28(20-24)41(43,44)45)39(62)52(40)25-8-9-26(29(42)21-25)34(54)48-13-15-60-17-19-61-18-16-59-14-12-47-30-5-3-4-27-33(30)37(57)51(36(27)56)31-10-11-32(53)49-35(31)55/h3-9,20-21,31,47H,10-19H2,1-2H3,(H,48,54)(H,49,53,55)",DTOGCBJSGVPUHH-UHFFFAOYSA-N,DTOGCBJSGVPUHH
3156,P10275,AR,CRBN,,,CC1(C)C(=O)N(C2=CC=C(C#N)C(C(F)(F)F)=C2)C(=S)N1C1=CC=C(C(=O)NCCCCCCNC2=CC=CC3=C2C(=O)N(C2CCC(=O)NC2=O)C3=O)C(F)=C1,,,,,,,,,,,,,,,,,,,,,,,,,,,,,,,,,,,,,,,,,,,,,,,,,,,,,,,,,,,,,,,,,,,,,,10.1002/ardp.202100467,805.811,805.23056572,1.4,57,6,9,3,12,172.02,C39H35F4N7O6S,"InChI=1S/C39H35F4N7O6S/c1-38(2)36(56)48(22-11-10-21(20-44)26(18-22)39(41,42)43)37(57)50(38)23-12-13-24(27(40)19-23)32(52)46-17-6-4-3-5-16-45-28-9-7-8-25-31(28)35(55)49(34(25)54)29-14-15-30(51)47-33(29)53/h7-13,18-19,29,45H,3-6,14-17H2,1-2H3,(H,46,52)(H,47,51,53)",ZOAWNYRVNYGSTD-UHFFFAOYSA-N,ZOAWNYRVNYGSTD
3157,P10275,AR,CRBN,,,CC1(C)C(=O)N(C2=CC=C(C#N)C(C(F)(F)F)=C2)C(=S)N1C1=CC=C(C(=O)NCCCCCCCCNC2=CC=CC3=C2C(=O)N(C2CCC(=O)NC2=O)C3=O)C(F)=C1,,,,,,,,,,,,,,,,,,,,,,,,,,,,,,,,,,,,,,,,,,,,,,,,,,,,,,,,,,,,,,,,,,,,,,10.1002/ardp.202100467,833.865,833.261865848,1.25,59,6,9,3,14,172.02,C41H39F4N7O6S,"InChI=1S/C41H39F4N7O6S/c1-40(2)38(58)50(24-13-12-23(22-46)28(20-24)41(43,44)45)39(59)52(40)25-14-15-26(29(42)21-25)34(54)48-19-8-6-4-3-5-7-18-47-30-11-9-10-27-33(30)37(57)51(36(27)56)31-16-17-32(53)49-35(31)55/h9-15,20-21,31,47H,3-8,16-19H2,1-2H3,(H,48,54)(H,49,53,55)",GHJSCSUQZJDCQX-UHFFFAOYSA-N,GHJSCSUQZJDCQX
3158,P10275,AR,CRBN,,,CC1(C)C(=O)N(C2=CC=C(C#N)C(C(F)(F)F)=C2)C(=S)N1C1=CC=C(C(=O)NCCCCCCCCCCNC2=CC=CC3=C2C(=O)N(C2CCC(=O)NC2=O)C3=O)C(F)=C1,,,,,,,,,,,,,,,,,,,,,,,,,,,,,,,,,,,,,,,,,,,,,,,,,,,,,,,,,,,,,,,,,,,,,,10.1002/ardp.202100467,861.919,861.293165976,1.11,61,6,9,3,16,172.02,C43H43F4N7O6S,"InChI=1S/C43H43F4N7O6S/c1-42(2)40(60)52(26-15-14-25(24-48)30(22-26)43(45,46)47)41(61)54(42)27-16-17-28(31(44)23-27)36(56)50-21-10-8-6-4-3-5-7-9-20-49-32-13-11-12-29-35(32)39(59)53(38(29)58)33-18-19-34(55)51-37(33)57/h11-17,22-23,33,49H,3-10,18-21H2,1-2H3,(H,50,56)(H,51,55,57)",WIIKHHKLGUAPAY-UHFFFAOYSA-N,WIIKHHKLGUAPAY
3159,P10275,AR,CRBN,,,CC1(C)C(=O)N(C2=CC=C(C#N)C(C(F)(F)F)=C2)C(=S)N1C1=CC=C(C2=CC=C(OCCOCCOCCNC3=CC=CC4=C3C(=O)N(C3CCC(=O)NC3=O)C4=O)C=C2)C=C1,,,,,,,,,,,,,,,,,,,,,,,,,,,,,,,,,,,,,,,,,,,,,,,,,,,,,,,,,,,,,,,,,,,,,,10.1002/ardp.202100467,868.891,868.250217868,2.77,62,7,11,2,15,170.61,C44H39F3N6O8S,"InChI=1S/C44H39F3N6O8S/c1-43(2)41(58)51(30-13-8-28(25-48)33(24-30)44(45,46)47)42(62)53(43)29-11-6-26(7-12-29)27-9-14-31(15-10-27)61-23-22-60-21-20-59-19-18-49-34-5-3-4-32-37(34)40(57)52(39(32)56)35-16-17-36(54)50-38(35)55/h3-15,24,35,49H,16-23H2,1-2H3,(H,50,54,55)",IBTGROSNTNXRRL-UHFFFAOYSA-N,IBTGROSNTNXRRL
3160,P10275,AR,CRBN,,,CC1(C)C(=O)N(C2=CC=C(C#N)C(C(F)(F)F)=C2)C(=S)N1C1=CC=C(C2=CC=C(OCCOCCOCCOCCNC3=CC=CC4=C3C(=O)N(C3CCC(=O)NC3=O)C4=O)C=C2)C=C1,,,,,,,,,,,,,,,,,,,,,,,,,,,,,,,,,,,,,,,,,,,,,,,,,,,,,,,,,,,,,,,,,,,,,,10.1002/ardp.202100467,912.944,912.276432616,3.12,65,7,12,2,18,179.84,C46H43F3N6O9S,"InChI=1S/C46H43F3N6O9S/c1-45(2)43(60)53(32-13-8-30(27-50)35(26-32)46(47,48)49)44(65)55(45)31-11-6-28(7-12-31)29-9-14-33(15-10-29)64-25-24-63-23-22-62-21-20-61-19-18-51-36-5-3-4-34-39(36)42(59)54(41(34)58)37-16-17-38(56)52-40(37)57/h3-15,26,37,51H,16-25H2,1-2H3,(H,52,56,57)",PMZWBWOWEXLZMT-UHFFFAOYSA-N,PMZWBWOWEXLZMT
3161,P10275,AR,CRBN,,,CC1(C)C(=O)N(C2=CC=C(C#N)C(C(F)(F)F)=C2)C(=S)N1C1=CC=C(C2=CC=C(OCCCCCCNC3=CC=CC4=C3C(=O)N(C3CCC(=O)NC3=O)C4=O)C=C2)C=C1,,,,,,,,,,,,,,,,,,,,,,,,,,,,,,,,,,,,,,,,,,,,,,,,,,,,,,,,,,,,,,,,,,,,,,10.1002/ardp.202100467,836.893,836.260388628,3.95,60,7,9,2,13,152.15,C44H39F3N6O6S,"InChI=1S/C44H39F3N6O6S/c1-43(2)41(58)51(30-17-12-28(25-48)33(24-30)44(45,46)47)42(60)53(43)29-15-10-26(11-16-29)27-13-18-31(19-14-27)59-23-6-4-3-5-22-49-34-9-7-8-32-37(34)40(57)52(39(32)56)35-20-21-36(54)50-38(35)55/h7-19,24,35,49H,3-6,20-23H2,1-2H3,(H,50,54,55)",RSAOSHAQOICZME-UHFFFAOYSA-N,RSAOSHAQOICZME
3162,P10275,AR,CRBN,,,CC1(C)C(=O)N(C2=CC=C(C#N)C(C(F)(F)F)=C2)C(=S)N1C1=CC=C(C2=CC=C(OCCCCCCCCNC3=CC=CC4=C3C(=O)N(C3CCC(=O)NC3=O)C4=O)C=C2)C=C1,,,,,,,,,,,,,,,,,,,,,,,,,,,,,,,,,,,,,,,,,,,,,,,,,,,,,,,,,,,,,,,,,,,,,,10.1002/ardp.202100467,864.947,864.291688756,3.65,62,7,9,2,15,152.15,C46H43F3N6O6S,"InChI=1S/C46H43F3N6O6S/c1-45(2)43(60)53(32-19-14-30(27-50)35(26-32)46(47,48)49)44(62)55(45)31-17-12-28(13-18-31)29-15-20-33(21-16-29)61-25-8-6-4-3-5-7-24-51-36-11-9-10-34-39(36)42(59)54(41(34)58)37-22-23-38(56)52-40(37)57/h9-21,26,37,51H,3-8,22-25H2,1-2H3,(H,52,56,57)",SGJHPRRQSRNZIQ-UHFFFAOYSA-N,SGJHPRRQSRNZIQ
3163,P10275,AR,CRBN,,,CC1(C)C(=O)N(C2=CC=C(C#N)C(C(F)(F)F)=C2)C(=S)N1C1=CC=C(C2=CC=C(OCCCCCCCCCCNC3=CC=CC4=C3C(=O)N(C3CCC(=O)NC3=O)C4=O)C=C2)C=C1,,,,,,,,,,,,,,,,,,,,,,,,,,,,,,,,,,,,,,,,,,,,,,,,,,,,,,,,,,,,,,,,,,,,,,10.1002/ardp.202100467,893.001,892.322988884,3.36,64,7,9,2,17,152.15,C48H47F3N6O6S,"InChI=1S/C48H47F3N6O6S/c1-47(2)45(62)55(34-21-16-32(29-52)37(28-34)48(49,50)51)46(64)57(47)33-19-14-30(15-20-33)31-17-22-35(23-18-31)63-27-10-8-6-4-3-5-7-9-26-53-38-13-11-12-36-41(38)44(61)56(43(36)60)39-24-25-40(58)54-42(39)59/h11-23,28,39,53H,3-10,24-27H2,1-2H3,(H,54,58,59)",OINUQMLSQAQSIP-UHFFFAOYSA-N,OINUQMLSQAQSIP
3164,P10275,AR,CRBN,,,CC1(C)C(=O)N(C2=CC=C(C#N)C(C(F)(F)F)=C2)C(=S)N1C1=CC=C(C2CCN(C(=O)COCCOCCNC3=CC=CC4=C3C(=O)N(C3CCC(=O)NC3=O)C4=O)CC2)C=C1,,,,,,,,,,,,,,,,,,,,,,,,,,,,,,,,,,,,,,,,,,,,,,,,,,,,,,,,,,,,,,,,,,,,,,10.1002/ardp.202100467,873.911,873.276766964,6.4,62,7,11,2,13,181.69,C43H42F3N7O8S,"InChI=1S/C43H42F3N7O8S/c1-42(2)40(59)51(29-11-8-27(23-47)31(22-29)43(44,45)46)41(62)53(42)28-9-6-25(7-10-28)26-14-17-50(18-15-26)35(55)24-61-21-20-60-19-16-48-32-5-3-4-30-36(32)39(58)52(38(30)57)33-12-13-34(54)49-37(33)56/h3-11,22,26,33,48H,12-21,24H2,1-2H3,(H,49,54,56)",DYVIYABBCWTLNX-UHFFFAOYSA-N,DYVIYABBCWTLNX
3165,P10275,AR,CRBN,,,CC1(C)C(=O)N(C2=CC=C(C#N)C(C(F)(F)F)=C2)C(=S)N1C1=CC=C(C2CCN(C(=O)COCCOCCOCCNC3=CC=CC4=C3C(=O)N(C3CCC(=O)NC3=O)C4=O)CC2)C=C1,,,,,,,,,,,,,,,,,,,,,,,,,,,,,,,,,,,,,,,,,,,,,,,,,,,,,,,,,,,,,,,,,,,,,,10.1002/ardp.202100467,917.964,917.302981712,9.59,65,7,12,2,16,190.92,C45H46F3N7O9S,"InChI=1S/C45H46F3N7O9S/c1-44(2)42(61)53(31-11-8-29(25-49)33(24-31)45(46,47)48)43(65)55(44)30-9-6-27(7-10-30)28-14-17-52(18-15-28)37(57)26-64-23-22-63-21-20-62-19-16-50-34-5-3-4-32-38(34)41(60)54(40(32)59)35-12-13-36(56)51-39(35)58/h3-11,24,28,35,50H,12-23,26H2,1-2H3,(H,51,56,58)",WZCDDTYTIXHSDQ-UHFFFAOYSA-N,WZCDDTYTIXHSDQ
3166,P10275,AR,CRBN,,,CC1(C)C(=O)N(C2=CC=C(C#N)C(C(F)(F)F)=C2)C(=S)N1C1=CC=C(C2CCN(C(=O)CCCCCNC3=CC=CC4=C3C(=O)N(C3CCC(=O)NC3=O)C4=O)CC2)C=C1,,,,,,,,,,,,,,,,,,,,,,,,,,,,,,,,,,,,,,,,,,,,,,,,,,,,,,,,,,,,,,,,,,,,,,10.1002/ardp.202100467,841.913,841.286937724,9.59,60,7,9,2,11,163.23,C43H42F3N7O6S,"InChI=1S/C43H42F3N7O6S/c1-42(2)40(59)51(29-15-12-27(24-47)31(23-29)43(44,45)46)41(60)53(42)28-13-10-25(11-14-28)26-18-21-50(22-19-26)35(55)9-4-3-5-20-48-32-8-6-7-30-36(32)39(58)52(38(30)57)33-16-17-34(54)49-37(33)56/h6-8,10-15,23,26,33,48H,3-5,9,16-22H2,1-2H3,(H,49,54,56)",ZGIYVEHVHDBEAN-UHFFFAOYSA-N,ZGIYVEHVHDBEAN
3167,P10275,AR,CRBN,,,CC1(C)C(=O)N(C2=CC=C(C#N)C(C(F)(F)F)=C2)C(=S)N1C1=CC=C(C2CCN(C(=O)CCCCCCCNC3=CC=CC4=C3C(=O)N(C3CCC(=O)NC3=O)C4=O)CC2)C=C1,,,,,,,,,,,,,,,,,,,,,,,,,,,,,,,,,,,,,,,,,,,,,,,,,,,,,,,,,,,,,,,,,,,,,,10.1002/ardp.202100467,869.967,869.318237852,9.44,62,7,9,2,13,163.23,C45H46F3N7O6S,"InChI=1S/C45H46F3N7O6S/c1-44(2)42(61)53(31-17-14-29(26-49)33(25-31)45(46,47)48)43(62)55(44)30-15-12-27(13-16-30)28-20-23-52(24-21-28)37(57)11-6-4-3-5-7-22-50-34-10-8-9-32-38(34)41(60)54(40(32)59)35-18-19-36(56)51-39(35)58/h8-10,12-17,25,28,35,50H,3-7,11,18-24H2,1-2H3,(H,51,56,58)",BAFRSVRLUHSZOH-UHFFFAOYSA-N,BAFRSVRLUHSZOH
3168,P10275,AR,CRBN,,,CC1(C)C(=O)N(C2=CC=C(C#N)C(C(F)(F)F)=C2)C(=S)N1C1=CC=C(C2CCN(C(=O)CCCCCCCCCNC3=CC=CC4=C3C(=O)N(C3CCC(=O)NC3=O)C4=O)CC2)C=C1,,,,,,,,,,,,,,,,,,,,,,,,,,,,,,,,,,,,,,,,,,,,,,,,,,,,,,,,,,,,,,,,,,,,,,10.1002/ardp.202100467,898.021,897.34953798,9.44,64,7,9,2,15,163.23,C47H50F3N7O6S,"InChI=1S/C47H50F3N7O6S/c1-46(2)44(63)55(33-19-16-31(28-51)35(27-33)47(48,49)50)45(64)57(46)32-17-14-29(15-18-32)30-22-25-54(26-23-30)39(59)13-8-6-4-3-5-7-9-24-52-36-12-10-11-34-40(36)43(62)56(42(34)61)37-20-21-38(58)53-41(37)60/h10-12,14-19,27,30,37,52H,3-9,13,20-26H2,1-2H3,(H,53,58,60)",TWPKOFOJYNQJLZ-UHFFFAOYSA-N,TWPKOFOJYNQJLZ
3169,P10275,AR,CRBN,,,CC1(C)C(=O)N(C2=CC=C(C#N)C(C(F)(F)F)=C2)C(=S)N1C1=CC=C(C2=CC=C(OCC#CC3=CC=C(C(=O)N4CCN(C5=CC=C6C(=O)N(C7CCC(=O)NC7=O)C(=O)C6=C5)CC4)C=C3)C=C2)C=C1,,,,,,,,,,,,,,,,,,,,,,,,,,,,,,,,,,,,,,,,,,,,,,,,,,,,,,,,,,,,,,,,,,,,,,10.1002/ardp.202100467,963.995,963.26620228,9.29,70,9,10,1,8,163.67,C52H40F3N7O7S,"InChI=1S/C52H40F3N7O7S/c1-51(2)49(68)60(38-16-11-35(30-56)42(29-38)52(53,54)55)50(70)62(51)36-14-9-32(10-15-36)33-12-18-39(19-13-33)69-27-3-4-31-5-7-34(8-6-31)46(65)59-25-23-58(24-26-59)37-17-20-40-41(28-37)48(67)61(47(40)66)43-21-22-44(63)57-45(43)64/h5-20,28-29,43H,21-27H2,1-2H3,(H,57,63,64)",FQVZECRSOLVDIC-UHFFFAOYSA-N,FQVZECRSOLVDIC
3170,P10275,AR,CRBN,,,CC1(C)C(=O)N(C2=CC=C(C#N)C(C(F)(F)F)=C2)C(=S)N1C1=CC=C(C2=CC=C(OCC#CC3=CC=C(C(=O)N4CCN(C5=CC=C6C(=O)N(C7CCC(=O)NC7=O)CC6=C5)CC4)C=C3)C=C2)C=C1,,,,,,,,,,,,,,,,,,,,,,,,,,,,,,,,,,,,,,,,,,,,,,,,,,,,,,,,,,,,,,,,,,,,,,10.1002/ardp.202100467,950.012,949.286937724,9.29,69,9,9,1,8,146.6,C52H42F3N7O6S,"InChI=1S/C52H42F3N7O6S/c1-51(2)49(67)61(40-16-11-36(30-56)43(29-40)52(53,54)55)50(69)62(51)38-14-9-33(10-15-38)34-12-18-41(19-13-34)68-27-3-4-32-5-7-35(8-6-32)47(65)59-25-23-58(24-26-59)39-17-20-42-37(28-39)31-60(48(42)66)44-21-22-45(63)57-46(44)64/h5-20,28-29,44H,21-27,31H2,1-2H3,(H,57,63,64)",JABPCGCHPUNQKQ-UHFFFAOYSA-N,JABPCGCHPUNQKQ
3171,P10275,AR,CRBN,,,CC1(C)C(=O)N(C2=CC=C(C#N)C(C(F)(F)F)=C2)C(=S)N1C1=CC=C(C2=CC=C(O[C@@H]3CCN(C(=O)C4CCN(C5=CC=C6C(=O)N(C7CCC(=O)NC7=O)C(=O)C6=C5)CC4)C3)C=C2)C=C1,75/77,>75/>85,Degradation of AR in A549/LNCaP cells after 24 h treatment,,,,,,,,,,,,,,,,,,,,,,,,,,,,,,,,,,,,,,,,,,,,,,,,,,,,,,,,,,,,,,,,,,,10.1002/ardp.202100467,917.967,917.281852344,9.15,66,9,10,1,8,163.67,C48H42F3N7O7S,"InChI=1S/C48H42F3N7O7S/c1-47(2)45(64)56(33-10-5-30(25-52)38(24-33)48(49,50)51)46(66)58(47)31-8-3-27(4-9-31)28-6-12-34(13-7-28)65-35-19-22-55(26-35)42(61)29-17-20-54(21-18-29)32-11-14-36-37(23-32)44(63)57(43(36)62)39-15-16-40(59)53-41(39)60/h3-14,23-24,29,35,39H,15-22,26H2,1-2H3,(H,53,59,60)/t35-,39?/m1/s1",PMTYRQFZOZEPEI-QQKHLPPFSA-N,PMTYRQFZOZEPEI
3172,P10275,AR,CRBN,,,CC1(C)C(=O)N(C2=CC=C(C#N)C(C(F)(F)F)=C2)C(=S)N1C1=CC=C(C2=CC=C(O[C@H]3CCN(C(=O)C4CCN(C5=CC=C6C(=O)N(C7CCC(=O)NC7=O)C(=O)C6=C5)CC4)C3)C=C2)C=C1,,,,,,,,,,,,,,,,,,,,,,,,,,,,,,,,,,,,,,,,,,,,,,,,,,,,,,,,,,,,,,,,,,,,,,10.1002/ardp.202100467,917.967,917.281852344,9.15,66,9,10,1,8,163.67,C48H42F3N7O7S,"InChI=1S/C48H42F3N7O7S/c1-47(2)45(64)56(33-10-5-30(25-52)38(24-33)48(49,50)51)46(66)58(47)31-8-3-27(4-9-31)28-6-12-34(13-7-28)65-35-19-22-55(26-35)42(61)29-17-20-54(21-18-29)32-11-14-36-37(23-32)44(63)57(43(36)62)39-15-16-40(59)53-41(39)60/h3-14,23-24,29,35,39H,15-22,26H2,1-2H3,(H,53,59,60)/t35-,39?/m0/s1",PMTYRQFZOZEPEI-DIHCPYQKSA-N,PMTYRQFZOZEPEI
3269,P10275,AR,CRBN,,ARV-471,O=C1CC[C@H](N2CC3=CC(N4CCN(CC5CCN(C6=CC=C([C@@H]7C8=CC=C(O)C=C8CC[C@@H]7C7=CC=CC=C7)C=C6)CC5)CC4)=CC=C3C2=O)C(=O)N1,,,,,,100,Inhibition of ER by cell-free RL displacement assays,,,,,,,,,,,,,,,,,,,,,,,,,,,,,,,,,,,,,,,,,,,,,,,,,,,,,,,,,,,,,,,10.1158/1078-0432.CCR-23-3465,723.918,723.378455048,5.38,54,9,7,2,7,96.43,,"InChI=1S/C45H49N5O4/c51-37-12-15-39-33(27-37)8-13-38(31-4-2-1-3-5-31)43(39)32-6-9-35(10-7-32)48-20-18-30(19-21-48)28-47-22-24-49(25-23-47)36-11-14-40-34(26-36)29-50(45(40)54)41-16-17-42(52)46-44(41)53/h1-7,9-12,14-15,26-27,30,38,41,43,51H,8,13,16-25,28-29H2,(H,46,52,53)/t38-,41+,43+/m1/s1",,TZZDVPMABRWKIZ
3270,P10275,AR,CRBN,,ARV-110,N#CC1=CC=C(O[C@H]2CC[C@H](NC(=O)C3=CC=C(N4CCC(CN5CCN(C6=CC7=C(C=C6F)C(=O)N(C6CCC(=O)NC6=O)C7=O)CC5)CC4)N=N3)CC2)C=C1Cl,1,,Degradation of AR in LNCaP cells,,,,,,,,,,,,,,,,,,,,,,,,,,,,,,,,,,,,,,,,,,,,,,,,,,,,,,,,,,,,,,,,,,,10.1200/JCO.2019.37.7_suppl.259,812.303,811.300885996,4.89,58,8,12,2,9,181.17,C41H43ClFN9O6,"InChI=1S/C41H43ClFN9O6/c42-31-19-28(4-1-25(31)22-44)58-27-5-2-26(3-6-27)45-38(54)33-7-9-36(48-47-33)51-13-11-24(12-14-51)23-49-15-17-50(18-16-49)35-21-30-29(20-32(35)43)40(56)52(41(30)57)34-8-10-37(53)46-39(34)55/h1,4,7,9,19-21,24,26-27,34H,2-3,5-6,8,10-18,23H2,(H,45,54)(H,46,53,55)/t26-,27-,34?",CLCTZVRHDOAUGJ-SYVGMNBRSA-N,CLCTZVRHDOAUGJ
3270,P10275,AR,CRBN,,ARV-110,N#CC1=CC=C(O[C@H]2CC[C@H](NC(=O)C3=CC=C(N4CCC(CN5CCN(C6=CC7=C(C=C6F)C(=O)N(C6CCC(=O)NC6=O)C7=O)CC5)CC4)N=N3)CC2)C=C1Cl,3.6/5.5,92/81,Degradation of AR in VCaP/LNCaP cells after 24 h treatment,,,,,,,,,,,,,,,,,,,,,,,,,,,,,,,,,,,,,,,,,,,,,,,,,,,41/32,Inhibit of cell growth of VCaP/LNCaP cells,,,,,,,,,,,,,,,10.1021/acs.jmedchem.3c00118,812.303,811.300885996,5.42,58,8,12,2,9,181.17,C41H43ClFN9O6,"InChI=1S/C41H43ClFN9O6/c42-31-19-28(4-1-25(31)22-44)58-27-5-2-26(3-6-27)45-38(54)33-7-9-36(48-47-33)51-13-11-24(12-14-51)23-49-15-17-50(18-16-49)35-21-30-29(20-32(35)43)40(56)52(41(30)57)34-8-10-37(53)46-39(34)55/h1,4,7,9,19-21,24,26-27,34H,2-3,5-6,8,10-18,23H2,(H,45,54)(H,46,53,55)/t26-,27-,34?",CLCTZVRHDOAUGJ-SYVGMNBRSA-N,CLCTZVRHDOAUGJ
3270,P10275,AR,CRBN,,ARV-110,N#CC1=CC=C(O[C@H]2CC[C@H](NC(=O)C3=CC=C(N4CCC(CN5CCN(C6=CC7=C(C=C6F)C(=O)N(C6CCC(=O)NC6=O)C7=O)CC5)CC4)N=N3)CC2)C=C1Cl,1.78/4.02,85/90,Degradation of AR in 22Rv1/LNCaP cells 20 h treatment,,,,,,,,,,,,,,,,,,,,,,,,,,,,,,,,,,,,,,,,,,,,,,,,,,,,,,,,,,,,,,,,,,,10.1002/advs.202400398,812.303,811.300885996,4.7,58,8,12,2,9,181.17,,"InChI=1S/C41H43ClFN9O6/c42-31-19-28(4-1-25(31)22-44)58-27-5-2-26(3-6-27)45-38(54)33-7-9-36(48-47-33)51-13-11-24(12-14-51)23-49-15-17-50(18-16-49)35-21-30-29(20-32(35)43)40(56)52(41(30)57)34-8-10-37(53)46-39(34)55/h1,4,7,9,19-21,24,26-27,34H,2-3,5-6,8,10-18,23H2,(H,45,54)(H,46,53,55)/t26-,27-,34?",,CLCTZVRHDOAUGJ
3323,P10275,AR-V7,VHL,,,CC1=C(C2=CC=C(C3=C[NH]C([C@@H]4C[C@@H](O)CN4C(=O)[C@@H](NC(=O)CCCCNC(=O)COC4=C(F)C(F)=CC=C4C4=CSC(N5CCOCC5)=N4)C(C)(C)C)=N3)C=C2)SC=N1,,,,69,% AR-V7 degradation at 10 uM for 24 hours in 22Rv1 prostate cancer cells,,,,,,,,,,,,,,,,,,,,,,,,,,,,,,,,,,,,,,,,,,,,,,,,,,,,,,,,,,,,,,,,,10.1021/acs.jmedchem.3c01144,877.053,876.32627976,5.3,61,7,12,4,15,174.9,C43H50F2N8O6S2,"InChI=1S/C43H50F2N8O6S2/c1-25-38(61-24-48-25)27-10-8-26(9-11-27)31-20-47-40(49-31)33-19-28(54)21-53(33)41(57)39(43(2,3)4)51-34(55)7-5-6-14-46-35(56)22-59-37-29(12-13-30(44)36(37)45)32-23-60-42(50-32)52-15-17-58-18-16-52/h8-13,20,23-24,28,33,39,54H,5-7,14-19,21-22H2,1-4H3,(H,46,56)(H,47,49)(H,51,55)/t28-,33+,39-/m1/s1",XTJIVZALPODJEI-FFDHOPIVSA-N,XTJIVZALPODJEI
3324,P10275,AR-V7,VHL,,,CC1=NC(C)=C(C2=CC=C([C@H](C)NC(=O)[C@@H]3C[C@@H](O)CN3C(=O)[C@@H](NC(=O)CCCCNC(=O)COC3=C(F)C(F)=CC=C3C3=CSC(N4CCOCC4)=N3)C(C)(C)C)C=C2)S1,,,,71,% AR-V7 degradation at 10 uM for 24 hours in 22Rv1 prostate cancer cells,,,,,,,,,,,,,,,,,,,,,,,,,,,,,,,,,,,,,,,,,,,,,,,,,,,,,,,,,,,,,,,,,10.1021/acs.jmedchem.3c01144,896.096,895.35724554,5.19,62,6,12,4,16,175.32,C44H55F2N7O7S2,"InChI=1S/C44H55F2N7O7S2/c1-25(28-10-12-29(13-11-28)39-26(2)48-27(3)62-39)49-41(57)34-21-30(54)22-53(34)42(58)40(44(4,5)6)51-35(55)9-7-8-16-47-36(56)23-60-38-31(14-15-32(45)37(38)46)33-24-61-43(50-33)52-17-19-59-20-18-52/h10-15,24-25,30,34,40,54H,7-9,16-23H2,1-6H3,(H,47,56)(H,49,57)(H,51,55)/t25-,30+,34-,40+/m0/s1",UPDGRCNPFMTMAJ-ADFJQUABSA-N,UPDGRCNPFMTMAJ
3325,P10275,AR-V7,VHL,,,CC1=NC(C)=C(C2=CC=C(C3=C[NH]C([C@@H]4C[C@@H](O)CN4C(=O)[C@@H](NC(=O)CCCCNC(=O)COC4=C(F)C(F)=CC=C4C4=CSC(N5CCOCC5)=N4)C(C)(C)C)=N3)C=C2)S1,,,,81,% AR-V7 degradation at 10 uM for 24 hours in 22Rv1 prostate cancer cells,,,,,,,,,,,,,,,,,,,,,,,,,,,,,,,,,,,,,,,,,,,,,,,,,,,,,,,,,,,,,,,,,10.1021/acs.jmedchem.3c01144,891.08,890.341929824,3.68,62,7,12,4,15,174.9,C44H52F2N8O6S2,"InChI=1S/C44H52F2N8O6S2/c1-25-39(62-26(2)49-25)28-11-9-27(10-12-28)32-21-48-41(50-32)34-20-29(55)22-54(34)42(58)40(44(3,4)5)52-35(56)8-6-7-15-47-36(57)23-60-38-30(13-14-31(45)37(38)46)33-24-61-43(51-33)53-16-18-59-19-17-53/h9-14,21,24,29,34,40,55H,6-8,15-20,22-23H2,1-5H3,(H,47,57)(H,48,50)(H,52,56)/t29-,34+,40-/m1/s1",OIGKDWDSJFUPJC-XSZHQXNUSA-N,OIGKDWDSJFUPJC
3327,P10275,AR,CRBN,,ARD-1631,N#CC1=CC=C(N2CCC3(CCN(C4=CC=C(C(=O)N5CCC(N6CC7=CC8=C(C=C7C6)C(=O)N(C6CCC(=O)NC6=O)C8=O)CC5)C=C4)CC3)C2)C=C1Cl,9.7,89,Degradation of AR in VCaP cells after 24 h treatment,,,,,,,,,,,,,,,,,,,,,,,,,,,,,,,,,,,,,,,,,,,,,,,,,,,,,,,,,,,,,,,,,,,10.1021/acs.jmedchem.3c01264,760.295,759.293595124,4.66,55,9,9,1,5,137.37,C42H42ClN7O5,"InChI=1S/C42H42ClN7O5/c43-35-21-32(6-3-27(35)22-44)48-18-13-42(25-48)11-16-46(17-12-42)30-4-1-26(2-5-30)39(53)47-14-9-31(10-15-47)49-23-28-19-33-34(20-29(28)24-49)41(55)50(40(33)54)36-7-8-37(51)45-38(36)52/h1-6,19-21,31,36H,7-18,23-25H2,(H,45,51,52)",NCYQVXBQCGPHHH-UHFFFAOYSA-N,NCYQVXBQCGPHHH
3328,P10275,AR,CRBN,,ARD-1632,N#CC1=CC=C(N2CCC3(CCN(C4=CC=C(C(=O)N5CCC(CN6CC7=CC8=C(C=C7C6)C(=O)N(C6CCC(=O)NC6=O)C8=O)CC5)C=C4)CC3)C2)C=C1Cl,5.7,88,Degradation of AR in VCaP cells after 24 h treatment,,,,,,,,,,,,,,,,,,,,,,,,,,,,,,,,,,,,,,,,,,,,,,,,,,,,,,,,,,,,,,,,,,,10.1021/acs.jmedchem.3c01264,774.322,773.309245188,3.42,56,9,9,1,6,137.37,C43H44ClN7O5,"InChI=1S/C43H44ClN7O5/c44-36-21-33(6-3-29(36)22-45)50-18-13-43(26-50)11-16-48(17-12-43)32-4-1-28(2-5-32)40(54)49-14-9-27(10-15-49)23-47-24-30-19-34-35(20-31(30)25-47)42(56)51(41(34)55)37-7-8-38(52)46-39(37)53/h1-6,19-21,27,37H,7-18,23-26H2,(H,46,52,53)",DNYOJYXHYCVJKW-UHFFFAOYSA-N,DNYOJYXHYCVJKW
3329,P10275,AR,CRBN,,ARD-1633,N#CC1=CC=C(N2CCC3(CCN(C4=CC=C(C(=O)N5CCC(CCN6CC7=CC8=C(C=C7C6)C(=O)N(C6CCC(=O)NC6=O)C8=O)CC5)C=C4)CC3)C2)C=C1Cl,92,78,Degradation of AR in VCaP cells after 24 h treatment,,,,,,,,,,,,,,,,,,,,,,,,,,,,,,,,,,,,,,,,,,,,,,,,,,,,,,,,,,,,,,,,,,,10.1021/acs.jmedchem.3c01264,788.349,787.324895252,4.43,57,9,9,1,7,137.37,C44H46ClN7O5,"InChI=1S/C44H46ClN7O5/c45-37-23-34(6-3-30(37)24-46)51-20-14-44(27-51)12-18-49(19-13-44)33-4-1-29(2-5-33)41(55)50-16-10-28(11-17-50)9-15-48-25-31-21-35-36(22-32(31)26-48)43(57)52(42(35)56)38-7-8-39(53)47-40(38)54/h1-6,21-23,28,38H,7-20,25-27H2,(H,47,53,54)",QWGRMVRMZJRYBH-UHFFFAOYSA-N,QWGRMVRMZJRYBH
3330,P10275,AR,CRBN,,ARD-1628,N#CC1=CC=C(N2CCC3(CCN(C4=CC=C(C(=O)N5CCC(N6CCC7=CC8=C(C=C7C6)C(=O)N(C6CCC(=O)NC6=O)C8=O)CC5)C=C4)CC3)C2)C=C1Cl,73,63,Degradation of AR in VCaP cells after 24 h treatment,,,,,,,,,,,,,,,,,,,,,,,,,,,,,,,,,,,,,,,,,,,,,,,,,,,,,,,,,,,,,,,,,,,10.1021/acs.jmedchem.3c01264,774.322,773.309245188,6.91,56,9,9,1,5,137.37,C43H44ClN7O5,"InChI=1S/C43H44ClN7O5/c44-36-23-33(6-3-29(36)24-45)50-20-14-43(26-50)12-18-47(19-13-43)31-4-1-27(2-5-31)40(54)48-16-10-32(11-17-48)49-15-9-28-21-34-35(22-30(28)25-49)42(56)51(41(34)55)37-7-8-38(52)46-39(37)53/h1-6,21-23,32,37H,7-20,25-26H2,(H,46,52,53)",WISQYAWVRSJAJK-UHFFFAOYSA-N,WISQYAWVRSJAJK
3331,P10275,AR,CRBN,,ARD-1629,N#CC1=CC=C(N2CCC3(CCN(C4=CC=C(C(=O)N5CCC(CN6CCC7=CC8=C(C=C7C6)C(=O)N(C6CCC(=O)NC6=O)C8=O)CC5)C=C4)CC3)C2)C=C1Cl,25,53,Degradation of AR in VCaP cells after 24 h treatment,,,,,,,,,,,,,,,,,,,,,,,,,,,,,,,,,,,,,,,,,,,,,,,,,,,,,,,,,,,,,,,,,,,10.1021/acs.jmedchem.3c01264,788.349,787.324895252,6.76,57,9,9,1,6,137.37,C44H46ClN7O5,"InChI=1S/C44H46ClN7O5/c45-37-23-34(6-3-31(37)24-46)51-20-14-44(27-51)12-18-49(19-13-44)33-4-1-29(2-5-33)41(55)50-16-9-28(10-17-50)25-48-15-11-30-21-35-36(22-32(30)26-48)43(57)52(42(35)56)38-7-8-39(53)47-40(38)54/h1-6,21-23,28,38H,7-20,25-27H2,(H,47,53,54)",SXZKGSBCJAOABL-UHFFFAOYSA-N,SXZKGSBCJAOABL
3332,P10275,AR,CRBN,,ARD-1630,N#CC1=CC=C(N2CCC3(CCN(C4=CC=C(C(=O)N5CCC(CCN6CCC7=CC8=C(C=C7C6)C(=O)N(C6CCC(=O)NC6=O)C8=O)CC5)C=C4)CC3)C2)C=C1Cl,125,79,Degradation of AR in VCaP cells after 24 h treatment,,,,,,,,,,,,,,,,,,,,,,,,,,,,,,,,,,,,,,,,,,,,,,,,,,,,,,,,,,,,,,,,,,,10.1021/acs.jmedchem.3c01264,802.376,801.340545316,6.35,58,9,9,1,7,137.37,C45H48ClN7O5,"InChI=1S/C45H48ClN7O5/c46-38-25-35(6-3-32(38)26-47)52-22-15-45(28-52)13-20-50(21-14-45)34-4-1-30(2-5-34)42(56)51-18-10-29(11-19-51)9-16-49-17-12-31-23-36-37(24-33(31)27-49)44(58)53(43(36)57)39-7-8-40(54)48-41(39)55/h1-6,23-25,29,39H,7-22,27-28H2,(H,48,54,55)",AJLHRCDOQDFNEX-UHFFFAOYSA-N,AJLHRCDOQDFNEX
3333,P10275,AR,CRBN,,ARD-4050,N#CC1=CC=C(N2CCC3(CCN(C4=CC=C(C(=O)N5CCC(N6CCC7=CC8=C(C=C7CC6)C(=O)N(C6CCC(=O)NC6=O)C8=O)CC5)C=C4)CC3)C2)C=C1Cl,18,81,Degradation of AR in VCaP cells after 24 h treatment,,,,,,,,,,,,,,,,,,,,,,,,,,,,,,,,,,,,,,,,,,,,,,,,,,,,,,,,,,,,,,,,,,,10.1021/acs.jmedchem.3c01264,788.349,787.324895252,5.0,57,9,9,1,5,137.37,C44H46ClN7O5,"InChI=1S/C44H46ClN7O5/c45-37-25-34(6-3-31(37)26-46)51-22-15-44(27-51)13-20-49(21-14-44)32-4-1-28(2-5-32)41(55)50-18-11-33(12-19-50)48-16-9-29-23-35-36(24-30(29)10-17-48)43(57)52(42(35)56)38-7-8-39(53)47-40(38)54/h1-6,23-25,33,38H,7-22,27H2,(H,47,53,54)",DVJGBZOCDDYJLY-UHFFFAOYSA-N,DVJGBZOCDDYJLY
3334,P10275,AR,CRBN,,ARD-4051,N#CC1=CC=C(N2CCC3(CCN(C4=CC=C(C(=O)N5CCC(CN6CCC7=CC8=C(C=C7CC6)C(=O)N(C6CCC(=O)NC6=O)C8=O)CC5)C=C4)CC3)C2)C=C1Cl,51,51,Degradation of AR in VCaP cells after 24 h treatment,,,,,,,,,,,,,,,,,,,,,,,,,,,,,,,,,,,,,,,,,,,,,,,,,,,,,,,,,,,,,,,,,,,10.1021/acs.jmedchem.3c01264,802.376,801.340545316,6.33,58,9,9,1,6,137.37,C45H48ClN7O5,"InChI=1S/C45H48ClN7O5/c46-38-25-35(6-3-33(38)26-47)52-22-15-45(28-52)13-20-50(21-14-45)34-4-1-30(2-5-34)42(56)51-18-9-29(10-19-51)27-49-16-11-31-23-36-37(24-32(31)12-17-49)44(58)53(43(36)57)39-7-8-40(54)48-41(39)55/h1-6,23-25,29,39H,7-22,27-28H2,(H,48,54,55)",VOHRGIXPJZQORO-UHFFFAOYSA-N,VOHRGIXPJZQORO
3335,P10275,AR,CRBN,,ARD-4052,N#CC1=CC=C(N2CCC3(CCN(C4=CC=C(C(=O)N5CCC(CCN6CCC7=CC8=C(C=C7CC6)C(=O)N(C6CCC(=O)NC6=O)C8=O)CC5)C=C4)CC3)C2)C=C1Cl,3000,76,Degradation of AR in VCaP cells after 24 h treatment,,,,,,,,,,,,,,,,,,,,,,,,,,,,,,,,,,,,,,,,,,,,,,,,,,,,,,,,,,,,,,,,,,,10.1021/acs.jmedchem.3c01264,816.403,815.35619538,6.03,59,9,9,1,7,137.37,C46H50ClN7O5,"InChI=1S/C46H50ClN7O5/c47-39-27-36(6-3-34(39)28-48)53-24-16-46(29-53)14-22-51(23-15-46)35-4-1-31(2-5-35)43(57)52-20-10-30(11-21-52)9-17-50-18-12-32-25-37-38(26-33(32)13-19-50)45(59)54(44(37)58)40-7-8-41(55)49-42(40)56/h1-6,25-27,30,40H,7-24,29H2,(H,49,55,56)",PUTPSSPEPURXTK-UHFFFAOYSA-N,PUTPSSPEPURXTK
3336,P10275,AR,CRBN,,ARD-1719,C[C@@H]1CC2(CCN(C3=CC=C(C(=O)N4CCC(CN5CC6=CC7=C(C=C6C5)C(=O)N(C5CCC(=O)NC5=O)C7=O)CC4)C=C3)CC2)CN1C1=CC=C(C#N)C(Cl)=C1,385,81,Degradation of AR in VCaP cells after 24 h treatment,,,,,,,,,,,,,,,,,,,,,,,,,,,,,,,,,,,,,,,,,,,,,,,,,,,,,,,,,,,,,,,,,,,10.1021/acs.jmedchem.3c01264,788.349,787.324895252,6.66,57,9,9,1,6,137.37,C44H46ClN7O5,"InChI=1S/C44H46ClN7O5/c1-27-21-44(26-51(27)34-7-4-30(22-46)37(45)20-34)12-16-49(17-13-44)33-5-2-29(3-6-33)41(55)50-14-10-28(11-15-50)23-48-24-31-18-35-36(19-32(31)25-48)43(57)52(42(35)56)38-8-9-39(53)47-40(38)54/h2-7,18-20,27-28,38H,8-17,21,23-26H2,1H3,(H,47,53,54)/t27-,38?/m1/s1",GAXWAKXJBZHVQF-FFTVHEIDSA-N,GAXWAKXJBZHVQF
3337,P10275,AR,CRBN,,ARD-1693,CC[C@H]1CC2(CCN(C3=CC=C(C(=O)N4CCC(CN5CC6=CC7=C(C=C6C5)C(=O)N(C5CCC(=O)NC5=O)C7=O)CC4)C=C3)CC2)CN1C1=CC=C(C#N)C(Cl)=C1,0.2/3.5,99/99,Degradation of AR in VCaP/LNCaP cells after 24 h treatment,,,,,,,,,,,,,,,,,,,,,,,,,,,,,,,,,,,,,,,,,,,,,,,,,,,23,Inhibit cell growth in the VCaP cells,,,,,,,,,,,,,,,10.1021/acs.jmedchem.3c01264,802.376,801.340545316,4.74,58,9,9,1,7,137.37,C45H48ClN7O5,"InChI=1S/C45H48ClN7O5/c1-2-33-22-45(27-52(33)35-8-5-30(23-47)38(46)21-35)13-17-50(18-14-45)34-6-3-29(4-7-34)42(56)51-15-11-28(12-16-51)24-49-25-31-19-36-37(20-32(31)26-49)44(58)53(43(36)57)39-9-10-40(54)48-41(39)55/h3-8,19-21,28,33,39H,2,9-18,22,24-27H2,1H3,(H,48,54,55)/t33-,39?/m0/s1",AWHKRHYGENDDAD-YNWFVEANSA-N,AWHKRHYGENDDAD
3338,P10275,AR,CRBN,,ARD-1671,C[C@H]1CC2(CCN(C3=CC=C(C(=O)N4CCC(N5CC6=CC7=C(C=C6C5)C(=O)N(C5CCC(=O)NC5=O)C7=O)CC4)C=C3)CC2)CN1C1=CC=C(C#N)C(Cl)=C1,0.4/0.8,91/97,Degradation of AR in VCaP/LNCaP cells after 24 h treatment,,,,,,,,,,,,,,,,,,,,,,,,,,,,,,,,,,,,,,,,,,,,,,,,,,,16.5,Inhibit cell growth in the VCaP cells,,,,,,,,,,,,,,,10.1021/acs.jmedchem.3c01264,774.322,773.309245188,4.42,56,9,9,1,5,137.37,C43H44ClN7O5,"InChI=1S/C43H44ClN7O5/c1-26-21-43(25-50(26)33-7-4-28(22-45)36(44)20-33)12-16-47(17-13-43)31-5-2-27(3-6-31)40(54)48-14-10-32(11-15-48)49-23-29-18-34-35(19-30(29)24-49)42(56)51(41(34)55)37-8-9-38(52)46-39(37)53/h2-7,18-20,26,32,37H,8-17,21,23-25H2,1H3,(H,46,52,53)/t26-,37?/m0/s1",RMWRKGGZMDZIQO-XVNGORCSSA-N,RMWRKGGZMDZIQO
3339,P10275,AR,CRBN,,ARD-1689,C[C@H]1CC2(CCN(C3=CC=C(C(=O)N4CC(N5CC6=CC7=C(C=C6C5)C(=O)N(C5CCC(=O)NC5=O)C7=O)C4)C=C3)CC2)CN1C1=CC=C(C#N)C(Cl)=C1,0.7/5.0,89/93,Degradation of AR in VCaP/LNCaP cells after 24 h treatment,,,,,,,,,,,,,,,,,,,,,,,,,,,,,,,,,,,,,,,,,,,,,,,,,,,85,Inhibit cell growth in the VCaP cells,,,,,,,,,,,,,,,10.1021/acs.jmedchem.3c01264,746.268,745.27794506,5.5,54,9,9,1,5,137.37,C41H40ClN7O5,"InChI=1S/C41H40ClN7O5/c1-24-17-41(23-48(24)30-7-4-26(18-43)34(42)16-30)10-12-45(13-11-41)29-5-2-25(3-6-29)38(52)47-21-31(22-47)46-19-27-14-32-33(15-28(27)20-46)40(54)49(39(32)53)35-8-9-36(50)44-37(35)51/h2-7,14-16,24,31,35H,8-13,17,19-23H2,1H3,(H,44,50,51)/t24-,35?/m0/s1",PGGVAVRBFXQAOY-FRIBFZOTSA-N,PGGVAVRBFXQAOY
3340,P10275,AR,CRBN,,ARD-1683,C[C@H]1CC2(CCN(C3=CC=C(C(=O)N4CCC(F)(CN5CC6=CC7=C(C=C6C5)C(=O)N(C5CCC(=O)NC5=O)C7=O)CC4)C=C3)CC2)CN1C1=CC=C(C#N)C(Cl)=C1,0.9/3.7,99/96,Degradation of AR in VCaP/LNCaP cells after 24 h treatment,,,,,,,,,,,,,,,,,,,,,,,,,,,,,,,,,,,,,,,,,,,,,,,,,,,18,Inhibit cell growth in the VCaP cells,,,,,,,,,,,,,,,10.1021/acs.jmedchem.3c01264,806.339,805.31547344,6.04,58,9,9,1,6,137.37,C44H45ClFN7O5,"InChI=1S/C44H45ClFN7O5/c1-27-21-43(25-52(27)33-7-4-29(22-47)36(45)20-33)10-14-50(15-11-43)32-5-2-28(3-6-32)40(56)51-16-12-44(46,13-17-51)26-49-23-30-18-34-35(19-31(30)24-49)42(58)53(41(34)57)37-8-9-38(54)48-39(37)55/h2-7,18-20,27,37H,8-17,21,23-26H2,1H3,(H,48,54,55)/t27-,37?/m0/s1",IJKCXDOACVWFTB-YTCZSSRZSA-N,IJKCXDOACVWFTB
3341,P10275,AR,CRBN,,ARD-1694,C[C@H]1CC2(CCN(C3=CC=C(C(=O)N4CCC(C)(CN5CC6=CC7=C(C=C6C5)C(=O)N(C5CCC(=O)NC5=O)C7=O)CC4)C=C3)CC2)CN1C1=CC=C(C#N)C(Cl)=C1,3.8/8.9,97/94,Degradation of AR in VCaP/LNCaP cells after 24 h treatment,,,,,,,,,,,,,,,,,,,,,,,,,,,,,,,,,,,,,,,,,,,,,,,,,,,42,Inhibit cell growth in the VCaP cells,,,,,,,,,,,,,,,10.1021/acs.jmedchem.3c01264,802.376,801.340545316,6.59,58,9,9,1,6,137.37,C45H48ClN7O5,"InChI=1S/C45H48ClN7O5/c1-28-22-45(27-52(28)34-8-5-30(23-47)37(46)21-34)13-17-50(18-14-45)33-6-3-29(4-7-33)41(56)51-15-11-44(2,12-16-51)26-49-24-31-19-35-36(20-32(31)25-49)43(58)53(42(35)57)38-9-10-39(54)48-40(38)55/h3-8,19-21,28,38H,9-18,22,24-27H2,1-2H3,(H,48,54,55)/t28-,38?/m0/s1",YECMHOCJNONAQJ-XRTOLJPQSA-N,YECMHOCJNONAQJ
3342,P10275,AR,CRBN,,ARD-1705,C[C@H]1CC2(CCN(C3=CC=C(C(=O)N4CCC(O)(CN5CC6=CC7=C(C=C6C5)C(=O)N(C5CCC(=O)NC5=O)C7=O)CC4)C=C3)CC2)CN1C1=CC=C(C#N)C(Cl)=C1,290,71,Degradation of AR in VCaP cells after 24 h treatment,,,,,,,,,,,,,,,,,,,,,,,,,,,,,,,,,,,,,,,,,,,,,,,,,,,,,,,,,,,,,,,,,,,10.1021/acs.jmedchem.3c01264,804.348,803.319809872,7.67,58,9,10,2,6,157.6,C44H46ClN7O6,"InChI=1S/C44H46ClN7O6/c1-27-21-43(25-51(27)33-7-4-29(22-46)36(45)20-33)10-14-49(15-11-43)32-5-2-28(3-6-32)40(55)50-16-12-44(58,13-17-50)26-48-23-30-18-34-35(19-31(30)24-48)42(57)52(41(34)56)37-8-9-38(53)47-39(37)54/h2-7,18-20,27,37,58H,8-17,21,23-26H2,1H3,(H,47,53,54)/t27-,37?/m0/s1",FTLFVUZDLOWJLU-YTCZSSRZSA-N,FTLFVUZDLOWJLU
3343,P10275,AR,CRBN,,ARD-7063,C[C@H]1CC2(CCN(C3=CC=C(C(=O)N4CCC(CN5CC6=CC7=C(C=C6C5)C(=O)N(C5CCC(=O)NC5=O)C7=O)CC4)N=N3)CC2)CN1C1=CC=C(C#N)C(Cl)=C1,2.7/0.5,99/99,Degradation of AR in VCaP/LNCaP cells after 24 h treatment,,,,,,,,,,,,,,,,,,,,,,,,,,,,,,,,,,,,,,,,,,,,,,,,,,,20,Inhibit cell growth in the VCaP cells,,,,,,,,,,,,,,,10.1021/acs.jmedchem.3c01264,790.325,789.315393188,5.18,57,9,11,1,6,163.15,C42H44ClN9O5,"InChI=1S/C42H44ClN9O5/c1-25-19-42(24-51(25)30-3-2-27(20-44)33(43)18-30)10-14-49(15-11-42)36-6-4-34(46-47-36)41(57)50-12-8-26(9-13-50)21-48-22-28-16-31-32(17-29(28)23-48)40(56)52(39(31)55)35-5-7-37(53)45-38(35)54/h2-4,6,16-18,25-26,35H,5,7-15,19,21-24H2,1H3,(H,45,53,54)/t25-,35?/m0/s1",YXANKPHSGKSVAX-LLIHCOLESA-N,YXANKPHSGKSVAX
3344,P10275,AR,CRBN,,ARD-7064,C[C@H]1CC2(CCN(C3=CN=C(C(=O)N4CCC(CN5CC6=CC7=C(C=C6C5)C(=O)N(C5CCC(=O)NC5=O)C7=O)CC4)C=N3)CC2)CN1C1=CC=C(C#N)C(Cl)=C1,4.6/1.2,99/99,Degradation of AR in VCaP/LNCaP cells after 24 h treatment,,,,,,,,,,,,,,,,,,,,,,,,,,,,,,,,,,,,,,,,,,,,,,,,,,,10,Inhibit cell growth in the VCaP cells,,,,,,,,,,,,,,,10.1021/acs.jmedchem.3c01264,790.325,789.315393188,6.27,57,9,11,1,6,163.15,C42H44ClN9O5,"InChI=1S/C42H44ClN9O5/c1-25-17-42(24-51(25)30-3-2-27(18-44)33(43)16-30)8-12-49(13-9-42)36-20-45-34(19-46-36)41(57)50-10-6-26(7-11-50)21-48-22-28-14-31-32(15-29(28)23-48)40(56)52(39(31)55)35-4-5-37(53)47-38(35)54/h2-3,14-16,19-20,25-26,35H,4-13,17,21-24H2,1H3,(H,47,53,54)/t25-,35?/m0/s1",KBVMPLTYXHSHLH-LLIHCOLESA-N,KBVMPLTYXHSHLH
3345,P10275,AR,CRBN,,ARD-4055,C[C@H]1CC2(CCN(C3=CC=C(C(=O)N4CCC(CN5CC6=CC7=C(C=C6C5)C(=O)N(C5CCC(=O)NC5=O)C7=O)CC4)N=C3)CC2)CN1C1=CC=C(C#N)C(Cl)=C1,15.6/4.6,99/99,Degradation of AR in VCaP/LNCaP cells after 24 h treatment,,,,,,,,,,,,,,,,,,,,,,,,,,,,,,,,,,,,,,,,,,,,,,,,,,,46,Inhibit cell growth in the VCaP cells,,,,,,,,,,,,,,,10.1021/acs.jmedchem.3c01264,789.337,788.32014422,6.27,57,9,10,1,6,150.26,C43H45ClN8O5,"InChI=1S/C43H45ClN8O5/c1-26-19-43(25-51(26)31-3-2-28(20-45)35(44)18-31)10-14-49(15-11-43)32-4-5-36(46-21-32)42(57)50-12-8-27(9-13-50)22-48-23-29-16-33-34(17-30(29)24-48)41(56)52(40(33)55)37-6-7-38(53)47-39(37)54/h2-5,16-18,21,26-27,37H,6-15,19,22-25H2,1H3,(H,47,53,54)/t26-,37?/m0/s1",IBCRRCGKMSVYRY-XVNGORCSSA-N,IBCRRCGKMSVYRY
3346,P10275,AR,CRBN,,ARD-4056,C[C@H]1CC2(CCN(C3=CC=C(C(=O)N4CCC(CN5CC6=CC7=C(C=C6C5)C(=O)N(C5CCC(=O)NC5=O)C7=O)CC4)C=N3)CC2)CN1C1=CC=C(C#N)C(Cl)=C1,2.3/2.2,99/99,Degradation of AR in VCaP/LNCaP cells after 24 h treatment,,,,,,,,,,,,,,,,,,,,,,,,,,,,,,,,,,,,,,,,,,,,,,,,,,,11,Inhibit cell growth in the VCaP cells,,,,,,,,,,,,,,,10.1021/acs.jmedchem.3c01264,789.337,788.32014422,7.35,57,9,10,1,6,150.26,C43H45ClN8O5,"InChI=1S/C43H45ClN8O5/c1-26-19-43(25-51(26)32-4-2-28(20-45)35(44)18-32)10-14-49(15-11-43)37-6-3-29(21-46-37)40(55)50-12-8-27(9-13-50)22-48-23-30-16-33-34(17-31(30)24-48)42(57)52(41(33)56)36-5-7-38(53)47-39(36)54/h2-4,6,16-18,21,26-27,36H,5,7-15,19,22-25H2,1H3,(H,47,53,54)/t26-,36?/m0/s1",KYXYESGJSUXASK-FDLYHPRCSA-N,KYXYESGJSUXASK
3467,P10275,AR,VHL,,,CC1=C(C2=CC=C(CNC(=O)[C@@H]3C[C@@H](O)CN3C(=O)[C@@H](NC(=O)CN3C=C(CCCOC4=CC=C(C(C)(C)C5=CC=C(OC[C@H](O)CCl)C=C5)C=C4)N=N3)C(C)(C)C)C=C2)SC=N1,,,,17.6/27.9/18.4/31,% AR-FL degradation in LNCaP cells after treatment at 1000/5000 nM and in VCaP cells after treatment at 1000/5000 nM,,,,,,,,,,,,,,,,,,,,,,,,,,,,,,,,,,,,,,,,,,,,,,,,,,,,,,,,,,,,,,,,,10.1021/acs.jmedchem.3c00585,900.543,899.380695876,5.26,63,6,12,4,19,181.03,C47H58ClN7O7S,"InChI=1S/C47H58ClN7O7S/c1-30-42(63-29-50-30)32-11-9-31(10-12-32)24-49-44(59)40-22-36(56)26-55(40)45(60)43(46(2,3)4)51-41(58)27-54-25-35(52-53-54)8-7-21-61-38-17-13-33(14-18-38)47(5,6)34-15-19-39(20-16-34)62-28-37(57)23-48/h9-20,25,29,36-37,40,43,56-57H,7-8,21-24,26-28H2,1-6H3,(H,49,59)(H,51,58)/t36-,37-,40+,43-/m1/s1",IXOJGTRDHNPZNT-PNRKLZGHSA-N,IXOJGTRDHNPZNT
3467,P10275,AR-V7,VHL,,,CC1=C(C2=CC=C(CNC(=O)[C@@H]3C[C@@H](O)CN3C(=O)[C@@H](NC(=O)CN3C=C(CCCOC4=CC=C(C(C)(C)C5=CC=C(OC[C@H](O)CCl)C=C5)C=C4)N=N3)C(C)(C)C)C=C2)SC=N1,,,,45.9/63.3,% AR-V7 degradation in VCaP cells after treatment at 1000/5000 nM,,,,,,,,,,,,,,,,,,,,,,,,,,,,,,,,,,,,,,,,,,,,,,,,,,,,,,,,,,,,,,,,,10.1021/acs.jmedchem.3c00585,900.543,899.380695876,4.82,63,6,12,4,19,181.03,C47H58ClN7O7S,"InChI=1S/C47H58ClN7O7S/c1-30-42(63-29-50-30)32-11-9-31(10-12-32)24-49-44(59)40-22-36(56)26-55(40)45(60)43(46(2,3)4)51-41(58)27-54-25-35(52-53-54)8-7-21-61-38-17-13-33(14-18-38)47(5,6)34-15-19-39(20-16-34)62-28-37(57)23-48/h9-20,25,29,36-37,40,43,56-57H,7-8,21-24,26-28H2,1-6H3,(H,49,59)(H,51,58)/t36-,37-,40+,43-/m1/s1",IXOJGTRDHNPZNT-PNRKLZGHSA-N,IXOJGTRDHNPZNT
3468,P10275,AR,VHL,,,CC1=C(C2=CC=C(CNC(=O)[C@@H]3C[C@@H](O)CN3C(=O)[C@@H](NC(=O)CN3C=C(CCCCOC4=CC=C(C(C)(C)C5=CC=C(OC[C@H](O)CCl)C=C5)C=C4)N=N3)C(C)(C)C)C=C2)SC=N1,,,,22/36.6/43.2/53.5,% AR-FL degradation in LNCaP cells after treatment at 1000/5000 nM and in VCaP cells after treatment at 1000/5000 nM,,,,,,,,,,,,,,,,,,,,,,,,,,,,,,,,,,,,,,,,,,,,,,,,,,,,,,,,,,,,,,,,,10.1021/acs.jmedchem.3c00585,914.57,913.39634594,1.28,64,6,12,4,20,181.03,C48H60ClN7O7S,"InChI=1S/C48H60ClN7O7S/c1-31-43(64-30-51-31)33-12-10-32(11-13-33)25-50-45(60)41-23-37(57)27-56(41)46(61)44(47(2,3)4)52-42(59)28-55-26-36(53-54-55)9-7-8-22-62-39-18-14-34(15-19-39)48(5,6)35-16-20-40(21-17-35)63-29-38(58)24-49/h10-21,26,30,37-38,41,44,57-58H,7-9,22-25,27-29H2,1-6H3,(H,50,60)(H,52,59)/t37-,38-,41+,44-/m1/s1",XDLZYYOEYLWZAY-IBAQRHJCSA-N,XDLZYYOEYLWZAY
3468,P10275,AR-V7,VHL,,,CC1=C(C2=CC=C(CNC(=O)[C@@H]3C[C@@H](O)CN3C(=O)[C@@H](NC(=O)CN3C=C(CCCCOC4=CC=C(C(C)(C)C5=CC=C(OC[C@H](O)CCl)C=C5)C=C4)N=N3)C(C)(C)C)C=C2)SC=N1,,,,56.4/59.5,% AR-V7 degradation in VCaP cells after treatment at 1000/5000 nM,,,,,,,,,,,,,,,,,,,,,,,,,,,,,,,,,,,,,,,,,,,,,,,,,,,,,,,,,,,,,,,,,10.1021/acs.jmedchem.3c00585,914.57,913.39634594,1.13,64,6,12,4,20,181.03,C48H60ClN7O7S,"InChI=1S/C48H60ClN7O7S/c1-31-43(64-30-51-31)33-12-10-32(11-13-33)25-50-45(60)41-23-37(57)27-56(41)46(61)44(47(2,3)4)52-42(59)28-55-26-36(53-54-55)9-7-8-22-62-39-18-14-34(15-19-39)48(5,6)35-16-20-40(21-17-35)63-29-38(58)24-49/h10-21,26,30,37-38,41,44,57-58H,7-9,22-25,27-29H2,1-6H3,(H,50,60)(H,52,59)/t37-,38-,41+,44-/m1/s1",XDLZYYOEYLWZAY-IBAQRHJCSA-N,XDLZYYOEYLWZAY
3469,P10275,AR,VHL,,,CC1=C(C2=CC=C(CNC(=O)[C@@H]3C[C@@H](O)CN3C(=O)[C@@H](NC(=O)CN3C=C(CCCCCOC4=CC=C(C(C)(C)C5=CC=C(OC[C@H](O)CCl)C=C5)C=C4)N=N3)C(C)(C)C)C=C2)SC=N1,,,,27.5/31.9/48.9/39.6,% AR-FL degradation in LNCaP cells after treatment at 1000/5000 nM and in VCaP cells after treatment at 1000/5000 nM,,,,,,,,,,,,,,,,,,,,,,,,,,,,,,,,,,,,,,,,,,,,,,,,,,,,,,,,,,,,,,,,,10.1021/acs.jmedchem.3c00585,928.597,927.411996004,5.56,65,6,12,4,21,181.03,C49H62ClN7O7S,"InChI=1S/C49H62ClN7O7S/c1-32-44(65-31-52-32)34-13-11-33(12-14-34)26-51-46(61)42-24-38(58)28-57(42)47(62)45(48(2,3)4)53-43(60)29-56-27-37(54-55-56)10-8-7-9-23-63-40-19-15-35(16-20-40)49(5,6)36-17-21-41(22-18-36)64-30-39(59)25-50/h11-22,27,31,38-39,42,45,58-59H,7-10,23-26,28-30H2,1-6H3,(H,51,61)(H,53,60)/t38-,39-,42+,45-/m1/s1",LOKHCPNQJHDRHM-IIMSBFKHSA-N,LOKHCPNQJHDRHM
3469,P10275,AR-V7,VHL,,,CC1=C(C2=CC=C(CNC(=O)[C@@H]3C[C@@H](O)CN3C(=O)[C@@H](NC(=O)CN3C=C(CCCCCOC4=CC=C(C(C)(C)C5=CC=C(OC[C@H](O)CCl)C=C5)C=C4)N=N3)C(C)(C)C)C=C2)SC=N1,,,,38.1/48.2,% AR-V7 degradation in VCaP cells after treatment at 1000/5000 nM,,,,,,,,,,,,,,,,,,,,,,,,,,,,,,,,,,,,,,,,,,,,,,,,,,,,,,,,,,,,,,,,,10.1021/acs.jmedchem.3c00585,928.597,927.411996004,5.02,65,6,12,4,21,181.03,C49H62ClN7O7S,"InChI=1S/C49H62ClN7O7S/c1-32-44(65-31-52-32)34-13-11-33(12-14-34)26-51-46(61)42-24-38(58)28-57(42)47(62)45(48(2,3)4)53-43(60)29-56-27-37(54-55-56)10-8-7-9-23-63-40-19-15-35(16-20-40)49(5,6)36-17-21-41(22-18-36)64-30-39(59)25-50/h11-22,27,31,38-39,42,45,58-59H,7-10,23-26,28-30H2,1-6H3,(H,51,61)(H,53,60)/t38-,39-,42+,45-/m1/s1",LOKHCPNQJHDRHM-IIMSBFKHSA-N,LOKHCPNQJHDRHM
3470,P10275,AR,CRBN,,,CC(C)(C1=CC=C(OCCCC2=CN(CCCNC3=CC=C4C(=O)N(C5CCC(=O)NC5=O)C(=O)C4=C3)N=N2)C=C1)C1=CC=C(OC[C@H](O)CCl)C=C1,,,,27.4/36.1/31.5/58.5,% AR-FL degradation in LNCaP cells after treatment at 1000/5000 nM and in VCaP cells after treatment at 1000/5000 nM,,,,,,,,,,,,,,,,,,,,,,,,,,,,,,,,,,,,,,,,,,,,,,,,,,,,,,,,,,,,,,,,,10.1021/acs.jmedchem.3c00585,743.261,742.288175396,5.55,53,6,11,3,17,164.98,C39H43ClN6O7,"InChI=1S/C39H43ClN6O7/c1-39(2,26-8-13-31(14-9-26)53-24-29(47)22-40)25-6-11-30(12-7-25)52-20-3-5-28-23-45(44-43-28)19-4-18-41-27-10-15-32-33(21-27)38(51)46(37(32)50)34-16-17-35(48)42-36(34)49/h6-15,21,23,29,34,41,47H,3-5,16-20,22,24H2,1-2H3,(H,42,48,49)/t29-,34?/m1/s1",UIJZCMLAFZEDFY-QMUARQKKSA-N,UIJZCMLAFZEDFY
3470,P10275,AR-V7,CRBN,,,CC(C)(C1=CC=C(OCCCC2=CN(CCCNC3=CC=C4C(=O)N(C5CCC(=O)NC5=O)C(=O)C4=C3)N=N2)C=C1)C1=CC=C(OC[C@H](O)CCl)C=C1,,,,25.9/64.1,% AR-V7 degradation in VCaP cells after treatment at 1000/5000 nM,,,,,,,,,,,,,,,,,,,,,,,,,,,,,,,,,,,,,,,,,,,,,,,,,,,,,,,,,,,,,,,,,10.1021/acs.jmedchem.3c00585,743.261,742.288175396,4.02,53,6,11,3,17,164.98,C39H43ClN6O7,"InChI=1S/C39H43ClN6O7/c1-39(2,26-8-13-31(14-9-26)53-24-29(47)22-40)25-6-11-30(12-7-25)52-20-3-5-28-23-45(44-43-28)19-4-18-41-27-10-15-32-33(21-27)38(51)46(37(32)50)34-16-17-35(48)42-36(34)49/h6-15,21,23,29,34,41,47H,3-5,16-20,22,24H2,1-2H3,(H,42,48,49)/t29-,34?/m1/s1",UIJZCMLAFZEDFY-QMUARQKKSA-N,UIJZCMLAFZEDFY
3471,P10275,AR,CRBN,,,CC(C)(C1=CC=C(OCCCCC2=CN(CCCNC3=CC=C4C(=O)N(C5CCC(=O)NC5=O)C(=O)C4=C3)N=N2)C=C1)C1=CC=C(OC[C@H](O)CCl)C=C1,,,,9.6/22.3/7.4/9.8,% AR-FL degradation in LNCaP cells after treatment at 1000/5000 nM and in VCaP cells after treatment at 1000/5000 nM,,,,,,,,,,,,,,,,,,,,,,,,,,,,,,,,,,,,,,,,,,,,,,,,,,,,,,,,,,,,,,,,,10.1021/acs.jmedchem.3c00585,757.288,756.30382546,3.2,54,6,11,3,18,164.98,C40H45ClN6O7,"InChI=1S/C40H45ClN6O7/c1-40(2,27-9-14-32(15-10-27)54-25-30(48)23-41)26-7-12-31(13-8-26)53-21-4-3-6-29-24-46(45-44-29)20-5-19-42-28-11-16-33-34(22-28)39(52)47(38(33)51)35-17-18-36(49)43-37(35)50/h7-16,22,24,30,35,42,48H,3-6,17-21,23,25H2,1-2H3,(H,43,49,50)/t30-,35?/m1/s1",BJQLNJKYFKLWKL-OSRRZMJMSA-N,BJQLNJKYFKLWKL
3471,P10275,AR-V7,CRBN,,,CC(C)(C1=CC=C(OCCCCC2=CN(CCCNC3=CC=C4C(=O)N(C5CCC(=O)NC5=O)C(=O)C4=C3)N=N2)C=C1)C1=CC=C(OC[C@H](O)CCl)C=C1,,,,23.5/59.3,% AR-V7 degradation in VCaP cells after treatment at 1000/5000 nM,,,,,,,,,,,,,,,,,,,,,,,,,,,,,,,,,,,,,,,,,,,,,,,,,,,,,,,,,,,,,,,,,10.1021/acs.jmedchem.3c00585,757.288,756.30382546,3.09,54,6,11,3,18,164.98,C40H45ClN6O7,"InChI=1S/C40H45ClN6O7/c1-40(2,27-9-14-32(15-10-27)54-25-30(48)23-41)26-7-12-31(13-8-26)53-21-4-3-6-29-24-46(45-44-29)20-5-19-42-28-11-16-33-34(22-28)39(52)47(38(33)51)35-17-18-36(49)43-37(35)50/h7-16,22,24,30,35,42,48H,3-6,17-21,23,25H2,1-2H3,(H,43,49,50)/t30-,35?/m1/s1",BJQLNJKYFKLWKL-OSRRZMJMSA-N,BJQLNJKYFKLWKL
3472,P10275,AR,CRBN,,,CC(C)(C1=CC=C(OCCCCCC2=CN(CCCNC3=CC=C4C(=O)N(C5CCC(=O)NC5=O)C(=O)C4=C3)N=N2)C=C1)C1=CC=C(OC[C@H](O)CCl)C=C1,,,,<5.0/28.6/15.3/23.3,% AR-FL degradation in LNCaP cells after treatment at 1000/5000 nM and in VCaP cells after treatment at 1000/5000 nM,,,,,,,,,,,,,,,,,,,,,,,,,,,,,,,,,,,,,,,,,,,,,,,,,,,,,,,,,,,,,,,,,10.1021/acs.jmedchem.3c00585,771.315,770.319475524,3.09,55,6,11,3,19,164.98,C41H47ClN6O7,"InChI=1S/C41H47ClN6O7/c1-41(2,28-10-15-33(16-11-28)55-26-31(49)24-42)27-8-13-32(14-9-27)54-22-5-3-4-7-30-25-47(46-45-30)21-6-20-43-29-12-17-34-35(23-29)40(53)48(39(34)52)36-18-19-37(50)44-38(36)51/h8-17,23,25,31,36,43,49H,3-7,18-22,24,26H2,1-2H3,(H,44,50,51)/t31-,36?/m1/s1",YTDZCZJXTGPJSL-RACIXVTASA-N,YTDZCZJXTGPJSL
3472,P10275,AR-V7,CRBN,,,CC(C)(C1=CC=C(OCCCCCC2=CN(CCCNC3=CC=C4C(=O)N(C5CCC(=O)NC5=O)C(=O)C4=C3)N=N2)C=C1)C1=CC=C(OC[C@H](O)CCl)C=C1,,,,62.2/71.1,% AR-V7 degradation in VCaP cells after treatment at 1000/5000 nM,,,,,,,,,,,,,,,,,,,,,,,,,,,,,,,,,,,,,,,,,,,,,,,,,,,,,,,,,,,,,,,,,10.1021/acs.jmedchem.3c00585,771.315,770.319475524,3.45,55,6,11,3,19,164.98,C41H47ClN6O7,"InChI=1S/C41H47ClN6O7/c1-41(2,28-10-15-33(16-11-28)55-26-31(49)24-42)27-8-13-32(14-9-27)54-22-5-3-4-7-30-25-47(46-45-30)21-6-20-43-29-12-17-34-35(23-29)40(53)48(39(34)52)36-18-19-37(50)44-38(36)51/h8-17,23,25,31,36,43,49H,3-7,18-22,24,26H2,1-2H3,(H,44,50,51)/t31-,36?/m1/s1",YTDZCZJXTGPJSL-RACIXVTASA-N,YTDZCZJXTGPJSL
3473,P10275,AR,CRBN,,,CC(C)(C1=CC=C(OCCCCCCC2=CN(CCCNC3=CC=C4C(=O)N(C5CCC(=O)NC5=O)C(=O)C4=C3)N=N2)C=C1)C1=CC=C(OC[C@H](O)CCl)C=C1,,,,<5.0/16.2/24.2/40.9,% AR-FL degradation in LNCaP cells after treatment at 1000/5000 nM and in VCaP cells after treatment at 1000/5000 nM,,,,,,,,,,,,,,,,,,,,,,,,,,,,,,,,,,,,,,,,,,,,,,,,,,,,,,,,,,,,,,,,,10.1021/acs.jmedchem.3c00585,785.342,784.335125588,3.45,56,6,11,3,20,164.98,C42H49ClN6O7,"InChI=1S/C42H49ClN6O7/c1-42(2,29-11-16-34(17-12-29)56-27-32(50)25-43)28-9-14-33(15-10-28)55-23-6-4-3-5-8-31-26-48(47-46-31)22-7-21-44-30-13-18-35-36(24-30)41(54)49(40(35)53)37-19-20-38(51)45-39(37)52/h9-18,24,26,32,37,44,50H,3-8,19-23,25,27H2,1-2H3,(H,45,51,52)/t32-,37?/m1/s1",QEXMYXBCUHKDFN-ZIQZBVCVSA-N,QEXMYXBCUHKDFN
3473,P10275,AR-V7,CRBN,,,CC(C)(C1=CC=C(OCCCCCCC2=CN(CCCNC3=CC=C4C(=O)N(C5CCC(=O)NC5=O)C(=O)C4=C3)N=N2)C=C1)C1=CC=C(OC[C@H](O)CCl)C=C1,,,,45.7/66,% AR-V7 degradation in VCaP cells after treatment at 1000/5000 nM,,,,,,,,,,,,,,,,,,,,,,,,,,,,,,,,,,,,,,,,,,,,,,,,,,,,,,,,,,,,,,,,,10.1021/acs.jmedchem.3c00585,785.342,784.335125588,3.81,56,6,11,3,20,164.98,C42H49ClN6O7,"InChI=1S/C42H49ClN6O7/c1-42(2,29-11-16-34(17-12-29)56-27-32(50)25-43)28-9-14-33(15-10-28)55-23-6-4-3-5-8-31-26-48(47-46-31)22-7-21-44-30-13-18-35-36(24-30)41(54)49(40(35)53)37-19-20-38(51)45-39(37)52/h9-18,24,26,32,37,44,50H,3-8,19-23,25,27H2,1-2H3,(H,45,51,52)/t32-,37?/m1/s1",QEXMYXBCUHKDFN-ZIQZBVCVSA-N,QEXMYXBCUHKDFN
3474,P10275,AR,CRBN,,,CC(C)(C1=CC=C(OCCCCCCCC2=CN(CCCNC3=CC=C4C(=O)N(C5CCC(=O)NC5=O)C(=O)C4=C3)N=N2)C=C1)C1=CC=C(OC[C@H](O)CCl)C=C1,,,,<5.0/42.7/42/59.5,% AR-FL degradation in LNCaP cells after treatment at 1000/5000 nM and in VCaP cells after treatment at 1000/5000 nM,,,,,,,,,,,,,,,,,,,,,,,,,,,,,,,,,,,,,,,,,,,,,,,,,,,,,,,,,,,,,,,,,10.1021/acs.jmedchem.3c00585,799.369,798.350775652,3.81,57,6,11,3,21,164.98,C43H51ClN6O7,"InChI=1S/C43H51ClN6O7/c1-43(2,30-12-17-35(18-13-30)57-28-33(51)26-44)29-10-15-34(16-11-29)56-24-7-5-3-4-6-9-32-27-49(48-47-32)23-8-22-45-31-14-19-36-37(25-31)42(55)50(41(36)54)38-20-21-39(52)46-40(38)53/h10-19,25,27,33,38,45,51H,3-9,20-24,26,28H2,1-2H3,(H,46,52,53)/t33-,38?/m1/s1",NGTRPKMLBZLSJI-OVFDOZPJSA-N,NGTRPKMLBZLSJI
3474,P10275,AR-V7,CRBN,,,CC(C)(C1=CC=C(OCCCCCCCC2=CN(CCCNC3=CC=C4C(=O)N(C5CCC(=O)NC5=O)C(=O)C4=C3)N=N2)C=C1)C1=CC=C(OC[C@H](O)CCl)C=C1,,,,48.9/68.5,% AR-V7 degradation in VCaP cells after treatment at 1000/5000 nM,,,,,,,,,,,,,,,,,,,,,,,,,,,,,,,,,,,,,,,,,,,,,,,,,,,,,,,,,,,,,,,,,10.1021/acs.jmedchem.3c00585,799.369,798.350775652,4.16,57,6,11,3,21,164.98,C43H51ClN6O7,"InChI=1S/C43H51ClN6O7/c1-43(2,30-12-17-35(18-13-30)57-28-33(51)26-44)29-10-15-34(16-11-29)56-24-7-5-3-4-6-9-32-27-49(48-47-32)23-8-22-45-31-14-19-36-37(25-31)42(55)50(41(36)54)38-20-21-39(52)46-40(38)53/h10-19,25,27,33,38,45,51H,3-9,20-24,26,28H2,1-2H3,(H,46,52,53)/t33-,38?/m1/s1",NGTRPKMLBZLSJI-OVFDOZPJSA-N,NGTRPKMLBZLSJI
3475,P10275,AR,CRBN,,,CC(C)(C1=CC=C(OCCOCCOCC2=CN(CCCNC3=CC=C4C(=O)N(C5CCC(=O)NC5=O)C(=O)C4=C3)N=N2)C=C1)C1=CC=C(OC[C@H](O)CCl)C=C1,,,,10.4/25.4/16.7/17.1,% AR-FL degradation in LNCaP cells after treatment at 1000/5000 nM and in VCaP cells after treatment at 1000/5000 nM,,,,,,,,,,,,,,,,,,,,,,,,,,,,,,,,,,,,,,,,,,,,,,,,,,,,,,,,,,,,,,,,,10.1021/acs.jmedchem.3c00585,803.313,802.309304764,4.16,57,6,13,3,21,183.44,C41H47ClN6O9,"InChI=1S/C41H47ClN6O9/c1-41(2,28-6-11-33(12-7-28)57-26-31(49)23-42)27-4-9-32(10-5-27)56-21-20-54-18-19-55-25-30-24-47(46-45-30)17-3-16-43-29-8-13-34-35(22-29)40(53)48(39(34)52)36-14-15-37(50)44-38(36)51/h4-13,22,24,31,36,43,49H,3,14-21,23,25-26H2,1-2H3,(H,44,50,51)/t31-,36?/m1/s1",OJJGLNRXPNKGDO-RACIXVTASA-N,OJJGLNRXPNKGDO
3475,P10275,AR-V7,CRBN,,,CC(C)(C1=CC=C(OCCOCCOCC2=CN(CCCNC3=CC=C4C(=O)N(C5CCC(=O)NC5=O)C(=O)C4=C3)N=N2)C=C1)C1=CC=C(OC[C@H](O)CCl)C=C1,,,,36.2/32.6,% AR-V7 degradation in VCaP cells after treatment at 1000/5000 nM,,,,,,,,,,,,,,,,,,,,,,,,,,,,,,,,,,,,,,,,,,,,,,,,,,,,,,,,,,,,,,,,,10.1021/acs.jmedchem.3c00585,803.313,802.309304764,4.71,57,6,13,3,21,183.44,C41H47ClN6O9,"InChI=1S/C41H47ClN6O9/c1-41(2,28-6-11-33(12-7-28)57-26-31(49)23-42)27-4-9-32(10-5-27)56-21-20-54-18-19-55-25-30-24-47(46-45-30)17-3-16-43-29-8-13-34-35(22-29)40(53)48(39(34)52)36-14-15-37(50)44-38(36)51/h4-13,22,24,31,36,43,49H,3,14-21,23,25-26H2,1-2H3,(H,44,50,51)/t31-,36?/m1/s1",OJJGLNRXPNKGDO-RACIXVTASA-N,OJJGLNRXPNKGDO
3476,P10275,AR,CRBN,,,CC(C)(C1=CC=C(OCC2CCN(C(=O)CNC3=CC=C4C(=O)N(C5CCC(=O)NC5=O)C(=O)C4=C3)CC2)C=C1)C1=CC=C(OC[C@H](O)CCl)C=C1,,,,18.3/26.2/<5.0/<5.0,% AR-FL degradation in LNCaP cells after treatment at 1000/5000 nM and in VCaP cells after treatment at 1000/5000 nM,,,,,,,,,,,,,,,,,,,,,,,,,,,,,,,,,,,,,,,,,,,,,,,,,,,,,,,,,,,,,,,,,10.1021/acs.jmedchem.3c00585,731.246,730.276942016,4.71,52,6,9,3,13,154.58,C39H43ClN4O8,"InChI=1S/C39H43ClN4O8/c1-39(2,26-5-10-30(11-6-26)52-23-28(45)20-40)25-3-8-29(9-4-25)51-22-24-15-17-43(18-16-24)35(47)21-41-27-7-12-31-32(19-27)38(50)44(37(31)49)33-13-14-34(46)42-36(33)48/h3-12,19,24,28,33,41,45H,13-18,20-23H2,1-2H3,(H,42,46,48)/t28-,33?/m1/s1",HEGOFOOBITVLEQ-TUDONDPESA-N,HEGOFOOBITVLEQ
3476,P10275,AR-V7,CRBN,,,CC(C)(C1=CC=C(OCC2CCN(C(=O)CNC3=CC=C4C(=O)N(C5CCC(=O)NC5=O)C(=O)C4=C3)CC2)C=C1)C1=CC=C(OC[C@H](O)CCl)C=C1,,,,10.4/29.4,% AR-V7 degradation in VCaP cells after treatment at 1000/5000 nM,,,,,,,,,,,,,,,,,,,,,,,,,,,,,,,,,,,,,,,,,,,,,,,,,,,,,,,,,,,,,,,,,10.1021/acs.jmedchem.3c00585,731.246,730.276942016,5.25,52,6,9,3,13,154.58,C39H43ClN4O8,"InChI=1S/C39H43ClN4O8/c1-39(2,26-5-10-30(11-6-26)52-23-28(45)20-40)25-3-8-29(9-4-25)51-22-24-15-17-43(18-16-24)35(47)21-41-27-7-12-31-32(19-27)38(50)44(37(31)49)33-13-14-34(46)42-36(33)48/h3-12,19,24,28,33,41,45H,13-18,20-23H2,1-2H3,(H,42,46,48)/t28-,33?/m1/s1",HEGOFOOBITVLEQ-TUDONDPESA-N,HEGOFOOBITVLEQ
3477,P10275,AR,CRBN,,,CC(C)(C1=CC=C(OCC2CCN(C(=O)CCNC3=CC=C4C(=O)N(C5CCC(=O)NC5=O)C(=O)C4=C3)CC2)C=C1)C1=CC=C(OC[C@H](O)CCl)C=C1,,,,19.2/25.6/<5.0/5.8,% AR-FL degradation in LNCaP cells after treatment at 1000/5000 nM and in VCaP cells after treatment at 1000/5000 nM,,,,,,,,,,,,,,,,,,,,,,,,,,,,,,,,,,,,,,,,,,,,,,,,,,,,,,,,,,,,,,,,,10.1021/acs.jmedchem.3c00585,745.273,744.29259208,5.25,53,6,9,3,14,154.58,C40H45ClN4O8,"InChI=1S/C40H45ClN4O8/c1-40(2,27-5-10-31(11-6-27)53-24-29(46)22-41)26-3-8-30(9-4-26)52-23-25-16-19-44(20-17-25)36(48)15-18-42-28-7-12-32-33(21-28)39(51)45(38(32)50)34-13-14-35(47)43-37(34)49/h3-12,21,25,29,34,42,46H,13-20,22-24H2,1-2H3,(H,43,47,49)/t29-,34?/m1/s1",JIPNYEGITPTAAS-QMUARQKKSA-N,JIPNYEGITPTAAS
3477,P10275,AR-V7,CRBN,,,CC(C)(C1=CC=C(OCC2CCN(C(=O)CCNC3=CC=C4C(=O)N(C5CCC(=O)NC5=O)C(=O)C4=C3)CC2)C=C1)C1=CC=C(OC[C@H](O)CCl)C=C1,,,,17.5/49.6,% AR-V7 degradation in VCaP cells after treatment at 1000/5000 nM,,,,,,,,,,,,,,,,,,,,,,,,,,,,,,,,,,,,,,,,,,,,,,,,,,,,,,,,,,,,,,,,,10.1021/acs.jmedchem.3c00585,745.273,744.29259208,5.79,53,6,9,3,14,154.58,C40H45ClN4O8,"InChI=1S/C40H45ClN4O8/c1-40(2,27-5-10-31(11-6-27)53-24-29(46)22-41)26-3-8-30(9-4-26)52-23-25-16-19-44(20-17-25)36(48)15-18-42-28-7-12-32-33(21-28)39(51)45(38(32)50)34-13-14-35(47)43-37(34)49/h3-12,21,25,29,34,42,46H,13-20,22-24H2,1-2H3,(H,43,47,49)/t29-,34?/m1/s1",JIPNYEGITPTAAS-QMUARQKKSA-N,JIPNYEGITPTAAS
3478,P10275,AR,CRBN,,,CC(C)(C1=CC=C(OCC2CCN(C(=O)CCCNC3=CC=C4C(=O)N(C5CCC(=O)NC5=O)C(=O)C4=C3)CC2)C=C1)C1=CC=C(OC[C@H](O)CCl)C=C1,,,,21.2/39.1/22.6/49.3,% AR-FL degradation in LNCaP cells after treatment at 1000/5000 nM and in VCaP cells after treatment at 1000/5000 nM,,,,,,,,,,,,,,,,,,,,,,,,,,,,,,,,,,,,,,,,,,,,,,,,,,,,,,,,,,,,,,,,,10.1021/acs.jmedchem.3c00585,759.3,758.308242144,5.79,54,6,9,3,15,154.58,C41H47ClN4O8,"InChI=1S/C41H47ClN4O8/c1-41(2,28-7-12-32(13-8-28)54-25-30(47)23-42)27-5-10-31(11-6-27)53-24-26-17-20-45(21-18-26)37(49)4-3-19-43-29-9-14-33-34(22-29)40(52)46(39(33)51)35-15-16-36(48)44-38(35)50/h5-14,22,26,30,35,43,47H,3-4,15-21,23-25H2,1-2H3,(H,44,48,50)/t30-,35?/m1/s1",BKFLLONAPPQPHT-OSRRZMJMSA-N,BKFLLONAPPQPHT
3478,P10275,AR-V7,CRBN,,,CC(C)(C1=CC=C(OCC2CCN(C(=O)CCCNC3=CC=C4C(=O)N(C5CCC(=O)NC5=O)C(=O)C4=C3)CC2)C=C1)C1=CC=C(OC[C@H](O)CCl)C=C1,,,,54.4/75.7,% AR-V7 degradation in VCaP cells after treatment at 1000/5000 nM,,,,,,,,,,,,,,,,,,,,,,,,,,,,,,,,,,,,,,,,,,,,,,,,,,,,,,,,,,,,,,,,,10.1021/acs.jmedchem.3c00585,759.3,758.308242144,6.33,54,6,9,3,15,154.58,C41H47ClN4O8,"InChI=1S/C41H47ClN4O8/c1-41(2,28-7-12-32(13-8-28)54-25-30(47)23-42)27-5-10-31(11-6-27)53-24-26-17-20-45(21-18-26)37(49)4-3-19-43-29-9-14-33-34(22-29)40(52)46(39(33)51)35-15-16-36(48)44-38(35)50/h5-14,22,26,30,35,43,47H,3-4,15-21,23-25H2,1-2H3,(H,44,48,50)/t30-,35?/m1/s1",BKFLLONAPPQPHT-OSRRZMJMSA-N,BKFLLONAPPQPHT
3479,P10275,AR,CRBN,,,CC(C)(C1=CC=C(OCC2CN(C3CCN(C4=CC=C5C(=O)N(C6CCC(=O)NC6=O)C(=O)C5=C4)CC3)C2)C=C1)C1=CC=C(OC[C@H](O)CCl)C=C1,,,,<5.0/36.8/12.7/36.8,% AR-FL degradation in LNCaP cells after treatment at 1000/5000 nM and in VCaP cells after treatment at 1000/5000 nM,,,,,,,,,,,,,,,,,,,,,,,,,,,,,,,,,,,,,,,,,,,,,,,,,,,,,,,,,,,,,,,,,10.1021/acs.jmedchem.3c00585,729.274,728.29767746,6.33,52,7,9,2,12,128.72,C40H45ClN4O7,"InChI=1S/C40H45ClN4O7/c1-40(2,27-5-10-32(11-6-27)52-24-30(46)20-41)26-3-8-31(9-4-26)51-23-25-21-44(22-25)28-15-17-43(18-16-28)29-7-12-33-34(19-29)39(50)45(38(33)49)35-13-14-36(47)42-37(35)48/h3-12,19,25,28,30,35,46H,13-18,20-24H2,1-2H3,(H,42,47,48)/t30-,35?/m1/s1",VYCNAAFSLDEBQJ-OSRRZMJMSA-N,VYCNAAFSLDEBQJ
3479,P10275,AR-V7,CRBN,,,CC(C)(C1=CC=C(OCC2CN(C3CCN(C4=CC=C5C(=O)N(C6CCC(=O)NC6=O)C(=O)C5=C4)CC3)C2)C=C1)C1=CC=C(OC[C@H](O)CCl)C=C1,,,,36.9/43.6,% AR-V7 degradation in VCaP cells after treatment at 1000/5000 nM,,,,,,,,,,,,,,,,,,,,,,,,,,,,,,,,,,,,,,,,,,,,,,,,,,,,,,,,,,,,,,,,,10.1021/acs.jmedchem.3c00585,729.274,728.29767746,6.87,52,7,9,2,12,128.72,C40H45ClN4O7,"InChI=1S/C40H45ClN4O7/c1-40(2,27-5-10-32(11-6-27)52-24-30(46)20-41)26-3-8-31(9-4-26)51-23-25-21-44(22-25)28-15-17-43(18-16-28)29-7-12-33-34(19-29)39(50)45(38(33)49)35-13-14-36(47)42-37(35)48/h3-12,19,25,28,30,35,46H,13-18,20-24H2,1-2H3,(H,42,47,48)/t30-,35?/m1/s1",VYCNAAFSLDEBQJ-OSRRZMJMSA-N,VYCNAAFSLDEBQJ
3480,P10275,AR,CRBN,,,CC(C)(C1=CC=C(OCC2CN(CC3CCN(C4=CC=C5C(=O)N(C6CCC(=O)NC6=O)C(=O)C5=C4)CC3)C2)C=C1)C1=CC=C(OC[C@H](O)CCl)C=C1,,,,<5.0/10.7/7.6/19.3,% AR-FL degradation in LNCaP cells after treatment at 1000/5000 nM and in VCaP cells after treatment at 1000/5000 nM,,,,,,,,,,,,,,,,,,,,,,,,,,,,,,,,,,,,,,,,,,,,,,,,,,,,,,,,,,,,,,,,,10.1021/acs.jmedchem.3c00585,743.301,742.313327524,6.87,53,7,9,2,13,128.72,C41H47ClN4O7,"InChI=1S/C41H47ClN4O7/c1-41(2,29-5-10-33(11-6-29)53-25-31(47)20-42)28-3-8-32(9-4-28)52-24-27-22-44(23-27)21-26-15-17-45(18-16-26)30-7-12-34-35(19-30)40(51)46(39(34)50)36-13-14-37(48)43-38(36)49/h3-12,19,26-27,31,36,47H,13-18,20-25H2,1-2H3,(H,43,48,49)/t31-,36?/m1/s1",TZPIANWIFYKPGO-RACIXVTASA-N,TZPIANWIFYKPGO
3480,P10275,AR-V7,CRBN,,,CC(C)(C1=CC=C(OCC2CN(CC3CCN(C4=CC=C5C(=O)N(C6CCC(=O)NC6=O)C(=O)C5=C4)CC3)C2)C=C1)C1=CC=C(OC[C@H](O)CCl)C=C1,,,,52.6/69.9,% AR-V7 degradation in VCaP cells after treatment at 1000/5000 nM,,,,,,,,,,,,,,,,,,,,,,,,,,,,,,,,,,,,,,,,,,,,,,,,,,,,,,,,,,,,,,,,,10.1021/acs.jmedchem.3c00585,743.301,742.313327524,7.41,53,7,9,2,13,128.72,C41H47ClN4O7,"InChI=1S/C41H47ClN4O7/c1-41(2,29-5-10-33(11-6-29)53-25-31(47)20-42)28-3-8-32(9-4-28)52-24-27-22-44(23-27)21-26-15-17-45(18-16-26)30-7-12-34-35(19-30)40(51)46(39(34)50)36-13-14-37(48)43-38(36)49/h3-12,19,26-27,31,36,47H,13-18,20-25H2,1-2H3,(H,43,48,49)/t31-,36?/m1/s1",TZPIANWIFYKPGO-RACIXVTASA-N,TZPIANWIFYKPGO
3481,P10275,AR,CRBN,,,CC(C)(C1=CC=C(OCC2CCN(C3CCN(C4=CC=C5C(=O)N(C6CCC(=O)NC6=O)C(=O)C5=C4)CC3)CC2)C=C1)C1=CC=C(OC[C@H](O)CCl)C=C1,,,,<5.0/<5.0/<5.0/5.7,% AR-FL degradation in LNCaP cells after treatment at 1000/5000 nM and in VCaP cells after treatment at 1000/5000 nM,,,,,,,,,,,,,,,,,,,,,,,,,,,,,,,,,,,,,,,,,,,,,,,,,,,,,,,,,,,,,,,,,10.1021/acs.jmedchem.3c00585,757.328,756.328977588,7.41,54,7,9,2,12,128.72,C42H49ClN4O7,"InChI=1S/C42H49ClN4O7/c1-42(2,29-5-10-34(11-6-29)54-26-32(48)24-43)28-3-8-33(9-4-28)53-25-27-15-19-45(20-16-27)30-17-21-46(22-18-30)31-7-12-35-36(23-31)41(52)47(40(35)51)37-13-14-38(49)44-39(37)50/h3-12,23,27,30,32,37,48H,13-22,24-26H2,1-2H3,(H,44,49,50)/t32-,37?/m1/s1",YDRSGJYALHCDBO-ZIQZBVCVSA-N,YDRSGJYALHCDBO
3481,P10275,AR-V7,CRBN,,,CC(C)(C1=CC=C(OCC2CCN(C3CCN(C4=CC=C5C(=O)N(C6CCC(=O)NC6=O)C(=O)C5=C4)CC3)CC2)C=C1)C1=CC=C(OC[C@H](O)CCl)C=C1,,,,41.8/50.3,% AR-V7 degradation in VCaP cells after treatment at 1000/5000 nM,,,,,,,,,,,,,,,,,,,,,,,,,,,,,,,,,,,,,,,,,,,,,,,,,,,,,,,,,,,,,,,,,10.1021/acs.jmedchem.3c00585,757.328,756.328977588,4.21,54,7,9,2,12,128.72,C42H49ClN4O7,"InChI=1S/C42H49ClN4O7/c1-42(2,29-5-10-34(11-6-29)54-26-32(48)24-43)28-3-8-33(9-4-28)53-25-27-15-19-45(20-16-27)30-17-21-46(22-18-30)31-7-12-35-36(23-31)41(52)47(40(35)51)37-13-14-38(49)44-39(37)50/h3-12,23,27,30,32,37,48H,13-22,24-26H2,1-2H3,(H,44,49,50)/t32-,37?/m1/s1",YDRSGJYALHCDBO-ZIQZBVCVSA-N,YDRSGJYALHCDBO
3482,P10275,AR,CRBN,,BWA-522,CC(C)(C1=CC=C(OCC2CCN(CC3CCN(C4=CC=C5C(=O)N(C6CCC(=O)NC6=O)C(=O)C5=C4)CC3)CC2)C=C1)C1=CC=C(OC[C@H](O)CCl)C=C1,3450/730/2410,,Degradation of AR-FL in LNCaP/VCaP/22Rv1 cells,48.7/72/52.4/73.1,% AR-FL degradation in LNCaP cells after treatment at 1000/5000 nM and in VCaP cells after treatment at 1000/5000 nM,,,,,,,,,,,,,,,,,,,,,,,,,,,,,,,,,,,,,,,,,,,,,,,,,1070/5590/4080,Inhibit AR-independent PC-3 cell growth in LNCaP/VCaP/22Rv1 cell,,,,,,,,,,,,,,,10.1021/acs.jmedchem.3c00585,771.355,770.344627652,4.21,55,7,9,2,13,128.72,C43H51ClN4O7,"InChI=1S/C43H51ClN4O7/c1-43(2,31-5-10-35(11-6-31)55-27-33(49)24-44)30-3-8-34(9-4-30)54-26-29-15-19-46(20-16-29)25-28-17-21-47(22-18-28)32-7-12-36-37(23-32)42(53)48(41(36)52)38-13-14-39(50)45-40(38)51/h3-12,23,28-29,33,38,49H,13-22,24-27H2,1-2H3,(H,45,50,51)/t33-,38?/m1/s1",MYCPBYLZNZTLBC-OVFDOZPJSA-N,MYCPBYLZNZTLBC
3482,P10275,AR-V7,CRBN,,BWA-522,CC(C)(C1=CC=C(OCC2CCN(CC3CCN(C4=CC=C5C(=O)N(C6CCC(=O)NC6=O)C(=O)C5=C4)CC3)CC2)C=C1)C1=CC=C(OC[C@H](O)CCl)C=C1,670/760,,Degradation of AR-V7 in VCaP/22Rv1 cells,77.3/84.6,% AR-V7 degradation in VCaP cells after treatment at 1000/5000 nM,,,,,,,,,,,,,,,,,,,,,,,,,,,,,,,,,,,,,,,,,,,,,,,,,,,,,,,,,,,,,,,,,10.1021/acs.jmedchem.3c00585,771.355,770.344627652,4.75,55,7,9,2,13,128.72,C43H51ClN4O7,"InChI=1S/C43H51ClN4O7/c1-43(2,31-5-10-35(11-6-31)55-27-33(49)24-44)30-3-8-34(9-4-30)54-26-29-15-19-46(20-16-29)25-28-17-21-47(22-18-28)32-7-12-36-37(23-32)42(53)48(41(36)52)38-13-14-39(50)45-40(38)51/h3-12,23,28-29,33,38,49H,13-22,24-27H2,1-2H3,(H,45,50,51)/t33-,38?/m1/s1",MYCPBYLZNZTLBC-OVFDOZPJSA-N,MYCPBYLZNZTLBC
3483,P10275,AR,CRBN,,,CC(C)(C1=CC=C(OCC2CCN(CC3CN(C4CCN(C5=CC=C6C(=O)N(C7CCC(=O)NC7=O)C(=O)C6=C5)CC4)C3)CC2)C=C1)C1=CC=C(OC[C@H](O)CCl)C=C1,,,,<5.0/<5.0/45.7/51,% AR-FL degradation in LNCaP cells after treatment at 1000/5000 nM and in VCaP cells after treatment at 1000/5000 nM,,,,,,,,,,,,,,,,,,,,,,,,,,,,,,,,,,,,,,,,,,,,,,,,,,,,,,,,,,,,,,,,,10.1021/acs.jmedchem.3c00585,826.435,825.386826812,4.75,59,8,10,2,14,131.96,C46H56ClN5O7,"InChI=1S/C46H56ClN5O7/c1-46(2,33-5-10-38(11-6-33)59-29-36(53)24-47)32-3-8-37(9-4-32)58-28-30-15-19-49(20-16-30)25-31-26-51(27-31)34-17-21-50(22-18-34)35-7-12-39-40(23-35)45(57)52(44(39)56)41-13-14-42(54)48-43(41)55/h3-12,23,30-31,34,36,41,53H,13-22,24-29H2,1-2H3,(H,48,54,55)/t36-,41?/m1/s1",ZGOWDVQLKWCWIQ-AVSSQNABSA-N,ZGOWDVQLKWCWIQ
3483,P10275,AR-V7,CRBN,,,CC(C)(C1=CC=C(OCC2CCN(CC3CN(C4CCN(C5=CC=C6C(=O)N(C7CCC(=O)NC7=O)C(=O)C6=C5)CC4)C3)CC2)C=C1)C1=CC=C(OC[C@H](O)CCl)C=C1,,,,29.2/30.9,% AR-V7 degradation in VCaP cells after treatment at 1000/5000 nM,,,,,,,,,,,,,,,,,,,,,,,,,,,,,,,,,,,,,,,,,,,,,,,,,,,,,,,,,,,,,,,,,10.1021/acs.jmedchem.3c00585,826.435,825.386826812,5.29,59,8,10,2,14,131.96,C46H56ClN5O7,"InChI=1S/C46H56ClN5O7/c1-46(2,33-5-10-38(11-6-33)59-29-36(53)24-47)32-3-8-37(9-4-32)58-28-30-15-19-49(20-16-30)25-31-26-51(27-31)34-17-21-50(22-18-34)35-7-12-39-40(23-35)45(57)52(44(39)56)41-13-14-42(54)48-43(41)55/h3-12,23,30-31,34,36,41,53H,13-22,24-29H2,1-2H3,(H,48,54,55)/t36-,41?/m1/s1",ZGOWDVQLKWCWIQ-AVSSQNABSA-N,ZGOWDVQLKWCWIQ
3484,P10275,AR,CRBN,,,CC(C)(C1=CC=C(OCC2CCN(CC3CN(CC4CCN(C5=CC=C6C(=O)N(C7CCC(=O)NC7=O)C(=O)C6=C5)CC4)C3)CC2)C=C1)C1=CC=C(OC[C@H](O)CCl)C=C1,,,,<5.0/<5.0/31.1/38.1,% AR-FL degradation in LNCaP cells after treatment at 1000/5000 nM and in VCaP cells after treatment at 1000/5000 nM,,,,,,,,,,,,,,,,,,,,,,,,,,,,,,,,,,,,,,,,,,,,,,,,,,,,,,,,,,,,,,,,,10.1021/acs.jmedchem.3c00585,840.462,839.402476876,5.29,60,8,10,2,15,131.96,C47H58ClN5O7,"InChI=1S/C47H58ClN5O7/c1-47(2,35-5-10-39(11-6-35)60-30-37(54)24-48)34-3-8-38(9-4-34)59-29-32-15-19-50(20-16-32)26-33-27-51(28-33)25-31-17-21-52(22-18-31)36-7-12-40-41(23-36)46(58)53(45(40)57)42-13-14-43(55)49-44(42)56/h3-12,23,31-33,37,42,54H,13-22,24-30H2,1-2H3,(H,49,55,56)/t37-,42?/m1/s1",BYNMESSRZZFQHT-SZUYGLCUSA-N,BYNMESSRZZFQHT
3484,P10275,AR-V7,CRBN,,,CC(C)(C1=CC=C(OCC2CCN(CC3CN(CC4CCN(C5=CC=C6C(=O)N(C7CCC(=O)NC7=O)C(=O)C6=C5)CC4)C3)CC2)C=C1)C1=CC=C(OC[C@H](O)CCl)C=C1,,,,30.5/72.8,% AR-V7 degradation in VCaP cells after treatment at 1000/5000 nM,,,,,,,,,,,,,,,,,,,,,,,,,,,,,,,,,,,,,,,,,,,,,,,,,,,,,,,,,,,,,,,,,10.1021/acs.jmedchem.3c00585,840.462,839.402476876,5.83,60,8,10,2,15,131.96,C47H58ClN5O7,"InChI=1S/C47H58ClN5O7/c1-47(2,35-5-10-39(11-6-35)60-30-37(54)24-48)34-3-8-38(9-4-34)59-29-32-15-19-50(20-16-32)26-33-27-51(28-33)25-31-17-21-52(22-18-31)36-7-12-40-41(23-36)46(58)53(45(40)57)42-13-14-43(55)49-44(42)56/h3-12,23,31-33,37,42,54H,13-22,24-30H2,1-2H3,(H,49,55,56)/t37-,42?/m1/s1",BYNMESSRZZFQHT-SZUYGLCUSA-N,BYNMESSRZZFQHT
3485,P10275,AR,CRBN,,,CC(C)(C1=CC=C(OCC2CCN(CC3CCN(C4CCN(C5=CC=C6C(=O)N(C7CCC(=O)NC7=O)C(=O)C6=C5)CC4)CC3)CC2)C=C1)C1=CC=C(OC[C@H](O)CCl)C=C1,,,,<5.0/<5.0/62.5,% AR-FL degradation in LNCaP cells after treatment at 1000 nM and in VCaP cells after treatment at 1000/5000 nM,,,,,,,,,,,,,,,,,,,,,,,,,,,,,,,,,,,,,,,,,,,,,,,,,,,,,,,,,,,,,,,,,10.1021/acs.jmedchem.3c00585,854.489,853.41812694,5.83,61,8,10,2,14,131.96,C48H60ClN5O7,"InChI=1S/C48H60ClN5O7/c1-48(2,35-5-10-40(11-6-35)61-31-38(55)28-49)34-3-8-39(9-4-34)60-30-33-15-21-51(22-16-33)29-32-17-23-52(24-18-32)36-19-25-53(26-20-36)37-7-12-41-42(27-37)47(59)54(46(41)58)43-13-14-44(56)50-45(43)57/h3-12,27,32-33,36,38,43,55H,13-26,28-31H2,1-2H3,(H,50,56,57)/t38-,43?/m1/s1",MREFUGJVROLWQI-QDXHBRHUSA-N,MREFUGJVROLWQI
3485,P10275,AR-V7,CRBN,,,CC(C)(C1=CC=C(OCC2CCN(CC3CCN(C4CCN(C5=CC=C6C(=O)N(C7CCC(=O)NC7=O)C(=O)C6=C5)CC4)CC3)CC2)C=C1)C1=CC=C(OC[C@H](O)CCl)C=C1,,,,30.1/80.3,% AR-V7 degradation in VCaP cells after treatment at 1000/5000 nM,,,,,,,,,,,,,,,,,,,,,,,,,,,,,,,,,,,,,,,,,,,,,,,,,,,,,,,,,,,,,,,,,10.1021/acs.jmedchem.3c00585,854.489,853.41812694,6.37,61,8,10,2,14,131.96,C48H60ClN5O7,"InChI=1S/C48H60ClN5O7/c1-48(2,35-5-10-40(11-6-35)61-31-38(55)28-49)34-3-8-39(9-4-34)60-30-33-15-21-51(22-16-33)29-32-17-23-52(24-18-32)36-19-25-53(26-20-36)37-7-12-41-42(27-37)47(59)54(46(41)58)43-13-14-44(56)50-45(43)57/h3-12,27,32-33,36,38,43,55H,13-26,28-31H2,1-2H3,(H,50,56,57)/t38-,43?/m1/s1",MREFUGJVROLWQI-QDXHBRHUSA-N,MREFUGJVROLWQI
3486,P10275,AR,CRBN,,,CC(C)(C1=CC=C(OCC2CCN(CC3CCN(CC4CCN(C5=CC=C6C(=O)N(C7CCC(=O)NC7=O)C(=O)C6=C5)CC4)CC3)CC2)C=C1)C1=CC=C(OC[C@H](O)CCl)C=C1,,,,<5.0/33.5,% AR-FL degradation in LNCaP cells after treatment at 1000 nM and in VCaP cells after treatment at 1000 nM,,,,,,,,,,,,,,,,,,,,,,,,,,,,,,,,,,,,,,,,,,,,,,,,,,,,,,,,,,,,,,,,,10.1021/acs.jmedchem.3c00585,868.516,867.433777004,6.37,62,8,10,2,15,131.96,C49H62ClN5O7,"InChI=1S/C49H62ClN5O7/c1-49(2,37-5-10-41(11-6-37)62-32-39(56)28-50)36-3-8-40(9-4-36)61-31-35-17-23-53(24-18-35)29-33-15-21-52(22-16-33)30-34-19-25-54(26-20-34)38-7-12-42-43(27-38)48(60)55(47(42)59)44-13-14-45(57)51-46(44)58/h3-12,27,33-35,39,44,56H,13-26,28-32H2,1-2H3,(H,51,57,58)/t39-,44?/m1/s1",IAYJAGKBVLGKKN-AEVARHPNSA-N,IAYJAGKBVLGKKN
3486,P10275,AR-V7,CRBN,,,CC(C)(C1=CC=C(OCC2CCN(CC3CCN(CC4CCN(C5=CC=C6C(=O)N(C7CCC(=O)NC7=O)C(=O)C6=C5)CC4)CC3)CC2)C=C1)C1=CC=C(OC[C@H](O)CCl)C=C1,,,,50.3,% AR-V7 degradation in VCaP cells after treatment at 1000 nM,,,,,,,,,,,,,,,,,,,,,,,,,,,,,,,,,,,,,,,,,,,,,,,,,,,,,,,,,,,,,,,,,10.1021/acs.jmedchem.3c00585,868.516,867.433777004,7.46,62,8,10,2,15,131.96,C49H62ClN5O7,"InChI=1S/C49H62ClN5O7/c1-49(2,37-5-10-41(11-6-37)62-32-39(56)28-50)36-3-8-40(9-4-36)61-31-35-17-23-53(24-18-35)29-33-15-21-52(22-16-33)30-34-19-25-54(26-20-34)38-7-12-42-43(27-38)48(60)55(47(42)59)44-13-14-45(57)51-46(44)58/h3-12,27,33-35,39,44,56H,13-26,28-32H2,1-2H3,(H,51,57,58)/t39-,44?/m1/s1",IAYJAGKBVLGKKN-AEVARHPNSA-N,IAYJAGKBVLGKKN
3487,P10275,AR,CRBN,,,CC(C)(C1=CC=C(OCC2CCN(C(=O)N3CCC4(CC3)CCN(C3=CC=C5C(=O)N(C6CCC(=O)NC6=O)C(=O)C5=C3)CC4)CC2)C=C1)C1=CC=C(OC[C@H](O)CCl)C=C1,,,,<5.0/25.2/<5.0/<5.0,% AR-FL degradation in LNCaP cells after treatment at 1000/5000 nM and in VCaP cells after treatment at 1000/5000 nM,,,,,,,,,,,,,,,,,,,,,,,,,,,,,,,,,,,,,,,,,,,,,,,,,,,,,,,,,,,,,,,,,10.1021/acs.jmedchem.3c00585,854.445,853.381741432,7.46,61,8,9,2,11,149.03,C47H56ClN5O8,"InChI=1S/C47H56ClN5O8/c1-46(2,33-5-10-37(11-6-33)61-30-35(54)28-48)32-3-8-36(9-4-32)60-29-31-15-21-51(22-16-31)45(59)52-25-19-47(20-26-52)17-23-50(24-18-47)34-7-12-38-39(27-34)44(58)53(43(38)57)40-13-14-41(55)49-42(40)56/h3-12,27,31,35,40,54H,13-26,28-30H2,1-2H3,(H,49,55,56)/t35-,40?/m1/s1",AOUAZNHKDPMZCI-VGNHOSKZSA-N,AOUAZNHKDPMZCI
3487,P10275,AR-V7,CRBN,,,CC(C)(C1=CC=C(OCC2CCN(C(=O)N3CCC4(CC3)CCN(C3=CC=C5C(=O)N(C6CCC(=O)NC6=O)C(=O)C5=C3)CC4)CC2)C=C1)C1=CC=C(OC[C@H](O)CCl)C=C1,,,,<5.0/40.3,% AR-V7 degradation in VCaP cells after treatment at 1000/5000 nM,,,,,,,,,,,,,,,,,,,,,,,,,,,,,,,,,,,,,,,,,,,,,,,,,,,,,,,,,,,,,,,,,10.1021/acs.jmedchem.3c00585,854.445,853.381741432,2.75,61,8,9,2,11,149.03,C47H56ClN5O8,"InChI=1S/C47H56ClN5O8/c1-46(2,33-5-10-37(11-6-33)61-30-35(54)28-48)32-3-8-36(9-4-32)60-29-31-15-21-51(22-16-31)45(59)52-25-19-47(20-26-52)17-23-50(24-18-47)34-7-12-38-39(27-34)44(58)53(43(38)57)40-13-14-41(55)49-42(40)56/h3-12,27,31,35,40,54H,13-26,28-30H2,1-2H3,(H,49,55,56)/t35-,40?/m1/s1",AOUAZNHKDPMZCI-VGNHOSKZSA-N,AOUAZNHKDPMZCI
3488,P10275,AR,CRBN,,,CC(C)(C1=CC=C(OCC2CCN(C(=O)C3=CC=C(N4CCN(C5=CC=C6C(=O)N(C7CCC(=O)NC7=O)C(=O)C6=C5)CC4)C=C3)CC2)C=C1)C1=CC=C(OC[C@H](O)CCl)C=C1,,,,17.9/21.5/44/45.8,% AR-FL degradation in LNCaP cells after treatment at 1000/5000 nM and in VCaP cells after treatment at 1000/5000 nM,,,,,,,,,,,,,,,,,,,,,,,,,,,,,,,,,,,,,,,,,,,,,,,,,,,,,,,,,,,,,,,,,10.1021/acs.jmedchem.3c00585,862.424,861.350441304,2.75,62,8,10,2,13,149.03,C48H52ClN5O8,"InChI=1S/C48H52ClN5O8/c1-48(2,34-7-14-39(15-8-34)62-30-37(55)28-49)33-5-12-38(13-6-33)61-29-31-19-21-53(22-20-31)45(58)32-3-9-35(10-4-32)51-23-25-52(26-24-51)36-11-16-40-41(27-36)47(60)54(46(40)59)42-17-18-43(56)50-44(42)57/h3-16,27,31,37,42,55H,17-26,28-30H2,1-2H3,(H,50,56,57)/t37-,42?/m1/s1",KJHGCWGQUJHPKY-SZUYGLCUSA-N,KJHGCWGQUJHPKY
3488,P10275,AR-V7,CRBN,,,CC(C)(C1=CC=C(OCC2CCN(C(=O)C3=CC=C(N4CCN(C5=CC=C6C(=O)N(C7CCC(=O)NC7=O)C(=O)C6=C5)CC4)C=C3)CC2)C=C1)C1=CC=C(OC[C@H](O)CCl)C=C1,,,,45.3/46.4,% AR-V7 degradation in VCaP cells after treatment at 1000/5000 nM,,,,,,,,,,,,,,,,,,,,,,,,,,,,,,,,,,,,,,,,,,,,,,,,,,,,,,,,,,,,,,,,,10.1021/acs.jmedchem.3c00585,862.424,861.350441304,2.8,62,8,10,2,13,149.03,C48H52ClN5O8,"InChI=1S/C48H52ClN5O8/c1-48(2,34-7-14-39(15-8-34)62-30-37(55)28-49)33-5-12-38(13-6-33)61-29-31-19-21-53(22-20-31)45(58)32-3-9-35(10-4-32)51-23-25-52(26-24-51)36-11-16-40-41(27-36)47(60)54(46(40)59)42-17-18-43(56)50-44(42)57/h3-16,27,31,37,42,55H,17-26,28-30H2,1-2H3,(H,50,56,57)/t37-,42?/m1/s1",KJHGCWGQUJHPKY-SZUYGLCUSA-N,KJHGCWGQUJHPKY
3489,P10275,AR,CRBN,,,CC(C)(C1=CC=C(OCC2CN(C3CCN(C4=CC=CC5=C4C(=O)N(C4CCC(=O)NC4=O)C5=O)CC3)C2)C=C1)C1=CC=C(OC[C@H](O)CCl)C=C1,,,,20.7/34.8/<5.0/14.5,% AR-FL degradation in LNCaP cells after treatment at 1000/5000 nM and in VCaP cells after treatment at 1000/5000 nM,,,,,,,,,,,,,,,,,,,,,,,,,,,,,,,,,,,,,,,,,,,,,,,,,,,,,,,,,,,,,,,,,10.1021/acs.jmedchem.3c00585,729.274,728.29767746,2.8,52,7,9,2,12,128.72,C40H45ClN4O7,"InChI=1S/C40H45ClN4O7/c1-40(2,27-8-12-31(13-9-27)52-24-29(46)20-41)26-6-10-30(11-7-26)51-23-25-21-44(22-25)28-16-18-43(19-17-28)33-5-3-4-32-36(33)39(50)45(38(32)49)34-14-15-35(47)42-37(34)48/h3-13,25,28-29,34,46H,14-24H2,1-2H3,(H,42,47,48)/t29-,34?/m1/s1",NSCGWRVSPQTHBS-QMUARQKKSA-N,NSCGWRVSPQTHBS
3489,P10275,AR-V7,CRBN,,,CC(C)(C1=CC=C(OCC2CN(C3CCN(C4=CC=CC5=C4C(=O)N(C4CCC(=O)NC4=O)C5=O)CC3)C2)C=C1)C1=CC=C(OC[C@H](O)CCl)C=C1,,,,5.5/56.7,% AR-V7 degradation in VCaP cells after treatment at 1000/5000 nM,,,,,,,,,,,,,,,,,,,,,,,,,,,,,,,,,,,,,,,,,,,,,,,,,,,,,,,,,,,,,,,,,10.1021/acs.jmedchem.3c00585,729.274,728.29767746,3.3,52,7,9,2,12,128.72,C40H45ClN4O7,"InChI=1S/C40H45ClN4O7/c1-40(2,27-8-12-31(13-9-27)52-24-29(46)20-41)26-6-10-30(11-7-26)51-23-25-21-44(22-25)28-16-18-43(19-17-28)33-5-3-4-32-36(33)39(50)45(38(32)49)34-14-15-35(47)42-37(34)48/h3-13,25,28-29,34,46H,14-24H2,1-2H3,(H,42,47,48)/t29-,34?/m1/s1",NSCGWRVSPQTHBS-QMUARQKKSA-N,NSCGWRVSPQTHBS
3490,P10275,AR,CRBN,,,CC(C)(C1=CC=C(OCC2CN(CC3CCN(C4=CC=CC5=C4C(=O)N(C4CCC(=O)NC4=O)C5=O)CC3)C2)C=C1)C1=CC=C(OC[C@H](O)CCl)C=C1,,,,19.6/22/<5.0/10.7,% AR-FL degradation in LNCaP cells after treatment at 1000/5000 nM and in VCaP cells after treatment at 1000/5000 nM,,,,,,,,,,,,,,,,,,,,,,,,,,,,,,,,,,,,,,,,,,,,,,,,,,,,,,,,,,,,,,,,,10.1021/acs.jmedchem.3c00585,743.301,742.313327524,3.3,53,7,9,2,13,128.72,C41H47ClN4O7,"InChI=1S/C41H47ClN4O7/c1-41(2,29-8-12-32(13-9-29)53-25-30(47)20-42)28-6-10-31(11-7-28)52-24-27-22-44(23-27)21-26-16-18-45(19-17-26)34-5-3-4-33-37(34)40(51)46(39(33)50)35-14-15-36(48)43-38(35)49/h3-13,26-27,30,35,47H,14-25H2,1-2H3,(H,43,48,49)/t30-,35?/m1/s1",CWYDJGKHGBVDDU-OSRRZMJMSA-N,CWYDJGKHGBVDDU
3490,P10275,AR-V7,CRBN,,,CC(C)(C1=CC=C(OCC2CN(CC3CCN(C4=CC=CC5=C4C(=O)N(C4CCC(=O)NC4=O)C5=O)CC3)C2)C=C1)C1=CC=C(OC[C@H](O)CCl)C=C1,,,,13.3/56.5,% AR-V7 degradation in VCaP cells after treatment at 1000/5000 nM,,,,,,,,,,,,,,,,,,,,,,,,,,,,,,,,,,,,,,,,,,,,,,,,,,,,,,,,,,,,,,,,,10.1021/acs.jmedchem.3c00585,743.301,742.313327524,4.59,53,7,9,2,13,128.72,C41H47ClN4O7,"InChI=1S/C41H47ClN4O7/c1-41(2,29-8-12-32(13-9-29)53-25-30(47)20-42)28-6-10-31(11-7-28)52-24-27-22-44(23-27)21-26-16-18-45(19-17-26)34-5-3-4-33-37(34)40(51)46(39(33)50)35-14-15-36(48)43-38(35)49/h3-13,26-27,30,35,47H,14-25H2,1-2H3,(H,43,48,49)/t30-,35?/m1/s1",CWYDJGKHGBVDDU-OSRRZMJMSA-N,CWYDJGKHGBVDDU
3491,P10275,AR,CRBN,,,CC(C)(C1=CC=C(OCC2CCN(C3CCN(C4=CC=CC5=C4C(=O)N(C4CCC(=O)NC4=O)C5=O)CC3)CC2)C=C1)C1=CC=C(OC[C@H](O)CCl)C=C1,,,,<5.0/24.9/<5.0/8.8,% AR-FL degradation in LNCaP cells after treatment at 1000/5000 nM and in VCaP cells after treatment at 1000/5000 nM,,,,,,,,,,,,,,,,,,,,,,,,,,,,,,,,,,,,,,,,,,,,,,,,,,,,,,,,,,,,,,,,,10.1021/acs.jmedchem.3c00585,757.328,756.328977588,4.59,54,7,9,2,12,128.72,C42H49ClN4O7,"InChI=1S/C42H49ClN4O7/c1-42(2,29-8-12-33(13-9-29)54-26-31(48)24-43)28-6-10-32(11-7-28)53-25-27-16-20-45(21-17-27)30-18-22-46(23-19-30)35-5-3-4-34-38(35)41(52)47(40(34)51)36-14-15-37(49)44-39(36)50/h3-13,27,30-31,36,48H,14-26H2,1-2H3,(H,44,49,50)/t31-,36?/m1/s1",STZOJOINRAHTLC-RACIXVTASA-N,STZOJOINRAHTLC
3491,P10275,AR-V7,CRBN,,,CC(C)(C1=CC=C(OCC2CCN(C3CCN(C4=CC=CC5=C4C(=O)N(C4CCC(=O)NC4=O)C5=O)CC3)CC2)C=C1)C1=CC=C(OC[C@H](O)CCl)C=C1,,,,<5.0/15.8,% AR-V7 degradation in VCaP cells after treatment at 1000/5000 nM,,,,,,,,,,,,,,,,,,,,,,,,,,,,,,,,,,,,,,,,,,,,,,,,,,,,,,,,,,,,,,,,,10.1021/acs.jmedchem.3c00585,757.328,756.328977588,4.73,54,7,9,2,12,128.72,C42H49ClN4O7,"InChI=1S/C42H49ClN4O7/c1-42(2,29-8-12-33(13-9-29)54-26-31(48)24-43)28-6-10-32(11-7-28)53-25-27-16-20-45(21-17-27)30-18-22-46(23-19-30)35-5-3-4-34-38(35)41(52)47(40(34)51)36-14-15-37(49)44-39(36)50/h3-13,27,30-31,36,48H,14-26H2,1-2H3,(H,44,49,50)/t31-,36?/m1/s1",STZOJOINRAHTLC-RACIXVTASA-N,STZOJOINRAHTLC
3492,P10275,AR,CRBN,,,CC(C)(C1=CC=C(OCC2CCN(CC3CCN(C4=CC=CC5=C4C(=O)N(C4CCC(=O)NC4=O)C5=O)CC3)CC2)C=C1)C1=CC=C(OC[C@H](O)CCl)C=C1,,,,<5.0/52.8/7/46.4,% AR-FL degradation in LNCaP cells after treatment at 1000/5000 nM and in VCaP cells after treatment at 1000/5000 nM,,,,,,,,,,,,,,,,,,,,,,,,,,,,,,,,,,,,,,,,,,,,,,,,,,,,,,,,,,,,,,,,,10.1021/acs.jmedchem.3c00585,771.355,770.344627652,4.73,55,7,9,2,13,128.72,C43H51ClN4O7,"InChI=1S/C43H51ClN4O7/c1-43(2,31-8-12-34(13-9-31)55-27-32(49)24-44)30-6-10-33(11-7-30)54-26-29-16-20-46(21-17-29)25-28-18-22-47(23-19-28)36-5-3-4-35-39(36)42(53)48(41(35)52)37-14-15-38(50)45-40(37)51/h3-13,28-29,32,37,49H,14-27H2,1-2H3,(H,45,50,51)/t32-,37?/m1/s1",OUCIYRBQQAJZSE-ZIQZBVCVSA-N,OUCIYRBQQAJZSE
3492,P10275,AR-V7,CRBN,,,CC(C)(C1=CC=C(OCC2CCN(CC3CCN(C4=CC=CC5=C4C(=O)N(C4CCC(=O)NC4=O)C5=O)CC3)CC2)C=C1)C1=CC=C(OC[C@H](O)CCl)C=C1,,,,<5.0/51.5,% AR-V7 degradation in VCaP cells after treatment at 1000/5000 nM,,,,,,,,,,,,,,,,,,,,,,,,,,,,,,,,,,,,,,,,,,,,,,,,,,,,,,,,,,,,,,,,,10.1021/acs.jmedchem.3c00585,771.355,770.344627652,5.75,55,7,9,2,13,128.72,C43H51ClN4O7,"InChI=1S/C43H51ClN4O7/c1-43(2,31-8-12-34(13-9-31)55-27-32(49)24-44)30-6-10-33(11-7-30)54-26-29-16-20-46(21-17-29)25-28-18-22-47(23-19-28)36-5-3-4-35-39(36)42(53)48(41(35)52)37-14-15-38(50)45-40(37)51/h3-13,28-29,32,37,49H,14-27H2,1-2H3,(H,45,50,51)/t32-,37?/m1/s1",OUCIYRBQQAJZSE-ZIQZBVCVSA-N,OUCIYRBQQAJZSE
3493,P10275,AR,CRBN,,,CC(C)(C1=CC=C(OCC2CCN(CC3CN(C4CCN(C5=CC=CC6=C5C(=O)N(C5CCC(=O)NC5=O)C6=O)CC4)C3)CC2)C=C1)C1=CC=C(OC[C@H](O)CCl)C=C1,,,,13.9/62.4/44.3/57.2,% AR-FL degradation in LNCaP cells after treatment at 1000/5000 nM and in VCaP cells after treatment at 1000/5000 nM,,,,,,,,,,,,,,,,,,,,,,,,,,,,,,,,,,,,,,,,,,,,,,,,,,,,,,,,,,,,,,,,,10.1021/acs.jmedchem.3c00585,826.435,825.386826812,5.75,59,8,10,2,14,131.96,C46H56ClN5O7,"InChI=1S/C46H56ClN5O7/c1-46(2,33-8-12-37(13-9-33)59-29-35(53)24-47)32-6-10-36(11-7-32)58-28-30-16-20-49(21-17-30)25-31-26-51(27-31)34-18-22-50(23-19-34)39-5-3-4-38-42(39)45(57)52(44(38)56)40-14-15-41(54)48-43(40)55/h3-13,30-31,34-35,40,53H,14-29H2,1-2H3,(H,48,54,55)/t35-,40?/m1/s1",UKDZXMITFZCBJE-VGNHOSKZSA-N,UKDZXMITFZCBJE
3493,P10275,AR-V7,CRBN,,,CC(C)(C1=CC=C(OCC2CCN(CC3CN(C4CCN(C5=CC=CC6=C5C(=O)N(C5CCC(=O)NC5=O)C6=O)CC4)C3)CC2)C=C1)C1=CC=C(OC[C@H](O)CCl)C=C1,,,,37.1/72.7,% AR-V7 degradation in VCaP cells after treatment at 1000/5000 nM,,,,,,,,,,,,,,,,,,,,,,,,,,,,,,,,,,,,,,,,,,,,,,,,,,,,,,,,,,,,,,,,,10.1021/acs.jmedchem.3c00585,826.435,825.386826812,6.47,59,8,10,2,14,131.96,C46H56ClN5O7,"InChI=1S/C46H56ClN5O7/c1-46(2,33-8-12-37(13-9-33)59-29-35(53)24-47)32-6-10-36(11-7-32)58-28-30-16-20-49(21-17-30)25-31-26-51(27-31)34-18-22-50(23-19-34)39-5-3-4-38-42(39)45(57)52(44(38)56)40-14-15-41(54)48-43(40)55/h3-13,30-31,34-35,40,53H,14-29H2,1-2H3,(H,48,54,55)/t35-,40?/m1/s1",UKDZXMITFZCBJE-VGNHOSKZSA-N,UKDZXMITFZCBJE
3494,P10275,AR,CRBN,,,CC(C)(C1=CC=C(OCC2CCN(CC3CN(CC4CCN(C5=CC=CC6=C5C(=O)N(C5CCC(=O)NC5=O)C6=O)CC4)C3)CC2)C=C1)C1=CC=C(OC[C@H](O)CCl)C=C1,,,,<5.0/51.5/18.6/39.1,% AR-FL degradation in LNCaP cells after treatment at 1000/5000 nM and in VCaP cells after treatment at 1000/5000 nM,,,,,,,,,,,,,,,,,,,,,,,,,,,,,,,,,,,,,,,,,,,,,,,,,,,,,,,,,,,,,,,,,10.1021/acs.jmedchem.3c00585,840.462,839.402476876,6.47,60,8,10,2,15,131.96,C47H58ClN5O7,"InChI=1S/C47H58ClN5O7/c1-47(2,35-8-12-38(13-9-35)60-30-36(54)24-48)34-6-10-37(11-7-34)59-29-32-16-20-50(21-17-32)26-33-27-51(28-33)25-31-18-22-52(23-19-31)40-5-3-4-39-43(40)46(58)53(45(39)57)41-14-15-42(55)49-44(41)56/h3-13,31-33,36,41,54H,14-30H2,1-2H3,(H,49,55,56)/t36-,41?/m1/s1",MAAZYGPRJMIBCJ-AVSSQNABSA-N,MAAZYGPRJMIBCJ
3494,P10275,AR-V7,CRBN,,,CC(C)(C1=CC=C(OCC2CCN(CC3CN(CC4CCN(C5=CC=CC6=C5C(=O)N(C5CCC(=O)NC5=O)C6=O)CC4)C3)CC2)C=C1)C1=CC=C(OC[C@H](O)CCl)C=C1,,,,<5.0/51.2,% AR-V7 degradation in VCaP cells after treatment at 1000/5000 nM,,,,,,,,,,,,,,,,,,,,,,,,,,,,,,,,,,,,,,,,,,,,,,,,,,,,,,,,,,,,,,,,,10.1021/acs.jmedchem.3c00585,840.462,839.402476876,5.56,60,8,10,2,15,131.96,C47H58ClN5O7,"InChI=1S/C47H58ClN5O7/c1-47(2,35-8-12-38(13-9-35)60-30-36(54)24-48)34-6-10-37(11-7-34)59-29-32-16-20-50(21-17-32)26-33-27-51(28-33)25-31-18-22-52(23-19-31)40-5-3-4-39-43(40)46(58)53(45(39)57)41-14-15-42(55)49-44(41)56/h3-13,31-33,36,41,54H,14-30H2,1-2H3,(H,49,55,56)/t36-,41?/m1/s1",MAAZYGPRJMIBCJ-AVSSQNABSA-N,MAAZYGPRJMIBCJ
3495,P10275,AR,CRBN,,,CC(C)(C1=CC=C(OCC2CCN(CC3CCN(C4CCN(C5=CC=CC6=C5C(=O)N(C5CCC(=O)NC5=O)C6=O)CC4)CC3)CC2)C=C1)C1=CC=C(OC[C@H](O)CCl)C=C1,,,,21.7/19.6,% AR-FL degradation in LNCaP cells after treatment at 1000 nM and in VCaP cells after treatment at 1000 nM,,,,,,,,,,,,,,,,,,,,,,,,,,,,,,,,,,,,,,,,,,,,,,,,,,,,,,,,,,,,,,,,,10.1021/acs.jmedchem.3c00585,854.489,853.41812694,5.56,61,8,10,2,14,131.96,C48H60ClN5O7,"InChI=1S/C48H60ClN5O7/c1-48(2,35-8-12-39(13-9-35)61-31-37(55)28-49)34-6-10-38(11-7-34)60-30-33-16-22-51(23-17-33)29-32-18-24-52(25-19-32)36-20-26-53(27-21-36)41-5-3-4-40-44(41)47(59)54(46(40)58)42-14-15-43(56)50-45(42)57/h3-13,32-33,36-37,42,55H,14-31H2,1-2H3,(H,50,56,57)/t37-,42?/m1/s1",SDSSHZIMZNASPT-SZUYGLCUSA-N,SDSSHZIMZNASPT
3495,P10275,AR-V7,CRBN,,,CC(C)(C1=CC=C(OCC2CCN(CC3CCN(C4CCN(C5=CC=CC6=C5C(=O)N(C5CCC(=O)NC5=O)C6=O)CC4)CC3)CC2)C=C1)C1=CC=C(OC[C@H](O)CCl)C=C1,,,,<5.0,% AR-V7 degradation in VCaP cells after treatment at 1000 nM,,,,,,,,,,,,,,,,,,,,,,,,,,,,,,,,,,,,,,,,,,,,,,,,,,,,,,,,,,,,,,,,,10.1021/acs.jmedchem.3c00585,854.489,853.41812694,6.27,61,8,10,2,14,131.96,C48H60ClN5O7,"InChI=1S/C48H60ClN5O7/c1-48(2,35-8-12-39(13-9-35)61-31-37(55)28-49)34-6-10-38(11-7-34)60-30-33-16-22-51(23-17-33)29-32-18-24-52(25-19-32)36-20-26-53(27-21-36)41-5-3-4-40-44(41)47(59)54(46(40)58)42-14-15-43(56)50-45(42)57/h3-13,32-33,36-37,42,55H,14-31H2,1-2H3,(H,50,56,57)/t37-,42?/m1/s1",SDSSHZIMZNASPT-SZUYGLCUSA-N,SDSSHZIMZNASPT
3496,P10275,AR,CRBN,,,CC(C)(C1=CC=C(OCC2CCN(CC3CCN(CC4CCN(C5=CC=CC6=C5C(=O)N(C5CCC(=O)NC5=O)C6=O)CC4)CC3)CC2)C=C1)C1=CC=C(OC[C@H](O)CCl)C=C1,,,,30.8/8.34,% AR-FL degradation in LNCaP cells after treatment at 1000 nM and in VCaP cells after treatment at 1000 nM,,,,,,,,,,,,,,,,,,,,,,,,,,,,,,,,,,,,,,,,,,,,,,,,,,,,,,,,,,,,,,,,,10.1021/acs.jmedchem.3c00585,868.516,867.433777004,6.27,62,8,10,2,15,131.96,C49H62ClN5O7,"InChI=1S/C49H62ClN5O7/c1-49(2,37-8-12-40(13-9-37)62-32-38(56)28-50)36-6-10-39(11-7-36)61-31-35-18-24-53(25-19-35)29-33-16-22-52(23-17-33)30-34-20-26-54(27-21-34)42-5-3-4-41-45(42)48(60)55(47(41)59)43-14-15-44(57)51-46(43)58/h3-13,33-35,38,43,56H,14-32H2,1-2H3,(H,51,57,58)/t38-,43?/m1/s1",YLPMPCIVNPBYSZ-QDXHBRHUSA-N,YLPMPCIVNPBYSZ
3496,P10275,AR-V7,CRBN,,,CC(C)(C1=CC=C(OCC2CCN(CC3CCN(CC4CCN(C5=CC=CC6=C5C(=O)N(C5CCC(=O)NC5=O)C6=O)CC4)CC3)CC2)C=C1)C1=CC=C(OC[C@H](O)CCl)C=C1,,,,8.1,% AR-V7 degradation in VCaP cells after treatment at 1000 nM,,,,,,,,,,,,,,,,,,,,,,,,,,,,,,,,,,,,,,,,,,,,,,,,,,,,,,,,,,,,,,,,,10.1021/acs.jmedchem.3c00585,868.516,867.433777004,1.4,62,8,10,2,15,131.96,C49H62ClN5O7,"InChI=1S/C49H62ClN5O7/c1-49(2,37-8-12-40(13-9-37)62-32-38(56)28-50)36-6-10-39(11-7-36)61-31-35-18-24-53(25-19-35)29-33-16-22-52(23-17-33)30-34-20-26-54(27-21-34)42-5-3-4-41-45(42)48(60)55(47(41)59)43-14-15-44(57)51-46(43)58/h3-13,33-35,38,43,56H,14-32H2,1-2H3,(H,51,57,58)/t38-,43?/m1/s1",YLPMPCIVNPBYSZ-QDXHBRHUSA-N,YLPMPCIVNPBYSZ
3497,P10275,AR,CRBN,,,CC(C)(C1=CC=C(OCC2CCN(C(=O)N3CCC4(CC3)CCN(C3=CC=CC5=C3C(=O)N(C3CCC(=O)NC3=O)C5=O)CC4)CC2)C=C1)C1=CC=C(OC[C@H](O)CCl)C=C1,,,,21.7/31.7/<5.0/<5.0,% AR-FL degradation in LNCaP cells after treatment at 1000/5000 nM and in VCaP cells after treatment at 1000/5000 nM,,,,,,,,,,,,,,,,,,,,,,,,,,,,,,,,,,,,,,,,,,,,,,,,,,,,,,,,,,,,,,,,,10.1021/acs.jmedchem.3c00585,854.445,853.381741432,1.82,61,8,9,2,11,149.03,C47H56ClN5O8,"InChI=1S/C47H56ClN5O8/c1-46(2,33-8-12-36(13-9-33)61-30-34(54)28-48)32-6-10-35(11-7-32)60-29-31-16-22-51(23-17-31)45(59)52-26-20-47(21-27-52)18-24-50(25-19-47)38-5-3-4-37-41(38)44(58)53(43(37)57)39-14-15-40(55)49-42(39)56/h3-13,31,34,39,54H,14-30H2,1-2H3,(H,49,55,56)/t34-,39?/m1/s1",DKGIBMFPKWLJTK-PQVOGGOYSA-N,DKGIBMFPKWLJTK
3497,P10275,AR-V7,CRBN,,,CC(C)(C1=CC=C(OCC2CCN(C(=O)N3CCC4(CC3)CCN(C3=CC=CC5=C3C(=O)N(C3CCC(=O)NC3=O)C5=O)CC4)CC2)C=C1)C1=CC=C(OC[C@H](O)CCl)C=C1,,,,<5.0/<5.0,% AR-V7 degradation in VCaP cells after treatment at 1000/5000 nM,,,,,,,,,,,,,,,,,,,,,,,,,,,,,,,,,,,,,,,,,,,,,,,,,,,,,,,,,,,,,,,,,10.1021/acs.jmedchem.3c00585,854.445,853.381741432,1.67,61,8,9,2,11,149.03,C47H56ClN5O8,"InChI=1S/C47H56ClN5O8/c1-46(2,33-8-12-36(13-9-33)61-30-34(54)28-48)32-6-10-35(11-7-32)60-29-31-16-22-51(23-17-31)45(59)52-26-20-47(21-27-52)18-24-50(25-19-47)38-5-3-4-37-41(38)44(58)53(43(37)57)39-14-15-40(55)49-42(39)56/h3-13,31,34,39,54H,14-30H2,1-2H3,(H,49,55,56)/t34-,39?/m1/s1",DKGIBMFPKWLJTK-PQVOGGOYSA-N,DKGIBMFPKWLJTK
3498,P10275,AR,CRBN,,,CC(C)(C1=CC=C(OCC2CCN(C(=O)C3=CC=C(N4CCN(C5=CC=CC6=C5C(=O)N(C5CCC(=O)NC5=O)C6=O)CC4)C=C3)CC2)C=C1)C1=CC=C(OC[C@H](O)CCl)C=C1,,,,<5.0/<5.0/10/14.9,% AR-FL degradation in LNCaP cells after treatment at 1000/5000 nM and in VCaP cells after treatment at 1000/5000 nM,,,,,,,,,,,,,,,,,,,,,,,,,,,,,,,,,,,,,,,,,,,,,,,,,,,,,,,,,,,,,,,,,10.1021/acs.jmedchem.3c00585,862.424,861.350441304,2.08,62,8,10,2,13,149.03,C48H52ClN5O8,"InChI=1S/C48H52ClN5O8/c1-48(2,34-10-16-38(17-11-34)62-30-36(55)28-49)33-8-14-37(15-9-33)61-29-31-20-22-53(23-21-31)45(58)32-6-12-35(13-7-32)51-24-26-52(27-25-51)40-5-3-4-39-43(40)47(60)54(46(39)59)41-18-19-42(56)50-44(41)57/h3-17,31,36,41,55H,18-30H2,1-2H3,(H,50,56,57)/t36-,41?/m1/s1",NXPGKKHNOBSPQN-AVSSQNABSA-N,NXPGKKHNOBSPQN
3498,P10275,AR-V7,CRBN,,,CC(C)(C1=CC=C(OCC2CCN(C(=O)C3=CC=C(N4CCN(C5=CC=CC6=C5C(=O)N(C5CCC(=O)NC5=O)C6=O)CC4)C=C3)CC2)C=C1)C1=CC=C(OC[C@H](O)CCl)C=C1,,,,9.5/47.9,% AR-V7 degradation in VCaP cells after treatment at 1000/5000 nM,,,,,,,,,,,,,,,,,,,,,,,,,,,,,,,,,,,,,,,,,,,,,,,,,,,,,,,,,,,,,,,,,10.1021/acs.jmedchem.3c00585,862.424,861.350441304,1.93,62,8,10,2,13,149.03,C48H52ClN5O8,"InChI=1S/C48H52ClN5O8/c1-48(2,34-10-16-38(17-11-34)62-30-36(55)28-49)33-8-14-37(15-9-33)61-29-31-20-22-53(23-21-31)45(58)32-6-12-35(13-7-32)51-24-26-52(27-25-51)40-5-3-4-39-43(40)47(60)54(46(39)59)41-18-19-42(56)50-44(41)57/h3-17,31,36,41,55H,18-30H2,1-2H3,(H,50,56,57)/t36-,41?/m1/s1",NXPGKKHNOBSPQN-AVSSQNABSA-N,NXPGKKHNOBSPQN
3666,P10275,AR,CRBN,,ARD-1551,N#CC1=CC=C(N2CCC3(CCN(C(=O)C4=CC=C(N5CCN(CC6CCN(C7=CC=C8C(=O)N(C9CCC(=O)NC9=O)C(=O)C8=C7)CC6)CC5)C=C4)CC3)C2)C=C1Cl,,,,<5/<5/33,% AR degradation in VCaP cells at 10/100/1000 nM,,,,,,,,,,,,,,,,,,,,,,,,,,,,,,,,,,,,,,,,,,,,,,,,,,,,,,,,,,,,,,,,,10.1021/acs.jmedchem.3c00405,817.391,816.351444348,6.24,59,9,10,1,7,140.61,C45H49ClN8O5,"InChI=1S/C45H49ClN8O5/c46-38-26-35(6-3-32(38)27-47)53-20-15-45(29-53)13-18-52(19-14-45)42(57)31-1-4-33(5-2-31)51-23-21-49(22-24-51)28-30-11-16-50(17-12-30)34-7-8-36-37(25-34)44(59)54(43(36)58)39-9-10-40(55)48-41(39)56/h1-8,25-26,30,39H,9-24,28-29H2,(H,48,55,56)",UCTGJIMJIBVEJE-UHFFFAOYSA-N,UCTGJIMJIBVEJE
3667,P10275,AR,CRBN,,ARD-1048,N#CC1=CC=C(N2CCC3(CCN(C(=O)C4=CC=C(N5CCN(C6CCN(C7=CC=C8C(=O)N(C9CCC(=O)NC9=O)C(=O)C8=C7)CC6)CC5)C=C4)CC3)C2)C=C1Cl,,,,<5/43/56,% AR degradation in VCaP cells at 10/100/1000 nM,,,,,,,,,,,,,,,,,,,,,,,,,,,,,,,,,,,,,,,,,,,,,,,,,,,,,,,,,,,,,,,,,10.1021/acs.jmedchem.3c00405,803.364,802.335794284,3.03,58,9,10,1,6,140.61,C44H47ClN8O5,"InChI=1S/C44H47ClN8O5/c45-37-26-34(6-3-30(37)27-46)52-20-15-44(28-52)13-18-51(19-14-44)41(56)29-1-4-31(5-2-29)49-21-23-50(24-22-49)32-11-16-48(17-12-32)33-7-8-35-36(25-33)43(58)53(42(35)57)38-9-10-39(54)47-40(38)55/h1-8,25-26,32,38H,9-24,28H2,(H,47,54,55)",CXCQMNLUKMCLFZ-UHFFFAOYSA-N,CXCQMNLUKMCLFZ
3668,P10275,AR,CRBN,,ARD-1093,N#CC1=CC=C(N2CCC3(CCN(C4=CC=C(C(=O)N5CCN(CC6CCN(C7=CC=C8C(=O)N(C9CCC(=O)NC9=O)C(=O)C8=C7)CC6)CC5)C=C4)CC3)C2)C=C1Cl,,,,24/80/>95,% AR degradation in VCaP cells at 10/100/1000 nM,,,,,,,,,,,,,,,,,,,,,,,,,,,,,,,,,,,,,,,,,,,,,,,,,,,,,,,,,,,,,,,,,10.1021/acs.jmedchem.3c00405,817.391,816.351444348,3.03,59,9,10,1,7,140.61,C45H49ClN8O5,"InChI=1S/C45H49ClN8O5/c46-38-26-35(6-3-32(38)27-47)53-20-15-45(29-53)13-18-51(19-14-45)33-4-1-31(2-5-33)42(57)52-23-21-49(22-24-52)28-30-11-16-50(17-12-30)34-7-8-36-37(25-34)44(59)54(43(36)58)39-9-10-40(55)48-41(39)56/h1-8,25-26,30,39H,9-24,28-29H2,(H,48,55,56)",AMIFKRLLFJYSKJ-UHFFFAOYSA-N,AMIFKRLLFJYSKJ
3669,P10275,AR,CRBN,,ARD-1120,N#CC1=CC=C(N2CCC3(CCN(C4=CC=C(C(=O)N5CCN(C6CCN(C7=CC=C8C(=O)N(C9CCC(=O)NC9=O)C(=O)C8=C7)CC6)CC5)C=C4)CC3)C2)C=C1Cl,,,,24/74/95,% AR degradation in VCaP cells at 10/100/1000 nM,,,,,,,,,,,,,,,,,,,,,,,,,,,,,,,,,,,,,,,,,,,,,,,,,,,,,,,,,,,,,,,,,10.1021/acs.jmedchem.3c00405,803.364,802.335794284,3.03,58,9,10,1,6,140.61,C44H47ClN8O5,"InChI=1S/C44H47ClN8O5/c45-37-26-34(6-3-30(37)27-46)52-20-15-44(28-52)13-18-49(19-14-44)31-4-1-29(2-5-31)41(56)51-23-21-50(22-24-51)32-11-16-48(17-12-32)33-7-8-35-36(25-33)43(58)53(42(35)57)38-9-10-39(54)47-40(38)55/h1-8,25-26,32,38H,9-24,28H2,(H,47,54,55)",KWRFRVSFDSGIRR-UHFFFAOYSA-N,KWRFRVSFDSGIRR
3670,P10275,AR,CRBN,,ARD-1152,N#CC1=CC=C(N2CCC3(CCN(C4=CC=C(C(=O)N5CCC(N6CCN(C7=CC=C8C(=O)N(C9CCC(=O)NC9=O)C(=O)C8=C7)CC6)CC5)C=C4)CC3)C2)C=C1Cl,,,,37/20/>95,% AR degradation in VCaP cells at 10/100/1000 nM,,,,,,,,,,,,,,,,,,,,,,,,,,,,,,,,,,,,,,,,,,,,,,,,,,,,,,,,,,,,,,,,,10.1021/acs.jmedchem.3c00405,803.364,802.335794284,3.52,58,9,10,1,6,140.61,C44H47ClN8O5,"InChI=1S/C44H47ClN8O5/c45-37-26-34(6-3-30(37)27-46)52-20-15-44(28-52)13-18-48(19-14-44)31-4-1-29(2-5-31)41(56)51-16-11-32(12-17-51)49-21-23-50(24-22-49)33-7-8-35-36(25-33)43(58)53(42(35)57)38-9-10-39(54)47-40(38)55/h1-8,25-26,32,38H,9-24,28H2,(H,47,54,55)",BJVXNYDWULWMBI-UHFFFAOYSA-N,BJVXNYDWULWMBI
3671,P10275,AR,CRBN,,ARD-1137,N#CC1=CC=C(N2CCC3(CCN(C4=CC=C(C(=O)N5CCCN(C6CCN(C7=CC=C8C(=O)N(C9CCC(=O)NC9=O)C(=O)C8=C7)CC6)CC5)C=C4)CC3)C2)C=C1Cl,,,,45/80/92,% AR degradation in VCaP cells at 10/100/1000 nM,,,,,,,,,,,,,,,,,,,,,,,,,,,,,,,,,,,,,,,,,,,,,,,,,,,,,,,,,,,,,,,,,10.1021/acs.jmedchem.3c00405,817.391,816.351444348,3.52,59,9,10,1,6,140.61,C45H49ClN8O5,"InChI=1S/C45H49ClN8O5/c46-38-27-35(7-4-31(38)28-47)53-23-16-45(29-53)14-21-51(22-15-45)32-5-2-30(3-6-32)42(57)52-18-1-17-49(24-25-52)33-12-19-50(20-13-33)34-8-9-36-37(26-34)44(59)54(43(36)58)39-10-11-40(55)48-41(39)56/h2-9,26-27,33,39H,1,10-25,29H2,(H,48,55,56)",SWTHNVDSWGMYFU-UHFFFAOYSA-N,SWTHNVDSWGMYFU
3672,P10275,AR,CRBN,,ARD-1119,N#CC1=CC=C(N2CCC3(CCN(C4=CC=C(C(=O)N5CCCN(C6CCN(C7=CC=C8C(=O)N(C9CCC(=O)NC9=O)C(=O)C8=C7)CC6)CCC5)C=C4)CC3)C2)C=C1Cl,,,,<5/54/54,% AR degradation in VCaP cells at 10/100/1000 nM,,,,,,,,,,,,,,,,,,,,,,,,,,,,,,,,,,,,,,,,,,,,,,,,,,,,,,,,,,,,,,,,,10.1021/acs.jmedchem.3c00405,831.418,830.367094412,3.52,60,9,10,1,6,140.61,C46H51ClN8O5,"InChI=1S/C46H51ClN8O5/c47-39-28-36(8-5-32(39)29-48)54-26-17-46(30-54)15-24-52(25-16-46)33-6-3-31(4-7-33)43(58)53-20-1-18-50(19-2-21-53)34-13-22-51(23-14-34)35-9-10-37-38(27-35)45(60)55(44(37)59)40-11-12-41(56)49-42(40)57/h3-10,27-28,34,40H,1-2,11-26,30H2,(H,49,56,57)",BCFWOLUONRVVFR-UHFFFAOYSA-N,BCFWOLUONRVVFR
3673,P10275,AR,CRBN,,ARD-1115,N#CC1=CC=C(N2CCC3(CCN(C4=CC=C(C(=O)N5CC6CC(C5)CN(C5CCN(C7=CC=C8C(=O)N(C9CCC(=O)NC9=O)C(=O)C8=C7)CC5)C6)C=C4)CC3)C2)C=C1Cl,,,,23/80/90,% AR degradation in VCaP cells at 10/100/1000 nM,,,,,,,,,,,,,,,,,,,,,,,,,,,,,,,,,,,,,,,,,,,,,,,,,,,,,,,,,,,,,,,,,10.1021/acs.jmedchem.3c00405,843.429,842.367094412,2.81,61,10,10,1,6,140.61,C47H51ClN8O5,"InChI=1S/C47H51ClN8O5/c48-40-23-37(6-3-33(40)24-49)53-20-15-47(29-53)13-18-52(19-14-47)34-4-1-32(2-5-34)44(59)55-27-30-21-31(28-55)26-54(25-30)35-11-16-51(17-12-35)36-7-8-38-39(22-36)46(61)56(45(38)60)41-9-10-42(57)50-43(41)58/h1-8,22-23,30-31,35,41H,9-21,25-29H2,(H,50,57,58)",LGZAKUIDPIYYBK-UHFFFAOYSA-N,LGZAKUIDPIYYBK
3674,P10275,AR,CRBN,,ARD-1138,N#CC1=CC=C(N2CCC3(CCN(C4=CC=C(C(=O)N5CC6(C5)CN(C5CCN(C7=CC=C8C(=O)N(C9CCC(=O)NC9=O)C(=O)C8=C7)CC5)C6)C=C4)CC3)C2)C=C1Cl,,,,<5/46/73,% AR degradation in VCaP cells at 10/100/1000 nM,,,,,,,,,,,,,,,,,,,,,,,,,,,,,,,,,,,,,,,,,,,,,,,,,,,,,,,,,,,,,,,,,10.1021/acs.jmedchem.3c00405,815.375,814.335794284,2.81,59,10,10,1,6,140.61,C45H47ClN8O5,"InChI=1S/C45H47ClN8O5/c46-37-22-34(6-3-30(37)23-47)51-20-15-44(24-51)13-18-50(19-14-44)31-4-1-29(2-5-31)41(57)53-27-45(28-53)25-52(26-45)32-11-16-49(17-12-32)33-7-8-35-36(21-33)43(59)54(42(35)58)38-9-10-39(55)48-40(38)56/h1-8,21-22,32,38H,9-20,24-28H2,(H,48,55,56)",HKQBRXVVKCRZHI-UHFFFAOYSA-N,HKQBRXVVKCRZHI
3675,P10275,AR,CRBN,,ARD-1118,N#CC1=CC=C(N2CCC3(CCN(C4=CC=C(C(=O)N5CCC6(C5)CN(C5CCN(C7=CC=C8C(=O)N(C9CCC(=O)NC9=O)C(=O)C8=C7)CC5)C6)C=C4)CC3)C2)C=C1Cl,,,,20/60/82,% AR degradation in VCaP cells at 10/100/1000 nM,,,,,,,,,,,,,,,,,,,,,,,,,,,,,,,,,,,,,,,,,,,,,,,,,,,,,,,,,,,,,,,,,10.1021/acs.jmedchem.3c00405,829.402,828.351444348,2.81,60,10,10,1,6,140.61,C46H49ClN8O5,"InChI=1S/C46H49ClN8O5/c47-38-24-35(6-3-31(38)25-48)52-21-15-45(26-52)13-19-51(20-14-45)32-4-1-30(2-5-32)42(58)53-22-16-46(27-53)28-54(29-46)33-11-17-50(18-12-33)34-7-8-36-37(23-34)44(60)55(43(36)59)39-9-10-40(56)49-41(39)57/h1-8,23-24,33,39H,9-22,26-29H2,(H,49,56,57)",ZYKFYXHOMIQJEJ-UHFFFAOYSA-N,ZYKFYXHOMIQJEJ
3676,P10275,AR,CRBN,,ARD-1149,N#CC1=CC=C(N2CCC3(CCN(C4=CC=C(C(=O)N5CCN(CC6CN(C7=CC=C8C(=O)N(C9CCC(=O)NC9=O)C(=O)C8=C7)C6)CC5)C=C4)CC3)C2)C=C1Cl,,,,30/81/85,% AR degradation in VCaP cells at 10/100/1000 nM,,,,,,,,,,,,,,,,,,,,,,,,,,,,,,,,,,,,,,,,,,,,,,,,,,,,,,,,,,,,,,,,,10.1021/acs.jmedchem.3c00405,789.337,788.32014422,2.81,57,9,10,1,7,140.61,C43H45ClN8O5,"InChI=1S/C43H45ClN8O5/c44-36-22-33(6-3-30(36)23-45)50-16-13-43(27-50)11-14-48(15-12-43)31-4-1-29(2-5-31)40(55)49-19-17-47(18-20-49)24-28-25-51(26-28)32-7-8-34-35(21-32)42(57)52(41(34)56)37-9-10-38(53)46-39(37)54/h1-8,21-22,28,37H,9-20,24-27H2,(H,46,53,54)",GEZBECYHFVHJEW-UHFFFAOYSA-N,GEZBECYHFVHJEW
3677,P10275,AR,CRBN,,ARD-1140,N#CC1=CC=C(N2CCC3(CCN(C4=CC=C(C(=O)N5CCN(C6CN(C7=CC=C8C(=O)N(C9CCC(=O)NC9=O)C(=O)C8=C7)C6)CC5)C=C4)CC3)C2)C=C1Cl,,,,78/>95/>95,% AR degradation in VCaP cells at 10/100/1000 nM,,,,,,,,,,,,,,,,,,,,,,,,,,,,,,,,,,,,,,,,,,,,,,,,,,,,,,,,,,,,,,,,,10.1021/acs.jmedchem.3c00405,775.31,774.304494156,2.81,56,9,10,1,6,140.61,C42H43ClN8O5,"InChI=1S/C42H43ClN8O5/c43-35-22-31(6-3-28(35)23-44)49-16-13-42(26-49)11-14-46(15-12-42)29-4-1-27(2-5-29)39(54)48-19-17-47(18-20-48)32-24-50(25-32)30-7-8-33-34(21-30)41(56)51(40(33)55)36-9-10-37(52)45-38(36)53/h1-8,21-22,32,36H,9-20,24-26H2,(H,45,52,53)",PTPMUPJWDGPKOD-UHFFFAOYSA-N,PTPMUPJWDGPKOD
3678,P10275,AR,CRBN,,ARD-2007,N#CC1=CC=C(N2CCC3(CCN(C4=CC=C(C(=O)N5CCCN(C6CN(C7=CC=C8C(=O)N(C9CCC(=O)NC9=O)C(=O)C8=C7)C6)CC5)C=C4)CC3)C2)C=C1Cl,,,,39/70/87,% AR degradation in VCaP cells at 10/100/1000 nM,,,,,,,,,,,,,,,,,,,,,,,,,,,,,,,,,,,,,,,,,,,,,,,,,,,,,,,,,,,,,,,,,10.1021/acs.jmedchem.3c00405,789.337,788.32014422,2.81,57,9,10,1,6,140.61,C43H45ClN8O5,"InChI=1S/C43H45ClN8O5/c44-36-23-32(7-4-29(36)24-45)50-19-14-43(27-50)12-17-48(18-13-43)30-5-2-28(3-6-30)40(55)49-16-1-15-47(20-21-49)33-25-51(26-33)31-8-9-34-35(22-31)42(57)52(41(34)56)37-10-11-38(53)46-39(37)54/h2-9,22-23,33,37H,1,10-21,25-27H2,(H,46,53,54)",PBWHMJMCFHQQGD-UHFFFAOYSA-N,PBWHMJMCFHQQGD
3679,P10275,AR,CRBN,,ARD-1184,N#CC1=CC=C(N2CCC3(CCN(C4=CC=C(C(=O)N5CC6(C5)CN(C5CN(C7=CC=C8C(=O)N(C9CCC(=O)NC9=O)C(=O)C8=C7)C5)C6)C=C4)CC3)C2)C=C1Cl,,,,22/62/81,% AR degradation in VCaP cells at 10/100/1000 nM,,,,,,,,,,,,,,,,,,,,,,,,,,,,,,,,,,,,,,,,,,,,,,,,,,,,,,,,,,,,,,,,,10.1021/acs.jmedchem.3c00405,787.321,786.304494156,2.81,57,10,10,1,6,140.61,C43H43ClN8O5,"InChI=1S/C43H43ClN8O5/c44-35-18-31(6-3-28(35)19-45)48-16-13-42(22-48)11-14-47(15-12-42)29-4-1-27(2-5-29)39(55)51-25-43(26-51)23-50(24-43)32-20-49(21-32)30-7-8-33-34(17-30)41(57)52(40(33)56)36-9-10-37(53)46-38(36)54/h1-8,17-18,32,36H,9-16,20-26H2,(H,46,53,54)",ZCMNSGYQOOXZIQ-UHFFFAOYSA-N,ZCMNSGYQOOXZIQ
3680,P10275,AR,CRBN,,ARD-2051,C[C@H]1CC2(CCN(C3=CC=C(C(=O)N4CCN(C5CN(C6=CC=C7C(=O)N(C8CCC(=O)NC8=O)C(=O)C7=C6)C5)CC4)C=C3)CC2)CN1C1=CC=C(C#N)C(Cl)=C1,0.6/0.6,97/92,Degradation of AR in VCaP/LNCaP cells after 24 h treatment,>95/>95/>95,% AR degradation in VCaP cells at 10/100/1000 nM,,,,,,,,,,,,,,,,,,,,,,,,,,,,,,,,,,,,,,,,,,,,,,,,,10/13,Inhibit of cell growth of VCaP/LNCaP cells,,,,,,,,,,,,,,,10.1021/acs.jmedchem.3c00405,789.337,788.32014422,2.81,57,9,10,1,6,140.61,C43H45ClN8O5,"InChI=1S/C43H45ClN8O5/c1-27-22-43(26-51(27)32-7-4-29(23-45)36(44)21-32)12-14-47(15-13-43)30-5-2-28(3-6-30)40(55)49-18-16-48(17-19-49)33-24-50(25-33)31-8-9-34-35(20-31)42(57)52(41(34)56)37-10-11-38(53)46-39(37)54/h2-9,20-21,27,33,37H,10-19,22,24-26H2,1H3,(H,46,53,54)/t27-,37?/m0/s1",WBMJNGGUHCHFHY-YTCZSSRZSA-N,WBMJNGGUHCHFHY
3681,P10275,AR,CRBN,,ARD-2052,C[C@@H]1CC2(CCN(C3=CC=C(C(=O)N4CCN(C5CN(C6=CC=C7C(=O)N(C8CCC(=O)NC8=O)C(=O)C7=C6)C5)CC4)C=C3)CC2)CN1C1=CC=C(C#N)C(Cl)=C1,,,,66/93/>95,% AR degradation in VCaP cells at 10/100/1000 nM,,,,,,,,,,,,,,,,,,,,,,,,,,,,,,,,,,,,,,,,,,,,,,,,,,,,,,,,,,,,,,,,,10.1021/acs.jmedchem.3c00405,789.337,788.32014422,2.81,57,9,10,1,6,140.61,C43H45ClN8O5,"InChI=1S/C43H45ClN8O5/c1-27-22-43(26-51(27)32-7-4-29(23-45)36(44)21-32)12-14-47(15-13-43)30-5-2-28(3-6-30)40(55)49-18-16-48(17-19-49)33-24-50(25-33)31-8-9-34-35(20-31)42(57)52(41(34)56)37-10-11-38(53)46-39(37)54/h2-9,20-21,27,33,37H,10-19,22,24-26H2,1H3,(H,46,53,54)/t27-,37?/m1/s1",WBMJNGGUHCHFHY-YNJTUNHHSA-N,WBMJNGGUHCHFHY
3682,P10275,AR,CRBN,,ARD-2061,C[C@@H]1N(C2=CC=C(C#N)C(Cl)=C2)CCC12CCN(C1=CC=C(C(=O)N3CCN(C4CN(C5=CC=C6C(=O)N(C7CCC(=O)NC7=O)C(=O)C6=C5)C4)CC3)C=C1)CC2,,,,84/>95/>95,% AR degradation in VCaP cells at 10/100/1000 nM,,,,,,,,,,,,,,,,,,,,,,,,,,,,,,,,,,,,,,,,,,,,,,,,,,,,,,,,,,,,,,,,,10.1021/acs.jmedchem.3c00405,789.337,788.32014422,2.81,57,9,10,1,6,140.61,C43H45ClN8O5,"InChI=1S/C43H45ClN8O5/c1-27-43(14-17-51(27)32-7-4-29(24-45)36(44)23-32)12-15-47(16-13-43)30-5-2-28(3-6-30)40(55)49-20-18-48(19-21-49)33-25-50(26-33)31-8-9-34-35(22-31)42(57)52(41(34)56)37-10-11-38(53)46-39(37)54/h2-9,22-23,27,33,37H,10-21,25-26H2,1H3,(H,46,53,54)/t27-,37?/m0/s1",KZVLPMLSIRFDCY-YTCZSSRZSA-N,KZVLPMLSIRFDCY
3683,P10275,AR,CRBN,,ARD-2062,C[C@H]1N(C2=CC=C(C#N)C(Cl)=C2)CCC12CCN(C1=CC=C(C(=O)N3CCN(C4CN(C5=CC=C6C(=O)N(C7CCC(=O)NC7=O)C(=O)C6=C5)C4)CC3)C=C1)CC2,,,,46/68/91,% AR degradation in VCaP cells at 10/100/1000 nM,,,,,,,,,,,,,,,,,,,,,,,,,,,,,,,,,,,,,,,,,,,,,,,,,,,,,,,,,,,,,,,,,10.1021/acs.jmedchem.3c00405,789.337,788.32014422,2.81,57,9,10,1,6,140.61,C43H45ClN8O5,"InChI=1S/C43H45ClN8O5/c1-27-43(14-17-51(27)32-7-4-29(24-45)36(44)23-32)12-15-47(16-13-43)30-5-2-28(3-6-30)40(55)49-20-18-48(19-21-49)33-25-50(26-33)31-8-9-34-35(22-31)42(57)52(41(34)56)37-10-11-38(53)46-39(37)54/h2-9,22-23,27,33,37H,10-21,25-26H2,1H3,(H,46,53,54)/t27-,37?/m1/s1",KZVLPMLSIRFDCY-YNJTUNHHSA-N,KZVLPMLSIRFDCY
3684,P10275,AR,CRBN,,ARD-2075,C[C@H]1CC2(CCN(C3=CC=C(C(=O)N4CCN(C5CN(C6=CC=C7C(=O)N(C8CCC(=O)NC8=O)C(=O)C7=C6)C5)CC4)C=C3)CC2)CN1C1=CC=C(C#N)C(C(F)(F)F)=C1,,,,>90/>95/>95,% AR degradation in VCaP cells at 10/100/1000 nM,,,,,,,,,,,,,,,,,,,,,,,,,,,,,,,,,,,,,,,,,,,,,,,,,,,,,,,,,,,,,,,,,10.1021/acs.jmedchem.3c00405,822.889,822.3465012,2.81,60,9,10,1,6,140.61,C44H45F3N8O5,"InChI=1S/C44H45F3N8O5/c1-27-22-43(26-54(27)32-7-4-29(23-48)36(21-32)44(45,46)47)12-14-50(15-13-43)30-5-2-28(3-6-30)40(58)52-18-16-51(17-19-52)33-24-53(25-33)31-8-9-34-35(20-31)42(60)55(41(34)59)37-10-11-38(56)49-39(37)57/h2-9,20-21,27,33,37H,10-19,22,24-26H2,1H3,(H,49,56,57)/t27-,37?/m0/s1",NCRVXZMTYCPXMI-YTCZSSRZSA-N,NCRVXZMTYCPXMI
3685,P10275,AR,CRBN,,ARD-2076,C[C@H]1CC2(CCN(C3=CC=C(C(=O)N4CCN(C5CN(C6=CC=C7C(=O)N(C8CCC(=O)NC8=O)C(=O)C7=C6)C5)CC4)C=C3)CC2)CN1C1=CC=C(C#N)C(C(F)F)=C1,,,,>90/>95/>95,% AR degradation in VCaP cells at 10/100/1000 nM,,,,,,,,,,,,,,,,,,,,,,,,,,,,,,,,,,,,,,,,,,,,,,,,,,,,,,,,,,,,,,,,,10.1021/acs.jmedchem.3c00405,804.899,804.355923012,2.81,59,9,10,1,7,140.61,C44H46F2N8O5,"InChI=1S/C44H46F2N8O5/c1-27-22-44(26-53(27)32-7-4-29(23-47)35(21-32)39(45)46)12-14-49(15-13-44)30-5-2-28(3-6-30)41(57)51-18-16-50(17-19-51)33-24-52(25-33)31-8-9-34-36(20-31)43(59)54(42(34)58)37-10-11-38(55)48-40(37)56/h2-9,20-21,27,33,37,39H,10-19,22,24-26H2,1H3,(H,48,55,56)/t27-,37?/m0/s1",RRVBGNJSMSMQDC-YTCZSSRZSA-N,RRVBGNJSMSMQDC
3686,P10275,AR,CRBN,,ARD-2094,C[C@H]1CC2(CCN(C3=CC=C(C(=O)N4CCN(C5CN(C6=CC=C7C(=O)N(C8CCC(=O)NC8=O)C(=O)C7=C6)C5)CC4)C=C3)CC2)CN1C1=CC=C(C#N)C(F)=C1,,,,>90/>95/>95,% AR degradation in VCaP cells at 10/100/1000 nM,,,,,,,,,,,,,,,,,,,,,,,,,,,,,,,,,,,,,,,,,,,,,,,,,,,,,,,,,,,,,,,,,10.1021/acs.jmedchem.3c00405,772.882,772.34969476,2.81,57,9,10,1,6,140.61,C43H45FN8O5,"InChI=1S/C43H45FN8O5/c1-27-22-43(26-51(27)32-7-4-29(23-45)36(44)21-32)12-14-47(15-13-43)30-5-2-28(3-6-30)40(55)49-18-16-48(17-19-49)33-24-50(25-33)31-8-9-34-35(20-31)42(57)52(41(34)56)37-10-11-38(53)46-39(37)54/h2-9,20-21,27,33,37H,10-19,22,24-26H2,1H3,(H,46,53,54)/t27-,37?/m0/s1",VZHFXWCEKBCZJV-YTCZSSRZSA-N,VZHFXWCEKBCZJV
3687,P10275,AR,CRBN,,ARD-2065,C[C@H]1CC2(CCN(C3=CC=C(C(=O)N4CCN(C5CN(C6=CC=C7C(=O)N(C8CCC(=O)NC8=O)C(=O)C7=C6)C5)CC4)C=C3)CC2)CN1C1=CN=C(C#N)C(C(F)(F)F)=C1,,,,>90/>95/>95,% AR degradation in VCaP cells at 10/100/1000 nM,,,,,,,,,,,,,,,,,,,,,,,,,,,,,,,,,,,,,,,,,,,,,,,,,,,,,,,,,,,,,,,,,10.1021/acs.jmedchem.3c00405,823.877,823.341750168,2.81,60,9,11,1,6,153.5,C43H44F3N9O5,"InChI=1S/C43H44F3N9O5/c1-26-20-42(25-54(26)30-19-34(43(44,45)46)35(21-47)48-22-30)10-12-50(13-11-42)28-4-2-27(3-5-28)39(58)52-16-14-51(15-17-52)31-23-53(24-31)29-6-7-32-33(18-29)41(60)55(40(32)59)36-8-9-37(56)49-38(36)57/h2-7,18-19,22,26,31,36H,8-17,20,23-25H2,1H3,(H,49,56,57)/t26-,36?/m0/s1",HNKPULWLPWUHNX-FDLYHPRCSA-N,HNKPULWLPWUHNX
3688,P10275,AR,CRBN,,ARD-2509,C[C@H]1CC2(CCN(C3=CC=C(C(=O)N4CCN(CC5CCN(C6=CC=C7C(=O)N(C8CCC(=O)NC8=O)C(=O)C7=C6)CC5)CC4)C=C3)CC2)CN1C1=CC=C(C#N)C(Cl)=C1,,,,>90/>95/>95,% AR degradation in VCaP cells at 10/100/1000 nM,,,,,,,,,,,,,,,,,,,,,,,,,,,,,,,,,,,,,,,,,,,,,,,,,,,,,,,,,,,,,,,,,10.1021/acs.jmedchem.3c00405,831.418,830.367094412,2.81,60,9,10,1,7,140.61,C46H51ClN8O5,"InChI=1S/C46H51ClN8O5/c1-30-26-46(29-54(30)36-7-4-33(27-48)39(47)25-36)14-18-52(19-15-46)34-5-2-32(3-6-34)43(58)53-22-20-50(21-23-53)28-31-12-16-51(17-13-31)35-8-9-37-38(24-35)45(60)55(44(37)59)40-10-11-41(56)49-42(40)57/h2-9,24-25,30-31,40H,10-23,26,28-29H2,1H3,(H,49,56,57)/t30-,40?/m0/s1",BRLOHYCYADKZCC-AYLNDXQWSA-N,BRLOHYCYADKZCC
3689,P10275,AR,CRBN,,ARD-1669,C[C@H]1CC2(CCN(C3=CC=C(C(=O)N4CCN(C5CCN(C6=CC=C7C(=O)N(C8CCC(=O)NC8=O)C(=O)C7=C6)CC5)CC4)C=C3)CC2)CN1C1=CC=C(C#N)C(Cl)=C1,,,,>90/>95/>95,% AR degradation in VCaP cells at 10/100/1000 nM,,,,,,,,,,,,,,,,,,,,,,,,,,,,,,,,,,,,,,,,,,,,,,,,,,,,,,,,,,,,,,,,,10.1021/acs.jmedchem.3c00405,817.391,816.351444348,2.81,59,9,10,1,6,140.61,C45H49ClN8O5,"InChI=1S/C45H49ClN8O5/c1-29-26-45(28-53(29)35-7-4-31(27-47)38(46)25-35)14-18-50(19-15-45)32-5-2-30(3-6-32)42(57)52-22-20-51(21-23-52)33-12-16-49(17-13-33)34-8-9-36-37(24-34)44(59)54(43(36)58)39-10-11-40(55)48-41(39)56/h2-9,24-25,29,33,39H,10-23,26,28H2,1H3,(H,48,55,56)/t29-,39?/m0/s1",UEBCEAZVNRSTNL-YYFFZOGMSA-N,UEBCEAZVNRSTNL
3690,P10275,AR,CRBN,,ARD-7001,C[C@H]1CC2(CCN(C3=CC=C(C(=O)N4CCC(CN5CCN(C6=CC=C7C(=O)N(C8CCC(=O)NC8=O)C(=O)C7=C6)CC5)CC4)C=C3)CC2)CN1C1=CC=C(C#N)C(Cl)=C1,,,,81/>95/>95,% AR degradation in VCaP cells at 10/100/1000 nM,,,,,,,,,,,,,,,,,,,,,,,,,,,,,,,,,,,,,,,,,,,,,,,,,,,,,,,,,,,,,,,,,10.1021/acs.jmedchem.3c00405,831.418,830.367094412,2.81,60,9,10,1,7,140.61,C46H51ClN8O5,"InChI=1S/C46H51ClN8O5/c1-30-26-46(29-54(30)36-7-4-33(27-48)39(47)25-36)14-18-51(19-15-46)34-5-2-32(3-6-34)43(58)53-16-12-31(13-17-53)28-50-20-22-52(23-21-50)35-8-9-37-38(24-35)45(60)55(44(37)59)40-10-11-41(56)49-42(40)57/h2-9,24-25,30-31,40H,10-23,26,28-29H2,1H3,(H,49,56,57)/t30-,40?/m0/s1",ZYWPTHNODCGEJY-AYLNDXQWSA-N,ZYWPTHNODCGEJY
3691,P10275,AR,CRBN,,ARD-7002,C[C@H]1CC2(CCN(C3=CC=C(C(=O)N4CCC(N5CCN(C6=CC=C7C(=O)N(C8CCC(=O)NC8=O)C(=O)C7=C6)CC5)CC4)C=C3)CC2)CN1C1=CC=C(C#N)C(Cl)=C1,,,,78/>95/>95,% AR degradation in VCaP cells at 10/100/1000 nM,,,,,,,,,,,,,,,,,,,,,,,,,,,,,,,,,,,,,,,,,,,,,,,,,,,,,,,,,,,,,,,,,10.1021/acs.jmedchem.3c00405,817.391,816.351444348,2.81,59,9,10,1,6,140.61,C45H49ClN8O5,"InChI=1S/C45H49ClN8O5/c1-29-26-45(28-53(29)35-7-4-31(27-47)38(46)25-35)14-18-49(19-15-45)32-5-2-30(3-6-32)42(57)52-16-12-33(13-17-52)50-20-22-51(23-21-50)34-8-9-36-37(24-34)44(59)54(43(36)58)39-10-11-40(55)48-41(39)56/h2-9,24-25,29,33,39H,10-23,26,28H2,1H3,(H,48,55,56)/t29-,39?/m0/s1",QKQJTUWGGUFDRZ-YYFFZOGMSA-N,QKQJTUWGGUFDRZ
3692,P10275,AR,CRBN,,ARD-2063,C[C@H]1CC2(CCN(C3=CC=C(C(=O)N4CC5(C4)CN(C4=CC=C6C(=O)N(C7CCC(=O)NC7=O)C(=O)C6=C4)C5)C=C3)CC2)CN1C1=CC=C(C#N)C(Cl)=C1,,,,79/>95/>95,% AR degradation in VCaP cells at 10/100/1000 nM,,,,,,,,,,,,,,,,,,,,,,,,,,,,,,,,,,,,,,,,,,,,,,,,,,,,,,,,,,,,,,,,,10.1021/acs.jmedchem.3c00405,746.268,745.27794506,2.81,54,9,9,1,5,137.37,C41H40ClN7O5,"InChI=1S/C41H40ClN7O5/c1-25-18-40(24-48(25)30-7-4-27(19-43)33(42)17-30)12-14-45(15-13-40)28-5-2-26(3-6-28)37(52)47-22-41(23-47)20-46(21-41)29-8-9-31-32(16-29)39(54)49(38(31)53)34-10-11-35(50)44-36(34)51/h2-9,16-17,25,34H,10-15,18,20-24H2,1H3,(H,44,50,51)/t25-,34?/m0/s1",VOVJYTMNZYNCNZ-VOTTXDMFSA-N,VOVJYTMNZYNCNZ
3693,P10275,AR,CRBN,,ARD-2378,C[C@H]1CC2(CCN(C3=CC=C(C(=O)N4CCN(CC5CN(C6=CC=C7C(=O)N(C8CCC(=O)NC8=O)C(=O)C7=C6)C5)CC4)C=C3)CC2)CN1C1=CC=C(C#N)C(Cl)=C1,,,,>90/>95/>95,% AR degradation in VCaP cells at 10/100/1000 nM,,,,,,,,,,,,,,,,,,,,,,,,,,,,,,,,,,,,,,,,,,,,,,,,,,,,,,,,,,,,,,,,,10.1021/acs.jmedchem.3c00405,803.364,802.335794284,2.81,58,9,10,1,7,140.61,C44H47ClN8O5,"InChI=1S/C44H47ClN8O5/c1-28-22-44(27-52(28)34-7-4-31(23-46)37(45)21-34)12-14-49(15-13-44)32-5-2-30(3-6-32)41(56)50-18-16-48(17-19-50)24-29-25-51(26-29)33-8-9-35-36(20-33)43(58)53(42(35)57)38-10-11-39(54)47-40(38)55/h2-9,20-21,28-29,38H,10-19,22,24-27H2,1H3,(H,47,54,55)/t28-,38?/m0/s1",SYJKBZGYIUPTMH-XRTOLJPQSA-N,SYJKBZGYIUPTMH
3694,P10275,AR,CRBN,,ARD-2070,C[C@H]1CC2(CCN(C3=CC=C(C(=O)N4C[C@@H]5C[C@H]4CN5C4CN(C5=CC6=C(C=C5)C(=O)N(C5CCC(=O)NC5=O)C6=O)C4)C=C3)CC2)CN1C1=CC=C(C#N)C(Cl)=C1,,,,>90/>95/>95,% AR degradation in VCaP cells at 10/100/1000 nM,,,,,,,,,,,,,,,,,,,,,,,,,,,,,,,,,,,,,,,,,,,,,,,,,,,,,,,,,,,,,,,,,10.1021/acs.jmedchem.3c00405,801.348,800.32014422,2.81,58,10,10,1,6,140.61,C44H45ClN8O5,"InChI=1S/C44H45ClN8O5/c1-26-19-44(25-52(26)31-7-4-28(20-46)37(45)18-31)12-14-48(15-13-44)29-5-2-27(3-6-29)41(56)51-24-32-16-33(51)23-50(32)34-21-49(22-34)30-8-9-35-36(17-30)43(58)53(42(35)57)38-10-11-39(54)47-40(38)55/h2-9,17-18,26,32-34,38H,10-16,19,21-25H2,1H3,(H,47,54,55)/t26-,32-,33-,38?/m0/s1",FQORVXSGECHHTM-LZZSZUQBSA-N,FQORVXSGECHHTM
3695,P10275,AR,CRBN,,ARD-2071,C[C@H]1CC2(CCN(C3=CC=C(C(=O)N4C[C@H]5C[C@@H]4CN5C4CN(C5=CC6=C(C=C5)C(=O)N(C5CCC(=O)NC5=O)C6=O)C4)C=C3)CC2)CN1C1=CC=C(C#N)C(Cl)=C1,,,,84/93/95,% AR degradation in VCaP cells at 10/100/1000 nM,,,,,,,,,,,,,,,,,,,,,,,,,,,,,,,,,,,,,,,,,,,,,,,,,,,,,,,,,,,,,,,,,10.1021/acs.jmedchem.3c00405,801.348,800.32014422,2.81,58,10,10,1,6,140.61,C44H45ClN8O5,"InChI=1S/C44H45ClN8O5/c1-26-19-44(25-52(26)31-7-4-28(20-46)37(45)18-31)12-14-48(15-13-44)29-5-2-27(3-6-29)41(56)51-24-32-16-33(51)23-50(32)34-21-49(22-34)30-8-9-35-36(17-30)43(58)53(42(35)57)38-10-11-39(54)47-40(38)55/h2-9,17-18,26,32-34,38H,10-16,19,21-25H2,1H3,(H,47,54,55)/t26-,32+,33+,38?/m0/s1",FQORVXSGECHHTM-MYPXNEJVSA-N,FQORVXSGECHHTM
3696,P10275,AR,CRBN,,ARD-2090,C[C@H]1CC2(CCN(C3=CC=C(C(=O)N4CCC(C5CN(C6=CC=C7C(=O)N(C8CCC(=O)NC8=O)C(=O)C7=C6)C5)CC4)C=C3)CC2)CN1C1=CC=C(C#N)C(Cl)=C1,,,,12/64/92,% AR degradation in VCaP cells at 10/100/1000 nM,,,,,,,,,,,,,,,,,,,,,,,,,,,,,,,,,,,,,,,,,,,,,,,,,,,,,,,,,,,,,,,,,10.1021/acs.jmedchem.3c00405,788.349,787.324895252,2.81,57,9,9,1,6,137.37,C44H46ClN7O5,"InChI=1S/C44H46ClN7O5/c1-27-22-44(26-51(27)34-7-4-30(23-46)37(45)21-34)14-18-48(19-15-44)32-5-2-29(3-6-32)41(55)49-16-12-28(13-17-49)31-24-50(25-31)33-8-9-35-36(20-33)43(57)52(42(35)56)38-10-11-39(53)47-40(38)54/h2-9,20-21,27-28,31,38H,10-19,22,24-26H2,1H3,(H,47,53,54)/t27-,38?/m0/s1",MCMJTMNDKRORII-ZVENJKCTSA-N,MCMJTMNDKRORII
3697,P10275,AR,CRBN,,ARD-2091,C[C@H]1CC2(CCN(C3=CC=C(C(=O)N4CCN(C5(C#N)CN(C6=CC=C7C(=O)N(C8CCC(=O)NC8=O)C(=O)C7=C6)C5)CC4)C=C3)CC2)CN1C1=CC=C(C#N)C(Cl)=C1,,,,81/93/88,% AR degradation in VCaP cells at 10/100/1000 nM,,,,,,,,,,,,,,,,,,,,,,,,,,,,,,,,,,,,,,,,,,,,,,,,,,,,,,,,,,,,,,,,,10.1021/acs.jmedchem.3c00405,814.347,813.315393188,2.84,59,9,11,1,6,164.4,C44H44ClN9O5,"InChI=1S/C44H44ClN9O5/c1-28-22-43(25-53(28)33-7-4-30(23-46)36(45)21-33)12-14-49(15-13-43)31-5-2-29(3-6-31)40(57)50-16-18-52(19-17-50)44(24-47)26-51(27-44)32-8-9-34-35(20-32)42(59)54(41(34)58)37-10-11-38(55)48-39(37)56/h2-9,20-21,28,37H,10-19,22,25-27H2,1H3,(H,48,55,56)/t28-,37?/m0/s1",BHMKKYADEUNMQY-NJJKIRBJSA-N,BHMKKYADEUNMQY
3698,P10275,AR,CRBN,,ARD-2067,C[C@H]1CC2(CCN(C3=CC=C(C(=O)N4CC(N5CCN(C6=CC=C7C(=O)N(C8CCC(=O)NC8=O)C(=O)C7=C6)CC5)C4)C=C3)CC2)CN1C1=CC=C(C#N)C(Cl)=C1,,,,>90/>95/>95,% AR degradation in VCaP cells at 10/100/1000 nM,,,,,,,,,,,,,,,,,,,,,,,,,,,,,,,,,,,,,,,,,,,,,,,,,,,,,,,,,,,,,,,,,10.1021/acs.jmedchem.3c00405,789.337,788.32014422,2.84,57,9,10,1,6,140.61,C43H45ClN8O5,"InChI=1S/C43H45ClN8O5/c1-27-22-43(26-51(27)32-7-4-29(23-45)36(44)21-32)12-14-47(15-13-43)30-5-2-28(3-6-30)40(55)50-24-33(25-50)49-18-16-48(17-19-49)31-8-9-34-35(20-31)42(57)52(41(34)56)37-10-11-38(53)46-39(37)54/h2-9,20-21,27,33,37H,10-19,22,24-26H2,1H3,(H,46,53,54)/t27-,37?/m0/s1",MAMLUUCSHCZIPF-YTCZSSRZSA-N,MAMLUUCSHCZIPF
4268,P10275,AR,VHL,,,CC1=C(C2=CC=C(CNC(=O)[C@@H]3C[C@@H](O)CN3C(=O)[C@@H](NC(=O)COCCCCOC3=CC=C(C4CCN(C5=NN6C(=NN=C6C(F)(F)F)CC5)CC4)C=C3)C(C)(C)C)C=C2)SC=N1,2120/5730/8670,88/98/90,Degradation of AR in LNCaP/CWR22Rv1/VCaP cells after 24h treatment,,,,,,,,,,,,,,,,,,,,,,,,,,,,,,,,,,,,,,,,,,,,,,,,,,,6587/4134/5454,Inhibit cell growth in LNCaP/CWR22Rv1/VCaP cells,,,,,,,,,,,,,,,10.1016/j.ebiom.2023.104500,908.061,907.402636172,6.51,64,7,13,3,15,176.4,C45H56F3N9O6S,"InChI=1S/C45H56F3N9O6S/c1-28-39(64-27-50-28)32-9-7-29(8-10-32)24-49-41(60)35-23-33(58)25-56(35)42(61)40(44(2,3)4)51-38(59)26-62-21-5-6-22-63-34-13-11-30(12-14-34)31-17-19-55(20-18-31)37-16-15-36-52-53-43(45(46,47)48)57(36)54-37/h7-14,27,31,33,35,40,58H,5-6,15-26H2,1-4H3,(H,49,60)(H,51,59)/t33-,35+,40-/m1/s1",BLWSMGOTKQNWIF-LJWMJXRYSA-N,BLWSMGOTKQNWIF
4268,P10275,AR-V7,VHL,,,CC1=C(C2=CC=C(CNC(=O)[C@@H]3C[C@@H](O)CN3C(=O)[C@@H](NC(=O)COCCCCOC3=CC=C(C4CCN(C5=NN6C(=NN=C6C(F)(F)F)CC5)CC4)C=C3)C(C)(C)C)C=C2)SC=N1,4720/290,100/63,Degradation of AR V7 in CWR22Rv1/VCaP cells after 24h treatment,,,,,,,,,,,,,,,,,,,,,,,,,,,,,,,,,,,,,,,,,,,,,,,,,,,,,,,,,,,,,,,,,,,10.1016/j.ebiom.2023.104500,908.061,907.402636172,5.25,64,7,13,3,15,176.4,C45H56F3N9O6S,"InChI=1S/C45H56F3N9O6S/c1-28-39(64-27-50-28)32-9-7-29(8-10-32)24-49-41(60)35-23-33(58)25-56(35)42(61)40(44(2,3)4)51-38(59)26-62-21-5-6-22-63-34-13-11-30(12-14-34)31-17-19-55(20-18-31)37-16-15-36-52-53-43(45(46,47)48)57(36)54-37/h7-14,27,31,33,35,40,58H,5-6,15-26H2,1-4H3,(H,49,60)(H,51,59)/t33-,35+,40-/m1/s1",BLWSMGOTKQNWIF-LJWMJXRYSA-N,BLWSMGOTKQNWIF
4268,P10275,AR-V delta LBD,VHL,,,CC1=C(C2=CC=C(CNC(=O)[C@@H]3C[C@@H](O)CN3C(=O)[C@@H](NC(=O)COCCCCOC3=CC=C(C4CCN(C5=NN6C(=NN=C6C(F)(F)F)CC5)CC4)C=C3)C(C)(C)C)C=C2)SC=N1,,,,,,,,,,,,,,,,,,,,,,,,,,,,,,,,,,,,,,,,,,,,,,,,,,,,,,,,,,,,,,,,,,,,,,10.1016/j.ebiom.2023.104500,908.061,907.402636172,5.25,64,7,13,3,15,176.4,C45H56F3N9O6S,"InChI=1S/C45H56F3N9O6S/c1-28-39(64-27-50-28)32-9-7-29(8-10-32)24-49-41(60)35-23-33(58)25-56(35)42(61)40(44(2,3)4)51-38(59)26-62-21-5-6-22-63-34-13-11-30(12-14-34)31-17-19-55(20-18-31)37-16-15-36-52-53-43(45(46,47)48)57(36)54-37/h7-14,27,31,33,35,40,58H,5-6,15-26H2,1-4H3,(H,49,60)(H,51,59)/t33-,35+,40-/m1/s1",BLWSMGOTKQNWIF-LJWMJXRYSA-N,BLWSMGOTKQNWIF
4269,P10275,AR,VHL,,,CC1=C(C2=CC=C(CNC(=O)[C@@H]3C[C@H](O)CN3C(=O)[C@@H](NC(=O)COCCCCCCOC3=CC=C(C4CCN(C5=NN6C(=NN=C6C(F)(F)F)CC5)CC4)C=C3)C(C)(C)C)C=C2)SC=N1,6100/6640/9050,71/96/85,Degradation of AR in LNCaP/CWR22Rv1/VCaP cells after 24h treatment,,,,,,,,,,,,,,,,,,,,,,,,,,,,,,,,,,,,,,,,,,,,,,,,,,,6360/6921/3057,Inhibit cell growth in LNCaP/CWR22Rv1/VCaP cells,,,,,,,,,,,,,,,10.1016/j.ebiom.2023.104500,936.115,935.4339363,5.25,66,7,13,3,17,176.4,C47H60F3N9O6S,"InChI=1S/C47H60F3N9O6S/c1-30-41(66-29-52-30)34-11-9-31(10-12-34)26-51-43(62)37-25-35(60)27-58(37)44(63)42(46(2,3)4)53-40(61)28-64-23-7-5-6-8-24-65-36-15-13-32(14-16-36)33-19-21-57(22-20-33)39-18-17-38-54-55-45(47(48,49)50)59(38)56-39/h9-16,29,33,35,37,42,60H,5-8,17-28H2,1-4H3,(H,51,62)(H,53,61)/t35-,37-,42+/m0/s1",XXORMIPKQOJWQL-FFHGCIBJSA-N,XXORMIPKQOJWQL
4269,P10275,AR-V7,VHL,,,CC1=C(C2=CC=C(CNC(=O)[C@@H]3C[C@H](O)CN3C(=O)[C@@H](NC(=O)COCCCCCCOC3=CC=C(C4CCN(C5=NN6C(=NN=C6C(F)(F)F)CC5)CC4)C=C3)C(C)(C)C)C=C2)SC=N1,1890/520,99/67,Degradation of AR V7 in CWR22Rv1/VCaP cells after 24h treatment,,,,,,,,,,,,,,,,,,,,,,,,,,,,,,,,,,,,,,,,,,,,,,,,,,,,,,,,,,,,,,,,,,,10.1016/j.ebiom.2023.104500,936.115,935.4339363,4.78,66,7,13,3,17,176.4,C47H60F3N9O6S,"InChI=1S/C47H60F3N9O6S/c1-30-41(66-29-52-30)34-11-9-31(10-12-34)26-51-43(62)37-25-35(60)27-58(37)44(63)42(46(2,3)4)53-40(61)28-64-23-7-5-6-8-24-65-36-15-13-32(14-16-36)33-19-21-57(22-20-33)39-18-17-38-54-55-45(47(48,49)50)59(38)56-39/h9-16,29,33,35,37,42,60H,5-8,17-28H2,1-4H3,(H,51,62)(H,53,61)/t35-,37-,42+/m0/s1",XXORMIPKQOJWQL-FFHGCIBJSA-N,XXORMIPKQOJWQL
4269,P10275,AR-V delta LBD,VHL,,,CC1=C(C2=CC=C(CNC(=O)[C@@H]3C[C@H](O)CN3C(=O)[C@@H](NC(=O)COCCCCCCOC3=CC=C(C4CCN(C5=NN6C(=NN=C6C(F)(F)F)CC5)CC4)C=C3)C(C)(C)C)C=C2)SC=N1,,,,,,,,,,,,,,,,,,,,,,,,,,,,,,,,,,,,,,,,,,,,,,,,,,,,,,,,,,,,,,,,,,,,,,10.1016/j.ebiom.2023.104500,936.115,935.4339363,5.17,66,7,13,3,17,176.4,C47H60F3N9O6S,"InChI=1S/C47H60F3N9O6S/c1-30-41(66-29-52-30)34-11-9-31(10-12-34)26-51-43(62)37-25-35(60)27-58(37)44(63)42(46(2,3)4)53-40(61)28-64-23-7-5-6-8-24-65-36-15-13-32(14-16-36)33-19-21-57(22-20-33)39-18-17-38-54-55-45(47(48,49)50)59(38)56-39/h9-16,29,33,35,37,42,60H,5-8,17-28H2,1-4H3,(H,51,62)(H,53,61)/t35-,37-,42+/m0/s1",XXORMIPKQOJWQL-FFHGCIBJSA-N,XXORMIPKQOJWQL
4270,P10275,AR,CRBN,,,O=C1CCC(N2CC3=C(NC(=O)COCCCCOC4=CC=C(C5CCN(C6=NN7C(=NN=C7C(F)(F)F)CC6)CC5)C=C4)C=CC=C3C2=O)C(=O)N1,3410/110/851,99/74/94,Degradation of AR in LNCaP/CWR22Rv1/VCaP cells after 24h treatment,,,,,,,,,,,,,,,,,,,,,,,,,,,,,,,,,,,,,,,,,,,,,,,,,,,464/71/448,Inhibit cell growth in LNCaP/CWR22Rv1/VCaP cells,,,,,,,,,,,,,,,10.1016/j.ebiom.2023.104500,736.752,736.294465628,5.17,53,7,11,2,11,160.35,C36H39F3N8O6,"InChI=1S/C36H39F3N8O6/c37-36(38,39)35-43-42-29-11-12-30(44-47(29)35)45-16-14-23(15-17-45)22-6-8-24(9-7-22)53-19-2-1-18-52-21-32(49)40-27-5-3-4-25-26(27)20-46(34(25)51)28-10-13-31(48)41-33(28)50/h3-9,23,28H,1-2,10-21H2,(H,40,49)(H,41,48,50)",LCTDAEHHXXZLPR-UHFFFAOYSA-N,LCTDAEHHXXZLPR
4270,P10275,AR-V7,CRBN,,,O=C1CCC(N2CC3=C(NC(=O)COCCCCOC4=CC=C(C5CCN(C6=NN7C(=NN=C7C(F)(F)F)CC6)CC5)C=C4)C=CC=C3C2=O)C(=O)N1,11/430,91/82,Degradation of AR V7 in CWR22Rv1/VCaP cells after 24h treatment,,,,,,,,,,,,,,,,,,,,,,,,,,,,,,,,,,,,,,,,,,,,,,,,,,,,,,,,,,,,,,,,,,,10.1016/j.ebiom.2023.104500,736.752,736.294465628,5.28,53,7,11,2,11,160.35,C36H39F3N8O6,"InChI=1S/C36H39F3N8O6/c37-36(38,39)35-43-42-29-11-12-30(44-47(29)35)45-16-14-23(15-17-45)22-6-8-24(9-7-22)53-19-2-1-18-52-21-32(49)40-27-5-3-4-25-26(27)20-46(34(25)51)28-10-13-31(48)41-33(28)50/h3-9,23,28H,1-2,10-21H2,(H,40,49)(H,41,48,50)",LCTDAEHHXXZLPR-UHFFFAOYSA-N,LCTDAEHHXXZLPR
4270,P10275,AR-V delta LBD,CRBN,,,O=C1CCC(N2CC3=C(NC(=O)COCCCCOC4=CC=C(C5CCN(C6=NN7C(=NN=C7C(F)(F)F)CC6)CC5)C=C4)C=CC=C3C2=O)C(=O)N1,,,,,,,,,,,,,,,,,,,,,,,,,,,,,,,,,,,,,,,,,,,,,,,,,,,,,,,,,,,,,,,,,,,,,,10.1016/j.ebiom.2023.104500,736.752,736.294465628,5.28,53,7,11,2,11,160.35,C36H39F3N8O6,"InChI=1S/C36H39F3N8O6/c37-36(38,39)35-43-42-29-11-12-30(44-47(29)35)45-16-14-23(15-17-45)22-6-8-24(9-7-22)53-19-2-1-18-52-21-32(49)40-27-5-3-4-25-26(27)20-46(34(25)51)28-10-13-31(48)41-33(28)50/h3-9,23,28H,1-2,10-21H2,(H,40,49)(H,41,48,50)",LCTDAEHHXXZLPR-UHFFFAOYSA-N,LCTDAEHHXXZLPR
5347,P10275,AR,VHL,,,CC1=C(C2=CC=C(CNC(=O)[C@@H]3C[C@@H](O)CN3C(=O)[C@@H](NC(=O)COCCOCCOC3=CC=C(Cl)C=C3C(=O)NC3=CC=C([N+](=O)[O-])C=C3Cl)C(C)(C)C)C=C2)SC=N1,,,,,,,,,,,,,,,,,,,,,,,,,,,,,,,,,,,,,,,,,,,,,,,,,,,,,,2340/2370/4940,Inhibit proliferation of PC-3/LNCaP/22Rv1 cells,,,,,,,,,,,,,,,10.1016/j.bmcl.2022.128870,885.824,884.237318032,5.2,60,5,12,4,18,211.56,C41H46Cl2N6O10S,"InChI=1S/C41H46Cl2N6O10S/c1-24-36(60-23-45-24)26-7-5-25(6-8-26)20-44-39(53)33-19-29(50)21-48(33)40(54)37(41(2,3)4)47-35(51)22-58-14-13-57-15-16-59-34-12-9-27(42)17-30(34)38(52)46-32-11-10-28(49(55)56)18-31(32)43/h5-12,17-18,23,29,33,37,50H,13-16,19-22H2,1-4H3,(H,44,53)(H,46,52)(H,47,51)/t29-,33+,37-/m1/s1",WIKNYJPGKMMEQT-MQUNAXSRSA-N,WIKNYJPGKMMEQT
5348,P10275,AR,VHL,,,CC1=C(C2=CC=C(CNC(=O)[C@@H]3C[C@@H](O)CN3C(=O)[C@@H](NC(=O)COCCOCCN3C=C(CCOC4=CC=C(Cl)C=C4C(=O)NC4=CC=C([N+](=O)[O-])C=C4Cl)N=N3)C(C)(C)C)C=C2)SC=N1,,,,,,,,,,,,,,,,,,,,,,,,,,,,,,,,,,,,,,,,,,,,,,,,,,,,,,2790/1040/6880,Inhibit proliferation of PC-3/LNCaP/22Rv1 cells,,,,,,,,,,,,,,,10.1016/j.bmcl.2022.128870,980.929,979.285665192,5.05,67,6,15,4,21,242.27,C45H51Cl2N9O10S,"InChI=1S/C45H51Cl2N9O10S/c1-27-40(67-26-49-27)29-7-5-28(6-8-29)22-48-43(60)37-21-33(57)24-55(37)44(61)41(45(2,3)4)51-39(58)25-65-18-17-64-16-14-54-23-31(52-53-54)13-15-66-38-12-9-30(46)19-34(38)42(59)50-36-11-10-32(56(62)63)20-35(36)47/h5-12,19-20,23,26,33,37,41,57H,13-18,21-22,24-25H2,1-4H3,(H,48,60)(H,50,59)(H,51,58)/t33-,37+,41-/m1/s1",WCRUJLQXILHRAO-YQZBRAGKSA-N,WCRUJLQXILHRAO
6178,P10275,AR,SKP1,,,C=CC(=O)N1CCC(CC2=CC=CC(OCCCC(=O)N3CCN(C4=CC=C(C(=O)NC5CCC(OC6=CC=C(C#N)C(Cl)=C6)CC5)N=N4)CC3)=C2)CC1,,,,,,,,,,,,,,,,,,,,,,,,,,,,,,,,,,,,,,,,,,,,,,,,,,,,,,,,,,,,,,,,,,,,,,10.1021/acschembio.3c00642,754.332,753.340545316,4.11,54,6,9,1,13,140.99,,"InChI=1S/C41H48ClN7O5/c1-2-39(50)48-18-16-29(17-19-48)25-30-5-3-6-34(26-30)53-24-4-7-40(51)49-22-20-47(21-23-49)38-15-14-37(45-46-38)41(52)44-32-9-12-33(13-10-32)54-35-11-8-31(28-43)36(42)27-35/h2-3,5-6,8,11,14-15,26-27,29,32-33H,1,4,7,9-10,12-13,16-25H2,(H,44,52)",,HDGMYTGOPMYGGN
6179,P10275,AR,SKP1,,,C=CC(=O)N1CCC(CC2=CC=CC(OCCCC(=O)NCCCCN3CCN(C4=CC=C(C(=O)NC5CCC(OC6=CC=C(C#N)C(Cl)=C6)CC5)N=N4)CC3)=C2)CC1,,,,,,,,,,,,,,,,,,,,,,,,,,,,,,,,,,,,,,,,,,,,,,,,,,,,,,,,,,,,,,,,,,,,,,10.1021/acschembio.3c00642,825.455,824.414044604,4.46,59,6,10,2,18,153.02,,"InChI=1S/C45H57ClN8O5/c1-2-44(56)54-22-18-33(19-23-54)29-34-7-5-8-38(30-34)58-28-6-9-43(55)48-20-3-4-21-52-24-26-53(27-25-52)42-17-16-41(50-51-42)45(57)49-36-11-14-37(15-12-36)59-39-13-10-35(32-47)40(46)31-39/h2,5,7-8,10,13,16-17,30-31,33,36-37H,1,3-4,6,9,11-12,14-15,18-29H2,(H,48,55)(H,49,57)",,JAWUUKBPQJIDGD
6180,P10275,AR,SKP1,,,C=CC(=O)N1CCC(CC2=CC=CC(OCCCC(=O)NCCCCCCN3CCN(C4=CC=C(C(=O)NC5CCC(OC6=CC=C(C#N)C(Cl)=C6)CC5)N=N4)CC3)=C2)CC1,,,,,,,,,,,,,,,,,,,,,,,,,,,,,,,,,,,,,,,,,,,,,,,,,,,,,,,,,,,,,,,,,,,,,,10.1021/acschembio.3c00642,853.509,852.445344732,4.11,61,6,10,2,20,153.02,,"InChI=1S/C47H61ClN8O5/c1-2-46(58)56-24-20-35(21-25-56)31-36-9-7-10-40(32-36)60-30-8-11-45(57)50-22-5-3-4-6-23-54-26-28-55(29-27-54)44-19-18-43(52-53-44)47(59)51-38-13-16-39(17-14-38)61-41-15-12-37(34-49)42(48)33-41/h2,7,9-10,12,15,18-19,32-33,35,38-39H,1,3-6,8,11,13-14,16-17,20-31H2,(H,50,57)(H,51,59)",,WDULIIQJJCXIPX
6181,P10275,AR,SKP1,,,C=CC(=O)N1CCC(CC2=CC=CC(OCCCC(=O)NCCCCCCCN3CCN(C4=CC=C(C(=O)NC5CCC(OC6=CC=C(C#N)C(Cl)=C6)CC5)N=N4)CC3)=C2)CC1,,,,,,,,,,,,,,,,,,,,,,,,,,,,,,,,,,,,,,,,,,,,,,,,,,,,,,,,,,,,,,,,,,,,,,10.1021/acschembio.3c00642,867.536,866.460994796,4.46,62,6,10,2,21,153.02,,"InChI=1S/C48H63ClN8O5/c1-2-47(59)57-25-21-36(22-26-57)32-37-10-8-11-41(33-37)61-31-9-12-46(58)51-23-6-4-3-5-7-24-55-27-29-56(30-28-55)45-20-19-44(53-54-45)48(60)52-39-14-17-40(18-15-39)62-42-16-13-38(35-50)43(49)34-42/h2,8,10-11,13,16,19-20,33-34,36,39-40H,1,3-7,9,12,14-15,17-18,21-32H2,(H,51,58)(H,52,60)",,IGZLMAPMESPVTQ
6577,P10275,AR,VHL,,,CC1=NOC([C@H](C(=O)N2C[C@H](S(=O)(=O)F)C[C@@H]2C(=O)N[C@@H](CC(=O)N2CCC(C#CC3=CC=C(C(=O)N[C@H]4C(C)(C)[C@H](OC5=CC=C(C#N)C(C(F)(F)F)=C5)C4(C)C)C=C3)CC2)C2=CC=C(C3=C(C)N=CS3)C=C2)C(C)C)=C1,527,54,Degradation of AR-HiBiT in LNCaP cells after 16 h treatment,,,,,,,,,,,,,,,,,,,,,,,,,,,,,,,,,,,,,,,,,,,,,,,,,,,,,,,,,,,,,,,,,,,10.1021/acs.jmedchem.3c02123,1112.282,1111.39591679,4.96,78,8,12,2,14,204.9,,"InChI=1S/C57H61F4N7O8S2/c1-32(2)48(46-25-33(3)66-76-46)52(72)68-30-42(78(61,73)74)27-45(68)51(71)64-44(37-15-17-38(18-16-37)49-34(4)63-31-77-49)28-47(69)67-23-21-36(22-24-67)10-9-35-11-13-39(14-12-35)50(70)65-53-55(5,6)54(56(53,7)8)75-41-20-19-40(29-62)43(26-41)57(58,59)60/h11-20,25-26,31-32,36,42,44-45,48,53-54H,21-24,27-28,30H2,1-8H3,(H,64,71)(H,65,70)/t42-,44+,45-,48-,53-,54-/m1/s1",,FNJHTSPTDABDEU
6578,P10275,AR,VHL,,,CC1=NOC([C@H](C(=O)N2C[C@H](S(=O)(=O)F)C[C@@H]2C(=O)N[C@@H](CC(=O)N2CCC(C#CC3=CC=C(C(=O)N[C@H]4C(C)(C)[C@H](OC5=CC=C(C#N)C(Cl)=C5)C4(C)C)C=C3)CC2)C2=CC=C(C3=C(C)N=CS3)C=C2)C(C)C)=C1,212,59,Degradation of AR-HiBiT in LNCaP cells after 16 h treatment,,,,,,,,,,,,,,,,,,,,,,,,,,,,,,,,,,,,,,,,,,,,,,,,,,,,,,,,,,,,,,,,,,,10.1021/acs.jmedchem.3c02123,1078.73,1077.36955981,4.71,75,8,12,2,14,204.9,,"InChI=1S/C56H61ClFN7O8S2/c1-32(2)48(46-25-33(3)63-73-46)52(69)65-30-42(75(58,70)71)27-45(65)51(68)61-44(37-15-17-38(18-16-37)49-34(4)60-31-74-49)28-47(66)64-23-21-36(22-24-64)10-9-35-11-13-39(14-12-35)50(67)62-53-55(5,6)54(56(53,7)8)72-41-20-19-40(29-59)43(57)26-41/h11-20,25-26,31-32,36,42,44-45,48,53-54H,21-24,27-28,30H2,1-8H3,(H,61,68)(H,62,67)/t42-,44+,45-,48-,53-,54-/m1/s1",,YVXTYEKDOUWSSR
6903,P10275,AR-V7,CRBN,,,O=C(O)/C=C/C1=CC(C(=O)NCC2=CC=C(OCC3=CN(CCOCCOCC(=O)NC4=CC=CC5=C4CN(C4CCC(=O)NC4=O)C5=O)N=N3)C=C2)=CC(C2=CC=CC=C2)=C1,70,,Degradation of AR-V7 in 22Rv1 cells 72 h treatment,,,,,,,,,,,,,,,,,,,,,,,,,,,,,,,,,,,,,,,,,,,,,,,,,,,49.34,Inhibit viability of 22Rv1 cells,,,,,,,,,,,,,,,10.1038/s42004-024-01177-4,841.878,841.307140576,4.83,62,7,12,4,19,220.38,,"InChI=1S/C45H43N7O10/c53-40-15-14-39(44(58)48-40)52-26-37-36(45(52)59)7-4-8-38(37)47-41(54)28-61-20-19-60-18-17-51-25-34(49-50-51)27-62-35-12-9-29(10-13-35)24-46-43(57)33-22-30(11-16-42(55)56)21-32(23-33)31-5-2-1-3-6-31/h1-13,16,21-23,25,39H,14-15,17-20,24,26-28H2,(H,46,57)(H,47,54)(H,55,56)(H,48,53,58)/b16-11+",,WAVPKLNVEGDDGC
7589,P10275,AR,CRBN,,UBX‐390,N#CC1=CC=C(N2CCC(C(=O)NC3=CC=C(N4CCC(CN5CCN(CC6CCN(C7=CC=C8C(=O)N(C9CCC(=O)NC9=O)C(=O)C8=C7)CC6)CC5)CC4)C=N3)CC2)C=C1C(F)(F)F,3.15/4.68,81/95,Degradation of AR in 22Rv1/LNCaP cells 20 h treatment,,,,,,,,,,,,,,,,,,,,,,,,,,,,,,,,,,,,,,,,,,,,,,,,,,,30/10,Inhibit proliferation of 22Rv1/LNCaP cells,,,,,,,,,,,,,,,10.1002/advs.202400398,909.027,908.43089952,2.47,66,9,12,2,10,165.53,,"InChI=1S/C48H55F3N10O5/c49-48(50,51)40-26-36(2-1-34(40)27-52)59-19-13-33(14-20-59)44(63)54-42-7-4-37(28-53-42)60-17-11-32(12-18-60)30-57-23-21-56(22-24-57)29-31-9-15-58(16-10-31)35-3-5-38-39(25-35)47(66)61(46(38)65)41-6-8-43(62)55-45(41)64/h1-5,7,25-26,28,31-33,41H,6,8-24,29-30H2,(H,53,54,63)(H,55,62,64)",,VJLJYODMWIENNK
7589,P10275,AR L702H,CRBN,,UBX‐390,N#CC1=CC=C(N2CCC(C(=O)NC3=CC=C(N4CCC(CN5CCN(CC6CCN(C7=CC=C8C(=O)N(C9CCC(=O)NC9=O)C(=O)C8=C7)CC6)CC5)CC4)C=N3)CC2)C=C1C(F)(F)F,,,,,,,,,,,,,,,,,,,,,,,,,,,,,,,,,,,,,,,,,,,,,,,,,,,,,,,,,,,,,,,,,,,,,,10.1002/advs.202400398,909.027,908.43089952,2.77,66,9,12,2,10,165.53,,"InChI=1S/C48H55F3N10O5/c49-48(50,51)40-26-36(2-1-34(40)27-52)59-19-13-33(14-20-59)44(63)54-42-7-4-37(28-53-42)60-17-11-32(12-18-60)30-57-23-21-56(22-24-57)29-31-9-15-58(16-10-31)35-3-5-38-39(25-35)47(66)61(46(38)65)41-6-8-43(62)55-45(41)64/h1-5,7,25-26,28,31-33,41H,6,8-24,29-30H2,(H,53,54,63)(H,55,62,64)",,VJLJYODMWIENNK
7589,P10275,AR W742C,CRBN,,UBX‐390,N#CC1=CC=C(N2CCC(C(=O)NC3=CC=C(N4CCC(CN5CCN(CC6CCN(C7=CC=C8C(=O)N(C9CCC(=O)NC9=O)C(=O)C8=C7)CC6)CC5)CC4)C=N3)CC2)C=C1C(F)(F)F,,,,,,,,,,,,,,,,,,,,,,,,,,,,,,,,,,,,,,,,,,,,,,,,,,,,,,,,,,,,,,,,,,,,,,10.1002/advs.202400398,909.027,908.43089952,2.82,66,9,12,2,10,165.53,,"InChI=1S/C48H55F3N10O5/c49-48(50,51)40-26-36(2-1-34(40)27-52)59-19-13-33(14-20-59)44(63)54-42-7-4-37(28-53-42)60-17-11-32(12-18-60)30-57-23-21-56(22-24-57)29-31-9-15-58(16-10-31)35-3-5-38-39(25-35)47(66)61(46(38)65)41-6-8-43(62)55-45(41)64/h1-5,7,25-26,28,31-33,41H,6,8-24,29-30H2,(H,53,54,63)(H,55,62,64)",,VJLJYODMWIENNK
7589,P10275,AR F877L,CRBN,,UBX‐390,N#CC1=CC=C(N2CCC(C(=O)NC3=CC=C(N4CCC(CN5CCN(CC6CCN(C7=CC=C8C(=O)N(C9CCC(=O)NC9=O)C(=O)C8=C7)CC6)CC5)CC4)C=N3)CC2)C=C1C(F)(F)F,,,,,,,,,,,,,,,,,,,,,,,,,,,,,,,,,,,,,,,,,,,,,,,,,,,,,,,,,,,,,,,,,,,,,,10.1002/advs.202400398,909.027,908.43089952,5.1,66,9,12,2,10,165.53,,"InChI=1S/C48H55F3N10O5/c49-48(50,51)40-26-36(2-1-34(40)27-52)59-19-13-33(14-20-59)44(63)54-42-7-4-37(28-53-42)60-17-11-32(12-18-60)30-57-23-21-56(22-24-57)29-31-9-15-58(16-10-31)35-3-5-38-39(25-35)47(66)61(46(38)65)41-6-8-43(62)55-45(41)64/h1-5,7,25-26,28,31-33,41H,6,8-24,29-30H2,(H,53,54,63)(H,55,62,64)",,VJLJYODMWIENNK
7589,P10275,AR T878A,CRBN,,UBX‐390,N#CC1=CC=C(N2CCC(C(=O)NC3=CC=C(N4CCC(CN5CCN(CC6CCN(C7=CC=C8C(=O)N(C9CCC(=O)NC9=O)C(=O)C8=C7)CC6)CC5)CC4)C=N3)CC2)C=C1C(F)(F)F,,,,,,,,,,,,,,,,,,,,,,,,,,,,,,,,,,,,,,,,,,,,,,,,,,,,,,,,,,,,,,,,,,,,,,10.1002/advs.202400398,909.027,908.43089952,5.46,66,9,12,2,10,165.53,,"InChI=1S/C48H55F3N10O5/c49-48(50,51)40-26-36(2-1-34(40)27-52)59-19-13-33(14-20-59)44(63)54-42-7-4-37(28-53-42)60-17-11-32(12-18-60)30-57-23-21-56(22-24-57)29-31-9-15-58(16-10-31)35-3-5-38-39(25-35)47(66)61(46(38)65)41-6-8-43(62)55-45(41)64/h1-5,7,25-26,28,31-33,41H,6,8-24,29-30H2,(H,53,54,63)(H,55,62,64)",,VJLJYODMWIENNK
7589,P10275,AR H875Y,CRBN,,UBX‐390,N#CC1=CC=C(N2CCC(C(=O)NC3=CC=C(N4CCC(CN5CCN(CC6CCN(C7=CC=C8C(=O)N(C9CCC(=O)NC9=O)C(=O)C8=C7)CC6)CC5)CC4)C=N3)CC2)C=C1C(F)(F)F,,,,,,,,,,,,,,,,,,,,,,,,,,,,,,,,,,,,,,,,,,,,,,,,,,,,,,,,,,,,,,,,,,,,,,10.1002/advs.202400398,909.027,908.43089952,5.81,66,9,12,2,10,165.53,,"InChI=1S/C48H55F3N10O5/c49-48(50,51)40-26-36(2-1-34(40)27-52)59-19-13-33(14-20-59)44(63)54-42-7-4-37(28-53-42)60-17-11-32(12-18-60)30-57-23-21-56(22-24-57)29-31-9-15-58(16-10-31)35-3-5-38-39(25-35)47(66)61(46(38)65)41-6-8-43(62)55-45(41)64/h1-5,7,25-26,28,31-33,41H,6,8-24,29-30H2,(H,53,54,63)(H,55,62,64)",,VJLJYODMWIENNK
7589,P10275,AR M896V,CRBN,,UBX‐390,N#CC1=CC=C(N2CCC(C(=O)NC3=CC=C(N4CCC(CN5CCN(CC6CCN(C7=CC=C8C(=O)N(C9CCC(=O)NC9=O)C(=O)C8=C7)CC6)CC5)CC4)C=N3)CC2)C=C1C(F)(F)F,,,,,,,,,,,,,,,,,,,,,,,,,,,,,,,,,,,,,,,,,,,,,,,,,,,,,,,,,,,,,,,,,,,,,,10.1002/advs.202400398,909.027,908.43089952,5.64,66,9,12,2,10,165.53,,"InChI=1S/C48H55F3N10O5/c49-48(50,51)40-26-36(2-1-34(40)27-52)59-19-13-33(14-20-59)44(63)54-42-7-4-37(28-53-42)60-17-11-32(12-18-60)30-57-23-21-56(22-24-57)29-31-9-15-58(16-10-31)35-3-5-38-39(25-35)47(66)61(46(38)65)41-6-8-43(62)55-45(41)64/h1-5,7,25-26,28,31-33,41H,6,8-24,29-30H2,(H,53,54,63)(H,55,62,64)",,VJLJYODMWIENNK
7608,P10275,AR,CRBN,,,N#CC1=CC=C(N2CCC(C3=CC=C(OCCCN4CCN(C5=CC=C6C(=O)N(C7CCC(=O)NC7=O)CC6=C5)CC4)C=C3)CC2)C=C1C(F)(F)F,16,79,Degradation of AR in LnCAP cells,,,,,,,,,,,,,,,,,,,,,,,,,,,,,,,,,,,,,,,,,,,,,,,,,,,,,,,,,,,,,,,,,,,10.1021/acs.jmedchem.4c00269,714.789,714.314138452,5.71,52,7,8,1,9,109.22,,"InChI=1S/C39H41F3N6O4/c40-39(41,42)34-23-31(5-2-28(34)24-43)46-15-12-27(13-16-46)26-3-7-32(8-4-26)52-21-1-14-45-17-19-47(20-18-45)30-6-9-33-29(22-30)25-48(38(33)51)35-10-11-36(49)44-37(35)50/h2-9,22-23,27,35H,1,10-21,25H2,(H,44,49,50)",,HJLNFVSSNIFDNV
7609,P10275,AR,CRBN,,,N#CC1=CC=C(N2CCC(C3=CC=C(OCCCCN4CCN(C5=CC=C6C(=O)N(C7CCC(=O)NC7=O)CC6=C5)CC4)C=C3)CC2)C=C1C(F)(F)F,7,97,Degradation of AR in LnCAP cells,,,,,,,,,,,,,,,,,,,,,,,,,,,,,,,,,,,,,,,,,,,,,,,,,,,,,,,,,,,,,,,,,,,10.1021/acs.jmedchem.4c00269,728.816,728.329788516,5.81,53,7,8,1,10,109.22,,"InChI=1S/C40H43F3N6O4/c41-40(42,43)35-24-32(6-3-29(35)25-44)47-16-13-28(14-17-47)27-4-8-33(9-5-27)53-22-2-1-15-46-18-20-48(21-19-46)31-7-10-34-30(23-31)26-49(39(34)52)36-11-12-37(50)45-38(36)51/h3-10,23-24,28,36H,1-2,11-22,26H2,(H,45,50,51)",,CUHQSAFKNPVULS
7609,P10275,AR L702H,CRBN,,,N#CC1=CC=C(N2CCC(C3=CC=C(OCCCCN4CCN(C5=CC=C6C(=O)N(C7CCC(=O)NC7=O)CC6=C5)CC4)C=C3)CC2)C=C1C(F)(F)F,>3000,"N.D,",Degradation of AR L702H in LNCAP L702H cells,,,,,,,,,,,,,,,,,,,,,,,,,,,,,,,,,,,,,,,,,,,,,,,,,,,,,,,,,,,,,,,,,,,10.1021/acs.jmedchem.4c00269,728.816,728.329788516,5.91,53,7,8,1,10,109.22,,"InChI=1S/C40H43F3N6O4/c41-40(42,43)35-24-32(6-3-29(35)25-44)47-16-13-28(14-17-47)27-4-8-33(9-5-27)53-22-2-1-15-46-18-20-48(21-19-46)31-7-10-34-30(23-31)26-49(39(34)52)36-11-12-37(50)45-38(36)51/h3-10,23-24,28,36H,1-2,11-22,26H2,(H,45,50,51)",,CUHQSAFKNPVULS
7610,P10275,AR,CRBN,,,N#CC1=CC=C(N2CCC(C3=CC=C(OCCCCCN4CCN(C5=CC=C6C(=O)N(C7CCC(=O)NC7=O)CC6=C5)CC4)C=C3)CC2)C=C1C(F)(F)F,15,94,Degradation of AR in LnCAP cells,,,,,,,,,,,,,,,,,,,,,,,,,,,,,,,,,,,,,,,,,,,,,,,,,,,,,,,,,,,,,,,,,,,10.1021/acs.jmedchem.4c00269,742.843,742.34543858,5.46,54,7,8,1,11,109.22,,"InChI=1S/C41H45F3N6O4/c42-41(43,44)36-25-33(7-4-30(36)26-45)48-17-14-29(15-18-48)28-5-9-34(10-6-28)54-23-3-1-2-16-47-19-21-49(22-20-47)32-8-11-35-31(24-32)27-50(40(35)53)37-12-13-38(51)46-39(37)52/h4-11,24-25,29,37H,1-3,12-23,27H2,(H,46,51,52)",,USTJNUZXLICUHG
7611,P10275,AR,CRBN,,,N#CC1=CC=C(N2CCC(C3=CC=C(N4CCC(CN5CCN(C6=CC=C7C(=O)N(C8CCC(=O)NC8=O)CC7=C6)CC5)CC4)C=C3)CC2)C=C1C(F)(F)F,18,85,Degradation of AR in LnCAP cells,,,,,,,,,,,,,,,,,,,,,,,,,,,,,,,,,,,,,,,,,,,,,,,,,,,,,,,,,,,,,,,,,,,10.1021/acs.jmedchem.4c00269,753.87,753.361422992,5.56,55,8,8,1,7,103.23,,"InChI=1S/C42H46F3N7O3/c43-42(44,45)37-24-35(6-3-31(37)25-46)50-17-13-30(14-18-50)29-1-4-33(5-2-29)49-15-11-28(12-16-49)26-48-19-21-51(22-20-48)34-7-8-36-32(23-34)27-52(41(36)55)38-9-10-39(53)47-40(38)54/h1-8,23-24,28,30,38H,9-22,26-27H2,(H,47,53,54)",,ZNZALUOUNWVYJN
7611,P10275,AR L702H,CRBN,,,N#CC1=CC=C(N2CCC(C3=CC=C(N4CCC(CN5CCN(C6=CC=C7C(=O)N(C8CCC(=O)NC8=O)CC7=C6)CC5)CC4)C=C3)CC2)C=C1C(F)(F)F,>3000,"N.D,",Degradation of AR L702H in LNCAP L702H cells,,,,,,,,,,,,,,,,,,,,,,,,,,,,,,,,,,,,,,,,,,,,,,,,,,,,,,,,,,,,,,,,,,,10.1021/acs.jmedchem.4c00269,753.87,753.361422992,5.71,55,8,8,1,7,103.23,,"InChI=1S/C42H46F3N7O3/c43-42(44,45)37-24-35(6-3-31(37)25-46)50-17-13-30(14-18-50)29-1-4-33(5-2-29)49-15-11-28(12-16-49)26-48-19-21-51(22-20-48)34-7-8-36-32(23-34)27-52(41(36)55)38-9-10-39(53)47-40(38)54/h1-8,23-24,28,30,38H,9-22,26-27H2,(H,47,53,54)",,ZNZALUOUNWVYJN
7612,P10275,AR,CRBN,,,N#CC1=CC=C(N2CCC(C3=CC=C(OCCCCN4CCN(C5=CC=C6C(=O)N(C7CCC(=O)NC7=O)C(=O)C6=C5)CC4)C=C3)CC2)C=C1C(F)(F)F,22,100,Degradation of AR in LnCAP cells,,,,,,,,,,,,,,,,,,,,,,,,,,,,,,,,,,,,,,,,,,,,,,,,,,,,,,,,,,,,,,,,,,,10.1021/acs.jmedchem.4c00269,742.799,742.309053072,5.71,54,7,9,1,10,126.29,,"InChI=1S/C40H41F3N6O5/c41-40(42,43)34-24-30(6-3-28(34)25-44)47-16-13-27(14-17-47)26-4-8-31(9-5-26)54-22-2-1-15-46-18-20-48(21-19-46)29-7-10-32-33(23-29)39(53)49(38(32)52)35-11-12-36(50)45-37(35)51/h3-10,23-24,27,35H,1-2,11-22H2,(H,45,50,51)",,DQEMJFSABASELK
7613,P10275,AR,CRBN,,,N#CC1=CC=C(N2CCC(C3=CC=C(N4CCC(CN5CCN(C6=CC7=C(C=C6F)C(=O)N(C6CCC(=O)NC6=O)C7=O)CC5)CC4)C=C3)CC2)C=C1C(F)(F)F,180,92,Degradation of AR in LnCAP cells,,,,,,,,,,,,,,,,,,,,,,,,,,,,,,,,,,,,,,,,,,,,,,,,,,,,,,,,,,,,,,,,,,,10.1021/acs.jmedchem.4c00269,785.843,785.331265736,3.04,57,8,9,1,7,120.3,,"InChI=1S/C42H43F4N7O4/c43-35-22-32-33(41(57)53(40(32)56)36-7-8-38(54)48-39(36)55)23-37(35)52-19-17-49(18-20-52)25-26-9-13-50(14-10-26)30-4-1-27(2-5-30)28-11-15-51(16-12-28)31-6-3-29(24-47)34(21-31)42(44,45)46/h1-6,21-23,26,28,36H,7-20,25H2,(H,48,54,55)",,HREXKQQPJFGTJW
7614,P10275,AR,CRBN,,,COC1=CC(N2CCN(CC3CCN(C4=CC=C(C5CCN(C6=CC=C(C#N)C(C(F)(F)F)=C6)CC5)C=C4)CC3)CC2)=CC2=C1C(=O)N(C1CCC(=O)NC1=O)C2,26,92,Degradation of AR in LnCAP cells,,,,,,,,,,,,,,,,,,,,,,,,,,,,,,,,,,,,,,,,,,,,,,,,,,,,,,,,,,,,,,,,,,,10.1021/acs.jmedchem.4c00269,783.896,783.371987676,3.76,57,8,9,1,8,112.46,,"InChI=1S/C43H48F3N7O4/c1-57-38-24-35(22-32-27-53(42(56)40(32)38)37-8-9-39(54)48-41(37)55)52-20-18-49(19-21-52)26-28-10-14-50(15-11-28)33-5-2-29(3-6-33)30-12-16-51(17-13-30)34-7-4-31(25-47)36(23-34)43(44,45)46/h2-7,22-24,28,30,37H,8-21,26-27H2,1H3,(H,48,54,55)",,FLBHHDGUOVAFMU
7614,P10275,AR L702H,CRBN,,,COC1=CC(N2CCN(CC3CCN(C4=CC=C(C5CCN(C6=CC=C(C#N)C(C(F)(F)F)=C6)CC5)C=C4)CC3)CC2)=CC2=C1C(=O)N(C1CCC(=O)NC1=O)C2,>3000,"N.D,",Degradation of AR L702H in LNCAP L702H cells,,,,,,,,,,,,,,,,,,,,,,,,,,,,,,,,,,,,,,,,,,,,,,,,,,,,,,,,,,,,,,,,,,,10.1021/acs.jmedchem.4c00269,783.896,783.371987676,4.47,57,8,9,1,8,112.46,,"InChI=1S/C43H48F3N7O4/c1-57-38-24-35(22-32-27-53(42(56)40(32)38)37-8-9-39(54)48-41(37)55)52-20-18-49(19-21-52)26-28-10-14-50(15-11-28)33-5-2-29(3-6-33)30-12-16-51(17-13-30)34-7-4-31(25-47)36(23-34)43(44,45)46/h2-7,22-24,28,30,37H,8-21,26-27H2,1H3,(H,48,54,55)",,FLBHHDGUOVAFMU
7615,P10275,AR,CRBN,,,N#CC1=CC=C(N2CCC(C3=CC=C(N4CCC(CN5CCN(C6=CC=C7C(=O)N(C8CCC(=O)NC8=O)CC7=C6)CC5)CC4)C=C3)CC2)C(F)=C1C(F)(F)F,23,95,Degradation of AR in LnCAP cells,,,,,,,,,,,,,,,,,,,,,,,,,,,,,,,,,,,,,,,,,,,,,,,,,,,,,,,,,,,,,,,,,,,10.1021/acs.jmedchem.4c00269,771.86,771.35200118,5.55,56,8,8,1,7,103.23,,"InChI=1S/C42H45F4N7O3/c43-39-35(8-3-30(24-47)38(39)42(44,45)46)52-17-13-29(14-18-52)28-1-4-32(5-2-28)50-15-11-27(12-16-50)25-49-19-21-51(22-20-49)33-6-7-34-31(23-33)26-53(41(34)56)36-9-10-37(54)48-40(36)55/h1-8,23,27,29,36H,9-22,25-26H2,(H,48,54,55)",,ASWBOXVCGUROKR
7615,P10275,AR L702H,CRBN,,,N#CC1=CC=C(N2CCC(C3=CC=C(N4CCC(CN5CCN(C6=CC=C7C(=O)N(C8CCC(=O)NC8=O)CC7=C6)CC5)CC4)C=C3)CC2)C(F)=C1C(F)(F)F,77,65,Degradation of AR L702H in LNCAP L702H cells,,,,,,,,,,,,,,,,,,,,,,,,,,,,,,,,,,,,,,,,,,,,,,,,,,,,,,,,,,,,,,,,,,,10.1021/acs.jmedchem.4c00269,771.86,771.35200118,6.64,56,8,8,1,7,103.23,,"InChI=1S/C42H45F4N7O3/c43-39-35(8-3-30(24-47)38(39)42(44,45)46)52-17-13-29(14-18-52)28-1-4-32(5-2-28)50-15-11-27(12-16-50)25-49-19-21-51(22-20-49)33-6-7-34-31(23-33)26-53(41(34)56)36-9-10-37(54)48-40(36)55/h1-8,23,27,29,36H,9-22,25-26H2,(H,48,54,55)",,ASWBOXVCGUROKR
7616,P10275,AR,CRBN,,,CC1=C(N2CCC(C3=CC=C(N4CCC(CN5CCN(C6=CC=C7C(=O)N(C8CCC(=O)NC8=O)CC7=C6)CC5)CC4)C=C3)CC2)C=CC(C#N)=C1C(F)(F)F,152,70,Degradation of AR in LnCAP cells,,,,,,,,,,,,,,,,,,,,,,,,,,,,,,,,,,,,,,,,,,,,,,,,,,,,,,,,,,,,,,,,,,,10.1021/acs.jmedchem.4c00269,767.897,767.377073056,2.89,56,8,8,1,7,103.23,,"InChI=1S/C43H48F3N7O3/c1-28-37(9-4-32(25-47)40(28)43(44,45)46)52-18-14-31(15-19-52)30-2-5-34(6-3-30)50-16-12-29(13-17-50)26-49-20-22-51(23-21-49)35-7-8-36-33(24-35)27-53(42(36)56)38-10-11-39(54)48-41(38)55/h2-9,24,29,31,38H,10-23,26-27H2,1H3,(H,48,54,55)",,NQJHWPLBMRAMKZ
7616,P10275,AR L702H,CRBN,,,CC1=C(N2CCC(C3=CC=C(N4CCC(CN5CCN(C6=CC=C7C(=O)N(C8CCC(=O)NC8=O)CC7=C6)CC5)CC4)C=C3)CC2)C=CC(C#N)=C1C(F)(F)F,>3000,"N.D,",Degradation of AR L702H in LNCAP L702H cells,,,,,,,,,,,,,,,,,,,,,,,,,,,,,,,,,,,,,,,,,,,,,,,,,,,,,,,,,,,,,,,,,,,10.1021/acs.jmedchem.4c00269,767.897,767.377073056,2.75,56,8,8,1,7,103.23,,"InChI=1S/C43H48F3N7O3/c1-28-37(9-4-32(25-47)40(28)43(44,45)46)52-18-14-31(15-19-52)30-2-5-34(6-3-30)50-16-12-29(13-17-50)26-49-20-22-51(23-21-49)35-7-8-36-33(24-35)27-53(42(36)56)38-10-11-39(54)48-41(38)55/h2-9,24,29,31,38H,10-23,26-27H2,1H3,(H,48,54,55)",,NQJHWPLBMRAMKZ
7617,P10275,AR,CRBN,,,N#CC1=CC=C(N2CCC(C3=CC=C(N4CCC(CN5CCN(C6=CC=C7C(=O)N(C8CCC(=O)NC8=O)CC7=C6)CC5)CC4)C=C3)CC2)C(Cl)=C1C(F)(F)F,48,80,Degradation of AR in LnCAP cells,,,,,,,,,,,,,,,,,,,,,,,,,,,,,,,,,,,,,,,,,,,,,,,,,,,,,,,,,,,,,,,,,,,10.1021/acs.jmedchem.4c00269,788.315,787.32245064,2.6,56,8,8,1,7,103.23,,"InChI=1S/C42H45ClF3N7O3/c43-39-35(8-3-30(24-47)38(39)42(44,45)46)52-17-13-29(14-18-52)28-1-4-32(5-2-28)50-15-11-27(12-16-50)25-49-19-21-51(22-20-49)33-6-7-34-31(23-33)26-53(41(34)56)36-9-10-37(54)48-40(36)55/h1-8,23,27,29,36H,9-22,25-26H2,(H,48,54,55)",,PWNYKQCRIFCRCD
7617,P10275,AR L702H,CRBN,,,N#CC1=CC=C(N2CCC(C3=CC=C(N4CCC(CN5CCN(C6=CC=C7C(=O)N(C8CCC(=O)NC8=O)CC7=C6)CC5)CC4)C=C3)CC2)C(Cl)=C1C(F)(F)F,144,79,Degradation of AR L702H in LNCAP L702H cells,,,,,,,,,,,,,,,,,,,,,,,,,,,,,,,,,,,,,,,,,,,,,,,,,,,,,,,,,,,,,,,,,,,10.1021/acs.jmedchem.4c00269,788.315,787.32245064,4.25,56,8,8,1,7,103.23,,"InChI=1S/C42H45ClF3N7O3/c43-39-35(8-3-30(24-47)38(39)42(44,45)46)52-17-13-29(14-18-52)28-1-4-32(5-2-28)50-15-11-27(12-16-50)25-49-19-21-51(22-20-49)33-6-7-34-31(23-33)26-53(41(34)56)36-9-10-37(54)48-40(36)55/h1-8,23,27,29,36H,9-22,25-26H2,(H,48,54,55)",,PWNYKQCRIFCRCD
7618,P10275,AR,CRBN,,,N#CC1=CC=C(N2CCC(C3=CC=C(N4CCC(CN5CCN(C6=CC=C7C(=O)N(C8CCC(=O)NC8=O)C(=O)C7=C6)CC5)CC4)C=C3)CC2)C(F)=C1C(F)(F)F,170,100,Degradation of AR in LnCAP cells,,,,,,,,,,,,,,,,,,,,,,,,,,,,,,,,,,,,,,,,,,,,,,,,,,,,,,,,,,,,,,,,,,,10.1021/acs.jmedchem.4c00269,785.843,785.331265736,4.96,57,8,9,1,7,120.3,,"InChI=1S/C42H43F4N7O4/c43-38-34(8-3-29(24-47)37(38)42(44,45)46)52-17-13-28(14-18-52)27-1-4-30(5-2-27)50-15-11-26(12-16-50)25-49-19-21-51(22-20-49)31-6-7-32-33(23-31)41(57)53(40(32)56)35-9-10-36(54)48-39(35)55/h1-8,23,26,28,35H,9-22,25H2,(H,48,54,55)",,LFMRXLMXCGNDAP
7618,P10275,AR L702H,CRBN,,,N#CC1=CC=C(N2CCC(C3=CC=C(N4CCC(CN5CCN(C6=CC=C7C(=O)N(C8CCC(=O)NC8=O)C(=O)C7=C6)CC5)CC4)C=C3)CC2)C(F)=C1C(F)(F)F,1330,100,Degradation of AR L702H in LNCAP L702H cells,,,,,,,,,,,,,,,,,,,,,,,,,,,,,,,,,,,,,,,,,,,,,,,,,,,,,,,,,,,,,,,,,,,10.1021/acs.jmedchem.4c00269,785.843,785.331265736,5.68,57,8,9,1,7,120.3,,"InChI=1S/C42H43F4N7O4/c43-38-34(8-3-29(24-47)37(38)42(44,45)46)52-17-13-28(14-18-52)27-1-4-30(5-2-27)50-15-11-26(12-16-50)25-49-19-21-51(22-20-49)31-6-7-32-33(23-31)41(57)53(40(32)56)35-9-10-36(54)48-39(35)55/h1-8,23,26,28,35H,9-22,25H2,(H,48,54,55)",,LFMRXLMXCGNDAP
7619,P10275,AR,CRBN,,,N#CC1=CC=C(N2CCC(C3=CC=C(N4CCC(CN5CCN(C6=CC7=C(C=C6F)C(=O)N(C6CCC(=O)NC6=O)C7=O)CC5)CC4)C=C3)CC2)C(F)=C1C(F)(F)F,87,100,Degradation of AR in LnCAP cells,,,,,,,,,,,,,,,,,,,,,,,,,,,,,,,,,,,,,,,,,,,,,,,,,,,,,,,,,,,,,,,,,,,10.1021/acs.jmedchem.4c00269,803.833,803.321843924,6.76,58,8,9,1,7,120.3,,"InChI=1S/C42H42F5N7O4/c43-32-21-30-31(41(58)54(40(30)57)34-7-8-36(55)49-39(34)56)22-35(32)53-19-17-50(18-20-53)24-25-9-13-51(14-10-25)29-4-1-26(2-5-29)27-11-15-52(16-12-27)33-6-3-28(23-48)37(38(33)44)42(45,46)47/h1-6,21-22,25,27,34H,7-20,24H2,(H,49,55,56)",,YOQASZIMEWDOQF
7619,P10275,AR L702H,CRBN,,,N#CC1=CC=C(N2CCC(C3=CC=C(N4CCC(CN5CCN(C6=CC7=C(C=C6F)C(=O)N(C6CCC(=O)NC6=O)C7=O)CC5)CC4)C=C3)CC2)C(F)=C1C(F)(F)F,992,100,Degradation of AR L702H in LNCAP L702H cells,,,,,,,,,,,,,,,,,,,,,,,,,,,,,,,,,,,,,,,,,,,,,,,,,,,,,,,,,,,,,,,,,,,10.1021/acs.jmedchem.4c00269,803.833,803.321843924,7.84,58,8,9,1,7,120.3,,"InChI=1S/C42H42F5N7O4/c43-32-21-30-31(41(58)54(40(30)57)34-7-8-36(55)49-39(34)56)22-35(32)53-19-17-50(18-20-53)24-25-9-13-51(14-10-25)29-4-1-26(2-5-29)27-11-15-52(16-12-27)33-6-3-28(23-48)37(38(33)44)42(45,46)47/h1-6,21-22,25,27,34H,7-20,24H2,(H,49,55,56)",,YOQASZIMEWDOQF
7620,P10275,AR,CRBN,,AZ′3137,COC1=CC(N2CCN(CC3CCN(C4=CC=C(C5CCN(C6=CC=C(C#N)C(C(F)(F)F)=C6F)CC5)C=C4)CC3)CC2)=CC2=C1C(=O)N(C1CCC(=O)NC1=O)C2,22,96,Degradation of AR in LnCAP cells,,,,,,,,,,,,,,,,,,,,,,,,,,,,,,,,,,,,,,,,,,,,,,,,,,,,,,,74,Inhibit cell growth of LNCaP cells,,,,,,,,,,,10.1021/acs.jmedchem.4c00269,801.886,801.362565864,4.1,58,8,9,1,8,112.46,,"InChI=1S/C43H47F4N7O4/c1-58-36-23-33(22-31-26-54(42(57)38(31)36)35-8-9-37(55)49-41(35)56)52-20-18-50(19-21-52)25-27-10-14-51(15-11-27)32-5-2-28(3-6-32)29-12-16-53(17-13-29)34-7-4-30(24-48)39(40(34)44)43(45,46)47/h2-7,22-23,27,29,35H,8-21,25-26H2,1H3,(H,49,55,56)",,IHSNQZPLVFVVMX
7620,P10275,AR L702H,CRBN,,AZ′3137,COC1=CC(N2CCN(CC3CCN(C4=CC=C(C5CCN(C6=CC=C(C#N)C(C(F)(F)F)=C6F)CC5)C=C4)CC3)CC2)=CC2=C1C(=O)N(C1CCC(=O)NC1=O)C2,92,74,Degradation of AR L702H in LNCAP L702H cells,,,,,,,,,,,,,,,,,,,,,,,,,,,,,,,,,,,,,,,,,,,,,,,,,,,,,,,,,,,,,,,,,,,10.1021/acs.jmedchem.4c00269,801.886,801.362565864,3.95,58,8,9,1,8,112.46,,"InChI=1S/C43H47F4N7O4/c1-58-36-23-33(22-31-26-54(42(57)38(31)36)35-8-9-37(55)49-41(35)56)52-20-18-50(19-21-52)25-27-10-14-51(15-11-27)32-5-2-28(3-6-32)29-12-16-53(17-13-29)34-7-4-30(24-48)39(40(34)44)43(45,46)47/h2-7,22-23,27,29,35H,8-21,25-26H2,1H3,(H,49,55,56)",,IHSNQZPLVFVVMX
7620,P10275,AR T878A,CRBN,,AZ′3137,COC1=CC(N2CCN(CC3CCN(C4=CC=C(C5CCN(C6=CC=C(C#N)C(C(F)(F)F)=C6F)CC5)C=C4)CC3)CC2)=CC2=C1C(=O)N(C1CCC(=O)NC1=O)C2,26/13/10,,Degradation of AR T878A in CRISPR-edited LNCAP/C4-2/VCAP cells,,,,,,,,,,,,,,,,,,,,,,,,,,,,,,,,,,,,,,,,,,,,,,,,,,,,,,,,,,,,,,,,,,,10.1021/acs.jmedchem.4c00269,801.886,801.362565864,3.81,58,8,9,1,8,112.46,,"InChI=1S/C43H47F4N7O4/c1-58-36-23-33(22-31-26-54(42(57)38(31)36)35-8-9-37(55)49-41(35)56)52-20-18-50(19-21-52)25-27-10-14-51(15-11-27)32-5-2-28(3-6-32)29-12-16-53(17-13-29)34-7-4-30(24-48)39(40(34)44)43(45,46)47/h2-7,22-23,27,29,35H,8-21,25-26H2,1H3,(H,49,55,56)",,IHSNQZPLVFVVMX
7620,P10275,AR L702H and T878A,CRBN,,AZ′3137,COC1=CC(N2CCN(CC3CCN(C4=CC=C(C5CCN(C6=CC=C(C#N)C(C(F)(F)F)=C6F)CC5)C=C4)CC3)CC2)=CC2=C1C(=O)N(C1CCC(=O)NC1=O)C2,158,,Degradation of AR L702H and T878A in CRISPR-edited LNCAP L702H cells,,,,,,,,,,,,,,,,,,,,,,,,,,,,,,,,,,,,,,,,,,,,,,,,,,,,,,,,,,,,,,,,,,,10.1021/acs.jmedchem.4c00269,801.886,801.362565864,1.77,58,8,9,1,8,112.46,,"InChI=1S/C43H47F4N7O4/c1-58-36-23-33(22-31-26-54(42(57)38(31)36)35-8-9-37(55)49-41(35)56)52-20-18-50(19-21-52)25-27-10-14-51(15-11-27)32-5-2-28(3-6-32)29-12-16-53(17-13-29)34-7-4-30(24-48)39(40(34)44)43(45,46)47/h2-7,22-23,27,29,35H,8-21,25-26H2,1H3,(H,49,55,56)",,IHSNQZPLVFVVMX
7621,P10275,AR,CRBN,,,COC1=CC(N2CCN(CC3CCN(C4=CC=C(C5CCN(C6=CC=C(C#N)C(C(F)(F)F)=C6F)CC5)C(F)=C4)CC3)CC2)=CC2=C1C(=O)N(C1CCC(=O)NC1=O)C2,12,100,Degradation of AR in LnCAP cells,,,,,,,,,,,,,,,,,,,,,,,,,,,,,,,,,,,,,,,,,,,,,,,,,,,,,,,,,,,,,,,,,,,10.1021/acs.jmedchem.4c00269,819.876,819.353144052,2.48,59,8,9,1,8,112.46,,"InChI=1S/C43H46F5N7O4/c1-59-36-22-31(20-29-25-55(42(58)38(29)36)35-6-7-37(56)50-41(35)57)53-18-16-51(17-19-53)24-26-8-12-52(13-9-26)30-3-4-32(33(44)21-30)27-10-14-54(15-11-27)34-5-2-28(23-49)39(40(34)45)43(46,47)48/h2-5,20-22,26-27,35H,6-19,24-25H2,1H3,(H,50,56,57)",,NCSCYFMOOULWQC
7621,P10275,AR L702H,CRBN,,,COC1=CC(N2CCN(CC3CCN(C4=CC=C(C5CCN(C6=CC=C(C#N)C(C(F)(F)F)=C6F)CC5)C(F)=C4)CC3)CC2)=CC2=C1C(=O)N(C1CCC(=O)NC1=O)C2,469,100,Degradation of AR L702H in LNCAP L702H cells,,,,,,,,,,,,,,,,,,,,,,,,,,,,,,,,,,,,,,,,,,,,,,,,,,,,,,,,,,,,,,,,,,,10.1021/acs.jmedchem.4c00269,819.876,819.353144052,3.2,59,8,9,1,8,112.46,,"InChI=1S/C43H46F5N7O4/c1-59-36-22-31(20-29-25-55(42(58)38(29)36)35-6-7-37(56)50-41(35)57)53-18-16-51(17-19-53)24-26-8-12-52(13-9-26)30-3-4-32(33(44)21-30)27-10-14-54(15-11-27)34-5-2-28(23-49)39(40(34)45)43(46,47)48/h2-5,20-22,26-27,35H,6-19,24-25H2,1H3,(H,50,56,57)",,NCSCYFMOOULWQC
7622,P10275,AR,CRBN,,,COC1=CC(N2CCN(CC3CCN(C4=CC(F)=C(C5CCN(C6=CC=C(C#N)C(C(F)(F)F)=C6F)CC5)C(F)=C4)CC3)CC2)=CC2=C1C(=O)N(C1CCC(=O)NC1=O)C2,18,100,Degradation of AR in LnCAP cells,,,,,,,,,,,,,,,,,,,,,,,,,,,,,,,,,,,,,,,,,,,,,,,,,,,,,,,,,,,,,,,,,,,10.1021/acs.jmedchem.4c00269,837.866,837.34372224,4.28,60,8,9,1,8,112.46,,"InChI=1S/C43H45F6N7O4/c1-60-35-21-29(18-28-24-56(42(59)38(28)35)34-4-5-36(57)51-41(34)58)54-16-14-52(15-17-54)23-25-6-10-53(11-7-25)30-19-31(44)37(32(45)20-30)26-8-12-55(13-9-26)33-3-2-27(22-50)39(40(33)46)43(47,48)49/h2-3,18-21,25-26,34H,4-17,23-24H2,1H3,(H,51,57,58)",,XHLTXBOEIXDCPZ
7622,P10275,AR L702H,CRBN,,,COC1=CC(N2CCN(CC3CCN(C4=CC(F)=C(C5CCN(C6=CC=C(C#N)C(C(F)(F)F)=C6F)CC5)C(F)=C4)CC3)CC2)=CC2=C1C(=O)N(C1CCC(=O)NC1=O)C2,633,80,Degradation of AR L702H in LNCAP L702H cells,,,,,,,,,,,,,,,,,,,,,,,,,,,,,,,,,,,,,,,,,,,,,,,,,,,,,,,,,,,,,,,,,,,10.1021/acs.jmedchem.4c00269,837.866,837.34372224,5.36,60,8,9,1,8,112.46,,"InChI=1S/C43H45F6N7O4/c1-60-35-21-29(18-28-24-56(42(59)38(28)35)34-4-5-36(57)51-41(34)58)54-16-14-52(15-17-54)23-25-6-10-53(11-7-25)30-19-31(44)37(32(45)20-30)26-8-12-55(13-9-26)33-3-2-27(22-50)39(40(33)46)43(47,48)49/h2-3,18-21,25-26,34H,4-17,23-24H2,1H3,(H,51,57,58)",,XHLTXBOEIXDCPZ
7623,P10275,AR,CRBN,,,N#CC1=CC=C(N2CCC(C3=CC=C(OCCCCN4CCN(C5=CC=C6C(=O)N(C7CCC(=O)NC7=O)CC6=C5)CC4)C=C3)CC2)C(F)=C1C(F)(F)F,9,100,Degradation of AR in LnCAP cells,,,,,,,,,,,,,,,,,,,,,,,,,,,,,,,,,,,,,,,,,,,,,,,,,,,,,,,,,,,,,,,,,,,10.1021/acs.jmedchem.4c00269,746.806,746.320366704,1.62,54,7,8,1,10,109.22,,"InChI=1S/C40H42F4N6O4/c41-37-33(10-5-28(24-45)36(37)40(42,43)44)49-16-13-27(14-17-49)26-3-7-31(8-4-26)54-22-2-1-15-47-18-20-48(21-19-47)30-6-9-32-29(23-30)25-50(39(32)53)34-11-12-35(51)46-38(34)52/h3-10,23,27,34H,1-2,11-22,25H2,(H,46,51,52)",,NFRUWYPJXRXEPI
7623,P10275,AR L702H,CRBN,,,N#CC1=CC=C(N2CCC(C3=CC=C(OCCCCN4CCN(C5=CC=C6C(=O)N(C7CCC(=O)NC7=O)CC6=C5)CC4)C=C3)CC2)C(F)=C1C(F)(F)F,107,78,Degradation of AR L702H in LNCAP L702H cells,,,,,,,,,,,,,,,,,,,,,,,,,,,,,,,,,,,,,,,,,,,,,,,,,,,,,,,,,,,,,,,,,,,10.1021/acs.jmedchem.4c00269,746.806,746.320366704,1.47,54,7,8,1,10,109.22,,"InChI=1S/C40H42F4N6O4/c41-37-33(10-5-28(24-45)36(37)40(42,43)44)49-16-13-27(14-17-49)26-3-7-31(8-4-26)54-22-2-1-15-47-18-20-48(21-19-47)30-6-9-32-29(23-30)25-50(39(32)53)34-11-12-35(51)46-38(34)52/h3-10,23,27,34H,1-2,11-22,25H2,(H,46,51,52)",,NFRUWYPJXRXEPI
8993,P10275,AR-V7,CRBN,,,CC(C)(C1=CC=C(OCC(=O)NCCNC2=CC=C3C(=O)N(C4CCC(=O)NC4=O)C(=O)C3=C2)C=C1)C1=CC=C(OCC(O)CCl)C=C1,,,,<10/<10,% AR-V7 protein degradation in 22Rv1 cells at 1000/5000 nM for 24h,,,,,,,,,,,,,,,,,,,,,,,,,,,,,,,,,,,,,,,,,,,,,,,,,>20000,Inhibit cell proliferation in 22Rv1 cells,,,,,,,,,,,,,,,10.1016/j.ejmech.2024.117079,677.154,676.229991824,5.29,48,5,9,4,14,163.37,,"InChI=1S/C35H37ClN4O8/c1-35(2,21-3-8-25(9-4-21)47-19-24(41)18-36)22-5-10-26(11-6-22)48-20-31(43)38-16-15-37-23-7-12-27-28(17-23)34(46)40(33(27)45)29-13-14-30(42)39-32(29)44/h3-12,17,24,29,37,41H,13-16,18-20H2,1-2H3,(H,38,43)(H,39,42,44)",,OPGNSNIRGJFPMY
8993,P10275,AR-FL,CRBN,,,CC(C)(C1=CC=C(OCC(=O)NCCNC2=CC=C3C(=O)N(C4CCC(=O)NC4=O)C(=O)C3=C2)C=C1)C1=CC=C(OCC(O)CCl)C=C1,,,,<10/<10,% AR-FL protein degradation in 22Rv1 cells at 1000/5000 nM for 24h,,,,,,,,,,,,,,,,,,,,,,,,,,,,,,,,,,,,,,,,,,,,,,,,,>20000,Inhibit cell proliferation in 22Rv1 cells,,,,,,,,,,,,,,,10.1016/j.ejmech.2024.117079,677.154,676.229991824,5.23,48,5,9,4,14,163.37,,"InChI=1S/C35H37ClN4O8/c1-35(2,21-3-8-25(9-4-21)47-19-24(41)18-36)22-5-10-26(11-6-22)48-20-31(43)38-16-15-37-23-7-12-27-28(17-23)34(46)40(33(27)45)29-13-14-30(42)39-32(29)44/h3-12,17,24,29,37,41H,13-16,18-20H2,1-2H3,(H,38,43)(H,39,42,44)",,OPGNSNIRGJFPMY
8994,P10275,AR-V7,CRBN,,,CC(C)(C1=CC=C(OCC(=O)NCCCNC2=CC=C3C(=O)N(C4CCC(=O)NC4=O)C(=O)C3=C2)C=C1)C1=CC=C(OCC(O)CCl)C=C1,,,,<10/<10,% AR-V7 protein degradation in 22Rv1 cells at 1000/5000 nM for 24h,,,,,,,,,,,,,,,,,,,,,,,,,,,,,,,,,,,,,,,,,,,,,,,,,>20000,Inhibit cell proliferation in 22Rv1 cells,,,,,,,,,,,,,,,10.1016/j.ejmech.2024.117079,691.181,690.245641888,5.94,49,5,9,4,15,163.37,,"InChI=1S/C36H39ClN4O8/c1-36(2,22-4-9-26(10-5-22)48-20-25(42)19-37)23-6-11-27(12-7-23)49-21-32(44)39-17-3-16-38-24-8-13-28-29(18-24)35(47)41(34(28)46)30-14-15-31(43)40-33(30)45/h4-13,18,25,30,38,42H,3,14-17,19-21H2,1-2H3,(H,39,44)(H,40,43,45)",,WFLDIRHRVYHZDY
8994,P10275,AR-FL,CRBN,,,CC(C)(C1=CC=C(OCC(=O)NCCCNC2=CC=C3C(=O)N(C4CCC(=O)NC4=O)C(=O)C3=C2)C=C1)C1=CC=C(OCC(O)CCl)C=C1,,,,<10/<10,% AR-FL protein degradation in 22Rv1 cells at 1000/5000 nM for 24h,,,,,,,,,,,,,,,,,,,,,,,,,,,,,,,,,,,,,,,,,,,,,,,,,>20000,Inhibit cell proliferation in 22Rv1 cells,,,,,,,,,,,,,,,10.1016/j.ejmech.2024.117079,691.181,690.245641888,4.55,49,5,9,4,15,163.37,,"InChI=1S/C36H39ClN4O8/c1-36(2,22-4-9-26(10-5-22)48-20-25(42)19-37)23-6-11-27(12-7-23)49-21-32(44)39-17-3-16-38-24-8-13-28-29(18-24)35(47)41(34(28)46)30-14-15-31(43)40-33(30)45/h4-13,18,25,30,38,42H,3,14-17,19-21H2,1-2H3,(H,39,44)(H,40,43,45)",,WFLDIRHRVYHZDY
8995,P10275,AR-V7,CRBN,,,CC(C)(C1=CC=C(OCC(=O)NCCCCNC2=CC=C3C(=O)N(C4CCC(=O)NC4=O)C(=O)C3=C2)C=C1)C1=CC=C(OCC(O)CCl)C=C1,,,,<10/<10,% AR-V7 protein degradation in 22Rv1 cells at 1000/5000 nM for 24h,,,,,,,,,,,,,,,,,,,,,,,,,,,,,,,,,,,,,,,,,,,,,,,,,>20000,Inhibit cell proliferation in 22Rv1 cells,,,,,,,,,,,,,,,10.1016/j.ejmech.2024.117079,705.208,704.261291952,3.84,50,5,9,4,16,163.37,,"InChI=1S/C37H41ClN4O8/c1-37(2,23-5-10-27(11-6-23)49-21-26(43)20-38)24-7-12-28(13-8-24)50-22-33(45)40-18-4-3-17-39-25-9-14-29-30(19-25)36(48)42(35(29)47)31-15-16-32(44)41-34(31)46/h5-14,19,26,31,39,43H,3-4,15-18,20-22H2,1-2H3,(H,40,45)(H,41,44,46)",,PFNWMTYHLVQIMW
8995,P10275,AR-FL,CRBN,,,CC(C)(C1=CC=C(OCC(=O)NCCCCNC2=CC=C3C(=O)N(C4CCC(=O)NC4=O)C(=O)C3=C2)C=C1)C1=CC=C(OCC(O)CCl)C=C1,,,,<10/<10,% AR-FL protein degradation in 22Rv1 cells at 1000/5000 nM for 24h,,,,,,,,,,,,,,,,,,,,,,,,,,,,,,,,,,,,,,,,,,,,,,,,,>20000,Inhibit cell proliferation in 22Rv1 cells,,,,,,,,,,,,,,,10.1016/j.ejmech.2024.117079,705.208,704.261291952,4.55,50,5,9,4,16,163.37,,"InChI=1S/C37H41ClN4O8/c1-37(2,23-5-10-27(11-6-23)49-21-26(43)20-38)24-7-12-28(13-8-24)50-22-33(45)40-18-4-3-17-39-25-9-14-29-30(19-25)36(48)42(35(29)47)31-15-16-32(44)41-34(31)46/h5-14,19,26,31,39,43H,3-4,15-18,20-22H2,1-2H3,(H,40,45)(H,41,44,46)",,PFNWMTYHLVQIMW
8996,P10275,AR-V7,CRBN,,,CC(C)(C1=CC=C(OCC(=O)NCCCCCNC2=CC=C3C(=O)N(C4CCC(=O)NC4=O)C(=O)C3=C2)C=C1)C1=CC=C(OCC(O)CCl)C=C1,,,,<10/<10,% AR-V7 protein degradation in 22Rv1 cells at 1000/5000 nM for 24h,,,,,,,,,,,,,,,,,,,,,,,,,,,,,,,,,,,,,,,,,,,,,,,,,>20000,Inhibit cell proliferation in 22Rv1 cells,,,,,,,,,,,,,,,10.1016/j.ejmech.2024.117079,719.235,718.276942016,4.79,51,5,9,4,17,163.37,,"InChI=1S/C38H43ClN4O8/c1-38(2,24-6-11-28(12-7-24)50-22-27(44)21-39)25-8-13-29(14-9-25)51-23-34(46)41-19-5-3-4-18-40-26-10-15-30-31(20-26)37(49)43(36(30)48)32-16-17-33(45)42-35(32)47/h6-15,20,27,32,40,44H,3-5,16-19,21-23H2,1-2H3,(H,41,46)(H,42,45,47)",,TWLYGDQSICOVDZ
8996,P10275,AR-FL,CRBN,,,CC(C)(C1=CC=C(OCC(=O)NCCCCCNC2=CC=C3C(=O)N(C4CCC(=O)NC4=O)C(=O)C3=C2)C=C1)C1=CC=C(OCC(O)CCl)C=C1,,,,<10/<10,% AR-FL protein degradation in 22Rv1 cells at 1000/5000 nM for 24h,,,,,,,,,,,,,,,,,,,,,,,,,,,,,,,,,,,,,,,,,,,,,,,,,>20000,Inhibit cell proliferation in 22Rv1 cells,,,,,,,,,,,,,,,10.1016/j.ejmech.2024.117079,719.235,718.276942016,5.07,51,5,9,4,17,163.37,,"InChI=1S/C38H43ClN4O8/c1-38(2,24-6-11-28(12-7-24)50-22-27(44)21-39)25-8-13-29(14-9-25)51-23-34(46)41-19-5-3-4-18-40-26-10-15-30-31(20-26)37(49)43(36(30)48)32-16-17-33(45)42-35(32)47/h6-15,20,27,32,40,44H,3-5,16-19,21-23H2,1-2H3,(H,41,46)(H,42,45,47)",,TWLYGDQSICOVDZ
8997,P10275,AR-V7,CRBN,,,CC(C)(C1=CC=C(OCC(=O)NCCCCCCNC2=CC=C3C(=O)N(C4CCC(=O)NC4=O)C(=O)C3=C2)C=C1)C1=CC=C(OCC(O)CCl)C=C1,,,,32.23/<10,% AR-V7 protein degradation in 22Rv1 cells at 1000/5000 nM for 24h,,,,,,,,,,,,,,,,,,,,,,,,,,,,,,,,,,,,,,,,,,,,,,,,,11440,Inhibit cell proliferation in 22Rv1 cells,,,,,,,,,,,,,,,10.1016/j.ejmech.2024.117079,733.262,732.29259208,5.42,52,5,9,4,18,163.37,,"InChI=1S/C39H45ClN4O8/c1-39(2,25-7-12-29(13-8-25)51-23-28(45)22-40)26-9-14-30(15-10-26)52-24-35(47)42-20-6-4-3-5-19-41-27-11-16-31-32(21-27)38(50)44(37(31)49)33-17-18-34(46)43-36(33)48/h7-16,21,28,33,41,45H,3-6,17-20,22-24H2,1-2H3,(H,42,47)(H,43,46,48)",,LVLIZVKZWFXDSC
8997,P10275,AR-FL,CRBN,,,CC(C)(C1=CC=C(OCC(=O)NCCCCCCNC2=CC=C3C(=O)N(C4CCC(=O)NC4=O)C(=O)C3=C2)C=C1)C1=CC=C(OCC(O)CCl)C=C1,,,,84.14/72.12,% AR-FL protein degradation in 22Rv1 cells at 1000/5000 nM for 24h,,,,,,,,,,,,,,,,,,,,,,,,,,,,,,,,,,,,,,,,,,,,,,,,,11440,Inhibit cell proliferation in 22Rv1 cells,,,,,,,,,,,,,,,10.1016/j.ejmech.2024.117079,733.262,732.29259208,5.78,52,5,9,4,18,163.37,,"InChI=1S/C39H45ClN4O8/c1-39(2,25-7-12-29(13-8-25)51-23-28(45)22-40)26-9-14-30(15-10-26)52-24-35(47)42-20-6-4-3-5-19-41-27-11-16-31-32(21-27)38(50)44(37(31)49)33-17-18-34(46)43-36(33)48/h7-16,21,28,33,41,45H,3-6,17-20,22-24H2,1-2H3,(H,42,47)(H,43,46,48)",,LVLIZVKZWFXDSC
8998,P10275,AR-V7,CRBN,,,CC(C)(C1=CC=C(OCCCCNC2=CC=C3C(=O)N(C4CCC(=O)NC4=O)C(=O)C3=C2)C=C1)C1=CC=C(OCC(O)CCl)C=C1,,,,55.11/23.61,% AR-V7 protein degradation in 22Rv1 cells at 1000/5000 nM for 24h,,,,,,,,,,,,,,,,,,,,,,,,,,,,,,,,,,,,,,,,,,,,,,,,,3110,Inhibit cell proliferation in 22Rv1 cells,,,,,,,,,,,,,,,10.1016/j.ejmech.2024.117079,648.156,647.239828236,6.14,46,5,8,3,14,134.27,,"InChI=1S/C35H38ClN3O7/c1-35(2,23-7-12-27(13-8-23)46-21-25(40)20-36)22-5-10-26(11-6-22)45-18-4-3-17-37-24-9-14-28-29(19-24)34(44)39(33(28)43)30-15-16-31(41)38-32(30)42/h5-14,19,25,30,37,40H,3-4,15-18,20-21H2,1-2H3,(H,38,41,42)",,BTBNMHAWUNPJBD
8998,P10275,AR-FL,CRBN,,,CC(C)(C1=CC=C(OCCCCNC2=CC=C3C(=O)N(C4CCC(=O)NC4=O)C(=O)C3=C2)C=C1)C1=CC=C(OCC(O)CCl)C=C1,,,,88.13/81.13,% AR-FL protein degradation in 22Rv1 cells at 1000/5000 nM for 24h,,,,,,,,,,,,,,,,,,,,,,,,,,,,,,,,,,,,,,,,,,,,,,,,,3110,Inhibit cell proliferation in 22Rv1 cells,,,,,,,,,,,,,,,10.1016/j.ejmech.2024.117079,648.156,647.239828236,4.77,46,5,8,3,14,134.27,,"InChI=1S/C35H38ClN3O7/c1-35(2,23-7-12-27(13-8-23)46-21-25(40)20-36)22-5-10-26(11-6-22)45-18-4-3-17-37-24-9-14-28-29(19-24)34(44)39(33(28)43)30-15-16-31(41)38-32(30)42/h5-14,19,25,30,37,40H,3-4,15-18,20-21H2,1-2H3,(H,38,41,42)",,BTBNMHAWUNPJBD
8999,P10275,AR-V7,CRBN,,,CC(C)(C1=CC=C(OCCCCCCNC2=CC=C3C(=O)N(C4CCC(=O)NC4=O)C(=O)C3=C2)C=C1)C1=CC=C(OCC(O)CCl)C=C1,,,,74.74/21.21,% AR-V7 protein degradation in 22Rv1 cells at 1000/5000 nM for 24h,,,,,,,,,,,,,,,,,,,,,,,,,,,,,,,,,,,,,,,,,,,,,,,,,2170,Inhibit cell proliferation in 22Rv1 cells,,,,,,,,,,,,,,,10.1016/j.ejmech.2024.117079,676.21,675.271128364,3.84,48,5,8,3,16,134.27,,"InChI=1S/C37H42ClN3O7/c1-37(2,25-9-14-29(15-10-25)48-23-27(42)22-38)24-7-12-28(13-8-24)47-20-6-4-3-5-19-39-26-11-16-30-31(21-26)36(46)41(35(30)45)32-17-18-33(43)40-34(32)44/h7-16,21,27,32,39,42H,3-6,17-20,22-23H2,1-2H3,(H,40,43,44)",,XQQOCJXVOHMSGS
8999,P10275,AR-FL,CRBN,,,CC(C)(C1=CC=C(OCCCCCCNC2=CC=C3C(=O)N(C4CCC(=O)NC4=O)C(=O)C3=C2)C=C1)C1=CC=C(OCC(O)CCl)C=C1,,,,90.03/<10,% AR-FL protein degradation in 22Rv1 cells at 1000/5000 nM for 24h,,,,,,,,,,,,,,,,,,,,,,,,,,,,,,,,,,,,,,,,,,,,,,,,,2170,Inhibit cell proliferation in 22Rv1 cells,,,,,,,,,,,,,,,10.1016/j.ejmech.2024.117079,676.21,675.271128364,5.64,48,5,8,3,16,134.27,,"InChI=1S/C37H42ClN3O7/c1-37(2,25-9-14-29(15-10-25)48-23-27(42)22-38)24-7-12-28(13-8-24)47-20-6-4-3-5-19-39-26-11-16-30-31(21-26)36(46)41(35(30)45)32-17-18-33(43)40-34(32)44/h7-16,21,27,32,39,42H,3-6,17-20,22-23H2,1-2H3,(H,40,43,44)",,XQQOCJXVOHMSGS
9000,P10275,AR-V7,CRBN,,,CC(C)(C1=CC=C(OCC(=O)N2CCC(N3CCN(C4=CC=C5C(=O)N(C6CCC(=O)NC6=O)C(=O)C5=C4)CC3)CC2)C=C1)C1=CC=C(OCC(O)CCl)C=C1,,,,33.19/<10,% AR-V7 protein degradation in 22Rv1 cells at 1000/5000 nM for 24h,,,,,,,,,,,,,,,,,,,,,,,,,,,,,,,,,,,,,,,,,,,,,,,,,>20000,Inhibit cell proliferation in 22Rv1 cells,,,,,,,,,,,,,,,10.1016/j.ejmech.2024.117079,786.326,785.319141176,5.34,56,7,10,2,12,149.03,,"InChI=1S/C42H48ClN5O8/c1-42(2,27-3-8-32(9-4-27)55-25-31(49)24-43)28-5-10-33(11-6-28)56-26-38(51)47-17-15-29(16-18-47)45-19-21-46(22-20-45)30-7-12-34-35(23-30)41(54)48(40(34)53)36-13-14-37(50)44-39(36)52/h3-12,23,29,31,36,49H,13-22,24-26H2,1-2H3,(H,44,50,52)",,XYHVRDCAULTTGA
9000,P10275,AR-FL,CRBN,,,CC(C)(C1=CC=C(OCC(=O)N2CCC(N3CCN(C4=CC=C5C(=O)N(C6CCC(=O)NC6=O)C(=O)C5=C4)CC3)CC2)C=C1)C1=CC=C(OCC(O)CCl)C=C1,,,,<10/<10,% AR-FL protein degradation in 22Rv1 cells at 1000/5000 nM for 24h,,,,,,,,,,,,,,,,,,,,,,,,,,,,,,,,,,,,,,,,,,,,,,,,,>20000,Inhibit cell proliferation in 22Rv1 cells,,,,,,,,,,,,,,,10.1016/j.ejmech.2024.117079,786.326,785.319141176,4.54,56,7,10,2,12,149.03,,"InChI=1S/C42H48ClN5O8/c1-42(2,27-3-8-32(9-4-27)55-25-31(49)24-43)28-5-10-33(11-6-28)56-26-38(51)47-17-15-29(16-18-47)45-19-21-46(22-20-45)30-7-12-34-35(23-30)41(54)48(40(34)53)36-13-14-37(50)44-39(36)52/h3-12,23,29,31,36,49H,13-22,24-26H2,1-2H3,(H,44,50,52)",,XYHVRDCAULTTGA
9001,P10275,AR-V7,CRBN,,,CC(C)(C1=CC=C(OCC(=O)NC2CN(C3=CC=C4C(=O)N(C5CCC(=O)NC5=O)C(=O)C4=C3)C2)C=C1)C1=CC=C(OCC(O)CCl)C=C1,,,,62.13/69.81,% AR-V7 protein degradation in 22Rv1 cells at 1000/5000 nM for 24h,,,,,,,,,,,,,,,,,,,,,,,,,,,,,,,,,,,,,,,,,,,,,,,,,>20000,Inhibit cell proliferation in 22Rv1 cells,,,,,,,,,,,,,,,10.1016/j.ejmech.2024.117079,689.165,688.229991824,4.38,49,6,9,3,12,154.58,,"InChI=1S/C36H37ClN4O8/c1-36(2,21-3-8-26(9-4-21)48-19-25(42)16-37)22-5-10-27(11-6-22)49-20-32(44)38-23-17-40(18-23)24-7-12-28-29(15-24)35(47)41(34(28)46)30-13-14-31(43)39-33(30)45/h3-12,15,23,25,30,42H,13-14,16-20H2,1-2H3,(H,38,44)(H,39,43,45)",,DNJBGEAUKOCOQV
9001,P10275,AR-FL,CRBN,,,CC(C)(C1=CC=C(OCC(=O)NC2CN(C3=CC=C4C(=O)N(C5CCC(=O)NC5=O)C(=O)C4=C3)C2)C=C1)C1=CC=C(OCC(O)CCl)C=C1,,,,<10/22.33,% AR-FL protein degradation in 22Rv1 cells at 1000/5000 nM for 24h,,,,,,,,,,,,,,,,,,,,,,,,,,,,,,,,,,,,,,,,,,,,,,,,,>20000,Inhibit cell proliferation in 22Rv1 cells,,,,,,,,,,,,,,,10.1016/j.ejmech.2024.117079,689.165,688.229991824,5.12,49,6,9,3,12,154.58,,"InChI=1S/C36H37ClN4O8/c1-36(2,21-3-8-26(9-4-21)48-19-25(42)16-37)22-5-10-27(11-6-22)49-20-32(44)38-23-17-40(18-23)24-7-12-28-29(15-24)35(47)41(34(28)46)30-13-14-31(43)39-33(30)45/h3-12,15,23,25,30,42H,13-14,16-20H2,1-2H3,(H,38,44)(H,39,43,45)",,DNJBGEAUKOCOQV
9002,P10275,AR-V7,CRBN,,,CC(C)(C1=CC=C(OCC(=O)NC2CCN(C3=CC=C4C(=O)N(C5CCC(=O)NC5=O)C(=O)C4=C3)CC2)C=C1)C1=CC=C(OCC(O)CCl)C=C1,,,,68.78/71.44,% AR-V7 protein degradation in 22Rv1 cells at 1000/5000 nM for 24h,,,,,,,,,,,,,,,,,,,,,,,,,,,,,,,,,,,,,,,,,,,,,,,,,3610,Inhibit cell proliferation in 22Rv1 cells,,,,,,,,,,,,,,,10.1016/j.ejmech.2024.117079,717.219,716.261291952,5.97,51,6,9,3,12,154.58,,"InChI=1S/C38H41ClN4O8/c1-38(2,23-3-8-28(9-4-23)50-21-27(44)20-39)24-5-10-29(11-6-24)51-22-34(46)40-25-15-17-42(18-16-25)26-7-12-30-31(19-26)37(49)43(36(30)48)32-13-14-33(45)41-35(32)47/h3-12,19,25,27,32,44H,13-18,20-22H2,1-2H3,(H,40,46)(H,41,45,47)",,KVXNNFNELXNSSR
9002,P10275,AR-FL,CRBN,,,CC(C)(C1=CC=C(OCC(=O)NC2CCN(C3=CC=C4C(=O)N(C5CCC(=O)NC5=O)C(=O)C4=C3)CC2)C=C1)C1=CC=C(OCC(O)CCl)C=C1,,,,75.25/45.18,% AR-FL protein degradation in 22Rv1 cells at 1000/5000 nM for 24h,,,,,,,,,,,,,,,,,,,,,,,,,,,,,,,,,,,,,,,,,,,,,,,,,3610,Inhibit cell proliferation in 22Rv1 cells,,,,,,,,,,,,,,,10.1016/j.ejmech.2024.117079,717.219,716.261291952,3.86,51,6,9,3,12,154.58,,"InChI=1S/C38H41ClN4O8/c1-38(2,23-3-8-28(9-4-23)50-21-27(44)20-39)24-5-10-29(11-6-24)51-22-34(46)40-25-15-17-42(18-16-25)26-7-12-30-31(19-26)37(49)43(36(30)48)32-13-14-33(45)41-35(32)47/h3-12,19,25,27,32,44H,13-18,20-22H2,1-2H3,(H,40,46)(H,41,45,47)",,KVXNNFNELXNSSR
9003,P10275,AR-V7,CRBN,,,CC(C)(C1=CC=C(OCC(=O)N2CCC(CNC3=CC=C4C(=O)N(C5CCC(=O)NC5=O)C(=O)C4=C3)CC2)C=C1)C1=CC=C(OCC(O)CCl)C=C1,,,,<10/79.92,% AR-V7 protein degradation in 22Rv1 cells at 1000/5000 nM for 24h,,,,,,,,,,,,,,,,,,,,,,,,,,,,,,,,,,,,,,,,,,,,,,,,,14980,Inhibit cell proliferation in 22Rv1 cells,,,,,,,,,,,,,,,10.1016/j.ejmech.2024.117079,731.246,730.276942016,4.77,52,6,9,3,13,154.58,,"InChI=1S/C39H43ClN4O8/c1-39(2,25-3-8-29(9-4-25)51-22-28(45)20-40)26-5-10-30(11-6-26)52-23-35(47)43-17-15-24(16-18-43)21-41-27-7-12-31-32(19-27)38(50)44(37(31)49)33-13-14-34(46)42-36(33)48/h3-12,19,24,28,33,41,45H,13-18,20-23H2,1-2H3,(H,42,46,48)",,VEILLKXLOAKKQY
9003,P10275,AR-FL,CRBN,,,CC(C)(C1=CC=C(OCC(=O)N2CCC(CNC3=CC=C4C(=O)N(C5CCC(=O)NC5=O)C(=O)C4=C3)CC2)C=C1)C1=CC=C(OCC(O)CCl)C=C1,,,,<10/69.60,% AR-FL protein degradation in 22Rv1 cells at 1000/5000 nM for 24h,,,,,,,,,,,,,,,,,,,,,,,,,,,,,,,,,,,,,,,,,,,,,,,,,14980,Inhibit cell proliferation in 22Rv1 cells,,,,,,,,,,,,,,,10.1016/j.ejmech.2024.117079,731.246,730.276942016,4.58,52,6,9,3,13,154.58,,"InChI=1S/C39H43ClN4O8/c1-39(2,25-3-8-29(9-4-25)51-22-28(45)20-40)26-5-10-30(11-6-26)52-23-35(47)43-17-15-24(16-18-43)21-41-27-7-12-31-32(19-27)38(50)44(37(31)49)33-13-14-34(46)42-36(33)48/h3-12,19,24,28,33,41,45H,13-18,20-23H2,1-2H3,(H,42,46,48)",,VEILLKXLOAKKQY
9004,P10275,AR-V7,CRBN,,,CC(C)(C1=CC=C(OCCNC2=CC=CC3=C2C(=O)N(C2CCC(=O)NC2=O)C3=O)C=C1)C1=CC=C(OCC(O)CCl)C=C1,,,,87.15/87.03,% AR-V7 protein degradation in 22Rv1 cells at 1000/5000 nM for 24h,,,,,,,,,,,,,,,,,,,,,,,,,,,,,,,,,,,,,,,,,,,,,,,,,7770,Inhibit cell proliferation in 22Rv1 cells,,,,,,,,,,,,,,,10.1016/j.ejmech.2024.117079,620.102,619.208528108,4.93,44,5,8,3,12,134.27,,"InChI=1S/C33H34ClN3O7/c1-33(2,21-8-12-24(13-9-21)44-19-22(38)18-34)20-6-10-23(11-7-20)43-17-16-35-26-5-3-4-25-29(26)32(42)37(31(25)41)27-14-15-28(39)36-30(27)40/h3-13,22,27,35,38H,14-19H2,1-2H3,(H,36,39,40)",,KQPJVFUFLLUQFH
9004,P10275,AR-FL,CRBN,,,CC(C)(C1=CC=C(OCCNC2=CC=CC3=C2C(=O)N(C2CCC(=O)NC2=O)C3=O)C=C1)C1=CC=C(OCC(O)CCl)C=C1,,,,82.54/<10,% AR-FL protein degradation in 22Rv1 cells at 1000/5000 nM for 24h,,,,,,,,,,,,,,,,,,,,,,,,,,,,,,,,,,,,,,,,,,,,,,,,,7770,Inhibit cell proliferation in 22Rv1 cells,,,,,,,,,,,,,,,10.1016/j.ejmech.2024.117079,620.102,619.208528108,5.29,44,5,8,3,12,134.27,,"InChI=1S/C33H34ClN3O7/c1-33(2,21-8-12-24(13-9-21)44-19-22(38)18-34)20-6-10-23(11-7-20)43-17-16-35-26-5-3-4-25-29(26)32(42)37(31(25)41)27-14-15-28(39)36-30(27)40/h3-13,22,27,35,38H,14-19H2,1-2H3,(H,36,39,40)",,KQPJVFUFLLUQFH
9005,P10275,AR-V7,CRBN,,,CC(C)(C1=CC=C(OCCCNC2=CC=CC3=C2C(=O)N(C2CCC(=O)NC2=O)C3=O)C=C1)C1=CC=C(OCC(O)CCl)C=C1,,,,58.74/83.14,% AR-V7 protein degradation in 22Rv1 cells at 1000/5000 nM for 24h,,,,,,,,,,,,,,,,,,,,,,,,,,,,,,,,,,,,,,,,,,,,,,,,,9770,Inhibit cell proliferation in 22Rv1 cells,,,,,,,,,,,,,,,10.1016/j.ejmech.2024.117079,634.129,633.224178172,5.23,45,5,8,3,13,134.27,,"InChI=1S/C34H36ClN3O7/c1-34(2,22-9-13-25(14-10-22)45-20-23(39)19-35)21-7-11-24(12-8-21)44-18-4-17-36-27-6-3-5-26-30(27)33(43)38(32(26)42)28-15-16-29(40)37-31(28)41/h3,5-14,23,28,36,39H,4,15-20H2,1-2H3,(H,37,40,41)",,QBVKEFUHJYQPMJ
9005,P10275,AR-FL,CRBN,,,CC(C)(C1=CC=C(OCCCNC2=CC=CC3=C2C(=O)N(C2CCC(=O)NC2=O)C3=O)C=C1)C1=CC=C(OCC(O)CCl)C=C1,,,,52.08/58.28,% AR-FL protein degradation in 22Rv1 cells at 1000/5000 nM for 24h,,,,,,,,,,,,,,,,,,,,,,,,,,,,,,,,,,,,,,,,,,,,,,,,,9770,Inhibit cell proliferation in 22Rv1 cells,,,,,,,,,,,,,,,10.1016/j.ejmech.2024.117079,634.129,633.224178172,5.94,45,5,8,3,13,134.27,,"InChI=1S/C34H36ClN3O7/c1-34(2,22-9-13-25(14-10-22)45-20-23(39)19-35)21-7-11-24(12-8-21)44-18-4-17-36-27-6-3-5-26-30(27)33(43)38(32(26)42)28-15-16-29(40)37-31(28)41/h3,5-14,23,28,36,39H,4,15-20H2,1-2H3,(H,37,40,41)",,QBVKEFUHJYQPMJ
9006,P10275,AR-V7,CRBN,,,CC(C)(C1=CC=C(OCCCCNC2=CC=CC3=C2C(=O)N(C2CCC(=O)NC2=O)C3=O)C=C1)C1=CC=C(OCC(O)CCl)C=C1,,,,78.12/89.31,% AR-V7 protein degradation in 22Rv1 cells at 1000/5000 nM for 24h,,,,,,,,,,,,,,,,,,,,,,,,,,,,,,,,,,,,,,,,,,,,,,,,,9050,Inhibit cell proliferation in 22Rv1 cells,,,,,,,,,,,,,,,10.1016/j.ejmech.2024.117079,648.156,647.239828236,4.55,46,5,8,3,14,134.27,,"InChI=1S/C35H38ClN3O7/c1-35(2,23-10-14-26(15-11-23)46-21-24(40)20-36)22-8-12-25(13-9-22)45-19-4-3-18-37-28-7-5-6-27-31(28)34(44)39(33(27)43)29-16-17-30(41)38-32(29)42/h5-15,24,29,37,40H,3-4,16-21H2,1-2H3,(H,38,41,42)",,RVUZOTAYXCPQFR
9006,P10275,AR-FL,CRBN,,,CC(C)(C1=CC=C(OCCCCNC2=CC=CC3=C2C(=O)N(C2CCC(=O)NC2=O)C3=O)C=C1)C1=CC=C(OCC(O)CCl)C=C1,,,,<10/31.31,% AR-FL protein degradation in 22Rv1 cells at 1000/5000 nM for 24h,,,,,,,,,,,,,,,,,,,,,,,,,,,,,,,,,,,,,,,,,,,,,,,,,9050,Inhibit cell proliferation in 22Rv1 cells,,,,,,,,,,,,,,,10.1016/j.ejmech.2024.117079,648.156,647.239828236,3.84,46,5,8,3,14,134.27,,"InChI=1S/C35H38ClN3O7/c1-35(2,23-10-14-26(15-11-23)46-21-24(40)20-36)22-8-12-25(13-9-22)45-19-4-3-18-37-28-7-5-6-27-31(28)34(44)39(33(27)43)29-16-17-30(41)38-32(29)42/h5-15,24,29,37,40H,3-4,16-21H2,1-2H3,(H,38,41,42)",,RVUZOTAYXCPQFR
9007,P10275,AR-V7,CRBN,,,CC(C)(C1=CC=C(OCCCCCNC2=CC=CC3=C2C(=O)N(C2CCC(=O)NC2=O)C3=O)C=C1)C1=CC=C(OCC(O)CCl)C=C1,,,,79.54/93.01,% AR-V7 protein degradation in 22Rv1 cells at 1000/5000 nM for 24h,,,,,,,,,,,,,,,,,,,,,,,,,,,,,,,,,,,,,,,,,,,,,,,,,6450,Inhibit cell proliferation in 22Rv1 cells,,,,,,,,,,,,,,,10.1016/j.ejmech.2024.117079,662.183,661.2554783,4.55,47,5,8,3,15,134.27,,"InChI=1S/C36H40ClN3O7/c1-36(2,24-11-15-27(16-12-24)47-22-25(41)21-37)23-9-13-26(14-10-23)46-20-5-3-4-19-38-29-8-6-7-28-32(29)35(45)40(34(28)44)30-17-18-31(42)39-33(30)43/h6-16,25,30,38,41H,3-5,17-22H2,1-2H3,(H,39,42,43)",,TZJGHCRYUKFVHE
9007,P10275,AR-FL,CRBN,,,CC(C)(C1=CC=C(OCCCCCNC2=CC=CC3=C2C(=O)N(C2CCC(=O)NC2=O)C3=O)C=C1)C1=CC=C(OCC(O)CCl)C=C1,,,,16.67/<10,% AR-FL protein degradation in 22Rv1 cells at 1000/5000 nM for 24h,,,,,,,,,,,,,,,,,,,,,,,,,,,,,,,,,,,,,,,,,,,,,,,,,6450,Inhibit cell proliferation in 22Rv1 cells,,,,,,,,,,,,,,,10.1016/j.ejmech.2024.117079,662.183,661.2554783,4.79,47,5,8,3,15,134.27,,"InChI=1S/C36H40ClN3O7/c1-36(2,24-11-15-27(16-12-24)47-22-25(41)21-37)23-9-13-26(14-10-23)46-20-5-3-4-19-38-29-8-6-7-28-32(29)35(45)40(34(28)44)30-17-18-31(42)39-33(30)43/h6-16,25,30,38,41H,3-5,17-22H2,1-2H3,(H,39,42,43)",,TZJGHCRYUKFVHE
9008,P10275,AR-V7,CRBN,,,CC(C)(C1=CC=C(OCC(=O)NCCCNC2=CC=CC3=C2C(=O)N(C2CCC(=O)NC2=O)C3=O)C=C1)C1=CC=C(OCC(O)CCl)C=C1,,,,80.11/93.61,% AR-V7 protein degradation in 22Rv1 cells at 1000/5000 nM for 24h,,,,,,,,,,,,,,,,,,,,,,,,,,,,,,,,,,,,,,,,,,,,,,,,,1110,Inhibit cell proliferation in 22Rv1 cells,,,,,,,,,,,,,,,10.1016/j.ejmech.2024.117079,691.181,690.245641888,5.07,49,5,9,4,15,163.37,,"InChI=1S/C36H39ClN4O8/c1-36(2,22-7-11-25(12-8-22)48-20-24(42)19-37)23-9-13-26(14-10-23)49-21-31(44)39-18-4-17-38-28-6-3-5-27-32(28)35(47)41(34(27)46)29-15-16-30(43)40-33(29)45/h3,5-14,24,29,38,42H,4,15-21H2,1-2H3,(H,39,44)(H,40,43,45)",,LYVJMJZXGLHFTA
9008,P10275,AR-FL,CRBN,,,CC(C)(C1=CC=C(OCC(=O)NCCCNC2=CC=CC3=C2C(=O)N(C2CCC(=O)NC2=O)C3=O)C=C1)C1=CC=C(OCC(O)CCl)C=C1,,,,88.13/91.13,% AR-FL protein degradation in 22Rv1 cells at 1000/5000 nM for 24h,,,,,,,,,,,,,,,,,,,,,,,,,,,,,,,,,,,,,,,,,,,,,,,,,1110,Inhibit cell proliferation in 22Rv1 cells,,,,,,,,,,,,,,,10.1016/j.ejmech.2024.117079,691.181,690.245641888,5.42,49,5,9,4,15,163.37,,"InChI=1S/C36H39ClN4O8/c1-36(2,22-7-11-25(12-8-22)48-20-24(42)19-37)23-9-13-26(14-10-23)49-21-31(44)39-18-4-17-38-28-6-3-5-27-32(28)35(47)41(34(27)46)29-15-16-30(43)40-33(29)45/h3,5-14,24,29,38,42H,4,15-21H2,1-2H3,(H,39,44)(H,40,43,45)",,LYVJMJZXGLHFTA
9009,P10275,AR-V7,CRBN,,,CC(C)(C1=CC=C(OCC(=O)NC2CN(C3=CC=CC4=C3C(=O)N(C3CCC(=O)NC3=O)C4=O)C2)C=C1)C1=CC=C(OCC(O)CCl)C=C1,,,,67.74/88.21,% AR-V7 protein degradation in 22Rv1 cells at 1000/5000 nM for 24h,,,,,,,,,,,,,,,,,,,,,,,,,,,,,,,,,,,,,,,,,,,,,,,,,1170,Inhibit cell proliferation in 22Rv1 cells,,,,,,,,,,,,,,,10.1016/j.ejmech.2024.117079,689.165,688.229991824,5.78,49,6,9,3,12,154.58,,"InChI=1S/C36H37ClN4O8/c1-36(2,21-6-10-25(11-7-21)48-19-24(42)16-37)22-8-12-26(13-9-22)49-20-31(44)38-23-17-40(18-23)28-5-3-4-27-32(28)35(47)41(34(27)46)29-14-15-30(43)39-33(29)45/h3-13,23-24,29,42H,14-20H2,1-2H3,(H,38,44)(H,39,43,45)",,JDNOGCKPVAHEQM
9009,P10275,AR-FL,CRBN,,,CC(C)(C1=CC=C(OCC(=O)NC2CN(C3=CC=CC4=C3C(=O)N(C3CCC(=O)NC3=O)C4=O)C2)C=C1)C1=CC=C(OCC(O)CCl)C=C1,,,,80.12/89.03,% AR-FL protein degradation in 22Rv1 cells at 1000/5000 nM for 24h,,,,,,,,,,,,,,,,,,,,,,,,,,,,,,,,,,,,,,,,,,,,,,,,,1170,Inhibit cell proliferation in 22Rv1 cells,,,,,,,,,,,,,,,10.1016/j.ejmech.2024.117079,689.165,688.229991824,6.14,49,6,9,3,12,154.58,,"InChI=1S/C36H37ClN4O8/c1-36(2,21-6-10-25(11-7-21)48-19-24(42)16-37)22-8-12-26(13-9-22)49-20-31(44)38-23-17-40(18-23)28-5-3-4-27-32(28)35(47)41(34(27)46)29-14-15-30(43)39-33(29)45/h3-13,23-24,29,42H,14-20H2,1-2H3,(H,38,44)(H,39,43,45)",,JDNOGCKPVAHEQM
9010,P10275,AR-V7,CRBN,,,CC(C)(C1=CC=C(OCCNC2=CC=CC3=C2C(=O)N(C2CCC(=O)NC2=O)C3=O)C=C1)C1=CC=C(OCC2=CC=CC(N3CCOCC3)=N2)C=C1,,,,88.74/89.58,% AR-V7 protein degradation in 22Rv1 cells at 1000/5000 nM for 24h,,,,,,,,,,,,,,,,,,,,,,,,,,,,,,,,,,,,,,,,,,,,,,,,,38,Inhibit cell proliferation in 22Rv1 cells,,,,,,,,,,,,,,,10.1016/j.ejmech.2024.117079,703.796,703.300598652,4.77,52,7,10,2,12,139.4,,"InChI=1S/C40H41N5O7/c1-40(2,27-11-15-30(16-12-27)52-25-28-5-3-8-34(42-28)44-20-23-50-24-21-44)26-9-13-29(14-10-26)51-22-19-41-32-7-4-6-31-36(32)39(49)45(38(31)48)33-17-18-35(46)43-37(33)47/h3-16,33,41H,17-25H2,1-2H3,(H,43,46,47)",,IHWPZZCIVOUUFW
9010,P10275,AR-FL,CRBN,,,CC(C)(C1=CC=C(OCCNC2=CC=CC3=C2C(=O)N(C2CCC(=O)NC2=O)C3=O)C=C1)C1=CC=C(OCC2=CC=CC(N3CCOCC3)=N2)C=C1,140/18,,Degradation of AR-FL in LNCaP/22Rv1 cells after 24 h treatment,89.15/90.24,% AR-FL protein degradation in 22Rv1 cells at 1000/5000 nM for 24h,,,,,,,,,,,,,,,,,,,,,,,,,,,,,,,,,,,,,,,,,,,,,,,,,38/176/>80000,Inhibit cell proliferation in 22Rv1/LnCaP/DU145 cells,,,,,,,,,,,,,,,10.1016/j.ejmech.2024.117079,703.796,703.300598652,3.84,52,7,10,2,12,139.4,,"InChI=1S/C40H41N5O7/c1-40(2,27-11-15-30(16-12-27)52-25-28-5-3-8-34(42-28)44-20-23-50-24-21-44)26-9-13-29(14-10-26)51-22-19-41-32-7-4-6-31-36(32)39(49)45(38(31)48)33-17-18-35(46)43-37(33)47/h3-16,33,41H,17-25H2,1-2H3,(H,43,46,47)",,IHWPZZCIVOUUFW
9011,P10275,AR-V7,CRBN,,,CC(C)(C1=CC=C(OCC(=O)NCCCNC2=CC=CC3=C2C(=O)N(C2CCC(=O)NC2=O)C3=O)C=C1)C1=CC=C(OCC2=CC=CC(N3CCOCC3)=N2)C=C1,,,,<10/55.49,% AR-V7 protein degradation in 22Rv1 cells at 1000/5000 nM for 24h,,,,,,,,,,,,,,,,,,,,,,,,,,,,,,,,,,,,,,,,,,,,,,,,,7440,Inhibit cell proliferation in 22Rv1 cells,,,,,,,,,,,,,,,10.1016/j.ejmech.2024.117079,774.875,774.337712432,5.64,57,7,11,3,15,168.5,,"InChI=1S/C43H46N6O8/c1-43(2,28-10-14-31(15-11-28)56-26-30-6-3-9-36(46-30)48-22-24-55-25-23-48)29-12-16-32(17-13-29)57-27-38(51)45-21-5-20-44-34-8-4-7-33-39(34)42(54)49(41(33)53)35-18-19-37(50)47-40(35)52/h3-4,6-17,35,44H,5,18-27H2,1-2H3,(H,45,51)(H,47,50,52)",,SHNQANCJFMRVMT
9011,P10275,AR-FL,CRBN,,,CC(C)(C1=CC=C(OCC(=O)NCCCNC2=CC=CC3=C2C(=O)N(C2CCC(=O)NC2=O)C3=O)C=C1)C1=CC=C(OCC2=CC=CC(N3CCOCC3)=N2)C=C1,,,,22.12/78.62,% AR-FL protein degradation in 22Rv1 cells at 1000/5000 nM for 24h,,,,,,,,,,,,,,,,,,,,,,,,,,,,,,,,,,,,,,,,,,,,,,,,,7440,Inhibit cell proliferation in 22Rv1 cells,,,,,,,,,,,,,,,10.1016/j.ejmech.2024.117079,774.875,774.337712432,5.34,57,7,11,3,15,168.5,,"InChI=1S/C43H46N6O8/c1-43(2,28-10-14-31(15-11-28)56-26-30-6-3-9-36(46-30)48-22-24-55-25-23-48)29-12-16-32(17-13-29)57-27-38(51)45-21-5-20-44-34-8-4-7-33-39(34)42(54)49(41(33)53)35-18-19-37(50)47-40(35)52/h3-4,6-17,35,44H,5,18-27H2,1-2H3,(H,45,51)(H,47,50,52)",,SHNQANCJFMRVMT
9012,P10275,AR-V7,CRBN,,,CC(C)(C1=CC=C(OCC(=O)NCCOCCOCCOCCNC2=CC=CC3=C2C(=O)N(C2CCC(=O)NC2=O)C3=O)C=C1)C1=CC=C(OCC2=CC=CC(N3CCOCC3)=N2)C=C1,,,,<10/40.01,% AR-V7 protein degradation in 22Rv1 cells at 1000/5000 nM for 24h,,,,,,,,,,,,,,,,,,,,,,,,,,,,,,,,,,,,,,,,,,,,,,,,,11250,Inhibit cell proliferation in 22Rv1 cells,,,,,,,,,,,,,,,10.1016/j.ejmech.2024.117079,893.007,892.400706612,4.54,65,7,14,3,23,196.19,,"InChI=1S/C48H56N6O11/c1-48(2,33-9-13-36(14-10-33)64-31-35-5-3-8-41(51-35)53-21-25-62-26-22-53)34-11-15-37(16-12-34)65-32-43(56)50-20-24-61-28-30-63-29-27-60-23-19-49-39-7-4-6-38-44(39)47(59)54(46(38)58)40-17-18-42(55)52-45(40)57/h3-16,40,49H,17-32H2,1-2H3,(H,50,56)(H,52,55,57)",,CPXFXORVKSPKLS
9012,P10275,AR-FL,CRBN,,,CC(C)(C1=CC=C(OCC(=O)NCCOCCOCCOCCNC2=CC=CC3=C2C(=O)N(C2CCC(=O)NC2=O)C3=O)C=C1)C1=CC=C(OCC2=CC=CC(N3CCOCC3)=N2)C=C1,,,,42.54/83.55,% AR-FL protein degradation in 22Rv1 cells at 1000/5000 nM for 24h,,,,,,,,,,,,,,,,,,,,,,,,,,,,,,,,,,,,,,,,,,,,,,,,,11250,Inhibit cell proliferation in 22Rv1 cells,,,,,,,,,,,,,,,10.1016/j.ejmech.2024.117079,893.007,892.400706612,4.38,65,7,14,3,23,196.19,,"InChI=1S/C48H56N6O11/c1-48(2,33-9-13-36(14-10-33)64-31-35-5-3-8-41(51-35)53-21-25-62-26-22-53)34-11-15-37(16-12-34)65-32-43(56)50-20-24-61-28-30-63-29-27-60-23-19-49-39-7-4-6-38-44(39)47(59)54(46(38)58)40-17-18-42(55)52-45(40)57/h3-16,40,49H,17-32H2,1-2H3,(H,50,56)(H,52,55,57)",,CPXFXORVKSPKLS
9013,P10275,AR-V7,CRBN,,,CC(C)(C1=CC=C(OCC(=O)NCCN2CCN(C3=CC=CC4=C3C(=O)N(C3CCC(=O)NC3=O)C4=O)CC2)C=C1)C1=CC=C(OCC2=CC=CC(N3CCOCC3)=N2)C=C1,,,,<10/<10,% AR-V7 protein degradation in 22Rv1 cells at 1000/5000 nM for 24h,,,,,,,,,,,,,,,,,,,,,,,,,,,,,,,,,,,,,,,,,,,,,,,,,>20000,Inhibit cell proliferation in 22Rv1 cells,,,,,,,,,,,,,,,10.1016/j.ejmech.2024.117079,829.955,829.379911592,5.12,61,8,12,2,14,162.95,,"InChI=1S/C46H51N7O8/c1-46(2,31-9-13-34(14-10-31)60-29-33-5-3-8-39(48-33)52-25-27-59-28-26-52)32-11-15-35(16-12-32)61-30-41(55)47-19-20-50-21-23-51(24-22-50)37-7-4-6-36-42(37)45(58)53(44(36)57)38-17-18-40(54)49-43(38)56/h3-16,38H,17-30H2,1-2H3,(H,47,55)(H,49,54,56)",,PMIOFCXSPHDBTH
9013,P10275,AR-FL,CRBN,,,CC(C)(C1=CC=C(OCC(=O)NCCN2CCN(C3=CC=CC4=C3C(=O)N(C3CCC(=O)NC3=O)C4=O)CC2)C=C1)C1=CC=C(OCC2=CC=CC(N3CCOCC3)=N2)C=C1,,,,<10/<10,% AR-FL protein degradation in 22Rv1 cells at 1000/5000 nM for 24h,,,,,,,,,,,,,,,,,,,,,,,,,,,,,,,,,,,,,,,,,,,,,,,,,>20000,Inhibit cell proliferation in 22Rv1 cells,,,,,,,,,,,,,,,10.1016/j.ejmech.2024.117079,829.955,829.379911592,5.97,61,8,12,2,14,162.95,,"InChI=1S/C46H51N7O8/c1-46(2,31-9-13-34(14-10-31)60-29-33-5-3-8-39(48-33)52-25-27-59-28-26-52)32-11-15-35(16-12-32)61-30-41(55)47-19-20-50-21-23-51(24-22-50)37-7-4-6-36-42(37)45(58)53(44(36)57)38-17-18-40(54)49-43(38)56/h3-16,38H,17-30H2,1-2H3,(H,47,55)(H,49,54,56)",,PMIOFCXSPHDBTH
9014,P10275,AR-V7,CRBN,,,CC(C)(C1=CC=C(OCC(=O)NC2CCN(C3=CC=CC4=C3C(=O)N(C3CCC(=O)NC3=O)C4=O)CC2)C=C1)C1=CC=C(OCC2=CC=CC(N3CCOCC3)=N2)C=C1,,,,<10/48.71,% AR-V7 protein degradation in 22Rv1 cells at 1000/5000 nM for 24h,,,,,,,,,,,,,,,,,,,,,,,,,,,,,,,,,,,,,,,,,,,,,,,,,>20000,Inhibit cell proliferation in 22Rv1 cells,,,,,,,,,,,,,,,10.1016/j.ejmech.2024.117079,800.913,800.353362496,5.37,59,8,11,2,12,159.71,,"InChI=1S/C45H48N6O8/c1-45(2,29-9-13-33(14-10-29)58-27-32-5-3-8-38(46-32)50-23-25-57-26-24-50)30-11-15-34(16-12-30)59-28-40(53)47-31-19-21-49(22-20-31)36-7-4-6-35-41(36)44(56)51(43(35)55)37-17-18-39(52)48-42(37)54/h3-16,31,37H,17-28H2,1-2H3,(H,47,53)(H,48,52,54)",,IJIYCOXYRQNBHK
9014,P10275,AR-FL,CRBN,,,CC(C)(C1=CC=C(OCC(=O)NC2CCN(C3=CC=CC4=C3C(=O)N(C3CCC(=O)NC3=O)C4=O)CC2)C=C1)C1=CC=C(OCC2=CC=CC(N3CCOCC3)=N2)C=C1,,,,<10/28.33,% AR-FL protein degradation in 22Rv1 cells at 1000/5000 nM for 24h,,,,,,,,,,,,,,,,,,,,,,,,,,,,,,,,,,,,,,,,,,,,,,,,,>20000,Inhibit cell proliferation in 22Rv1 cells,,,,,,,,,,,,,,,10.1016/j.ejmech.2024.117079,800.913,800.353362496,5.05,59,8,11,2,12,159.71,,"InChI=1S/C45H48N6O8/c1-45(2,29-9-13-33(14-10-29)58-27-32-5-3-8-38(46-32)50-23-25-57-26-24-50)30-11-15-34(16-12-30)59-28-40(53)47-31-19-21-49(22-20-31)36-7-4-6-35-41(36)44(56)51(43(35)55)37-17-18-39(52)48-42(37)54/h3-16,31,37H,17-28H2,1-2H3,(H,47,53)(H,48,52,54)",,IJIYCOXYRQNBHK
9015,P10275,AR-V7,CRBN,,,CC(C)(C1=CC=C(OCC2=CC=CC(N3CCOCC3)=N2)C=C1)C1=CC=C(OCC2CCN(C3=CC=CC4=C3C(=O)N(C3CCC(=O)NC3=O)C4=O)CC2)C=C1,,,,<10/<10,% AR-V7 protein degradation in 22Rv1 cells at 1000/5000 nM for 24h,,,,,,,,,,,,,,,,,,,,,,,,,,,,,,,,,,,,,,,,,,,,,,,,,>20000,Inhibit cell proliferation in 22Rv1 cells,,,,,,,,,,,,,,,10.1016/j.ejmech.2024.117079,757.888,757.347548844,7.62,56,8,10,1,11,130.61,,"InChI=1S/C44H47N5O7/c1-44(2,31-11-15-34(16-12-31)56-28-32-5-3-8-38(45-32)48-23-25-54-26-24-48)30-9-13-33(14-10-30)55-27-29-19-21-47(22-20-29)36-7-4-6-35-40(36)43(53)49(42(35)52)37-17-18-39(50)46-41(37)51/h3-16,29,37H,17-28H2,1-2H3,(H,46,50,51)",,UBKVWBYCRWVQLV
9015,P10275,AR-FL,CRBN,,,CC(C)(C1=CC=C(OCC2=CC=CC(N3CCOCC3)=N2)C=C1)C1=CC=C(OCC2CCN(C3=CC=CC4=C3C(=O)N(C3CCC(=O)NC3=O)C4=O)CC2)C=C1,,,,<10/<10,% AR-FL protein degradation in 22Rv1 cells at 1000/5000 nM for 24h,,,,,,,,,,,,,,,,,,,,,,,,,,,,,,,,,,,,,,,,,,,,,,,,,>20000,Inhibit cell proliferation in 22Rv1 cells,,,,,,,,,,,,,,,10.1016/j.ejmech.2024.117079,757.888,757.347548844,4.63,56,8,10,1,11,130.61,,"InChI=1S/C44H47N5O7/c1-44(2,31-11-15-34(16-12-31)56-28-32-5-3-8-38(45-32)48-23-25-54-26-24-48)30-9-13-33(14-10-30)55-27-29-19-21-47(22-20-29)36-7-4-6-35-40(36)43(53)49(42(35)52)37-17-18-39(50)46-41(37)51/h3-16,29,37H,17-28H2,1-2H3,(H,46,50,51)",,UBKVWBYCRWVQLV
9110,P10275,AR-V7,CRBN,,,CN1C(=O)N(C2CCC(=O)NC2=O)C2=CC=C(CN3CC(C#CC4=CN(C(C)(C)C(=O)NC5=CC=C(C#N)C(C(F)(F)F)=C5)N=C4)C3)C=C21,,,,,,,,,,,,,,,,,,,,,,,,,,,,,,,,,,,,,,,,,,,,,,,,,,,,,,,,,,,,,,,,,,,,,,,672.668,672.242036132,1.99,49,6,10,2,6,147.05,,"InChI=1S/C34H31F3N8O4/c1-33(2,31(48)40-24-8-7-23(14-38)25(13-24)34(35,36)37)44-19-21(15-39-44)4-5-22-17-43(18-22)16-20-6-9-26-28(12-20)42(3)32(49)45(26)27-10-11-29(46)41-30(27)47/h6-9,12-13,15,19,22,27H,10-11,16-18H2,1-3H3,(H,40,48)(H,41,46,47)",,GSHMEBXPEDCBCT
9111,P10275,AR-V7,CRBN,,,CN1C(=O)N(C2CCC(=O)NC2=O)C2=CC=CC(CN3CC(C#CC4=CN(C(C)(C)C(=O)NC5=CC=C(C#N)C(C(F)(F)F)=C5)N=C4)C3)=C21,,,,,,,,,,,,,,,,,,,,,,,,,,,,,,,,,,,,,,,,,,,,,,,,,,,,,,,,,,,,,,,,,,,,,,,672.668,672.242036132,2.73,49,6,10,2,6,147.05,,"InChI=1S/C34H31F3N8O4/c1-33(2,31(48)40-24-10-9-22(14-38)25(13-24)34(35,36)37)44-18-20(15-39-44)7-8-21-16-43(17-21)19-23-5-4-6-26-29(23)42(3)32(49)45(26)27-11-12-28(46)41-30(27)47/h4-6,9-10,13,15,18,21,27H,11-12,16-17,19H2,1-3H3,(H,40,48)(H,41,46,47)",,KXMWIIAHVRIZKM
9112,P10275,AR-V7,CRBN,,,CC(C)(C(=O)NC1=CC=C(C#N)C(C(F)(F)F)=C1)N1C=C(C#CC2CN(C3=CC4=C(C=C3F)C(=O)N(C3CCC(=O)NC3=O)C4=O)C2)C=N1,,,,,,,,,,,,,,,,,,,,,,,,,,,,,,,,,,,,,,,,,,,,,,,,,,,,,,<1000,proliferation inhibition of 22RV1 cells,,,,,,,,,,,,,,,,675.599,675.18532978,2.7,49,6,9,2,5,157.5,,"InChI=1S/C33H25F4N7O5/c1-32(2,31(49)40-20-6-5-19(12-38)23(9-20)33(35,36)37)43-16-17(13-39-43)3-4-18-14-42(15-18)26-11-22-21(10-24(26)34)29(47)44(30(22)48)25-7-8-27(45)41-28(25)46/h5-6,9-11,13,16,18,25H,7-8,14-15H2,1-2H3,(H,40,49)(H,41,45,46)",,GLMXCKQHIOSBSM
9113,P10275,AR-V7,CRBN,,,CC(C)(C(=O)NC1=CN=C(C#N)C(C(F)(F)F)=C1)N1C=C(C#CC2CN(C3=CC=C4C(=O)N(C5CCC(=O)NC5=O)C(=O)C4=C3)C2)C=N1,,,,,,,,,,,,,,,,,,,,,,,,,,,,,,,,,,,,,,,,,,,,,,,,,,,,,,,,,,,,,,,,,,,,,,,658.597,658.19000056,2.7,48,6,10,2,5,170.39,,"InChI=1S/C32H25F3N8O5/c1-31(2,30(48)39-19-9-23(32(33,34)35)24(11-36)37-13-19)42-16-17(12-38-42)3-4-18-14-41(15-18)20-5-6-21-22(10-20)29(47)43(28(21)46)25-7-8-26(44)40-27(25)45/h5-6,9-10,12-13,16,18,25H,7-8,14-15H2,1-2H3,(H,39,48)(H,40,44,45)",,BIGJYSQUGZAYCA
9114,P10275,AR-V7,CRBN,,,CC(C)(C(=O)NC1=CN=C(C#N)C(C(F)(F)F)=C1)N1C=C(C#CC2CN(C3=CC=C4C(=O)N(C5CCC(=O)NC5=O)CC4=C3)C2)C=N1,,,,,,,,,,,,,,,,,,,,,,,,,,,,,,,,,,,,,,,,,,,,,,,,,,,,,,,,,,,,,,,,,,,,,,,644.614,644.210736004,3.22,47,6,9,2,5,153.32,,"InChI=1S/C32H27F3N8O4/c1-31(2,30(47)39-21-10-24(32(33,34)35)25(11-36)37-13-21)43-16-18(12-38-43)3-4-19-14-41(15-19)22-5-6-23-20(9-22)17-42(29(23)46)26-7-8-27(44)40-28(26)45/h5-6,9-10,12-13,16,19,26H,7-8,14-15,17H2,1-2H3,(H,39,47)(H,40,44,45)",,MGCOMXNZSMLWFC
9115,P10275,AR-V7,CRBN,,,CC(C)(C(=O)NC1=CC=C(C#N)C(C(F)(F)F)=C1)N1C=C(C#CC2CN(C3=CC=C4C(=O)N(C5CCC(=O)NC5=O)CC4=C3)C2)C=N1,,,,,,,,,,,,,,,,,,,,,,,,,,,,,,,,,,,,,,,,,,,,,,,,,,,,,,<1000,proliferation inhibition of 22RV1 cells,,,,,,,,,,,,,,,,643.626,643.215487036,2.36,47,6,8,2,5,140.43,,"InChI=1S/C33H28F3N7O4/c1-32(2,31(47)39-23-6-5-21(13-37)26(12-23)33(34,35)36)43-17-19(14-38-43)3-4-20-15-41(16-20)24-7-8-25-22(11-24)18-42(30(25)46)27-9-10-28(44)40-29(27)45/h5-8,11-12,14,17,20,27H,9-10,15-16,18H2,1-2H3,(H,39,47)(H,40,44,45)",,KLKHNHYHPKTQFE
9116,P10275,AR-V7,CRBN,,,CN1C(=O)N(C2CCC(=O)NC2=O)C2=CC=C(N3CC(C#CC4=CN(C(C)(C)C(=O)NC5=CC=C(C#N)C(C(F)(F)F)=C5)N=C4)C3)C=C21,,,,,,,,,,,,,,,,,,,,,,,,,,,,,,,,,,,,,,,,,,,,,,,,,,,,,,,,,,,,,,,,,,,,,,,658.641,658.226386068,3.58,48,6,10,2,5,147.05,,"InChI=1S/C33H29F3N8O4/c1-32(2,30(47)39-22-7-6-21(14-37)24(12-22)33(34,35)36)43-18-19(15-38-43)4-5-20-16-42(17-20)23-8-9-25-27(13-23)41(3)31(48)44(25)26-10-11-28(45)40-29(26)46/h6-9,12-13,15,18,20,26H,10-11,16-17H2,1-3H3,(H,39,47)(H,40,45,46)",,OFDWCOFBSQTGOM
9117,P10275,AR-V7,CRBN,,,CN1C(=O)N(C2CCC(=O)NC2=O)C2=CC=CC(N3CC(C#CC4=CN(C(C)(C)C(=O)NC5=CC=C(C#N)C(C(F)(F)F)=C5)N=C4)C3)=C21,,,,,,,,,,,,,,,,,,,,,,,,,,,,,,,,,,,,,,,,,,,,,,,,,,,,,,,,,,,,,,,,,,,,,,,658.641,658.226386068,3.58,48,6,10,2,5,147.05,,"InChI=1S/C33H29F3N8O4/c1-32(2,30(47)39-22-10-9-21(14-37)23(13-22)33(34,35)36)43-18-19(15-38-43)7-8-20-16-42(17-20)24-5-4-6-25-28(24)41(3)31(48)44(25)26-11-12-27(45)40-29(26)46/h4-6,9-10,13,15,18,20,26H,11-12,16-17H2,1-3H3,(H,39,47)(H,40,45,46)",,SZLSVEFVTOLJOU
9118,P10275,AR-V7,CRBN,,,CC(C)(C(=O)NC1=CC=C(C#N)C(C(F)(F)F)=C1)N1C=C(CCC2CN(C3=CC=C4C(=O)N(C5CCC(O)NC5=O)C(=O)C4=C3)C2)C=N1,,,,,,,,,,,,,,,,,,,,,,,,,,,,,,,,,,,,,,,,,,,,,,,,,,,,,,,,,,,,,,,,,,,,,,,663.657,663.241701784,2.15,48,6,9,3,8,160.66,,"InChI=1S/C33H32F3N7O5/c1-32(2,31(48)39-21-6-5-20(13-37)25(11-21)33(34,35)36)42-17-18(14-38-42)3-4-19-15-41(16-19)22-7-8-23-24(12-22)30(47)43(29(23)46)26-9-10-27(44)40-28(26)45/h5-8,11-12,14,17,19,26-27,44H,3-4,9-10,15-16H2,1-2H3,(H,39,48)(H,40,45)",,NPBFFKLHWDICBK
9119,P10275,AR-V7,CRBN,,,CC(C)(C(=O)NC1=CN=C(C#N)C(C(F)(F)F)=C1)N1C=C(CCC2CN(C3=CC=C4C(=O)N(C5CCC(=O)NC5=O)C(=O)C4=C3)C2)C=N1,,,,,,,,,,,,,,,,,,,,,,,,,,,,,,,,,,,,,,,,,,,,,,,,,,,,,,,,,,,,,,,,,,,,,,,662.629,662.221300688,1.83,48,6,10,2,8,170.39,,"InChI=1S/C32H29F3N8O5/c1-31(2,30(48)39-19-9-23(32(33,34)35)24(11-36)37-13-19)42-16-17(12-38-42)3-4-18-14-41(15-18)20-5-6-21-22(10-20)29(47)43(28(21)46)25-7-8-26(44)40-27(25)45/h5-6,9-10,12-13,16,18,25H,3-4,7-8,14-15H2,1-2H3,(H,39,48)(H,40,44,45)",,MZIHHNZCCSXEIP
9120,P10275,AR-V7,CRBN,,,CC(C)(C(=O)NC1=CC=C(C(F)(F)F)C=C1Cl)N1C=C(C#CC2CN(C3=CC=C4C(=O)N(C5CCC(=O)NC5=O)C(=O)C4=C3)C2)C=N1,<500,,degradation of AR-V7 in prostate cancer cells 22RV1.,,,,,,,,,,,,,,,,,,,,,,,,,,,,,,,,,,,,,,,,,,,,,,,,,,,<50,proliferation inhibition of 22RV1 cells,,,,,,,,,,,,,,,,667.044,666.160530272,3.69,47,6,8,2,5,133.71,,"InChI=1S/C32H26ClF3N6O5/c1-31(2,30(47)38-24-8-5-19(11-23(24)33)32(34,35)36)41-16-17(13-37-41)3-4-18-14-40(15-18)20-6-7-21-22(12-20)29(46)42(28(21)45)25-9-10-26(43)39-27(25)44/h5-8,11-13,16,18,25H,9-10,14-15H2,1-2H3,(H,38,47)(H,39,43,44)",,IZGSGUXCBWXCAM
9121,P10275,AR-V7,CRBN,,,CC(C)(C(=O)NC1=CC=C(C(F)(F)F)C(Cl)=C1)N1C=C(C#CC2CN(C3=CC=C4C(=O)N(C5CCC(=O)NC5=O)C(=O)C4=C3)C2)C=N1,,,,,,,,,,,,,,,,,,,,,,,,,,,,,,,,,,,,,,,,,,,,,,,,,,,,,,<50,proliferation inhibition of 22RV1 cells,,,,,,,,,,,,,,,,667.044,666.160530272,3.68,47,6,8,2,5,133.71,,"InChI=1S/C32H26ClF3N6O5/c1-31(2,30(47)38-19-5-8-23(24(33)11-19)32(34,35)36)41-16-17(13-37-41)3-4-18-14-40(15-18)20-6-7-21-22(12-20)29(46)42(28(21)45)25-9-10-26(43)39-27(25)44/h5-8,11-13,16,18,25H,9-10,14-15H2,1-2H3,(H,38,47)(H,39,43,44)",,AOLBNOGJGAIYDZ
9122,P10275,AR-V7,CRBN,,,CC1=CC(NC(=O)C(C)(C)N2C=C(C#CC3CN(C4=CC=C5C(=O)N(C6CCC(=O)NC6=O)C(=O)C5=C4)C3)C=N2)=CC=C1C#N,,,,,,,,,,,,,,,,,,,,,,,,,,,,,,,,,,,,,,,,,,,,,,,,,,,,,,<1000,proliferation inhibition of 22RV1 cells,,,,,,,,,,,,,,,,603.639,603.223017028,3.06,45,6,9,2,5,157.5,,"InChI=1S/C33H29N7O5/c1-19-12-23(7-6-22(19)14-34)36-32(45)33(2,3)39-18-20(15-35-39)4-5-21-16-38(17-21)24-8-9-25-26(13-24)31(44)40(30(25)43)27-10-11-28(41)37-29(27)42/h6-9,12-13,15,18,21,27H,10-11,16-17H2,1-3H3,(H,36,45)(H,37,41,42)",,BRFNQSCESPSKQJ
9123,P10275,AR-V7,CRBN,,,CC1=CC(NC(=O)C(C)(C)N2C=C(C#CC3CN(C4=CC=C5C(=O)N(C6CCC(=O)NC6=O)S(=O)C5=C4)C3)C=N2)=CC=C1C#N,<500,,degradation of AR-V7 in prostate cancer cells 22RV1.,,,,,,,,,,,,,,,,,,,,,,,,,,,,,,,,,,,,,,,,,,,,,,,,,,,<50,proliferation inhibition of 22RV1 cells,,,,,,,,,,,,,,,,623.695,623.195088028,3.06,45,6,9,2,5,157.5,,"InChI=1S/C32H29N7O5S/c1-19-12-23(7-6-22(19)14-33)35-31(43)32(2,3)38-18-20(15-34-38)4-5-21-16-37(17-21)24-8-9-25-27(13-24)45(44)39(30(25)42)26-10-11-28(40)36-29(26)41/h6-9,12-13,15,18,21,26H,10-11,16-17H2,1-3H3,(H,35,43)(H,36,40,41)",,RWDYRMNQHITFQF
9124,P10275,AR-V7,CRBN,,,O=C1CCC(N2C(=O)C3=CC=C(N4CC(C#CC5=CN(C6(C(=O)NC7=CC=C(C(F)(F)F)C=C7Cl)CCC6)N=C5)C4)C=C3C2=O)C(=O)N1,<500,,degradation of AR-V7 in prostate cancer cells 22RV1.,,,,,,,,,,,,,,,,,,,,,,,,,,,,,,,,,,,,,,,,,,,,,,,,,,,<100,proliferation inhibition of 22RV1 cells,,,,,,,,,,,,,,,,679.055,678.160530272,2.42,48,7,8,2,5,133.71,,"InChI=1S/C33H26ClF3N6O5/c34-24-12-20(33(35,36)37)4-7-25(24)39-31(48)32(10-1-11-32)42-17-18(14-38-42)2-3-19-15-41(16-19)21-5-6-22-23(13-21)30(47)43(29(22)46)26-8-9-27(44)40-28(26)45/h4-7,12-14,17,19,26H,1,8-11,15-16H2,(H,39,48)(H,40,44,45)",,GONWWKIOEDLERH
9125,P10275,AR-V7,CRBN,,,CC(C)(C(=O)NC1=CC=C(C(F)(F)F)C=C1Cl)N1C=C(C#CC2CN(C3=CC4=C(C=C3F)C(=O)N(C3CCC(=O)NC3=O)C4=O)C2)C=N1,,,,,,,,,,,,,,,,,,,,,,,,,,,,,,,,,,,,,,,,,,,,,,,,,,,,,,<1000,proliferation inhibition of 22RV1 cells,,,,,,,,,,,,,,,,685.034,684.15110846,2.42,48,6,8,2,5,133.71,,"InChI=1S/C32H25ClF4N6O5/c1-31(2,30(48)39-23-6-5-18(9-21(23)33)32(35,36)37)42-15-16(12-38-42)3-4-17-13-41(14-17)25-11-20-19(10-22(25)34)28(46)43(29(20)47)24-7-8-26(44)40-27(24)45/h5-6,9-12,15,17,24H,7-8,13-14H2,1-2H3,(H,39,48)(H,40,44,45)",,OXGMJIVHVCVNPE
9126,P10275,AR-V7,CRBN,,,CC1=CC(NC(=O)C(C)(C)N2C=C(C#CC3CN(C4=CC=C5C(=O)N(C6CCC(=O)NC6=O)C(=O)C5=C4)C3)C=N2)=CC=C1Cl,,,,,,,,,,,,,,,,,,,,,,,,,,,,,,,,,,,,,,,,,,,,,,,,,,,,,,<1000,proliferation inhibition of 22RV1 cells,,,,,,,,,,,,,,,,613.074,612.188795708,3.04,44,6,8,2,5,133.71,,"InChI=1S/C32H29ClN6O5/c1-18-12-21(6-9-25(18)33)35-31(44)32(2,3)38-17-19(14-34-38)4-5-20-15-37(16-20)22-7-8-23-24(13-22)30(43)39(29(23)42)26-10-11-27(40)36-28(26)41/h6-9,12-14,17,20,26H,10-11,15-16H2,1-3H3,(H,35,44)(H,36,40,41)",,BOGXSTZDAXMEKV
9127,P10275,AR-V7,CRBN,,,CC1=CC=C(NC(=O)C(C)(C)N2C=C(C#CC3CN(C4=CC=C5C(=O)N(C6CCC(=O)NC6=O)C(=O)C5=C4)C3)C=N2)C=C1Cl,,,,,,,,,,,,,,,,,,,,,,,,,,,,,,,,,,,,,,,,,,,,,,,,,,,,,,<1000,proliferation inhibition of 22RV1 cells,,,,,,,,,,,,,,,,613.074,612.188795708,4.79,44,6,8,2,5,133.71,,"InChI=1S/C32H29ClN6O5/c1-18-4-7-21(12-25(18)33)35-31(44)32(2,3)38-17-19(14-34-38)5-6-20-15-37(16-20)22-8-9-23-24(13-22)30(43)39(29(23)42)26-10-11-27(40)36-28(26)41/h4,7-9,12-14,17,20,26H,10-11,15-16H2,1-3H3,(H,35,44)(H,36,40,41)",,YSVDZZDVZNRXRW
9128,P10275,AR-V7,CRBN,,,CC(C)(C(=O)NC1=CC(Cl)=CC(C#N)=C1)N1C=C(C#CC2CN(C3=CC=C4C(=O)N(C5CCC(=O)NC5=O)C(=O)C4=C3)C2)C=N1,,,,,,,,,,,,,,,,,,,,,,,,,,,,,,,,,,,,,,,,,,,,,,,,,,,,,,,,,,,,,,,,,,,,,,,624.057,623.168394612,1.76,45,6,9,2,5,157.5,,"InChI=1S/C32H26ClN7O5/c1-32(2,31(45)36-22-10-20(13-34)9-21(33)11-22)39-17-18(14-35-39)3-4-19-15-38(16-19)23-5-6-24-25(12-23)30(44)40(29(24)43)26-7-8-27(41)37-28(26)42/h5-6,9-12,14,17,19,26H,7-8,15-16H2,1-2H3,(H,36,45)(H,37,41,42)",,FFYBJSODASNAMV
9129,P10275,AR-V7,CRBN,,,CC(C)(C(=O)NC1=CC=C(C#N)C=C1Cl)N1C=C(C#CC2CN(C3=CC=C4C(=O)N(C5CCC(=O)NC5=O)C(=O)C4=C3)C2)C=N1,,,,,,,,,,,,,,,,,,,,,,,,,,,,,,,,,,,,,,,,,,,,,,,,,,,,,,<50,proliferation inhibition of 22RV1 cells,,,,,,,,,,,,,,,,624.057,623.168394612,1.8,45,6,9,2,5,157.5,,"InChI=1S/C32H26ClN7O5/c1-32(2,31(45)36-25-8-5-18(13-34)11-24(25)33)39-17-19(14-35-39)3-4-20-15-38(16-20)21-6-7-22-23(12-21)30(44)40(29(22)43)26-9-10-27(41)37-28(26)42/h5-8,11-12,14,17,20,26H,9-10,15-16H2,1-2H3,(H,36,45)(H,37,41,42)",,DGCNUGYDQSAXTM
9130,P10275,AR-V7,CRBN,,,CC(C)(C(=O)NC1=CC=C(C#N)C2=CC=CC=C12)N1C=C(C#CC2CN(C3=CC=C4C(=O)N(C5CCC(=O)NC5=O)C(=O)C4=C3)C2)C=N1,<500,,degradation of AR-V7 in prostate cancer cells 22RV1.,,,,,,,,,,,,,,,,,,,,,,,,,,,,,,,,,,,,,,,,,,,,,,,,,,,<50,proliferation inhibition of 22RV1 cells,,,,,,,,,,,,,,,,639.672,639.223017028,2.53,48,7,9,2,5,157.5,,"InChI=1S/C36H29N7O5/c1-36(2,35(48)39-29-12-9-23(16-37)25-5-3-4-6-26(25)29)42-20-21(17-38-42)7-8-22-18-41(19-22)24-10-11-27-28(15-24)34(47)43(33(27)46)30-13-14-31(44)40-32(30)45/h3-6,9-12,15,17,20,22,30H,13-14,18-19H2,1-2H3,(H,39,48)(H,40,44,45)",,WMIISSILDJNWNH
9131,P10275,AR-V7,CRBN,,,CC(C)(C(=O)NC1=CC(Cl)=C(C(F)(F)F)C(Cl)=C1)N1C=C(C#CC2CN(C3=CC=C4C(=O)N(C5CCC(=O)OC5=O)C(=O)C4=C3)C2)C=N1,,,,,,,,,,,,,,,,,,,,,,,,,,,,,,,,,,,,,,,,,,,,,,,,,,,,,,<1000,proliferation inhibition of 22RV1 cells,,,,,,,,,,,,,,,,702.473,701.105573508,2.78,48,6,9,1,5,130.91,,"InChI=1S/C32H24Cl2F3N5O6/c1-31(2,30(47)39-18-9-22(33)26(23(34)10-18)32(35,36)37)41-15-16(12-38-41)3-4-17-13-40(14-17)19-5-6-20-21(11-19)28(45)42(27(20)44)24-7-8-25(43)48-29(24)46/h5-6,9-12,15,17,24H,7-8,13-14H2,1-2H3,(H,39,47)",,GFIWLUCDRBMNHX
9132,P10275,AR-V7,CRBN,,,COC1=CC(NC(=O)C(C)(C)N2C=C(C#CC3CN(C4=CC=C5C(=O)N(C6CCC(=O)NC6=O)C(=O)C5=C4)C3)C=N2)=CC=C1C#N,,,,,,,,,,,,,,,,,,,,,,,,,,,,,,,,,,,,,,,,,,,,,,,,,,,,,,<1000,proliferation inhibition of 22RV1 cells,,,,,,,,,,,,,,,,619.638,619.217931648,1.89,46,6,10,2,6,166.73,,"InChI=1S/C33H29N7O6/c1-33(2,32(45)36-22-7-6-21(14-34)27(12-22)46-3)39-18-19(15-35-39)4-5-20-16-38(17-20)23-8-9-24-25(13-23)31(44)40(30(24)43)26-10-11-28(41)37-29(26)42/h6-9,12-13,15,18,20,26H,10-11,16-17H2,1-3H3,(H,36,45)(H,37,41,42)",,JXCNKJFLNVCQDP
9133,P10275,AR-V7,CRBN,,,CC(C)(C(=O)NC1=CSC(C#N)=C1)N1C=C(C#CC2CN(C3=CC=C4C(=O)N(C5CCC(=O)NC5=O)C(=O)C4=C3)C2)C=N1,,,,,,,,,,,,,,,,,,,,,,,,,,,,,,,,,,,,,,,,,,,,,,,,,,,,,,,,,,,,,,,,,,,,,,,595.641,595.1637879,3.65,43,6,10,2,5,157.5,,"InChI=1S/C30H25N7O5S/c1-30(2,29(42)33-19-9-21(11-31)43-16-19)36-15-17(12-32-36)3-4-18-13-35(14-18)20-5-6-22-23(10-20)28(41)37(27(22)40)24-7-8-25(38)34-26(24)39/h5-6,9-10,12,15-16,18,24H,7-8,13-14H2,1-2H3,(H,33,42)(H,34,38,39)",,YQJPOALYKVXFRS
9134,P10275,AR-V7,CRBN,,,CC(C)(C(=O)NC1=CC=C([N+](=O)[O-])C(Cl)=C1)N1C=C(C#CC2CN(C3=CC=C4C(=O)N(C5CCC(=O)NC5=O)C(=O)C4=C3)C2)C=N1,,,,,,,,,,,,,,,,,,,,,,,,,,,,,,,,,,,,,,,,,,,,,,,,,,,,,,<1000,proliferation inhibition of 22RV1 cells,,,,,,,,,,,,,,,,644.044,643.158223852,2.7,46,6,10,2,6,176.85,,"InChI=1S/C31H26ClN7O7/c1-31(2,30(44)34-19-5-8-24(39(45)46)23(32)11-19)37-16-17(13-33-37)3-4-18-14-36(15-18)20-6-7-21-22(12-20)29(43)38(28(21)42)25-9-10-26(40)35-27(25)41/h5-8,11-13,16,18,25H,9-10,14-15H2,1-2H3,(H,34,44)(H,35,40,41)",,HUEFAMFZYHCSGM
9135,P10275,AR-V7,CRBN,,,CC(C)(C(=O)NC1=CC=C([N+](=O)[O-])C(C(F)(F)F)=C1)N1C=C(C#CC2CN(C3=CC=C4C(=O)N(C5CCC(=O)NC5=O)C(=O)C4=C3)C2)C=N1,,,,,,,,,,,,,,,,,,,,,,,,,,,,,,,,,,,,,,,,,,,,,,,,,,,,,,<1000,proliferation inhibition of 22RV1 cells,,,,,,,,,,,,,,,,677.596,677.184580832,3.86,49,6,10,2,6,176.85,,"InChI=1S/C32H26F3N7O7/c1-31(2,30(47)37-19-5-8-24(42(48)49)23(11-19)32(33,34)35)40-16-17(13-36-40)3-4-18-14-39(15-18)20-6-7-21-22(12-20)29(46)41(28(21)45)25-9-10-26(43)38-27(25)44/h5-8,11-13,16,18,25H,9-10,14-15H2,1-2H3,(H,37,47)(H,38,43,44)",,KGCJGUVOQODPFZ
9136,P10275,AR-V7,CRBN,,,CC(C)(C(=O)NC1=CC=C(C#N)C=C1F)N1C=C(C#CC2CN(C3=CC=C4C(=O)N(C5CCC(=O)NC5=O)C(=O)C4=C3)C2)C=N1,,,,,,,,,,,,,,,,,,,,,,,,,,,,,,,,,,,,,,,,,,,,,,,,,,,,,,<1000,proliferation inhibition of 22RV1 cells,,,,,,,,,,,,,,,,607.602,607.197945152,3.05,45,6,9,2,5,157.5,,"InChI=1S/C32H26FN7O5/c1-32(2,31(45)36-25-8-5-18(13-34)11-24(25)33)39-17-19(14-35-39)3-4-20-15-38(16-20)21-6-7-22-23(12-21)30(44)40(29(22)43)26-9-10-27(41)37-28(26)42/h5-8,11-12,14,17,20,26H,9-10,15-16H2,1-2H3,(H,36,45)(H,37,41,42)",,JOVDFIREZBFAHB
9137,P10275,AR-V7,CRBN,,,CC(C)(C(=O)NC1=CC=C(C(F)(F)F)C=C1Br)N1C=C(C#CC2CN(C3=CC=C4C(=O)N(C5CCC(=O)NC5=O)C(=O)C4=C3)C2)C=N1,<500,,degradation of AR-V7 in prostate cancer cells 22RV1.,,,,,,,,,,,,,,,,,,,,,,,,,,,,,,,,,,,,,,,,,,,,,,,,,,,<50,proliferation inhibition of 22RV1 cells,,,,,,,,,,,,,,,,711.495,710.110014692,1.89,47,6,8,2,5,133.71,,"InChI=1S/C32H26BrF3N6O5/c1-31(2,30(47)38-24-8-5-19(11-23(24)33)32(34,35)36)41-16-17(13-37-41)3-4-18-14-40(15-18)20-6-7-21-22(12-20)29(46)42(28(21)45)25-9-10-26(43)39-27(25)44/h5-8,11-13,16,18,25H,9-10,14-15H2,1-2H3,(H,38,47)(H,39,43,44)",,MVUXQJVHHPUYGV
9138,P10275,AR-V7,CRBN,,,CC(C)(C(=O)NC1=CC=C(C#N)C(C2CC2)=C1)N1C=C(C#CC2CN(C3=CC=C4C(=O)N(C5CCC(=O)NC5=O)C(=O)C4=C3)C2)C=N1,<500,,degradation of AR-V7 in prostate cancer cells 22RV1.,,,,,,,,,,,,,,,,,,,,,,,,,,,,,,,,,,,,,,,,,,,,,,,,,,,<100,proliferation inhibition of 22RV1 cells,,,,,,,,,,,,,,,,629.677,629.238667092,3.79,47,7,9,2,6,157.5,,"InChI=1S/C35H31N7O5/c1-35(2,34(47)38-24-8-7-23(15-36)27(13-24)22-5-6-22)41-19-20(16-37-41)3-4-21-17-40(18-21)25-9-10-26-28(14-25)33(46)42(32(26)45)29-11-12-30(43)39-31(29)44/h7-10,13-14,16,19,21-22,29H,5-6,11-12,17-18H2,1-2H3,(H,38,47)(H,39,43,44)",,QNLOUMXTRKGUMP
9139,P10275,AR-V7,CRBN,,,CC(C)(C(=O)NC1=CC=C(C(F)(F)F)C=C1C1CC1)N1C=C(C#CC2CN(C3=CC=C4C(=O)N(C5CCC(=O)NC5=O)C(=O)C4=C3)C2)C=N1,<500,,degradation of AR-V7 in prostate cancer cells 22RV1.,,,,,,,,,,,,,,,,,,,,,,,,,,,,,,,,,,,,,,,,,,,,,,,,,,,<50,proliferation inhibition of 22RV1 cells,,,,,,,,,,,,,,,,672.664,672.230802752,3.15,49,7,8,2,6,133.71,,"InChI=1S/C35H31F3N6O5/c1-34(2,33(49)40-27-10-7-22(35(36,37)38)13-25(27)21-5-6-21)43-18-19(15-39-43)3-4-20-16-42(17-20)23-8-9-24-26(14-23)32(48)44(31(24)47)28-11-12-29(45)41-30(28)46/h7-10,13-15,18,20-21,28H,5-6,11-12,16-17H2,1-2H3,(H,40,49)(H,41,45,46)",,IRYATBWRHSMIIF
9140,P10275,AR-V7,CRBN,,,CC(C)(C(=O)NC1=CC=C(C(F)(F)F)C=C1F)N1C=C(C#CC2CN(C3=CC=C4C(=O)N(C5CCC(=O)NC5=O)C(=O)C4=C3)C2)C=N1,,,,,,,,,,,,,,,,,,,,,,,,,,,,,,,,,,,,,,,,,,,,,,,,,,,,,,<100,proliferation inhibition of 22RV1 cells,,,,,,,,,,,,,,,,650.589,650.190080812,3.98,47,6,8,2,5,133.71,,"InChI=1S/C32H26F4N6O5/c1-31(2,30(47)38-24-8-5-19(11-23(24)33)32(34,35)36)41-16-17(13-37-41)3-4-18-14-40(15-18)20-6-7-21-22(12-20)29(46)42(28(21)45)25-9-10-26(43)39-27(25)44/h5-8,11-13,16,18,25H,9-10,14-15H2,1-2H3,(H,38,47)(H,39,43,44)",,JTALFPLCGYLLGD
9141,P10275,AR-V7,CRBN,,,CC(C)(C(=O)NC1=CC=C(C#N)C(F)=C1)N1C=C(C#CC2CN(C3=CC=C4C(=O)N(C5CCC(=O)NC5=O)C(=O)C4=C3)C2)C=N1,,,,,,,,,,,,,,,,,,,,,,,,,,,,,,,,,,,,,,,,,,,,,,,,,,,,,,<1000,proliferation inhibition of 22RV1 cells,,,,,,,,,,,,,,,,607.602,607.197945152,2.59,45,6,9,2,5,157.5,,"InChI=1S/C32H26FN7O5/c1-32(2,31(45)36-21-6-5-20(13-34)25(33)11-21)39-17-18(14-35-39)3-4-19-15-38(16-19)22-7-8-23-24(12-22)30(44)40(29(23)43)26-9-10-27(41)37-28(26)42/h5-8,11-12,14,17,19,26H,9-10,15-16H2,1-2H3,(H,36,45)(H,37,41,42)",,BGLFYJKPFGXMBH
9142,P10275,AR-V7,CRBN,,,O=C1CCC(N2C(=O)C3=CC(F)=C(N4CC(C#CC5=CN(C6(C(=O)NC7=CC=C(C(F)(F)F)C=C7Cl)CCC6)N=C5)C4)C=C3C2=O)C(=O)N1,,,,,,,,,,,,,,,,,,,,,,,,,,,,,,,,,,,,,,,,,,,,,,,,,,,,,,<1000,proliferation inhibition of 22RV1 cells,,,,,,,,,,,,,,,,697.045,696.15110846,2.48,49,7,8,2,5,133.71,,"InChI=1S/C33H25ClF4N6O5/c34-22-10-19(33(36,37)38)4-5-24(22)40-31(49)32(8-1-9-32)43-16-17(13-39-43)2-3-18-14-42(15-18)26-12-21-20(11-23(26)35)29(47)44(30(21)48)25-6-7-27(45)41-28(25)46/h4-5,10-13,16,18,25H,1,6-9,14-15H2,(H,40,49)(H,41,45,46)",,CPUAGKXFPJUNEI
9143,P10275,AR-V7,CRBN,,,N#CC1=CC=C(NC(=O)C2(N3C=C(C#CC4CN(C5=CC=C6C(=O)N(C7CCC(=O)NC7=O)C(=O)C6=C5)C4)C=N3)CCC2)C2=CC=CC=C12,,,,,,,,,,,,,,,,,,,,,,,,,,,,,,,,,,,,,,,,,,,,,,,,,,,,,,<100,proliferation inhibition of 22RV1 cells,,,,,,,,,,,,,,,,651.683,651.223017028,2.4,49,8,9,2,5,157.5,,"InChI=1S/C37H29N7O5/c38-17-24-8-11-30(27-5-2-1-4-26(24)27)40-36(49)37(14-3-15-37)43-21-22(18-39-43)6-7-23-19-42(20-23)25-9-10-28-29(16-25)35(48)44(34(28)47)31-12-13-32(45)41-33(31)46/h1-2,4-5,8-11,16,18,21,23,31H,3,12-15,19-20H2,(H,40,49)(H,41,45,46)",,HLLLJNQFMHPCHE
9144,P10275,AR-V7,CRBN,,,O=C1CCC(N2C(=O)C3=CC=C(N4CC(C#CC5=CN(C6(C(=O)NC7=CC=C(C(F)(F)F)C=C7C7CC7)CCC6)N=C5)C4)C=C3C2=O)C(=O)N1,,,,,,,,,,,,,,,,,,,,,,,,,,,,,,,,,,,,,,,,,,,,,,,,,,,,,,<50,proliferation inhibition of 22RV1 cells,,,,,,,,,,,,,,,,684.675,684.230802752,2.7,50,8,8,2,6,133.71,,"InChI=1S/C36H31F3N6O5/c37-36(38,39)23-6-9-28(26(14-23)22-4-5-22)41-34(50)35(12-1-13-35)44-19-20(16-40-44)2-3-21-17-43(18-21)24-7-8-25-27(15-24)33(49)45(32(25)48)29-10-11-30(46)42-31(29)47/h6-9,14-16,19,21-22,29H,1,4-5,10-13,17-18H2,(H,41,50)(H,42,46,47)",,NPAARZKLEYJEPQ
9145,P10275,AR-V7,CRBN,,,N#CC1=CC=C(NC(=O)C2(N3C=C(C#CC4CN(C5=CC=C6C(=O)N(C7CCC(=O)NC7=O)C(=O)C6=C5)C4)C=N3)CCC2)C=C1Br,,,,,,,,,,,,,,,,,,,,,,,,,,,,,,,,,,,,,,,,,,,,,,,,,,,,,,,,,,,,,,,,,,,,,,,680.519,679.117879032,2.81,46,7,9,2,5,157.5,,"InChI=1S/C33H26BrN7O5/c34-26-12-22(5-4-21(26)14-35)37-32(46)33(10-1-11-33)40-18-19(15-36-40)2-3-20-16-39(17-20)23-6-7-24-25(13-23)31(45)41(30(24)44)27-8-9-28(42)38-29(27)43/h4-7,12-13,15,18,20,27H,1,8-11,16-17H2,(H,37,46)(H,38,42,43)",,XSSIVHSWRAOHNY
9146,P10275,AR-V7,CRBN,,,CC(C)(C(=O)NC1=CC=C(C#N)C(Br)=C1)N1C=C(C#CC2CN(C3=CC=C4C(=O)N(C5CCC(=O)NC5=O)C(=O)C4=C3)C2)C=N1,,,,,,,,,,,,,,,,,,,,,,,,,,,,,,,,,,,,,,,,,,,,,,,,,,,,,,<50,proliferation inhibition of 22RV1 cells,,,,,,,,,,,,,,,,668.508,667.117879032,3.73,45,6,9,2,5,157.5,,"InChI=1S/C32H26BrN7O5/c1-32(2,31(45)36-21-6-5-20(13-34)25(33)11-21)39-17-18(14-35-39)3-4-19-15-38(16-19)22-7-8-23-24(12-22)30(44)40(29(23)43)26-9-10-27(41)37-28(26)42/h5-8,11-12,14,17,19,26H,9-10,15-16H2,1-2H3,(H,36,45)(H,37,41,42)",,CKMBJCFAAZKJJQ
9147,P10275,AR-V7,CRBN,,,CC(C)(C(=O)NC1=CC=C(C#N)C(N2CCCC2)=C1)N1C=C(C#CC2CN(C3=CC=C4C(=O)N(C5CCC(=O)NC5=O)C(=O)C4=C3)C2)C=N1,,,,,,,,,,,,,,,,,,,,,,,,,,,,,,,,,,,,,,,,,,,,,,,,,,,,,,<50,proliferation inhibition of 22RV1 cells,,,,,,,,,,,,,,,,658.719,658.265216188,3.22,49,7,10,2,6,160.74,,"InChI=1S/C36H34N8O5/c1-36(2,35(49)39-25-8-7-24(17-37)30(15-25)41-13-3-4-14-41)43-21-22(18-38-43)5-6-23-19-42(20-23)26-9-10-27-28(16-26)34(48)44(33(27)47)29-11-12-31(45)40-32(29)46/h7-10,15-16,18,21,23,29H,3-4,11-14,19-20H2,1-2H3,(H,39,49)(H,40,45,46)",,KUUQNCNALINHBE
9148,P10275,AR-V7,CRBN,,,CC(C)(C(=O)NC1=CC=C(C#N)C=C1C1CC1)N1C=C(C#CC2CN(C3=CC=C4C(=O)N(C5CCC(=O)NC5=O)C(=O)C4=C3)C2)C=N1,<500,,degradation of AR-V7 in prostate cancer cells 22RV1.,,,,,,,,,,,,,,,,,,,,,,,,,,,,,,,,,,,,,,,,,,,,,,,,,,,<50,proliferation inhibition of 22RV1 cells,,,,,,,,,,,,,,,,629.677,629.238667092,2.06,47,7,9,2,6,157.5,,"InChI=1S/C35H31N7O5/c1-35(2,34(47)38-28-10-5-20(15-36)13-26(28)23-6-7-23)41-19-21(16-37-41)3-4-22-17-40(18-22)24-8-9-25-27(14-24)33(46)42(32(25)45)29-11-12-30(43)39-31(29)44/h5,8-10,13-14,16,19,22-23,29H,6-7,11-12,17-18H2,1-2H3,(H,38,47)(H,39,43,44)",,MBTCJMGGQLPXHE
9149,P10275,AR-V7,CRBN,,,N#CC1=CC=C(NC(=O)C2(N3C=C(C#CC4CN(C5=CC=C6C(=O)N(C7CCC(=O)NC7=O)C(=O)C6=C5)C4)C=N3)CCC2)C=C1C1CC1,,,,,,,,,,,,,,,,,,,,,,,,,,,,,,,,,,,,,,,,,,,,,,,,,,,,,,<100,proliferation inhibition of 22RV1 cells,,,,,,,,,,,,,,,,641.688,641.238667092,2.67,48,8,9,2,6,157.5,,"InChI=1S/C36H31N7O5/c37-16-24-6-7-25(14-28(24)23-4-5-23)39-35(48)36(12-1-13-36)42-20-21(17-38-42)2-3-22-18-41(19-22)26-8-9-27-29(15-26)34(47)43(33(27)46)30-10-11-31(44)40-32(30)45/h6-9,14-15,17,20,22-23,30H,1,4-5,10-13,18-19H2,(H,39,48)(H,40,44,45)",,XPKRFPPHJBKJPH
9150,P10275,AR-V7,CRBN,,,CCC(CC)(C(=O)NC1=CC=C(C#N)C(C(F)(F)F)=C1)N1C=C(C#CC2CN(C3=CC=C4C(=O)N(C5CCC(=O)NC5=O)C(=O)C4=C3)C2)C=N1,,,,,,,,,,,,,,,,,,,,,,,,,,,,,,,,,,,,,,,,,,,,,,,,,,,,,,<50,proliferation inhibition of 22RV1 cells,,,,,,,,,,,,,,,,685.663,685.22605172,2.81,50,6,9,2,7,157.5,,"InChI=1S/C35H30F3N7O5/c1-3-34(4-2,33(50)41-23-8-7-22(15-39)27(13-23)35(36,37)38)44-19-20(16-40-44)5-6-21-17-43(18-21)24-9-10-25-26(14-24)32(49)45(31(25)48)28-11-12-29(46)42-30(28)47/h7-10,13-14,16,19,21,28H,3-4,11-12,17-18H2,1-2H3,(H,41,50)(H,42,46,47)",,FPTZPVCBPSTLGC
9151,P10275,AR-V7,CRBN,,,CC(C)(C(=O)NC1=CC=C(C(F)(F)F)C=C1C#N)N1C=C(C#CC2CN(C3=CC=C4C(=O)N(C5CCC(=O)NC5=O)C(=O)C4=C3)C2)C=N1,,,,,,,,,,,,,,,,,,,,,,,,,,,,,,,,,,,,,,,,,,,,,,,,,,,,,,<1000,proliferation inhibition of 22RV1 cells,,,,,,,,,,,,,,,,657.609,657.194751592,3.2,48,6,9,2,5,157.5,,"InChI=1S/C33H26F3N7O5/c1-32(2,31(48)39-25-8-5-21(33(34,35)36)11-20(25)13-37)42-17-18(14-38-42)3-4-19-15-41(16-19)22-6-7-23-24(12-22)30(47)43(29(23)46)26-9-10-27(44)40-28(26)45/h5-8,11-12,14,17,19,26H,9-10,15-16H2,1-2H3,(H,39,48)(H,40,44,45)",,UJMXINHLLAYAEC
9152,P10275,AR-V7,CRBN,,,CC(C)(C(=O)NC1=CC=C(C#N)C2=NC=CC=C12)N1C=C(C#CC2CN(C3=CC=C4C(=O)N(C5CCC(=O)NC5=O)C(=O)C4=C3)C2)C=N1,,,,,,,,,,,,,,,,,,,,,,,,,,,,,,,,,,,,,,,,,,,,,,,,,,,,,,<1000,proliferation inhibition of 22RV1 cells,,,,,,,,,,,,,,,,640.66,640.218265996,1.31,48,7,10,2,5,170.39,,"InChI=1S/C35H28N8O5/c1-35(2,34(48)39-27-10-7-22(15-36)30-25(27)4-3-13-37-30)42-19-20(16-38-42)5-6-21-17-41(18-21)23-8-9-24-26(14-23)33(47)43(32(24)46)28-11-12-29(44)40-31(28)45/h3-4,7-10,13-14,16,19,21,28H,11-12,17-18H2,1-2H3,(H,39,48)(H,40,44,45)",,PMSJKPQUTXLEDZ
9153,P10275,AR-V7,CRBN,,,CC(C)(C(=O)NC1=CC=C(C#N)C=C1C(F)(F)F)N1C=C(C#CC2CN(C3=CC=C4C(=O)N(C5CCC(=O)NC5=O)C(=O)C4=C3)C2)C=N1,,,,,,,,,,,,,,,,,,,,,,,,,,,,,,,,,,,,,,,,,,,,,,,,,,,,,,<1000,proliferation inhibition of 22RV1 cells,,,,,,,,,,,,,,,,657.609,657.194751592,3.14,48,6,9,2,5,157.5,,"InChI=1S/C33H26F3N7O5/c1-32(2,31(48)39-25-8-5-18(13-37)11-24(25)33(34,35)36)42-17-19(14-38-42)3-4-20-15-41(16-20)21-6-7-22-23(12-21)30(47)43(29(22)46)26-9-10-27(44)40-28(26)45/h5-8,11-12,14,17,20,26H,9-10,15-16H2,1-2H3,(H,39,48)(H,40,44,45)",,HCBSUGKOBXJKQI
9154,P10275,AR-V7,CRBN,,,N#CC1=CC=C(NC(=O)C2(N3C=C(C#CC4CN(C5=CC=C6C(=O)N(C7CCC(=O)NC7=O)C(=O)C6=C5)C4)C=N3)CCC2)C(C2CC2)=C1,,,,,,,,,,,,,,,,,,,,,,,,,,,,,,,,,,,,,,,,,,,,,,,,,,,,,,<50,proliferation inhibition of 22RV1 cells,,,,,,,,,,,,,,,,641.688,641.238667092,2.98,48,8,9,2,6,157.5,,"InChI=1S/C36H31N7O5/c37-16-21-4-9-29(27(14-21)24-5-6-24)39-35(48)36(12-1-13-36)42-20-22(17-38-42)2-3-23-18-41(19-23)25-7-8-26-28(15-25)34(47)43(33(26)46)30-10-11-31(44)40-32(30)45/h4,7-9,14-15,17,20,23-24,30H,1,5-6,10-13,18-19H2,(H,39,48)(H,40,44,45)",,IBSQCKWIQPUMPK
9155,P10275,AR-V7,CRBN,,,CCC(C)(C(=O)NC1=CC=C(C#N)C(C(F)(F)F)=C1)N1C=C(C#CC2CN(C3=CC=C4C(=O)N(C5CCC(=O)NC5=O)C(=O)C4=C3)C2)C=N1,,,,,,,,,,,,,,,,,,,,,,,,,,,,,,,,,,,,,,,,,,,,,,,,,,,,,,<1000,proliferation inhibition of 22RV1 cells,,,,,,,,,,,,,,,,671.636,671.210401656,2.51,49,6,9,2,6,157.5,,"InChI=1S/C34H28F3N7O5/c1-3-33(2,32(49)40-22-7-6-21(14-38)26(12-22)34(35,36)37)43-18-19(15-39-43)4-5-20-16-42(17-20)23-8-9-24-25(13-23)31(48)44(30(24)47)27-10-11-28(45)41-29(27)46/h6-9,12-13,15,18,20,27H,3,10-11,16-17H2,1-2H3,(H,40,49)(H,41,45,46)",,XAEAKSFMCQXEID
9156,P10275,AR-V7,CRBN,,,N#CC1CC=C(NC(=O)CN2C=C(C#CC3CN(C4=CC=C5C(=O)N(C6CCC(=O)NC6=O)C(=O)C5=C4)C3)C=N2)C=C1C(F)(F)F,,,,,,,,,,,,,,,,,,,,,,,,,,,,,,,,,,,,,,,,,,,,,,,,,,,,,,<50,proliferation inhibition of 22RV1 cells,,,,,,,,,,,,,,,,631.571,631.179101528,2.92,46,6,9,2,5,157.5,,"InChI=1S/C31H24F3N7O5/c32-31(33,34)24-9-20(4-3-19(24)11-35)37-27(43)16-40-15-17(12-36-40)1-2-18-13-39(14-18)21-5-6-22-23(10-21)30(46)41(29(22)45)25-7-8-26(42)38-28(25)44/h4-6,9-10,12,15,18-19,25H,3,7-8,13-14,16H2,(H,37,43)(H,38,42,44)",,OVNUKOUIYBVRAF
9157,P10275,AR-V7,CRBN,,,N#CC1=CC=C(NC(=O)C2(N3C=C(C#CC4CN(C5=CC=C6C(=O)N(C7CCC(=O)NC7=O)C(=O)C6=C5)C4)C=N3)CCCC2)C=C1C(F)(F)F,,,,,,,,,,,,,,,,,,,,,,,,,,,,,,,,,,,,,,,,,,,,,,,,,,,,,,<100,proliferation inhibition of 22RV1 cells,,,,,,,,,,,,,,,,683.647,683.210401656,2.78,50,7,9,2,5,157.5,,"InChI=1S/C35H28F3N7O5/c36-35(37,38)27-13-23(6-5-22(27)15-39)41-33(50)34(11-1-2-12-34)44-19-20(16-40-44)3-4-21-17-43(18-21)24-7-8-25-26(14-24)32(49)45(31(25)48)28-9-10-29(46)42-30(28)47/h5-8,13-14,16,19,21,28H,1-2,9-12,17-18H2,(H,41,50)(H,42,46,47)",,JWFGIQUNXZWRAY
9158,P10275,AR-V7,CRBN,,,N#CC1=CC(C(F)(F)F)=CC=C1NC(=O)C1(N2C=C(C#CC3CN(C4=CC=C5C(=O)N(C6CCC(=O)NC6=O)C(=O)C5=C4)C3)C=N2)CC1,,,,,,,,,,,,,,,,,,,,,,,,,,,,,,,,,,,,,,,,,,,,,,,,,,,,,,,,,,,,,,,,,,,,,,,655.593,655.179101528,3.57,48,7,9,2,5,157.5,,"InChI=1S/C33H24F3N7O5/c34-33(35,36)21-3-6-25(20(11-21)13-37)39-31(48)32(9-10-32)42-17-18(14-38-42)1-2-19-15-41(16-19)22-4-5-23-24(12-22)30(47)43(29(23)46)26-7-8-27(44)40-28(26)45/h3-6,11-12,14,17,19,26H,7-10,15-16H2,(H,39,48)(H,40,44,45)",,KVJHONJBFMPLMO
9159,P10275,AR-V7,CRBN,,,N#CC1=CC=C(NC(=O)C2(N3C=C(C#CC4CN(C5=CC=C6C(=O)N(C7CCC(=O)NC7=O)C(=O)C6=C5)C4)C=N3)CCC2)C=C1N1CCCC1,,,,,,,,,,,,,,,,,,,,,,,,,,,,,,,,,,,,,,,,,,,,,,,,,,,,,,<100,proliferation inhibition of 22RV1 cells,,,,,,,,,,,,,,,,670.73,670.265216188,2.92,50,8,10,2,6,160.74,,"InChI=1S/C37H34N8O5/c38-18-25-6-7-26(16-31(25)42-14-1-2-15-42)40-36(50)37(12-3-13-37)44-22-23(19-39-44)4-5-24-20-43(21-24)27-8-9-28-29(17-27)35(49)45(34(28)48)30-10-11-32(46)41-33(30)47/h6-9,16-17,19,22,24,30H,1-3,10-15,20-21H2,(H,40,50)(H,41,46,47)",,NJXVHZHOHYTJSO
9160,P10275,AR-V7,CRBN,,,CC(C)(C(=O)NC1=CC=C(C(F)(F)F)C=C1N1C=CC=N1)N1C=C(C#CC2CN(C3=CC=C4C(=O)N(C5CCC(=O)NC5=O)C(=O)C4=C3)C2)C=N1,,,,,,,,,,,,,,,,,,,,,,,,,,,,,,,,,,,,,,,,,,,,,,,,,,,,,,<50,proliferation inhibition of 22RV1 cells,,,,,,,,,,,,,,,,698.662,698.221300688,3.84,51,7,10,2,6,151.53,,"InChI=1S/C35H29F3N8O5/c1-34(2,33(51)41-26-9-6-22(35(36,37)38)14-28(26)44-13-3-12-39-44)45-19-20(16-40-45)4-5-21-17-43(18-21)23-7-8-24-25(15-23)32(50)46(31(24)49)27-10-11-29(47)42-30(27)48/h3,6-9,12-16,19,21,27H,10-11,17-18H2,1-2H3,(H,41,51)(H,42,47,48)",,QIPZETRKVFPVED
9161,P10275,AR-V7,CRBN,,,CNC(=O)C1=CC(C(F)(F)F)=CC=C1NC(=O)C(C)(C)N1C=C(C#CC2CN(C3=CC=C4C(=O)N(C5CCC(=O)NC5=O)C(=O)C4=C3)C2)C=N1,,,,,,,,,,,,,,,,,,,,,,,,,,,,,,,,,,,,,,,,,,,,,,,,,,,,,,<1000,proliferation inhibition of 22RV1 cells,,,,,,,,,,,,,,,,689.651,689.22096634,2.64,50,6,9,3,6,162.81,,"InChI=1S/C34H30F3N7O6/c1-33(2,32(50)40-25-9-6-20(34(35,36)37)12-24(25)28(46)38-3)43-17-18(14-39-43)4-5-19-15-42(16-19)21-7-8-22-23(13-21)31(49)44(30(22)48)26-10-11-27(45)41-29(26)47/h6-9,12-14,17,19,26H,10-11,15-16H2,1-3H3,(H,38,46)(H,40,50)(H,41,45,47)",,VCENMMRDBCTGNQ
9162,P10275,AR-V7,CRBN,,,O=C1CCC(N2C(=O)C3=CC=C(N4CC(N5CC(C#CC6=CN(C7(C(=O)NC8=CC=C(C(F)(F)F)C=C8Cl)CCC7)N=C6)C5)C4)C=C3C2=O)C(=O)N1,,,,,,,,,,,,,,,,,,,,,,,,,,,,,,,,,,,,,,,,,,,,,,,,,,,,,,,,,,,,,,,,,,,,,,,734.135,733.202729432,3.28,52,8,9,2,6,136.95,,"InChI=1S/C36H31ClF3N7O5/c37-27-12-22(36(38,39)40)4-7-28(27)42-34(52)35(10-1-11-35)46-17-20(14-41-46)2-3-21-15-44(16-21)24-18-45(19-24)23-5-6-25-26(13-23)33(51)47(32(25)50)29-8-9-30(48)43-31(29)49/h4-7,12-14,17,21,24,29H,1,8-11,15-16,18-19H2,(H,42,52)(H,43,48,49)",,UFGVYBAULFPUCX
9163,P10275,AR-V7,CRBN,,,CC(C)(C(=O)NC1=CC=C(C#N)C2=CC=CC=C12)N1C=C(C#CC2CN(C3CN(C4=CC=C5C(=O)N(C6CCC(=O)NC6=O)C(=O)C5=C4)C3)C2)C=N1,,,,,,,,,,,,,,,,,,,,,,,,,,,,,,,,,,,,,,,,,,,,,,,,,,,,,,,,,,,,,,,,,,,,,,,694.752,694.265216188,3.67,52,8,10,2,6,160.74,,"InChI=1S/C39H34N8O5/c1-39(2,38(52)42-32-12-9-25(16-40)28-5-3-4-6-29(28)32)46-20-23(17-41-46)7-8-24-18-44(19-24)27-21-45(22-27)26-10-11-30-31(15-26)37(51)47(36(30)50)33-13-14-34(48)43-35(33)49/h3-6,9-12,15,17,20,24,27,33H,13-14,18-19,21-22H2,1-2H3,(H,42,52)(H,43,48,49)",,YPPVSBCYZDAWJJ
9164,P10275,AR-V7,CRBN,,,CC(C)(C(=O)NC1=CC=C(N)C2=CC=CC=C12)N1C=C(C2CCN(C3C[C@@H]4CN(C5=CC=C6C(=O)N(C7CCC(=O)NC7=O)C(=O)C6=C5)C[C@@H]4C3)CC2)C=N1,,,,,,,,,,,,,,,,,,,,,,,,,,,,,,,,,,,,,,,,,,,,,,,,,,,,,,,,,,,,,,,,,,,,,,,742.881,742.359116572,3.32,55,9,10,3,7,162.97,,"InChI=1S/C42H46N8O5/c1-42(2,41(55)45-35-10-9-34(43)30-5-3-4-6-31(30)35)49-23-27(20-44-49)24-13-15-47(16-14-24)29-17-25-21-48(22-26(25)18-29)28-7-8-32-33(19-28)40(54)50(39(32)53)36-11-12-37(51)46-38(36)52/h3-10,19-20,23-26,29,36H,11-18,21-22,43H2,1-2H3,(H,45,55)(H,46,51,52)/t25-,26+,29?,36?",,JZDALWQFWOKTLS
9165,P10275,AR-V7,CRBN,,,CC(C)(C(=O)NC1=CC=C(C#N)C2=C1CCCC2)N1C=C(C#CC2CN(C3=CC=C4C(=O)N(C5CCC(=O)NC5=O)C(=O)C4=C3)C2)CN1,<500,,degradation of AR-V7 in prostate cancer cells 22RV1.,,,,,,,,,,,,,,,,,,,,,,,,,,,,,,,,,,,,,,,,,,,,,,,,,,,<50,proliferation inhibition of 22RV1 cells,,,,,,,,,,,,,,,,645.72,645.26996722,3.75,48,7,9,3,5,154.95,,"InChI=1S/C36H35N7O5/c1-36(2,35(48)39-29-12-9-23(16-37)25-5-3-4-6-26(25)29)42-20-21(17-38-42)7-8-22-18-41(19-22)24-10-11-27-28(15-24)34(47)43(33(27)46)30-13-14-31(44)40-32(30)45/h9-12,15,20,22,30,38H,3-6,13-14,17-19H2,1-2H3,(H,39,48)(H,40,44,45)",,GIKIVPZAKQNKOD
9166,P10275,AR-V7,CRBN,,,O=C1CCC(N2C(=O)C3=CC=C(C4=CN(C5(C(=O)NC6=CC=C(C(F)(F)F)C=C6Cl)CCC5)N=C4)C=C3C2=O)C(=O)N1,,,,,,,,,,,,,,,,,,,,,,,,,,,,,,,,,,,,,,,,,,,,,,,,,,,,,,,,,,,,,,,,,,,,,,,599.953,599.118331112,4.41,42,6,7,2,5,130.47,,"InChI=1S/C28H21ClF3N5O5/c29-19-11-16(28(30,31)32)3-5-20(19)34-26(42)27(8-1-9-27)36-13-15(12-33-36)14-2-4-17-18(10-14)25(41)37(24(17)40)21-6-7-22(38)35-23(21)39/h2-5,10-13,21H,1,6-9H2,(H,34,42)(H,35,38,39)",,BAOXIFYNNFNAOL
9167,P10275,AR-V7,CRBN,,,O=C1CCC(N2C(=O)C3=CC=C(C#CC4=CN(C5(C(=O)NC6=CC=C(C(F)(F)F)C=C6Cl)CCC5)N=C4)C=C3C2=O)C(=O)N1,,,,,,,,,,,,,,,,,,,,,,,,,,,,,,,,,,,,,,,,,,,,,,,,,,,,,,,,,,,,,,,,,,,,,,,623.975,623.118331112,2.89,44,6,7,2,4,130.47,,"InChI=1S/C30H21ClF3N5O5/c31-21-13-18(30(32,33)34)5-7-22(21)36-28(44)29(10-1-11-29)38-15-17(14-35-38)3-2-16-4-6-19-20(12-16)27(43)39(26(19)42)23-8-9-24(40)37-25(23)41/h4-7,12-15,23H,1,8-11H2,(H,36,44)(H,37,40,41)",,KTXHDNHYACBJJG
9168,P10275,AR-V7,CRBN,,,CC1=CC(C(F)(F)F)=CC=C1NC(=O)C(C)(C)N1C=C(C#CC2CN(C3=CC=C4C(=O)N(C5CCC(=O)NC5=O)C(=O)C4=C3)C2)C=N1,,,,,,,,,,,,,,,,,,,,,,,,,,,,,,,,,,,,,,,,,,,,,,,,,,,,,,<50,proliferation inhibition of 22RV1 cells,,,,,,,,,,,,,,,,646.626,646.215152688,2.6,47,6,8,2,5,133.71,,"InChI=1S/C33H29F3N6O5/c1-18-12-21(33(34,35)36)6-9-25(18)38-31(47)32(2,3)41-17-19(14-37-41)4-5-20-15-40(16-20)22-7-8-23-24(13-22)30(46)42(29(23)45)26-10-11-27(43)39-28(26)44/h6-9,12-14,17,20,26H,10-11,15-16H2,1-3H3,(H,38,47)(H,39,43,44)",,KRYFWKUJZXPLGW
9169,P10275,AR-V7,CRBN,,,CC(C)(C(=O)NC1=CC=C(C#N)C2=CC=CC=C12)N1C=C(C#CC2CCN(C3=CC=C4C(=O)N(C5CCC(=O)NC5=O)C(=O)C4=C3)CC2)C=N1,,,,,,,,,,,,,,,,,,,,,,,,,,,,,,,,,,,,,,,,,,,,,,,,,,,,,,,,,,,,,,,,,,,,,,,667.726,667.254317156,3.26,50,7,9,2,5,157.5,,"InChI=1S/C38H33N7O5/c1-38(2,37(50)41-31-12-9-25(20-39)27-5-3-4-6-28(27)31)44-22-24(21-40-44)8-7-23-15-17-43(18-16-23)26-10-11-29-30(19-26)36(49)45(35(29)48)32-13-14-33(46)42-34(32)47/h3-6,9-12,19,21-23,32H,13-18H2,1-2H3,(H,41,50)(H,42,46,47)",,NMYWMXZQRRPREU
9170,P10275,AR-V7,CRBN,,,O=C1CCC(N2C(=O)C3=CC=C(N4CCC(C#CC5=CN(C6(C(=O)NC7=CC=C(C(F)(F)F)C=C7Cl)CCC6)N=C5)CC4)C=C3C2=O)C(=O)N1,,,,,,,,,,,,,,,,,,,,,,,,,,,,,,,,,,,,,,,,,,,,,,,,,,,,,,,,,,,,,,,,,,,,,,,707.109,706.1918304,4.55,50,7,8,2,5,133.71,,"InChI=1S/C35H30ClF3N6O5/c36-26-16-22(35(37,38)39)4-7-27(26)41-33(50)34(12-1-13-34)44-19-21(18-40-44)3-2-20-10-14-43(15-11-20)23-5-6-24-25(17-23)32(49)45(31(24)48)28-8-9-29(46)42-30(28)47/h4-7,16-20,28H,1,8-15H2,(H,41,50)(H,42,46,47)",,KFECQLPWHXJHMC
9171,P10275,AR-V7,CRBN,,,CN1C=C(C2=CC(C(F)(F)F)=CC=C2NC(=O)C(C)(C)N2C=C(C#CC3CN(C4=CC=C5C(=O)N(C6CCC(=O)NC6=O)C(=O)C5=C4)C3)C=N2)C=N1,,,,,,,,,,,,,,,,,,,,,,,,,,,,,,,,,,,,,,,,,,,,,,,,,,,,,,,,,,,,,,,,,,,,,,,712.689,712.236950752,1.96,52,7,10,2,6,151.53,,"InChI=1S/C36H31F3N8O5/c1-35(2,34(52)42-28-9-6-23(36(37,38)39)12-26(28)22-15-40-44(3)19-22)46-18-20(14-41-46)4-5-21-16-45(17-21)24-7-8-25-27(13-24)33(51)47(32(25)50)29-10-11-30(48)43-31(29)49/h6-9,12-15,18-19,21,29H,10-11,16-17H2,1-3H3,(H,42,52)(H,43,48,49)",,WEMMMYGGNQGCIF
9172,P10275,AR-V7,CRBN,,,CC(C)(C(=O)NC1=CC=C(C#N)C2=CC=CC=C12)N1C=C(C#CC2CN(C3=CC=C(C(=O)NC4CCC(=O)NC4=O)N=C3)C2)C=N1,,,,,,,,,,,,,,,,,,,,,,,,,,,,,,,,,,,,,,,,,,,,,,,,,,,,,,,,,,,,,,,,,,,,,,,614.666,614.23900144,2.61,46,6,9,3,6,162.11,,"InChI=1S/C34H30N8O4/c1-34(2,33(46)39-27-11-9-23(15-35)25-5-3-4-6-26(25)27)42-20-21(16-37-42)7-8-22-18-41(19-22)24-10-12-28(36-17-24)31(44)38-29-13-14-30(43)40-32(29)45/h3-6,9-12,16-17,20,22,29H,13-14,18-19H2,1-2H3,(H,38,44)(H,39,46)(H,40,43,45)",,SVPLNWVAFAVWFH
9173,P10275,AR-V7,CRBN,,,O=C1CCC(NC(=O)C2=CC=C(N3CC(C#CC4=CN(C5(C(=O)NC6=CC=C(C(F)(F)F)C=C6Cl)CCC5)N=C4)C3)C=N2)C(=O)N1,,,,,,,,,,,,,,,,,,,,,,,,,,,,,,,,,,,,,,,,,,,,,,,,,,,,,,,,,,,,,,,,,,,,,,,654.049,653.176514684,2.99,46,6,8,3,6,138.32,,"InChI=1S/C31H27ClF3N7O4/c32-22-12-20(31(33,34)35)4-6-23(22)39-29(46)30(10-1-11-30)42-17-18(13-37-42)2-3-19-15-41(16-19)21-5-7-24(36-14-21)27(44)38-25-8-9-26(43)40-28(25)45/h4-7,12-14,17,19,25H,1,8-11,15-16H2,(H,38,44)(H,39,46)(H,40,43,45)",,ZHZWEYFJBYUTEH
9174,P10275,AR-V7,CRBN,,,CC(C)(C(=O)NC1=CC=C(C#N)C2=CC=CC=C12)N1C=C(C2CCN(C3CC4(CCN(C5=CC=C6C(=O)N(C7CCC(=O)NC7=O)C(=O)C6=C5)CC4)C3)CC2)C=N1,,,,,,,,,,,,,,,,,,,,,,,,,,,,,,,,,,,,,,,,,,,,,,,,,,,,,,,,,,,,,,,,,,,,,,,766.903,766.359116572,4.05,57,9,10,2,7,160.74,,"InChI=1S/C44H46N8O5/c1-43(2,42(57)47-36-10-7-28(24-45)32-5-3-4-6-33(32)36)51-26-29(25-46-51)27-13-17-49(18-14-27)31-22-44(23-31)15-19-50(20-16-44)30-8-9-34-35(21-30)41(56)52(40(34)55)37-11-12-38(53)48-39(37)54/h3-10,21,25-27,31,37H,11-20,22-23H2,1-2H3,(H,47,57)(H,48,53,54)",,JEPFGYWQGZOFFI
9175,P10275,AR-V7,CRBN,,,CC(C)(C(=O)NC1=CC=C(C#N)C2=CC=CC=C12)N1C=C(C#CC2(O)CN(C3=CC=C4C(=O)N(C5CCC(=O)NC5=O)C(=O)C4=C3)C2)C=N1,,,,,,,,,,,,,,,,,,,,,,,,,,,,,,,,,,,,,,,,,,,,,,,,,,,,,,,,,,,,,,,,,,,,,,,655.671,655.217931648,2.52,49,7,10,3,5,177.73,,"InChI=1S/C36H29N7O6/c1-35(2,34(48)39-28-10-7-22(16-37)24-5-3-4-6-25(24)28)42-18-21(17-38-42)13-14-36(49)19-41(20-36)23-8-9-26-27(15-23)33(47)43(32(26)46)29-11-12-30(44)40-31(29)45/h3-10,15,17-18,29,49H,11-12,19-20H2,1-2H3,(H,39,48)(H,40,44,45)",,UUPDEBFKAOBYJH
9176,P10275,AR-V7,CRBN,,,O=C1CCC(N2C(=O)C3=CC=C(N4CC(O)(C#CC5=CN(C6(C(=O)NC7=CC=C(C(F)(F)F)C=C7Cl)CCC6)N=C5)C4)C=C3C2=O)C(=O)N1,,,,,,,,,,,,,,,,,,,,,,,,,,,,,,,,,,,,,,,,,,,,,,,,,,,,,,,,,,,,,,,,,,,,,,,695.054,694.155444892,3.64,49,7,9,3,5,153.94,,"InChI=1S/C33H26ClF3N6O6/c34-23-12-19(33(35,36)37)2-5-24(23)39-30(48)32(9-1-10-32)42-15-18(14-38-42)8-11-31(49)16-41(17-31)20-3-4-21-22(13-20)29(47)43(28(21)46)25-6-7-26(44)40-27(25)45/h2-5,12-15,25,49H,1,6-7,9-10,16-17H2,(H,39,48)(H,40,44,45)",,AZMMTZWFAUMLAZ
9177,P10275,AR-V7,CRBN,,,CC(C)(C(=O)NC1=CC=C(C#N)C2=CC=CC=C12)N1C=C(C#CC2(F)CN(C3=CC=C4C(=O)N(C5CCC(=O)NC5=O)C(=O)C4=C3)C2)C=N1,,,,,,,,,,,,,,,,,,,,,,,,,,,,,,,,,,,,,,,,,,,,,,,,,,,,,,<50,proliferation inhibition of 22RV1 cells,,,,,,,,,,,,,,,,657.662,657.213595216,3.34,49,7,9,2,5,157.5,,"InChI=1S/C36H28FN7O5/c1-35(2,34(49)40-28-10-7-22(16-38)24-5-3-4-6-25(24)28)43-18-21(17-39-43)13-14-36(37)19-42(20-36)23-8-9-26-27(15-23)33(48)44(32(26)47)29-11-12-30(45)41-31(29)46/h3-10,15,17-18,29H,11-12,19-20H2,1-2H3,(H,40,49)(H,41,45,46)",,KZVIQXXLLATREO
9178,P10275,AR-V7,CRBN,,,O=C1CCC(N2C(=O)C3=CC=C(N4CC(C#CC5=CN(C6(C(=O)NC7=CC=C(C(F)(F)F)C=C7Cl)CCCC6)N=C5)C4)C=C3C2=O)C(=O)N1,,,,,,,,,,,,,,,,,,,,,,,,,,,,,,,,,,,,,,,,,,,,,,,,,,,,,,<50,proliferation inhibition of 22RV1 cells,,,,,,,,,,,,,,,,693.082,692.176180336,4.34,49,7,8,2,5,133.71,,"InChI=1S/C34H28ClF3N6O5/c35-25-13-21(34(36,37)38)5-8-26(25)40-32(49)33(11-1-2-12-33)43-18-19(15-39-43)3-4-20-16-42(17-20)22-6-7-23-24(14-22)31(48)44(30(23)47)27-9-10-28(45)41-29(27)46/h5-8,13-15,18,20,27H,1-2,9-12,16-17H2,(H,40,49)(H,41,45,46)",,UTPNADISOYZYFU
9179,P10275,AR-V7,CRBN,,,CC(C)(C(=O)NC1=CC=C(C(F)(F)F)C=C1P(C)(C)=O)N1C=C(C#CC2CN(C3=CC=C4C(=O)N(C5CCC(=O)NC5=O)C(=O)C4=C3)C2)C=N1,,,,,,,,,,,,,,,,,,,,,,,,,,,,,,,,,,,,,,,,,,,,,,,,,,,,,,,,,,,,,,,,,,,,,,,708.634,708.207304034,5.0,50,6,9,2,6,150.78,,"InChI=1S/C34H32F3N6O6P/c1-33(2,32(48)39-25-10-7-21(34(35,36)37)13-27(25)50(3,4)49)42-18-19(15-38-42)5-6-20-16-41(17-20)22-8-9-23-24(14-22)31(47)43(30(23)46)26-11-12-28(44)40-29(26)45/h7-10,13-15,18,20,26H,11-12,16-17H2,1-4H3,(H,39,48)(H,40,44,45)",,HNDAZISBTWOMEA
9180,P10275,AR-V7,CRBN,,,O=C1CCC(N2C(=O)C3=CC=C(N4CC(F)(C#CC5=CN(C6(C(=O)NC7=CC=C(C(F)(F)F)C=C7Cl)CCC6)N=C5)C4)C=C3C2=O)C(=O)N1,,,,,,,,,,,,,,,,,,,,,,,,,,,,,,,,,,,,,,,,,,,,,,,,,,,,,,<50,proliferation inhibition of 22RV1 cells,,,,,,,,,,,,,,,,697.045,696.15110846,3.98,49,7,8,2,5,133.71,,"InChI=1S/C33H25ClF4N6O5/c34-23-12-19(33(36,37)38)2-5-24(23)40-30(49)32(9-1-10-32)43-15-18(14-39-43)8-11-31(35)16-42(17-31)20-3-4-21-22(13-20)29(48)44(28(21)47)25-6-7-26(45)41-27(25)46/h2-5,12-15,25H,1,6-7,9-10,16-17H2,(H,40,49)(H,41,45,46)",,BLMUOKFZLUOPBW
9181,P10275,AR-V7,CRBN,,,O=C1CCC(N2C(=O)C3=CC=C(N4CC(C#CC5=CN(C6(C(=O)NC7=CC=C(C(F)(F)F)C=C7Cl)CC6)N=C5)C4)C=C3C2=O)C(=O)N1,,,,,,,,,,,,,,,,,,,,,,,,,,,,,,,,,,,,,,,,,,,,,,,,,,,,,,<50,proliferation inhibition of 22RV1 cells,,,,,,,,,,,,,,,,665.028,664.144880208,3.19,47,7,8,2,5,133.71,,"InChI=1S/C32H24ClF3N6O5/c33-23-11-19(32(34,35)36)3-6-24(23)38-30(47)31(9-10-31)41-16-17(13-37-41)1-2-18-14-40(15-18)20-4-5-21-22(12-20)29(46)42(28(21)45)25-7-8-26(43)39-27(25)44/h3-6,11-13,16,18,25H,7-10,14-15H2,(H,38,47)(H,39,43,44)",,SVZJWHODENHXDK
9182,P10275,AR-V7,CRBN,,,CC(C)(C(=O)NC1=CC=C(C#N)C2=CC=CC=C12)N1C=C(C#CC2CCC(N3CCN(C4=CC=C5C(=O)N(C6CCC(=O)NC6=O)C(=O)C5=C4)CC3)CC2)C=N1,,,,,,,,,,,,,,,,,,,,,,,,,,,,,,,,,,,,,,,,,,,,,,,,,,,,,,,,,,,,,,,,,,,,,,,750.86,750.327816444,2.48,56,8,10,2,6,160.74,,"InChI=1S/C43H42N8O5/c1-43(2,42(56)46-36-16-11-29(24-44)32-5-3-4-6-33(32)36)50-26-28(25-45-50)8-7-27-9-12-30(13-10-27)48-19-21-49(22-20-48)31-14-15-34-35(23-31)41(55)51(40(34)54)37-17-18-38(52)47-39(37)53/h3-6,11,14-16,23,25-27,30,37H,9-10,12-13,17-22H2,1-2H3,(H,46,56)(H,47,52,53)",,IWASRHMGFLCCNO
9183,P10275,AR-V7,CRBN,,,O=C1CCC(N2C(=O)C3=CC=C(N4CCN(C5CCC(C#CC6=CN(C7(C(=O)NC8=CC=C(C(F)(F)F)C=C8Cl)CCC7)N=C6)CC5)CC4)C=C3C2=O)C(=O)N1,,,,,,,,,,,,,,,,,,,,,,,,,,,,,,,,,,,,,,,,,,,,,,,,,,,,,,,,,,,,,,,,,,,,,,,790.243,789.265329688,3.07,56,8,9,2,6,136.95,,"InChI=1S/C40H39ClF3N7O5/c41-31-20-26(40(42,43)44)6-11-32(31)46-38(56)39(14-1-15-39)50-23-25(22-45-50)3-2-24-4-7-27(8-5-24)48-16-18-49(19-17-48)28-9-10-29-30(21-28)37(55)51(36(29)54)33-12-13-34(52)47-35(33)53/h6,9-11,20-24,27,33H,1,4-5,7-8,12-19H2,(H,46,56)(H,47,52,53)",,JCKAFVXIYFWWRV
9184,P10275,AR-V7,CRBN,,,O=C1CCC(N2C(=O)C3=CC=C(N4CC(C#CC5=CN(C6(C(=O)NC7=CC=C(C(F)(F)F)C(C8CC8)=C7)CCC6)N=C5)C4)C=C3C2=O)C(=O)N1,,,,,,,,,,,,,,,,,,,,,,,,,,,,,,,,,,,,,,,,,,,,,,,,,,,,,,<50,proliferation inhibition of 22RV1 cells,,,,,,,,,,,,,,,,684.675,684.230802752,3.24,50,8,8,2,6,133.71,,"InChI=1S/C36H31F3N6O5/c37-36(38,39)28-9-6-23(14-26(28)22-4-5-22)41-34(50)35(12-1-13-35)44-19-20(16-40-44)2-3-21-17-43(18-21)24-7-8-25-27(15-24)33(49)45(32(25)48)29-10-11-30(46)42-31(29)47/h6-9,14-16,19,21-22,29H,1,4-5,10-13,17-18H2,(H,41,50)(H,42,46,47)",,XQTBFMRXCTZXKV
9185,P10275,AR-V7,CRBN,,,CC(C)(C(=O)NC1=CC=C(C#N)C2=C1C=CCC2)N1C=C(C2CCN(C3=CC=C4C(=O)N(C5CCC(=O)NC5=O)C(=O)C4=C3)CC2)C=N1,,,,,,,,,,,,,,,,,,,,,,,,,,,,,,,,,,,,,,,,,,,,,,,,,,,,,,,,,,,,,,,,,,,,,,,645.72,645.26996722,3.25,48,7,9,2,6,157.5,,"InChI=1S/C36H35N7O5/c1-36(2,35(48)39-29-10-7-22(18-37)25-5-3-4-6-26(25)29)42-20-23(19-38-42)21-13-15-41(16-14-21)24-8-9-27-28(17-24)34(47)43(33(27)46)30-11-12-31(44)40-32(30)45/h4,6-10,17,19-21,30H,3,5,11-16H2,1-2H3,(H,39,48)(H,40,44,45)",,WVUZHIZRMLLGIK
9186,P10275,AR-V7,CRBN,,,CC(C(=O)NC1=CC=C(C#N)C(C(F)(F)F)=C1)N1C=C(C#CC2CN(C3=CC=C4C(=O)N(C5CCC(=O)NC5=O)C(=O)C4=C3)C2)C=N1,,,,,,,,,,,,,,,,,,,,,,,,,,,,,,,,,,,,,,,,,,,,,,,,,,,,,,<50,proliferation inhibition of 22RV1 cells,,,,,,,,,,,,,,,,643.582,643.179101528,3.14,47,6,9,2,5,157.5,,"InChI=1S/C32H24F3N7O5/c1-17(28(44)38-21-5-4-20(12-36)25(10-21)32(33,34)35)41-16-18(13-37-41)2-3-19-14-40(15-19)22-6-7-23-24(11-22)31(47)42(30(23)46)26-8-9-27(43)39-29(26)45/h4-7,10-11,13,16-17,19,26H,8-9,14-15H2,1H3,(H,38,44)(H,39,43,45)",,KFONYRINPBANNV
9187,P10275,AR-V7,CRBN,,,CC(C)(C(=O)NC1=CC=C(C#N)C2=CC=CC=C12)N1C=C(C2CCN(CC3=CC=C4C(=O)N(C5CCC(=O)NC5=O)C(=O)C4=C3)CC2)C=N1,,,,,,,,,,,,,,,,,,,,,,,,,,,,,,,,,,,,,,,,,,,,,,,,,,,,,,,,,,,,,,,,,,,,,,,657.731,657.26996722,2.48,49,7,9,2,7,157.5,,"InChI=1S/C37H35N7O5/c1-37(2,36(49)40-30-10-8-24(18-38)26-5-3-4-6-27(26)30)43-21-25(19-39-43)23-13-15-42(16-14-23)20-22-7-9-28-29(17-22)35(48)44(34(28)47)31-11-12-32(45)41-33(31)46/h3-10,17,19,21,23,31H,11-16,20H2,1-2H3,(H,40,49)(H,41,45,46)",,BUWYXKLEUZTSSF
9188,P10275,AR-V7,CRBN,,,CC(C)(C(=O)NC1=CC=C(C#N)C2=CC=CC=C12)N1C=C(C2CCN(C3CN(C4=CC=C5C(=O)N(C6CCC(=O)NC6=O)C(=O)C5=C4)C3)CC2)C=N1,,,,,,,,,,,,,,,,,,,,,,,,,,,,,,,,,,,,,,,,,,,,,,,,,,,,,,,,,,,,,,,,,,,,,,,698.784,698.296516316,4.01,52,8,10,2,7,160.74,,"InChI=1S/C39H38N8O5/c1-39(2,38(52)42-32-10-7-24(18-40)28-5-3-4-6-29(28)32)46-20-25(19-41-46)23-13-15-44(16-14-23)27-21-45(22-27)26-8-9-30-31(17-26)37(51)47(36(30)50)33-11-12-34(48)43-35(33)49/h3-10,17,19-20,23,27,33H,11-16,21-22H2,1-2H3,(H,42,52)(H,43,48,49)",,YCEUNWCLDODRAY
9189,P10275,AR-V7,CRBN,,,N#CC1=CC=C(NC(=O)C2(N3C=C(C#CC4CN(C5=CC6=C(C=C5F)C(=O)N(C5CCC(=O)NC5=O)C6=O)C4)C=N3)CCC2)C2=CC=CC=C12,,,,,,,,,,,,,,,,,,,,,,,,,,,,,,,,,,,,,,,,,,,,,,,,,,,,,,<1000,proliferation inhibition of 22RV1 cells,,,,,,,,,,,,,,,,669.673,669.213595216,5.21,50,8,9,2,5,157.5,,"InChI=1S/C37H28FN7O5/c38-28-14-26-27(35(49)45(34(26)48)30-10-11-32(46)42-33(30)47)15-31(28)43-18-22(19-43)7-6-21-17-40-44(20-21)37(12-3-13-37)36(50)41-29-9-8-23(16-39)24-4-1-2-5-25(24)29/h1-2,4-5,8-9,14-15,17,20,22,30H,3,10-13,18-19H2,(H,41,50)(H,42,46,47)",,WYQQWZMEMKCCGR
9190,P10275,AR-V7,CRBN,,,CC(C)(C(=O)NC1=CC=C(C#N)C2=CC=CC=C12)N1C=C(C#CC2CN(C3=CC4=C(C=C3F)C(=O)N(C3CCC(=O)NC3=O)C4=O)C2)C=N1,,,,,,,,,,,,,,,,,,,,,,,,,,,,,,,,,,,,,,,,,,,,,,,,,,,,,,<1000,proliferation inhibition of 22RV1 cells,,,,,,,,,,,,,,,,657.662,657.213595216,5.4,49,7,9,2,5,157.5,,"InChI=1S/C36H28FN7O5/c1-36(2,35(49)40-28-10-9-22(15-38)23-5-3-4-6-24(23)28)43-19-20(16-39-43)7-8-21-17-42(18-21)30-14-26-25(13-27(30)37)33(47)44(34(26)48)29-11-12-31(45)41-32(29)46/h3-6,9-10,13-14,16,19,21,29H,11-12,17-18H2,1-2H3,(H,40,49)(H,41,45,46)",,FNFRWOCIZWQWMF
9191,P10275,AR-V7,CRBN,,,CC(C)(C(=O)NC1=CC=C(C#N)C=C1Br)N1C=C(C#CC2CN(C3=CC=C4C(=O)N(C5CCC(=O)NC5=O)C(=O)C4=C3)C2)C=N1,,,,,,,,,,,,,,,,,,,,,,,,,,,,,,,,,,,,,,,,,,,,,,,,,,,,,,<50,proliferation inhibition of 22RV1 cells,,,,,,,,,,,,,,,,668.508,667.117879032,3.68,45,6,9,2,5,157.5,,"InChI=1S/C32H26BrN7O5/c1-32(2,31(45)36-25-8-5-18(13-34)11-24(25)33)39-17-19(14-35-39)3-4-20-15-38(16-20)21-6-7-22-23(12-21)30(44)40(29(22)43)26-9-10-27(41)37-28(26)42/h5-8,11-12,14,17,20,26H,9-10,15-16H2,1-2H3,(H,36,45)(H,37,41,42)",,VNVVZKVUWBXGEW
9192,P10275,AR-V7,CRBN,,,O=C1CCC(N2C(=O)C3=CC=C(N4CCC(C5=CN(C6(C(=O)NC7=CC=C(C(F)(F)F)C=C7Cl)CCC6)N=C5)CC4)C=C3C2=O)C(=O)N1,,,,,,,,,,,,,,,,,,,,,,,,,,,,,,,,,,,,,,,,,,,,,,,,,,,,,,,,,,,,,,,,,,,,,,,683.087,682.1918304,4.8,48,7,8,2,6,133.71,,"InChI=1S/C33H30ClF3N6O5/c34-24-14-20(33(35,36)37)2-5-25(24)39-31(48)32(10-1-11-32)42-17-19(16-38-42)18-8-12-41(13-9-18)21-3-4-22-23(15-21)30(47)43(29(22)46)26-6-7-27(44)40-28(26)45/h2-5,14-18,26H,1,6-13H2,(H,39,48)(H,40,44,45)",,UYHGESVJKGZTLS
9193,P10275,AR-V7,CRBN,,,O=C1CCC(N2C(=O)C3=CC=C(N4CCC5(CC4)CC(N4CCC(C6=CN(C7(C(=O)NC8=CC=C(C(F)(F)F)C=C8Cl)CCC7)N=C6)CC4)C5)C=C3C2=O)C(=O)N1,,,,,,,,,,,,,,,,,,,,,,,,,,,,,,,,,,,,,,,,,,,,,,,,,,,,,,,,,,,,,,,,,,,,,,,806.286,805.296629816,4.08,57,9,9,2,7,136.95,,"InChI=1S/C41H43ClF3N7O5/c42-31-18-26(41(43,44)45)2-5-32(31)47-38(57)40(10-1-11-40)51-23-25(22-46-51)24-8-14-49(15-9-24)28-20-39(21-28)12-16-50(17-13-39)27-3-4-29-30(19-27)37(56)52(36(29)55)33-6-7-34(53)48-35(33)54/h2-5,18-19,22-24,28,33H,1,6-17,20-21H2,(H,47,57)(H,48,53,54)",,ABIOZPZUNDKNAN
9194,P10275,AR-V7,CRBN,,,O=C1CCC(N2C(=O)C3=CC=C(N4CCC5(CC4)CC(CN4CCC(C6=CN(C7(C(=O)NC8=CC=C(C(F)(F)F)C=C8Cl)CCC7)N=C6)CC4)C5)C=C3C2=O)C(=O)N1,,,,,,,,,,,,,,,,,,,,,,,,,,,,,,,,,,,,,,,,,,,,,,,,,,,,,,<1000,proliferation inhibition of 22RV1 cells,,,,,,,,,,,,,,,,820.313,819.31227988,2.74,58,9,9,2,8,136.95,,"InChI=1S/C42H45ClF3N7O5/c43-32-18-28(42(44,45)46)2-5-33(32)48-39(58)41(10-1-11-41)52-24-27(22-47-52)26-8-14-50(15-9-26)23-25-20-40(21-25)12-16-51(17-13-40)29-3-4-30-31(19-29)38(57)53(37(30)56)34-6-7-35(54)49-36(34)55/h2-5,18-19,22,24-26,34H,1,6-17,20-21,23H2,(H,48,58)(H,49,54,55)",,CMZWTCJIGXJSAK
9195,P10275,AR-V7,CRBN,,,O=C1CCC(N2N=CC3=CC(N4CC(C#CC5=CN(C6(C(=O)NC7=CC=C(C(F)(F)F)C=C7Cl)CCC6)N=C5)C4)=CC=C3C2=O)C(=O)N1,,,,,,,,,,,,,,,,,,,,,,,,,,,,,,,,,,,,,,,,,,,,,,,,,,,,,,,,,,,,,,,,,,,,,,,678.071,677.176514684,4.89,48,7,9,2,5,131.22,,"InChI=1S/C33H27ClF3N7O4/c34-25-13-22(33(35,36)37)4-7-26(25)40-31(48)32(10-1-11-32)43-18-19(14-38-43)2-3-20-16-42(17-20)23-5-6-24-21(12-23)15-39-44(30(24)47)27-8-9-28(45)41-29(27)46/h4-7,12-15,18,20,27H,1,8-11,16-17H2,(H,40,48)(H,41,45,46)",,DFGAFWAQIISBKT
9196,P10275,AR-V7,CRBN,,,O=C1CCC(N2C(=O)C3=CC=C(N4CCC(CN5CCC(C6=CN(C7(C(=O)NC8=CC=C(C(F)(F)F)C=C8Cl)CCC7)N=C6)CC5)CC4)C=C3C2=O)C(=O)N1,,,,,,,,,,,,,,,,,,,,,,,,,,,,,,,,,,,,,,,,,,,,,,,,,,,,,,,,,,,,,,,,,,,,,,,780.248,779.280979752,5.09,55,8,9,2,8,136.95,,"InChI=1S/C39H41ClF3N7O5/c40-30-18-26(39(41,42)43)2-5-31(30)45-37(55)38(12-1-13-38)49-22-25(20-44-49)24-10-14-47(15-11-24)21-23-8-16-48(17-9-23)27-3-4-28-29(19-27)36(54)50(35(28)53)32-6-7-33(51)46-34(32)52/h2-5,18-20,22-24,32H,1,6-17,21H2,(H,45,55)(H,46,51,52)",,VXISSCDYJMIYPV
9197,P10275,AR-V7,CRBN,,,O=C1CCC(N2C(=O)C3=CC=C(N4CC(CN5CCC(C6=CN(C7(C(=O)NC8=CC=C(C(F)(F)F)C=C8Cl)CCC7)N=C6)CC5)C4)C=C3C2=O)C(=O)N1,,,,,,,,,,,,,,,,,,,,,,,,,,,,,,,,,,,,,,,,,,,,,,,,,,,,,,,,,,,,,,,,,,,,,,,752.194,751.249679624,3.77,53,8,9,2,8,136.95,,"InChI=1S/C37H37ClF3N7O5/c38-28-14-24(37(39,40)41)2-5-29(28)43-35(53)36(10-1-11-36)47-20-23(16-42-47)22-8-12-45(13-9-22)17-21-18-46(19-21)25-3-4-26-27(15-25)34(52)48(33(26)51)30-6-7-31(49)44-32(30)50/h2-5,14-16,20-22,30H,1,6-13,17-19H2,(H,43,53)(H,44,49,50)",,YBCURIKNAKIGHM
9198,P10275,AR-V7,CRBN,,,CC(C)(C(=O)NC1=CC=C(C(F)(F)F)C=C1S(C)(=O)=O)N1C=C(C#CC2CN(C3=CC=C4C(=O)N(C5CCC(=O)NC5=O)C(=O)C4=C3)C2)C=N1,,,,,,,,,,,,,,,,,,,,,,,,,,,,,,,,,,,,,,,,,,,,,,,,,,,,,,,,,,,,,,,,,,,,,,,710.691,710.177052928,4.05,50,6,10,2,6,167.85,,"InChI=1S/C33H29F3N6O7S/c1-32(2,31(47)38-24-9-6-20(33(34,35)36)12-26(24)50(3,48)49)41-17-18(14-37-41)4-5-19-15-40(16-19)21-7-8-22-23(13-21)30(46)42(29(22)45)25-10-11-27(43)39-28(25)44/h6-9,12-14,17,19,25H,10-11,15-16H2,1-3H3,(H,38,47)(H,39,43,44)",,VGVXLGVKRMSPOM
9199,P10275,AR-V7,CRBN,,,O=C1CCC(N2C(=O)C3=CC=C(N4CC5CC(N6CCC(C7=CN(C8(C(=O)NC9=CC=C(C(F)(F)F)C=C9Cl)CCC8)N=C7)CC6)CC5C4)C=C3C2=O)C(=O)N1,,,,,,,,,,,,,,,,,,,,,,,,,,,,,,,,,,,,,,,,,,,,,,,,,,,,,,,,,,,,,,,,,,,,,,,792.259,791.280979752,6.24,56,9,9,2,7,136.95,,"InChI=1S/C40H41ClF3N7O5/c41-31-16-26(40(42,43)44)2-5-32(31)46-38(56)39(10-1-11-39)50-21-25(18-45-50)22-8-12-48(13-9-22)28-14-23-19-49(20-24(23)15-28)27-3-4-29-30(17-27)37(55)51(36(29)54)33-6-7-34(52)47-35(33)53/h2-5,16-18,21-24,28,33H,1,6-15,19-20H2,(H,46,56)(H,47,52,53)",,ZNFUJWQRUPHJTB
9200,P10275,AR-V7,CRBN,,,O=C1CCC(N2C(=O)C3=CC=C(N4CC5CC(CN6CCC(C7=CN(C8(C(=O)NC9=CC=C(C(F)(F)F)C=C9Cl)CCC8)N=C7)CC6)CC5C4)C=C3C2=O)C(=O)N1,,,,,,,,,,,,,,,,,,,,,,,,,,,,,,,,,,,,,,,,,,,,,,,,,,,,,,<1000,proliferation inhibition of 22RV1 cells,,,,,,,,,,,,,,,,806.286,805.296629816,2.43,57,9,9,2,8,136.95,,"InChI=1S/C41H43ClF3N7O5/c42-32-16-28(41(43,44)45)2-5-33(32)47-39(57)40(10-1-11-40)51-22-27(18-46-51)24-8-12-49(13-9-24)19-23-14-25-20-50(21-26(25)15-23)29-3-4-30-31(17-29)38(56)52(37(30)55)34-6-7-35(53)48-36(34)54/h2-5,16-18,22-26,34H,1,6-15,19-21H2,(H,47,57)(H,48,53,54)",,CBMPSOLMLLWVDN
9201,P10275,AR-V7,CRBN,,,O=C1CCC(N2C(=O)C3=CC=C(N4CC(N5CC(N6CCC(C7=CN(C8(C(=O)NC9=CC=C(C(F)(F)F)C=C9Cl)CCC8)N=C7)CC6)C5)C4)C=C3C2=O)C(=O)N1,,,,,,,,,,,,,,,,,,,,,,,,,,,,,,,,,,,,,,,,,,,,,,,,,,,,,,,,,,,,,,,,,,,,,,,793.247,792.27622872,3.08,56,9,10,2,8,140.19,,"InChI=1S/C39H40ClF3N8O5/c40-30-14-24(39(41,42)43)2-5-31(30)45-37(56)38(10-1-11-38)50-17-23(16-44-50)22-8-12-47(13-9-22)26-18-49(19-26)27-20-48(21-27)25-3-4-28-29(15-25)36(55)51(35(28)54)32-6-7-33(52)46-34(32)53/h2-5,14-17,22,26-27,32H,1,6-13,18-21H2,(H,45,56)(H,46,52,53)",,VREGNHGQACDSDH
9202,P10275,AR-V7,CRBN,,,O=C1CCC(N2C(=O)C3=CC=C(N4CC(F)(CN5CCC(C6=CN(C7(C(=O)NC8=CC=C(C(F)(F)F)C=C8Cl)CCC7)N=C6)CC5)C4)C=C3C2=O)C(=O)N1,,,,,,,,,,,,,,,,,,,,,,,,,,,,,,,,,,,,,,,,,,,,,,,,,,,,,,,,,,,,,,,,,,,,,,,770.184,769.240257812,3.97,54,8,9,2,8,136.95,,"InChI=1S/C37H36ClF4N7O5/c38-27-14-23(37(40,41)42)2-5-28(27)44-34(54)36(10-1-11-36)48-17-22(16-43-48)21-8-12-46(13-9-21)18-35(39)19-47(20-35)24-3-4-25-26(15-24)33(53)49(32(25)52)29-6-7-30(50)45-31(29)51/h2-5,14-17,21,29H,1,6-13,18-20H2,(H,44,54)(H,45,50,51)",,PRVCLKNZQCMDES
9203,P10275,AR-V7,CRBN,,,CC1=C(C2=CC=C([C@H](C)NC(=O)[C@@H]3C[C@@H](O)CN3C(=O)[C@@H](NC(=O)CCCCCC(=O)NC3=CN(C4(C(=O)NC5=CC=C(C(F)(F)F)C=C5Cl)CCC4)N=C3)C(C)(C)C)C=C2)SC=N1,,,,,,,,,,,,,,,,,,,,,,,,,,,,,,,,,,,,,,,,,,,,,,,,,,,,,,,,,,,,,,,,,,,,,,,927.491,926.352764788,4.15,64,6,10,5,16,187.65,,"InChI=1S/C45H54ClF3N8O6S/c1-26(28-12-14-29(15-13-28)38-27(2)50-25-64-38)52-40(61)35-21-32(58)24-56(35)41(62)39(43(3,4)5)55-37(60)11-8-6-7-10-36(59)53-31-22-51-57(23-31)44(18-9-19-44)42(63)54-34-17-16-30(20-33(34)46)45(47,48)49/h12-17,20,22-23,25-26,32,35,39,58H,6-11,18-19,21,24H2,1-5H3,(H,52,61)(H,53,59)(H,54,63)(H,55,60)/t26-,32+,35-,39+/m0/s1",,HYPXPEYMNRDTGZ
9204,P10275,AR-V7,CRBN,,,CC(C)(C(=O)NC1=CC=C(C#N)C2=CC=CC=C12)N1C=C(CN2CCN(C3=CC=C4C(=O)N(C5CCC(=O)NC5=O)C(=O)C4=C3)CC2)C=N1,,,,,,,,,,,,,,,,,,,,,,,,,,,,,,,,,,,,,,,,,,,,,,,,,,,,,,,,,,,,,,,,,,,,,,,658.719,658.265216188,4.42,49,7,10,2,7,160.74,,"InChI=1S/C36H34N8O5/c1-36(2,35(49)39-29-10-7-23(18-37)25-5-3-4-6-26(25)29)43-21-22(19-38-43)20-41-13-15-42(16-14-41)24-8-9-27-28(17-24)34(48)44(33(27)47)30-11-12-31(45)40-32(30)46/h3-10,17,19,21,30H,11-16,20H2,1-2H3,(H,39,49)(H,40,45,46)",,XIAOMFAGJRBCHO
9205,P10275,AR-V7,CRBN,,,O=C1CCC(N2C(=O)C3=CC=C(N4CCN(CC5=CN(C6(C(=O)NC7=CC=C(C(F)(F)F)C=C7Cl)CCC6)N=C5)CC4)C=C3C2=O)C(=O)N1,,,,,,,,,,,,,,,,,,,,,,,,,,,,,,,,,,,,,,,,,,,,,,,,,,,,,,,,,,,,,,,,,,,,,,,698.102,697.202729432,4.76,49,7,9,2,7,136.95,,"InChI=1S/C33H31ClF3N7O5/c34-24-14-20(33(35,36)37)2-5-25(24)39-31(49)32(8-1-9-32)43-18-19(16-38-43)17-41-10-12-42(13-11-41)21-3-4-22-23(15-21)30(48)44(29(22)47)26-6-7-27(45)40-28(26)46/h2-5,14-16,18,26H,1,6-13,17H2,(H,39,49)(H,40,45,46)",,OWROLERMXRDWLV
9206,P10275,AR-V7,CRBN,,,O=C1CCC(N2C(=O)C3=CC=C(N4CC5(CCN(C6=CN(C7(C(=O)NC8=CC=C(C(F)(F)F)C=C8Cl)CCC7)N=C6)CC5)C4)C=C3C2=O)C(=O)N1,,,,,,,,,,,,,,,,,,,,,,,,,,,,,,,,,,,,,,,,,,,,,,,,,,,,,,,,,,,,,,,,,,,,,,,724.14,723.218379496,5.78,51,8,9,2,6,136.95,,"InChI=1S/C35H33ClF3N7O5/c36-25-14-20(35(37,38)39)2-5-26(25)41-32(51)34(8-1-9-34)45-17-22(16-40-45)43-12-10-33(11-13-43)18-44(19-33)21-3-4-23-24(15-21)31(50)46(30(23)49)27-6-7-28(47)42-29(27)48/h2-5,14-17,27H,1,6-13,18-19H2,(H,41,51)(H,42,47,48)",,NXKFVUGCPNBITM
9207,P10275,AR-V7,CRBN,,,O=C1CCC(N2C(=O)C3=CC=C(N4CCN(CC5CCN(C6=CN(C7(C(=O)NC8=CC=C(C(F)(F)F)C=C8Cl)CCC7)N=C6)CC5)CC4)C=C3C2=O)C(=O)N1,,,,,,,,,,,,,,,,,,,,,,,,,,,,,,,,,,,,,,,,,,,,,,,,,,,,,,,,,,,,,,,,,,,,,,,781.236,780.27622872,3.81,55,8,10,2,8,140.19,,"InChI=1S/C38H40ClF3N8O5/c39-29-18-24(38(40,41)42)2-5-30(29)44-36(55)37(10-1-11-37)49-22-26(20-43-49)47-12-8-23(9-13-47)21-46-14-16-48(17-15-46)25-3-4-27-28(19-25)35(54)50(34(27)53)31-6-7-32(51)45-33(31)52/h2-5,18-20,22-23,31H,1,6-17,21H2,(H,44,55)(H,45,51,52)",,KVVOCJGGTTYUMG
9208,P10275,AR-V7,CRBN,,,O=C1CCC(N2C(=O)C3=CC=C(N4C[C@H]5C[C@@H]4CN5CC4CCN(C5=CN(C6(C(=O)NC7=CC=C(C(F)(F)F)C=C7Cl)CCC6)N=C5)CC4)C=C3C2=O)C(=O)N1,,,,,,,,,,,,,,,,,,,,,,,,,,,,,,,,,,,,,,,,,,,,,,,,,,,,,,,,,,,,,,,,,,,,,,,793.247,792.27622872,3.09,56,9,10,2,8,140.19,,"InChI=1S/C39H40ClF3N8O5/c40-30-14-23(39(41,42)43)2-5-31(30)45-37(56)38(10-1-11-38)50-21-27(17-44-50)47-12-8-22(9-13-47)18-48-19-26-15-25(48)20-49(26)24-3-4-28-29(16-24)36(55)51(35(28)54)32-6-7-33(52)46-34(32)53/h2-5,14,16-17,21-22,25-26,32H,1,6-13,15,18-20H2,(H,45,56)(H,46,52,53)/t25-,26-,32?/m1/s1",,JUIFFXFPDXJCPQ
9209,P10275,AR-V7,CRBN,,,O=C1CCC(N2C(=O)C3=CC=C(N4CC5(CCN(CC6CCN(C7=CN(C8(C(=O)NC9=CC=C(C(F)(F)F)C=C9Cl)CCC8)N=C7)CC6)CC5)C4)C=C3C2=O)C(=O)N1,,,,,,,,,,,,,,,,,,,,,,,,,,,,,,,,,,,,,,,,,,,,,,,,,,,,,,,,,,,,,,,,,,,,,,,821.301,820.307528848,3.11,58,9,10,2,8,140.19,,"InChI=1S/C41H44ClF3N8O5/c42-31-18-26(41(43,44)45)2-5-32(31)47-38(58)40(10-1-11-40)52-22-28(20-46-52)50-14-8-25(9-15-50)21-49-16-12-39(13-17-49)23-51(24-39)27-3-4-29-30(19-27)37(57)53(36(29)56)33-6-7-34(54)48-35(33)55/h2-5,18-20,22,25,33H,1,6-17,21,23-24H2,(H,47,58)(H,48,54,55)",,PYQLYJIRSXCCQW
9210,P10275,AR-V7,CRBN,,,O=C1CCC(N2C(=O)C3=CC=C(N4CCN(CC5CCN(C6=CC=C(C7=CN(C8(C(=O)NC9=CC=C(C(F)(F)F)C=C9Cl)CCC8)N=C7)C=C6)CC5)CC4)C=C3C2=O)C(=O)N1,,,,,,,,,,,,,,,,,,,,,,,,,,,,,,,,,,,,,,,,,,,,,,,,,,,,,,,,,,,,,,,,,,,,,,,857.334,856.307528848,2.96,61,9,10,2,9,140.19,,"InChI=1S/C44H44ClF3N8O5/c45-35-22-30(44(46,47)48)4-9-36(35)50-42(61)43(14-1-15-43)55-26-29(24-49-55)28-2-5-31(6-3-28)53-16-12-27(13-17-53)25-52-18-20-54(21-19-52)32-7-8-33-34(23-32)41(60)56(40(33)59)37-10-11-38(57)51-39(37)58/h2-9,22-24,26-27,37H,1,10-21,25H2,(H,50,61)(H,51,57,58)",,XWNGLJUUWSXJJN
9211,P10275,AR-V7,CRBN,,,O=C1CCC(NC2=CC=C(N3CCN(C(=O)C4=CN(C5(C(=O)NC6=CC=C(C(F)(F)F)C=C6Cl)CCC5)N=C4)CC3)C(F)=C2)C(=O)N1,,,,,,,,,,,,,,,,,,,,,,,,,,,,,,,,,,,,,,,,,,,,,,,,,,,,,,,,,,,,,,,,,,,,,,,676.071,675.198393,2.3,47,6,8,3,7,128.67,,"InChI=1S/C31H30ClF4N7O4/c32-21-14-19(31(34,35)36)2-4-23(21)39-29(47)30(8-1-9-30)43-17-18(16-37-43)28(46)42-12-10-41(11-13-42)25-6-3-20(15-22(25)33)38-24-5-7-26(44)40-27(24)45/h2-4,6,14-17,24,38H,1,5,7-13H2,(H,39,47)(H,40,44,45)",,KTMUVUBGUQFRRA
9212,P10275,AR-V7,CRBN,,,O=C1CCC(N2CC3=CC(C#CC4CN(C(=O)C5=CN(C6(C(=O)NC7=CC=C(C(F)(F)F)C=C7Cl)CCC6)N=C5)C4)=CC=C3C2=O)C(=O)N1,,,,,,,,,,,,,,,,,,,,,,,,,,,,,,,,,,,,,,,,,,,,,,,,,,,,,,,,,,,,,,,,,,,,,,,693.082,692.176180336,2.45,49,7,7,2,5,133.71,,"InChI=1S/C34H28ClF3N6O5/c35-25-13-23(34(36,37)38)5-7-26(25)40-32(49)33(10-1-11-33)44-18-22(14-39-44)30(47)42-15-20(16-42)3-2-19-4-6-24-21(12-19)17-43(31(24)48)27-8-9-28(45)41-29(27)46/h4-7,12-14,18,20,27H,1,8-11,15-17H2,(H,40,49)(H,41,45,46)",,MDTHIEPTXKAGAA
9213,P10275,AR-V7,CRBN,,,O=C1CCC(N2C(=O)C3=CC=C(N4CCC(C(=O)NC5=CN(C6(C(=O)NC7=CC=C(C(F)(F)F)C=C7Cl)CCC6)N=C5)CC4)C=C3C2=O)C(=O)N1,,,,,,,,,,,,,,,,,,,,,,,,,,,,,,,,,,,,,,,,,,,,,,,,,,,,,,,,,,,,,,,,,,,,,,,726.112,725.197644052,3.35,51,7,9,3,7,162.81,,"InChI=1S/C34H31ClF3N7O6/c35-24-14-19(34(36,37)38)2-5-25(24)41-32(51)33(10-1-11-33)44-17-20(16-39-44)40-28(47)18-8-12-43(13-9-18)21-3-4-22-23(15-21)31(50)45(30(22)49)26-6-7-27(46)42-29(26)48/h2-5,14-18,26H,1,6-13H2,(H,40,47)(H,41,51)(H,42,46,48)",,JNCYAPATMIOLRB
9214,P10275,AR-V7,CRBN,,,O=C1CCC(N2C(=O)C3=CN=C(N4CC(C#CC5=CN(C6(C(=O)NC7=CC=C(C(F)(F)F)C=C7Cl)CCC6)N=C5)C4)C=C3C2=O)C(=O)N1,,,,,,,,,,,,,,,,,,,,,,,,,,,,,,,,,,,,,,,,,,,,,,,,,,,,,,,,,,,,,,,,,,,,,,,680.043,679.15577924,4.54,48,7,9,2,5,146.6,,"InChI=1S/C32H25ClF3N7O5/c33-22-10-19(32(34,35)36)4-5-23(22)39-30(48)31(8-1-9-31)42-16-17(12-38-42)2-3-18-14-41(15-18)25-11-20-21(13-37-25)29(47)43(28(20)46)24-6-7-26(44)40-27(24)45/h4-5,10-13,16,18,24H,1,6-9,14-15H2,(H,39,48)(H,40,44,45)",,VXPPHRZTQKMEMK
9215,P10275,AR-V7,CRBN,,,CC(C)(C(=O)NC1=CC=C(C#N)C2=CC=CC=C12)N1C=C(C#CC2CN(C3=CC4=C(C=N3)C(=O)N(C3CCC(=O)NC3=O)C4=O)C2)C=N1,,,,,,,,,,,,,,,,,,,,,,,,,,,,,,,,,,,,,,,,,,,,,,,,,,,,,,,,,,,,,,,,,,,,,,,640.66,640.218265996,4.4,48,7,10,2,5,170.39,,"InChI=1S/C35H28N8O5/c1-35(2,34(48)39-27-10-9-22(14-36)23-5-3-4-6-24(23)27)42-19-20(15-38-42)7-8-21-17-41(18-21)29-13-25-26(16-37-29)33(47)43(32(25)46)28-11-12-30(44)40-31(28)45/h3-6,9-10,13,15-16,19,21,28H,11-12,17-18H2,1-2H3,(H,39,48)(H,40,44,45)",,QNJOTODCOOFSTC
9216,P10275,AR-V7,CRBN,,,CN1C(=O)N(C2CCC(=O)NC2=O)C2=CC=C(CN3CCN(C(=O)C4=CN(C5(C(=O)NC6=CC=C(C(F)(F)F)C=C6Cl)CCC5)N=C4)CC3)C=C21,,,,,,,,,,,,,,,,,,,,,,,,,,,,,,,,,,,,,,,,,,,,,,,,,,,,,,,,,,,,,,,,,,,,,,,727.144,726.229278528,2.42,51,7,10,2,7,143.57,,"InChI=1S/C34H34ClF3N8O5/c1-42-27-15-20(3-6-25(27)46(32(42)51)26-7-8-28(47)41-29(26)48)18-43-11-13-44(14-12-43)30(49)21-17-39-45(19-21)33(9-2-10-33)31(50)40-24-5-4-22(16-23(24)35)34(36,37)38/h3-6,15-17,19,26H,2,7-14,18H2,1H3,(H,40,50)(H,41,47,48)",,MFHYFOBZODYDSM
9217,P10275,AR-V7,CRBN,,,CC(C)(C(=O)NC1=CC=C(C(F)(F)F)C=C1C1CCOCC1)N1C=C(C#CC2CN(C3=CC=C4C(=O)N(C5CCC(=O)NC5=O)C(=O)C4=C3)C2)C=N1,,,,,,,,,,,,,,,,,,,,,,,,,,,,,,,,,,,,,,,,,,,,,,,,,,,,,,,,,,,,,,,,,,,,,,,716.717,716.2570175,4.58,52,7,9,2,6,142.94,,"InChI=1S/C37H35F3N6O6/c1-36(2,35(51)42-29-8-5-24(37(38,39)40)15-27(29)23-11-13-52-14-12-23)45-20-21(17-41-45)3-4-22-18-44(19-22)25-6-7-26-28(16-25)34(50)46(33(26)49)30-9-10-31(47)43-32(30)48/h5-8,15-17,20,22-23,30H,9-14,18-19H2,1-2H3,(H,42,51)(H,43,47,48)",,CXWRPUSZAWTRJE
9218,P10275,AR-V7,CRBN,,,CC(C)(C(=O)NC1=CC=C(C(F)(F)F)C=C1N1CCC2(CC1)CC2)N1C=C(C#CC2CN(C3=CC=C4C(=O)N(C5CCC(=O)NC5=O)C(=O)C4=C3)C2)C=N1,,,,,,,,,,,,,,,,,,,,,,,,,,,,,,,,,,,,,,,,,,,,,,,,,,,,,,,,,,,,,,,,,,,,,,,741.771,741.288651976,6.19,54,8,9,2,6,136.95,,"InChI=1S/C39H38F3N7O5/c1-37(2,36(54)44-29-8-5-25(39(40,41)42)17-31(29)46-15-13-38(11-12-38)14-16-46)48-22-23(19-43-48)3-4-24-20-47(21-24)26-6-7-27-28(18-26)35(53)49(34(27)52)30-9-10-32(50)45-33(30)51/h5-8,17-19,22,24,30H,9-16,20-21H2,1-2H3,(H,44,54)(H,45,50,51)",,AIPFICAKNDRFCI
9219,P10275,AR-V7,CRBN,,,CC(C)(C(=O)NC1=CC=C(C(F)(F)F)C=C1N1CC2CCCC2C1)N1C=C(C#CC2CN(C3=CC=C4C(=O)N(C5CCC(=O)NC5=O)C(=O)C4=C3)C2)C=N1,,,,,,,,,,,,,,,,,,,,,,,,,,,,,,,,,,,,,,,,,,,,,,,,,,,,,,,,,,,,,,,,,,,,,,,741.771,741.288651976,2.43,54,8,9,2,6,136.95,,"InChI=1S/C39H38F3N7O5/c1-38(2,37(54)44-30-11-8-26(39(40,41)42)14-32(30)47-20-24-4-3-5-25(24)21-47)48-19-22(16-43-48)6-7-23-17-46(18-23)27-9-10-28-29(15-27)36(53)49(35(28)52)31-12-13-33(50)45-34(31)51/h8-11,14-16,19,23-25,31H,3-5,12-13,17-18,20-21H2,1-2H3,(H,44,54)(H,45,50,51)",,AAENOOUXCIZPNX
9220,P10275,AR-V7,CRBN,,,CC(C)(C(=O)NC1=CC=C(C(F)(F)F)C=C1CN1CCOCC1)N1C=C(C#CC2CN(C3=CC=C4C(=O)N(C5CCC(=O)NC5=O)C(=O)C4=C3)C2)C=N1,,,,,,,,,,,,,,,,,,,,,,,,,,,,,,,,,,,,,,,,,,,,,,,,,,,,,,,,,,,,,,,,,,,,,,,731.732,731.267916532,3.76,53,7,10,2,7,146.18,,"InChI=1S/C37H36F3N7O6/c1-36(2,35(52)42-29-8-5-25(37(38,39)40)15-24(29)21-44-11-13-53-14-12-44)46-20-22(17-41-46)3-4-23-18-45(19-23)26-6-7-27-28(16-26)34(51)47(33(27)50)30-9-10-31(48)43-32(30)49/h5-8,15-17,20,23,30H,9-14,18-19,21H2,1-2H3,(H,42,52)(H,43,48,49)",,FQPSYIAZESOHEW
9221,P10275,AR-V7,CRBN,,,CC(C)(C(=O)NC1=CC=C(C(F)(F)F)C=C1C1=CC=CC=C1)N1C=C(C#CC2CN(C3=CC=C4C(=O)N(C5CCC(=O)NC5=O)C(=O)C4=C3)C2)C=N1,,,,,,,,,,,,,,,,,,,,,,,,,,,,,,,,,,,,,,,,,,,,,,,,,,,,,,<1000,proliferation inhibition of 22RV1 cells,,,,,,,,,,,,,,,,708.697,708.230802752,4.26,52,7,8,2,6,133.71,,"InChI=1S/C38H31F3N6O5/c1-37(2,36(52)43-30-13-10-25(38(39,40)41)16-28(30)24-6-4-3-5-7-24)46-21-22(18-42-46)8-9-23-19-45(20-23)26-11-12-27-29(17-26)35(51)47(34(27)50)31-14-15-32(48)44-33(31)49/h3-7,10-13,16-18,21,23,31H,14-15,19-20H2,1-2H3,(H,43,52)(H,44,48,49)",,PLPKXGYVTXWKGA
9222,P10275,AR-V7,CRBN,,,CC1(C)C(C)(C)C(C(=O)NC2=CC=C(C(F)(F)F)C=C2Cl)(N2C=C(C#CC3CN(C4=CC=C5C(=O)N(C6CCC(=O)NC6=O)C(=O)C5=C4)C3)C=N2)C1(C)C,,,,,,,,,,,,,,,,,,,,,,,,,,,,,,,,,,,,,,,,,,,,,,,,,,,,,,<50,proliferation inhibition of 22RV1 cells,,,,,,,,,,,,,,,,763.217,762.254430656,2.69,54,7,8,2,5,133.71,,"InChI=1S/C39H38ClF3N6O5/c1-35(2)36(3,4)38(37(35,5)6,34(54)45-28-12-9-23(15-27(28)40)39(41,42)43)48-20-21(17-44-48)7-8-22-18-47(19-22)24-10-11-25-26(16-24)33(53)49(32(25)52)29-13-14-30(50)46-31(29)51/h9-12,15-17,20,22,29H,13-14,18-19H2,1-6H3,(H,45,54)(H,46,50,51)",,UYETZSKBUNMMAO
9223,P10275,AR-V7,CRBN,,,CC(C)(C(=O)NC1=CC=CC2=C1CCCO2)N1C=C(C#CC2CN(C3=CC=C4C(=O)N(C5CCC(=O)NC5=O)C(=O)C4=C3)C2)C=N1,,,,,,,,,,,,,,,,,,,,,,,,,,,,,,,,,,,,,,,,,,,,,,,,,,,,,,,,,,,,,,,,,,,,,,,620.666,620.238332744,3.71,46,7,9,2,5,142.94,,"InChI=1S/C34H32N6O6/c1-34(2,33(45)36-26-6-3-7-28-24(26)5-4-14-46-28)39-19-20(16-35-39)8-9-21-17-38(18-21)22-10-11-23-25(15-22)32(44)40(31(23)43)27-12-13-29(41)37-30(27)42/h3,6-7,10-11,15-16,19,21,27H,4-5,12-14,17-18H2,1-2H3,(H,36,45)(H,37,41,42)",,RIYSLKFLELCSEP
9224,P10275,AR-V7,CRBN,,,O=C1CCC(N2C(=O)C3=CC=C(N4CC(C#CC5=CC=CN(C6(C(=O)NC7=CC=C(C(F)(F)F)C=C7Cl)CCC6)C5=O)C4)C=C3C2=O)C(=O)N1,,,,,,,,,,,,,,,,,,,,,,,,,,,,,,,,,,,,,,,,,,,,,,,,,,,,,,,,,,,,,,,,,,,,,,,706.077,705.160195924,2.0,50,7,8,2,5,137.89,,"InChI=1S/C35H27ClF3N5O6/c36-25-15-21(35(37,38)39)6-9-26(25)40-33(50)34(12-2-13-34)43-14-1-3-20(30(43)47)5-4-19-17-42(18-19)22-7-8-23-24(16-22)32(49)44(31(23)48)27-10-11-28(45)41-29(27)46/h1,3,6-9,14-16,19,27H,2,10-13,17-18H2,(H,40,50)(H,41,45,46)",,IDQBMPLFYMNQPV
9225,P10275,AR-V7,CRBN,,,CC(C)(C(=O)NC1=CC=C(C(F)(F)F)C=C1C#CC1CC1)N1C=C(C#CC2CN(C3=CC=C4C(=O)N(C5CCC(=O)NC5=O)C(=O)C4=C3)C2)C=N1,,,,,,,,,,,,,,,,,,,,,,,,,,,,,,,,,,,,,,,,,,,,,,,,,,,,,,<50,proliferation inhibition of 22RV1 cells,,,,,,,,,,,,,,,,696.686,696.230802752,4.36,51,7,8,2,5,133.71,,"InChI=1S/C37H31F3N6O5/c1-36(2,35(51)42-29-12-9-25(37(38,39)40)15-24(29)8-7-21-3-4-21)45-20-22(17-41-45)5-6-23-18-44(19-23)26-10-11-27-28(16-26)34(50)46(33(27)49)30-13-14-31(47)43-32(30)48/h9-12,15-17,20-21,23,30H,3-4,13-14,18-19H2,1-2H3,(H,42,51)(H,43,47,48)",,GDSISMOMCMVVDP
9226,P10275,AR-V7,CRBN,,,CC(C)(C(=O)NC1=CC=C(C(F)(F)F)C=C1N1C=NC=N1)N1C=C(C#CC2CN(C3=CC=C4C(=O)N(C5CCC(=O)NC5=O)C(=O)C4=C3)C2)C=N1,,,,,,,,,,,,,,,,,,,,,,,,,,,,,,,,,,,,,,,,,,,,,,,,,,,,,,<1000,proliferation inhibition of 22RV1 cells,,,,,,,,,,,,,,,,699.65,699.216549656,3.71,51,7,11,2,6,164.42,,"InChI=1S/C34H28F3N9O5/c1-33(2,32(51)41-25-8-5-21(34(35,36)37)11-27(25)44-18-38-17-40-44)45-16-19(13-39-45)3-4-20-14-43(15-20)22-6-7-23-24(12-22)31(50)46(30(23)49)26-9-10-28(47)42-29(26)48/h5-8,11-13,16-18,20,26H,9-10,14-15H2,1-2H3,(H,41,51)(H,42,47,48)",,GIBFQVPYRVLKRZ
9227,P10275,AR-V7,CRBN,,,CC#CC1=CC(C(F)(F)F)=CC=C1NC(=O)C(C)(C)N1C=C(C#CC2CN(C3=CC=C4C(=O)N(C5CCC(=O)NC5=O)C(=O)C4=C3)C2)C=N1,<500,,degradation of AR-V7 in prostate cancer cells 22RV1.,,,,,,,,,,,,,,,,,,,,,,,,,,,,,,,,,,,,,,,,,,,,,,,,,,,<50,proliferation inhibition of 22RV1 cells,,,,,,,,,,,,,,,,670.648,670.215152688,3.46,49,6,8,2,5,133.71,,"InChI=1S/C35H29F3N6O5/c1-4-5-22-14-23(35(36,37)38)8-11-27(22)40-33(49)34(2,3)43-19-20(16-39-43)6-7-21-17-42(18-21)24-9-10-25-26(15-24)32(48)44(31(25)47)28-12-13-29(45)41-30(28)46/h8-11,14-16,19,21,28H,12-13,17-18H2,1-3H3,(H,40,49)(H,41,45,46)",,FXITUGXDBAJLPL
9228,P10275,AR-V7,CRBN,,,CC(C)(C(=O)NC1C2CC3CC1CC(C#N)(C3)C2)N1C=C(C#CC2CN(C3=CC4=C(C=C3)C(=O)N(C3CCC(=O)NC3=O)C4=O)C2)C=N1,,,,,,,,,,,,,,,,,,,,,,,,,,,,,,,,,,,,,,,,,,,,,,,,,,,,,,,,,,,,,,,,,,,,,,,647.736,647.285617284,3.44,48,9,9,2,5,157.5,,"InChI=1S/C36H37N7O5/c1-35(2,34(48)40-30-23-9-22-10-24(30)14-36(12-22,13-23)19-37)42-18-20(15-38-42)3-4-21-16-41(17-21)25-5-6-26-27(11-25)33(47)43(32(26)46)28-7-8-29(44)39-31(28)45/h5-6,11,15,18,21-24,28,30H,7-10,12-14,16-17H2,1-2H3,(H,40,48)(H,39,44,45)",,MTNCQIFNWDKPFH
9229,P10275,AR-V7,CRBN,,,O=C1CCC(N2N=NC3=CC(N4CC(C#CC5=CN(C6(C(=O)NC7=CC=C(C(F)(F)F)C=C7Cl)CCC6)N=C5)C4)=CC=C3C2=O)C(=O)N1,,,,,,,,,,,,,,,,,,,,,,,,,,,,,,,,,,,,,,,,,,,,,,,,,,,,,,,,,,,,,,,,,,,,,,,679.059,678.171763652,3.8,48,7,10,2,5,144.11,,"InChI=1S/C32H26ClF3N8O4/c33-23-12-20(32(34,35)36)4-7-24(23)38-30(48)31(10-1-11-31)43-17-18(14-37-43)2-3-19-15-42(16-19)21-5-6-22-25(13-21)40-41-44(29(22)47)26-8-9-27(45)39-28(26)46/h4-7,12-14,17,19,26H,1,8-11,15-16H2,(H,38,48)(H,39,45,46)",,KCBKILGDFCHGKE
9230,P10275,AR-V7,CRBN,,,CC(C)(C(=O)NC1=CC=C(C#N)C2=CC=CC=C12)N1C=C(C#CC2CN(C3=CC=C4C(=O)N(C5CCC(=O)NC5=O)N=NC4=C3)C2)C=N1,,,,,,,,,,,,,,,,,,,,,,,,,,,,,,,,,,,,,,,,,,,,,,,,,,,,,,,,,,,,,,,,,,,,,,,639.676,639.234250408,3.46,48,7,11,2,5,167.9,,"InChI=1S/C35H29N9O4/c1-35(2,34(48)38-28-12-9-23(16-36)25-5-3-4-6-26(25)28)43-20-21(17-37-43)7-8-22-18-42(19-22)24-10-11-27-29(15-24)40-41-44(33(27)47)30-13-14-31(45)39-32(30)46/h3-6,9-12,15,17,20,22,30H,13-14,18-19H2,1-2H3,(H,38,48)(H,39,45,46)",,LVZNYJZEZLCXMW
9231,P10275,AR-V7,CRBN,,,O=C1CCC(N2CC3=CC(C#CC4CN(CC5=CN(C6(C(=O)NC7=CC=C(C(F)(F)F)C=C7Cl)CCC6)N=C5)C4)=CC=C3C2=O)C(=O)N1,,,,,,,,,,,,,,,,,,,,,,,,,,,,,,,,,,,,,,,,,,,,,,,,,,,,,,,,,,,,,,,,,,,,,,,679.099,678.19691578,2.06,48,7,7,2,6,116.64,,"InChI=1S/C34H30ClF3N6O4/c35-26-13-24(34(36,37)38)5-7-27(26)40-32(48)33(10-1-11-33)44-18-22(14-39-44)17-42-15-21(16-42)3-2-20-4-6-25-23(12-20)19-43(31(25)47)28-8-9-29(45)41-30(28)46/h4-7,12-14,18,21,28H,1,8-11,15-17,19H2,(H,40,48)(H,41,45,46)",,KFYKAIFBMQTKJX
9232,P10275,AR-V7,CRBN,,,CN1C(=O)N(C2CCC(=O)NC2=O)C2=CC=C(C#CC3CN(CC4=CN(C5(C(=O)NC6=CC=C(C(F)(F)F)C=C6Cl)CCC5)N=C4)C3)C=C21,,,,,,,,,,,,,,,,,,,,,,,,,,,,,,,,,,,,,,,,,,,,,,,,,,,,,,,,,,,,,,,,,,,,,,,694.114,693.207814812,4.24,49,7,9,2,6,123.26,,"InChI=1S/C34H31ClF3N7O4/c1-42-28-13-20(5-8-26(28)45(32(42)49)27-9-10-29(46)41-30(27)47)3-4-21-16-43(17-21)18-22-15-39-44(19-22)33(11-2-12-33)31(48)40-25-7-6-23(14-24(25)35)34(36,37)38/h5-8,13-15,19,21,27H,2,9-12,16-18H2,1H3,(H,40,48)(H,41,46,47)",,WTEVKKKBMCGKIQ
9233,P10275,AR-V7,CRBN,,,CC(C)(C(=O)NC1=CC=C(C(F)(F)F)C=C1N1CCC(N2CCC2)CC1)N1C=C(C#CC2CN(C3=CC=C4C(=O)N(C5CCC(=O)NC5=O)C(=O)C4=C3)C2)C=N1,,,,,,,,,,,,,,,,,,,,,,,,,,,,,,,,,,,,,,,,,,,,,,,,,,,,,,,,,,,,,,,,,,,,,,,770.813,770.315201072,3.18,56,8,10,2,7,140.19,,"InChI=1S/C40H41F3N8O5/c1-39(2,38(56)45-31-9-6-26(40(41,42)43)18-33(31)48-16-12-27(13-17-48)47-14-3-15-47)50-23-24(20-44-50)4-5-25-21-49(22-25)28-7-8-29-30(19-28)37(55)51(36(29)54)32-10-11-34(52)46-35(32)53/h6-9,18-20,23,25,27,32H,3,10-17,21-22H2,1-2H3,(H,45,56)(H,46,52,53)",,CMPNTKRFMGVBGG
9234,P10275,AR-V7,CRBN,,,CC(C)(C(=O)NC1=C2CCCC2=C(C#N)C2=C1CCC2)N1C=C(C#CC2CN(C3=CC=C4C(=O)N(C5CCC(=O)NC5=O)C(=O)C4=C3)C2)C=N1,,,,,,,,,,,,,,,,,,,,,,,,,,,,,,,,,,,,,,,,,,,,,,,,,,,,,,,,,,,,,,,,,,,,,,,669.742,669.26996722,3.98,50,8,9,2,5,157.5,,"InChI=1S/C38H35N7O5/c1-38(2,37(50)42-33-26-7-3-5-24(26)30(16-39)25-6-4-8-27(25)33)44-20-21(17-40-44)9-10-22-18-43(19-22)23-11-12-28-29(15-23)36(49)45(35(28)48)31-13-14-32(46)41-34(31)47/h11-12,15,17,20,22,31H,3-8,13-14,18-19H2,1-2H3,(H,42,50)(H,41,46,47)",,FAQHZPDELVDZHJ
9235,P10275,AR-V7,CRBN,,,CC(C)(C(=O)NC1=CC=C(C(F)(F)F)C=C1N1N=CC=CC1=O)N1C=C(C#CC2CN(C3=CC=C4C(=O)N(C5CCC(=O)NC5=O)C(=O)C4=C3)C2)C=N1,,,,,,,,,,,,,,,,,,,,,,,,,,,,,,,,,,,,,,,,,,,,,,,,,,,,,,,,,,,,,,,,,,,,,,,726.672,726.216215308,3.41,53,7,11,2,6,168.6,,"InChI=1S/C36H29F3N8O6/c1-35(2,34(53)42-26-10-7-22(36(37,38)39)14-28(26)47-30(49)4-3-13-40-47)45-19-20(16-41-45)5-6-21-17-44(18-21)23-8-9-24-25(15-23)33(52)46(32(24)51)27-11-12-29(48)43-31(27)50/h3-4,7-10,13-16,19,21,27H,11-12,17-18H2,1-2H3,(H,42,53)(H,43,48,50)",,ZGRYKTOASVQNRP
9236,P10275,AR-V7,CRBN,,,CC1(C#CC2=CN(C3(C(=O)NC4=CC=C(C(F)(F)F)C=C4Cl)CCC3)N=C2)CN(C2=CC=C3C(=O)N(C4CCC(=O)NC4=O)C(=O)C3=C2)C1,,,,,,,,,,,,,,,,,,,,,,,,,,,,,,,,,,,,,,,,,,,,,,,,,,,,,,,,,,,,,,,,,,,,,,,693.082,692.176180336,4.67,49,7,8,2,5,133.71,,"InChI=1S/C34H28ClF3N6O5/c1-32(17-42(18-32)21-4-5-22-23(14-21)30(48)44(29(22)47)26-7-8-27(45)41-28(26)46)12-9-19-15-39-43(16-19)33(10-2-11-33)31(49)40-25-6-3-20(13-24(25)35)34(36,37)38/h3-6,13-16,26H,2,7-8,10-11,17-18H2,1H3,(H,40,49)(H,41,45,46)",,HFBOEONEOFDCKB
9237,P10275,AR-V7,CRBN,,,CC1(C#CC2=CN(C(C)(C)C(=O)NC3=CC=C(N)C4=CC=CC=C34)N=C2)CN(C2=CC=C3C(=O)N(C4CCC(=O)NC4=O)C(=O)C3=C2)C1,,,,,,,,,,,,,,,,,,,,,,,,,,,,,,,,,,,,,,,,,,,,,,,,,,,,,,,,,,,,,,,,,,,,,,,643.704,643.254317156,4.17,48,7,9,3,5,159.73,,"InChI=1S/C36H33N7O5/c1-35(2,34(48)39-28-11-10-27(37)23-6-4-5-7-24(23)28)42-18-21(17-38-42)14-15-36(3)19-41(20-36)22-8-9-25-26(16-22)33(47)43(32(25)46)29-12-13-30(44)40-31(29)45/h4-11,16-18,29H,12-13,19-20,37H2,1-3H3,(H,39,48)(H,40,44,45)",,IKBNPQZWTHHKDM
9238,P10275,AR-V7,CRBN,,,CN1N=C(C2CCC(=O)NC2=O)C2=CC=CC(C#CC3CN(CC4=CN(C5(C(=O)NC6=CC=C(C(F)(F)F)C=C6Cl)CCC5)N=C4)C3)=C21,,,,,,,,,,,,,,,,,,,,,,,,,,,,,,,,,,,,,,,,,,,,,,,,,,,,,,,,,,,,,,,,,,,,,,,678.115,677.212900192,3.35,48,7,8,2,6,114.15,,"InChI=1S/C34H31ClF3N7O3/c1-43-30-22(4-2-5-24(30)29(42-43)25-9-11-28(46)41-31(25)47)7-6-20-16-44(17-20)18-21-15-39-45(19-21)33(12-3-13-33)32(48)40-27-10-8-23(14-26(27)35)34(36,37)38/h2,4-5,8,10,14-15,19-20,25H,3,9,11-13,16-18H2,1H3,(H,40,48)(H,41,46,47)",,UOVUXSFMLZPRQF
9239,P10275,AR-V7,CRBN,,,O=C1CCC(N2C(=O)C3=CC=C(C#CC4CN(CC5=CN(C6(C(=O)NC7=CC=C(C(F)(F)F)C=C7Cl)CCC6)N=C5)C4)C=C3C2=O)C(=O)N1,,,,,,,,,,,,,,,,,,,,,,,,,,,,,,,,,,,,,,,,,,,,,,,,,,,,,,,,,,,,,,,,,,,,,,,693.082,692.176180336,1.63,49,7,8,2,6,133.71,,"InChI=1S/C34H28ClF3N6O5/c35-25-13-22(34(36,37)38)5-7-26(25)40-32(49)33(10-1-11-33)43-18-21(14-39-43)17-42-15-20(16-42)3-2-19-4-6-23-24(12-19)31(48)44(30(23)47)27-8-9-28(45)41-29(27)46/h4-7,12-14,18,20,27H,1,8-11,15-17H2,(H,40,49)(H,41,45,46)",,AQJPFNDVLKVZEF
9240,P10275,AR-V7,CRBN,,,CC(C)(C(=O)NC1=CC(C(F)(F)F)=CC=C1N1CCC2=CC=CC=C21)N1C=C(C#CC2CN(C3=CC=C4C(=O)N(C5CCC(=O)NC5=O)C(=O)C4=C3)C2)C=N1,,,,,,,,,,,,,,,,,,,,,,,,,,,,,,,,,,,,,,,,,,,,,,,,,,,,,,,,,,,,,,,,,,,,,,,749.75,749.257351848,3.77,55,8,9,2,6,136.95,,"InChI=1S/C40H34F3N7O5/c1-39(2,38(55)45-30-17-26(40(41,42)43)9-12-32(30)48-16-15-25-5-3-4-6-31(25)48)49-22-23(19-44-49)7-8-24-20-47(21-24)27-10-11-28-29(18-27)37(54)50(36(28)53)33-13-14-34(51)46-35(33)52/h3-6,9-12,17-19,22,24,33H,13-16,20-21H2,1-2H3,(H,45,55)(H,46,51,52)",,AGOMBODKRMTLGL
9241,P10275,AR-V7,CRBN,,,O=C1CCN(C2=CC=C(N3CC(C#CC4=CN(C5(C(=O)NC6=CC=C(C(F)(F)F)C=C6Cl)CCC5)N=C4)C3)C=C2)C(=O)N1,,,,,,,,,,,,,,,,,,,,,,,,,,,,,,,,,,,,,,,,,,,,,,,,,,,,,,,,,,,,,,,,,,,,,,,611.024,610.170701032,3.67,43,6,6,2,5,99.57,,"InChI=1S/C30H26ClF3N6O3/c31-24-14-21(30(32,33)34)4-9-25(24)36-27(42)29(11-1-12-29)40-18-19(15-35-40)2-3-20-16-38(17-20)22-5-7-23(8-6-22)39-13-10-26(41)37-28(39)43/h4-9,14-15,18,20H,1,10-13,16-17H2,(H,36,42)(H,37,41,43)",,JKXJOJLGZKJXRE
9242,P10275,AR-V7,CRBN,,,CC(C)(C(=O)NC1=CC=C(C(F)(F)F)C=C1N1C=CC=C1)N1C=C(C#CC2CN(C3=CC=C4C(=O)N(C5CCC(=O)NC5=O)C(=O)C4=C3)C2)C=N1,,,,,,,,,,,,,,,,,,,,,,,,,,,,,,,,,,,,,,,,,,,,,,,,,,,,,,<100,proliferation inhibition of 22RV1 cells,,,,,,,,,,,,,,,,697.674,697.22605172,2.71,51,7,9,2,6,138.64,,"InChI=1S/C36H30F3N7O5/c1-35(2,34(51)41-27-10-7-23(36(37,38)39)15-29(27)43-13-3-4-14-43)45-20-21(17-40-45)5-6-22-18-44(19-22)24-8-9-25-26(16-24)33(50)46(32(25)49)28-11-12-30(47)42-31(28)48/h3-4,7-10,13-17,20,22,28H,11-12,18-19H2,1-2H3,(H,41,51)(H,42,47,48)",,UNUNWVOCIWXTND
9243,P10275,AR-V7,CRBN,,,CC(C)(C(=O)NC12CCC(C#N)(CC1)CC2)N1C=C(C#CC2CN(C3=CC4=C(C=C3)C(=O)N(C3CCC(=O)NC3=O)C4=O)C2)C=N1,,,,,,,,,,,,,,,,,,,,,,,,,,,,,,,,,,,,,,,,,,,,,,,,,,,,,,,,,,,,,,,,,,,,,,,621.698,621.26996722,3.99,46,8,9,2,5,157.5,,"InChI=1S/C34H35N7O5/c1-32(2,31(46)38-34-12-9-33(20-35,10-13-34)11-14-34)40-19-21(16-36-40)3-4-22-17-39(18-22)23-5-6-24-25(15-23)30(45)41(29(24)44)26-7-8-27(42)37-28(26)43/h5-6,15-16,19,22,26H,7-14,17-18H2,1-2H3,(H,38,46)(H,37,42,43)",,CSJIMESFPLAVTM
9244,P10275,AR-V7,CRBN,,,CN1N=C(N2CCC(=O)NC2=O)C2=CC=C(N3CC4(CCN(C(=O)C5=CN(C6(C(=O)NC7=CC=C(C(F)(F)F)C=C7Cl)CCC6)N=C5)CC4)C3)C=C21,,,,,,,,,,,,,,,,,,,,,,,,,,,,,,,,,,,,,,,,,,,,,,,,,,,,,,,,,,,,,,,,,,,,,,,738.171,737.24526294,3.51,52,8,9,2,6,137.7,,"InChI=1S/C35H35ClF3N9O4/c1-44-27-16-23(4-5-24(27)29(43-44)47-12-7-28(49)42-32(47)52)46-19-33(20-46)10-13-45(14-11-33)30(50)21-17-40-48(18-21)34(8-2-9-34)31(51)41-26-6-3-22(15-25(26)36)35(37,38)39/h3-6,15-18H,2,7-14,19-20H2,1H3,(H,41,51)(H,42,49,52)",,AMKBRPMVCCXGKH
9245,P10275,AR-V7,CRBN,,,CC(C)(C(=O)NC1=CC=C(C(F)(F)F)C=C1OCC1CC1)N1C=C(C#CC2CN(C3=CC=C4C(=O)N(C5CCC(=O)NC5=O)C(=O)C4=C3)C2)C=N1,,,,,,,,,,,,,,,,,,,,,,,,,,,,,,,,,,,,,,,,,,,,,,,,,,,,,,,,,,,,,,,,,,,,,,,702.69,702.241367436,4.78,51,7,9,2,8,142.94,,"InChI=1S/C36H33F3N6O6/c1-35(2,34(50)41-27-10-7-23(36(37,38)39)13-29(27)51-19-20-3-4-20)44-18-21(15-40-44)5-6-22-16-43(17-22)24-8-9-25-26(14-24)33(49)45(32(25)48)28-11-12-30(46)42-31(28)47/h7-10,13-15,18,20,22,28H,3-4,11-12,16-17,19H2,1-2H3,(H,41,50)(H,42,46,47)",,HQCVOTUZYRSERY
9246,P10275,AR-V7,CRBN,,,O=C1CCC(N2C(=O)C3=CC=C(N4CCN(C(=O)C5=CN(C6(C(=O)NC7=CC=C(C(F)(F)F)C=C7Cl)CCC6)N=C5)CC4)C=C3C2=O)C(=O)N1,,,,,,,,,,,,,,,,,,,,,,,,,,,,,,,,,,,,,,,,,,,,,,,,,,,,,,,,,,,,,,,,,,,,,,,712.085,711.181993988,2.62,50,7,9,2,6,154.02,,"InChI=1S/C33H29ClF3N7O6/c34-23-14-19(33(35,36)37)2-5-24(23)39-31(50)32(8-1-9-32)43-17-18(16-38-43)28(47)42-12-10-41(11-13-42)20-3-4-21-22(15-20)30(49)44(29(21)48)25-6-7-26(45)40-27(25)46/h2-5,14-17,25H,1,6-13H2,(H,39,50)(H,40,45,46)",,RNENJYCAVFMVAQ
9247,P10275,AR-V7,CRBN,,,CC(C)(C(=O)NC1=CC=C(C(F)(F)F)C=C1Cl)N1C(=O)[NH]C2=CC=C(C#CC3CN(C4=CC=C5C(=O)N(C6CCC(=O)NC6=O)C(=O)C5=C4)C3)C=C21,,,,,,,,,,,,,,,,,,,,,,,,,,,,,,,,,,,,,,,,,,,,,,,,,,,,,,,,,,,,,,,,,,,,,,,733.103,732.171094956,4.8,52,7,8,3,5,153.68,,"InChI=1S/C36H28ClF3N6O6/c1-35(2,33(51)41-25-10-6-20(14-24(25)37)36(38,39)40)46-28-13-18(5-9-26(28)42-34(46)52)3-4-19-16-44(17-19)21-7-8-22-23(15-21)32(50)45(31(22)49)27-11-12-29(47)43-30(27)48/h5-10,13-15,19,27H,11-12,16-17H2,1-2H3,(H,41,51)(H,42,52)(H,43,47,48)",,NMNQMWHLMSIFIB
9248,P10275,AR-V7,CRBN,,,O=C1CCC(N2C(=O)C3=CC=C(N4CC(C#CC5=CN(C6(C(=O)NC7=CC=C(C(F)(F)F)C=C7Cl)CCC6)C=N5)C4)C=C3C2=O)C(=O)N1,,,,,,,,,,,,,,,,,,,,,,,,,,,,,,,,,,,,,,,,,,,,,,,,,,,,,,<1000,proliferation inhibition of 22RV1 cells,,,,,,,,,,,,,,,,679.055,678.160530272,3.01,48,7,8,2,5,133.71,,"InChI=1S/C33H26ClF3N6O5/c34-24-12-19(33(35,36)37)3-7-25(24)39-31(48)32(10-1-11-32)42-16-20(38-17-42)4-2-18-14-41(15-18)21-5-6-22-23(13-21)30(47)43(29(22)46)26-8-9-27(44)40-28(26)45/h3,5-7,12-13,16-18,26H,1,8-11,14-15H2,(H,39,48)(H,40,44,45)",,KDFBPZXPJYBZQN
9249,P10275,AR-V7,CRBN,,,O=C1CCC(N2C(=O)C3=C4C2=CC=C(C#CC2CN(CC5=CN(C6(C(=O)NC7=CC=C(C(F)(F)F)C=C7Cl)CCC6)N=C5)C2)C4=CC=C3)C(=O)N1,,,,,,,,,,,,,,,,,,,,,,,,,,,,,,,,,,,,,,,,,,,,,,,,,,,,,,,,,,,,,,,,,,,,,,,715.132,714.19691578,2.37,51,8,7,2,6,116.64,,"InChI=1S/C37H30ClF3N6O4/c38-27-15-24(37(39,40)41)8-9-28(27)43-35(51)36(13-2-14-36)46-20-22(16-42-46)19-45-17-21(18-45)5-6-23-7-10-29-32-25(23)3-1-4-26(32)34(50)47(29)30-11-12-31(48)44-33(30)49/h1,3-4,7-10,15-16,20-21,30H,2,11-14,17-19H2,(H,43,51)(H,44,48,49)",,OHWTUWXOLIWRIW
9250,P10275,AR-V7,CRBN,,,CC(C)(C(=O)NC1=CC=C(C#N)C2=C1CCC2)N1C=C(C#CC2CN(C3=CC=C4C(=O)N(C5CCC(=O)NC5=O)C(=O)C4=C3)C2)C=N1,,,,,,,,,,,,,,,,,,,,,,,,,,,,,,,,,,,,,,,,,,,,,,,,,,,,,,<50,proliferation inhibition of 22RV1 cells,,,,,,,,,,,,,,,,629.677,629.238667092,2.42,47,7,9,2,5,157.5,,"InChI=1S/C35H31N7O5/c1-35(2,34(47)38-28-11-8-22(15-36)24-4-3-5-25(24)28)41-19-20(16-37-41)6-7-21-17-40(18-21)23-9-10-26-27(14-23)33(46)42(32(26)45)29-12-13-30(43)39-31(29)44/h8-11,14,16,19,21,29H,3-5,12-13,17-18H2,1-2H3,(H,38,47)(H,39,43,44)",,NWCXHHUBWNOQOH
9251,P10275,AR-V7,CRBN,,,O=C1CCC(NC2=CC=C(N3CC(C#CC4=CN(C5(C(=O)NC6=CC=C(C(F)(F)F)C=C6Cl)CCC5)N=C4)C3)C(F)=C2)C(=O)N1,,,,,,,,,,,,,,,,,,,,,,,,,,,,,,,,,,,,,,,,,,,,,,,,,,,,,,,,,,,,,,,,,,,,,,,643.041,642.176929284,2.95,45,6,7,3,6,108.36,,"InChI=1S/C31H27ClF4N6O3/c32-22-12-20(31(34,35)36)4-6-24(22)39-29(45)30(10-1-11-30)42-17-18(14-37-42)2-3-19-15-41(16-19)26-8-5-21(13-23(26)33)38-25-7-9-27(43)40-28(25)44/h4-6,8,12-14,17,19,25,38H,1,7,9-11,15-16H2,(H,39,45)(H,40,43,44)",,PFLYSKOEGLXRGU
9252,P10275,AR-V7,CRBN,,,O=C1CCC(N2C(=O)C3=CC(N4CC(C#CC5=CN(C6(C(=O)NC7=CC=C(C(F)(F)F)C=C7Cl)CCC6)N=C5)C4)=C4OCOC4=C3C2O)C(=O)N1,,,,,,,,,,,,,,,,,,,,,,,,,,,,,,,,,,,,,,,,,,,,,,,,,,,,,,,,,,,,,,,,,,,,,,,725.08,724.166009576,3.45,51,8,10,3,5,155.33,,"InChI=1S/C34H28ClF3N6O7/c35-21-10-19(34(36,37)38)4-5-22(21)40-32(49)33(8-1-9-33)43-15-17(12-39-43)2-3-18-13-42(14-18)24-11-20-26(28-27(24)50-16-51-28)31(48)44(30(20)47)23-6-7-25(45)41-29(23)46/h4-5,10-12,15,18,23,31,48H,1,6-9,13-14,16H2,(H,40,49)(H,41,45,46)",,LTXBAJXGJJGBNY
9253,P10275,AR-V7,CRBN,,,CC(C)(C(=O)NC1=CC=C(C#N)C2=C1OC(F)(F)O2)N1C=C(C#CC2CN(C3=CC=C4C(=O)N(C5CCC(=O)NC5=O)C(=O)C4=C3)C2)C=N1,,,,,,,,,,,,,,,,,,,,,,,,,,,,,,,,,,,,,,,,,,,,,,,,,,,,,,,,,,,,,,,,,,,,,,,669.601,669.17835258,2.12,49,7,11,2,5,175.96,,"InChI=1S/C33H25F2N7O7/c1-32(2,31(47)38-23-8-5-19(12-36)26-27(23)49-33(34,35)48-26)41-16-17(13-37-41)3-4-18-14-40(15-18)20-6-7-21-22(11-20)30(46)42(29(21)45)24-9-10-25(43)39-28(24)44/h5-8,11,13,16,18,24H,9-10,14-15H2,1-2H3,(H,38,47)(H,39,43,44)",,HUPJETCESIKATD
9254,P10275,AR-V7,CRBN,,,CC(C)(C(=O)NC1=CC=C(Cl)C(C#N)=C1)N1C=C(C#CC2CN(C3=CC=C4C(=O)N(C5CCC(=O)NC5=O)C(=O)C4=C3)C2)C=N1,,,,,,,,,,,,,,,,,,,,,,,,,,,,,,,,,,,,,,,,,,,,,,,,,,,,,,,,,,,,,,,,,,,,,,,624.057,623.168394612,2.78,45,6,9,2,5,157.5,,"InChI=1S/C32H26ClN7O5/c1-32(2,31(45)36-21-5-8-25(33)20(11-21)13-34)39-17-18(14-35-39)3-4-19-15-38(16-19)22-6-7-23-24(12-22)30(44)40(29(23)43)26-9-10-27(41)37-28(26)42/h5-8,11-12,14,17,19,26H,9-10,15-16H2,1-2H3,(H,36,45)(H,37,41,42)",,UCXLMEDLYMSGLJ
9255,P10275,AR-V7,CRBN,,,CC(C)(C(=O)NC1=CC=C(C(F)(F)F)C=C1)N1C=C(C#CC2CN(C3=CC=C4C(=O)N(C5CCC(=O)NC5=O)C(=O)C4=C3)C2)C=N1,,,,,,,,,,,,,,,,,,,,,,,,,,,,,,,,,,,,,,,,,,,,,,,,,,,,,,,,,,,,,,,,,,,,,,,632.599,632.199502624,3.67,46,6,8,2,5,133.71,,"InChI=1S/C32H27F3N6O5/c1-31(2,30(46)37-21-7-5-20(6-8-21)32(33,34)35)40-17-18(14-36-40)3-4-19-15-39(16-19)22-9-10-23-24(13-22)29(45)41(28(23)44)25-11-12-26(42)38-27(25)43/h5-10,13-14,17,19,25H,11-12,15-16H2,1-2H3,(H,37,46)(H,38,42,43)",,OZWUFKOCCOVQHN
9256,P10275,AR-V7,CRBN,,,CC(C)C(C(=O)NC1=CC=C(C#N)C(C(F)(F)F)=C1)N1C=C(C#CC2CN(C3=CC=C4C(=O)N(C5CCC(=O)NC5=O)C(=O)C4=C3)C2)C=N1,,,,,,,,,,,,,,,,,,,,,,,,,,,,,,,,,,,,,,,,,,,,,,,,,,,,,,,,,,,,,,,,,,,,,,,671.636,671.210401656,3.66,49,6,9,2,6,157.5,,"InChI=1S/C34H28F3N7O5/c1-18(2)29(31(47)40-22-6-5-21(13-38)26(11-22)34(35,36)37)43-17-19(14-39-43)3-4-20-15-42(16-20)23-7-8-24-25(12-23)33(49)44(32(24)48)27-9-10-28(45)41-30(27)46/h5-8,11-12,14,17-18,20,27,29H,9-10,15-16H2,1-2H3,(H,40,47)(H,41,45,46)",,ONOJWQHVSMDJEH
9257,P10275,AR-V7,CRBN,,,COC1=C(C)C=C(NC(=O)C(C)(C)N2C=C(C#CC3CN(C4=CC=C5C(=O)N(C6CCC(=O)NC6=O)C(=O)C5=C4)C3)C=N2)C=C1C#N,,,,,,,,,,,,,,,,,,,,,,,,,,,,,,,,,,,,,,,,,,,,,,,,,,,,,,,,,,,,,,,,,,,,,,,633.665,633.233581712,2.52,47,6,10,2,6,166.73,,"InChI=1S/C34H31N7O6/c1-19-11-23(12-22(14-35)29(19)47-4)37-33(46)34(2,3)40-18-20(15-36-40)5-6-21-16-39(17-21)24-7-8-25-26(13-24)32(45)41(31(25)44)27-9-10-28(42)38-30(27)43/h7-8,11-13,15,18,21,27H,9-10,16-17H2,1-4H3,(H,37,46)(H,38,42,43)",,IQMUGCSAYLXIGT
9258,P10275,AR-V7,CRBN,,,COCCOC1=CC(C(F)(F)F)=CC=C1NC(=O)C(C)(C)N1C=C(C#CC2CN(C3=CC=C4C(=O)N(C5CCC(=O)NC5=O)C(=O)C4=C3)C2)C=N1,,,,,,,,,,,,,,,,,,,,,,,,,,,,,,,,,,,,,,,,,,,,,,,,,,,,,,,,,,,,,,,,,,,,,,,706.678,706.236282056,5.09,51,6,10,2,9,152.17,,"InChI=1S/C35H33F3N6O7/c1-34(2,33(49)40-26-9-6-22(35(36,37)38)14-28(26)51-13-12-50-3)43-19-20(16-39-43)4-5-21-17-42(18-21)23-7-8-24-25(15-23)32(48)44(31(24)47)27-10-11-29(45)41-30(27)46/h6-9,14-16,19,21,27H,10-13,17-18H2,1-3H3,(H,40,49)(H,41,45,46)",,ITNRMJDLTZSASH
9259,P10275,AR-V7,CRBN,,,CC1=NC2=CC(N3CC(C#CC4=CN(C5(C(=O)NC6=CC=C(C(F)(F)F)C=C6Cl)CCC5)N=C4)C3)=CC=C2C(=O)N1C1CCC(=O)NC1=O,,,,,,,,,,,,,,,,,,,,,,,,,,,,,,,,,,,,,,,,,,,,,,,,,,,,,,,,,,,,,,,,,,,,,,,692.098,691.192164748,2.6,49,7,9,2,5,131.22,,"InChI=1S/C34H29ClF3N7O4/c1-19-40-27-14-23(6-7-24(27)31(48)45(19)28-9-10-29(46)42-30(28)47)43-16-21(17-43)4-3-20-15-39-44(18-20)33(11-2-12-33)32(49)41-26-8-5-22(13-25(26)35)34(36,37)38/h5-8,13-15,18,21,28H,2,9-12,16-17H2,1H3,(H,41,49)(H,42,46,47)",,YFOOIBDENLSFRM
9260,P10275,AR-V7,CRBN,,,O=C1CCC(N2C(=O)C3=CC=C(N4C[C@H]5CN(C6=CN(C7(C(=O)NC8=CC=C(C(F)(F)F)C=C8Cl)CCC7)N=C6)C[C@H]5C4)C=C3C2=O)C(=O)N1,,,,,,,,,,,,,,,,,,,,,,,,,,,,,,,,,,,,,,,,,,,,,,,,,,,,,,,,,,,,,,,,,,,,,,,710.113,709.202729432,3.65,50,8,9,2,6,136.95,,"InChI=1S/C34H31ClF3N7O5/c35-25-10-20(34(36,37)38)2-5-26(25)40-32(50)33(8-1-9-33)44-17-22(12-39-44)43-15-18-13-42(14-19(18)16-43)21-3-4-23-24(11-21)31(49)45(30(23)48)27-6-7-28(46)41-29(27)47/h2-5,10-12,17-19,27H,1,6-9,13-16H2,(H,40,50)(H,41,46,47)/t18-,19+,27?",,PEFXHBVDNVOOOY
9261,P10275,AR-V7,CRBN,,,CC1=C(C#N)C=CC(NC(=O)C(C)(C)N2C=C(C#CC3CN(C4=CC=C5C(=O)N(C6CCC(=O)NC6=O)C(=O)C5=C4)C3)C=N2)=C1C,,,,,,,,,,,,,,,,,,,,,,,,,,,,,,,,,,,,,,,,,,,,,,,,,,,,,,<50,proliferation inhibition of 22RV1 cells,,,,,,,,,,,,,,,,617.666,617.238667092,2.7,46,6,9,2,5,157.5,,"InChI=1S/C34H31N7O5/c1-19-20(2)27(10-7-23(19)14-35)37-33(46)34(3,4)40-18-21(15-36-40)5-6-22-16-39(17-22)24-8-9-25-26(13-24)32(45)41(31(25)44)28-11-12-29(42)38-30(28)43/h7-10,13,15,18,22,28H,11-12,16-17H2,1-4H3,(H,37,46)(H,38,42,43)",,YIDYVHHKHNADKR
9262,P10275,AR-V7,CRBN,,,O=C1CCC(N2C(=O)C3=CC=C(N4CCC(C5CCN(C6=CN(C7(C(=O)NC8=CC=C(C(F)(F)F)C=C8Cl)CCC7)N=C6)CC5)CC4)C=C3C2=O)C(=O)N1,,,,,,,,,,,,,,,,,,,,,,,,,,,,,,,,,,,,,,,,,,,,,,,,,,,,,,,,,,,,,,,,,,,,,,,766.221,765.265329688,4.94,54,8,9,2,7,136.95,,"InChI=1S/C38H39ClF3N7O5/c39-29-18-24(38(40,41)42)2-5-30(29)44-36(54)37(12-1-13-37)48-21-26(20-43-48)47-16-10-23(11-17-47)22-8-14-46(15-9-22)25-3-4-27-28(19-25)35(53)49(34(27)52)31-6-7-32(50)45-33(31)51/h2-5,18-23,31H,1,6-17H2,(H,44,54)(H,45,50,51)",,YMMDFKYJKSPLHW
9263,P10275,AR-V7,CRBN,,,CC(C)(C(=O)NC1=CC=C(C(F)(F)F)C=C1O)N1C=C(C#CC2CN(C3=CC=C4C(=O)N(C5CCC(=O)NC5=O)C(=O)C4=C3)C2)C=N1,,,,,,,,,,,,,,,,,,,,,,,,,,,,,,,,,,,,,,,,,,,,,,,,,,,,,,<1000,proliferation inhibition of 22RV1 cells,,,,,,,,,,,,,,,,648.598,648.194417244,3.33,47,6,9,3,5,153.94,,"InChI=1S/C32H27F3N6O6/c1-31(2,30(47)37-23-8-5-19(11-25(23)42)32(33,34)35)40-16-17(13-36-40)3-4-18-14-39(15-18)20-6-7-21-22(12-20)29(46)41(28(21)45)24-9-10-26(43)38-27(24)44/h5-8,11-13,16,18,24,42H,9-10,14-15H2,1-2H3,(H,37,47)(H,38,43,44)",,BOWXVJLYBNCTRF
9264,P10275,AR-V7,CRBN,,,CC(C)(C(=O)NC1=CC=C(C(F)(F)F)C=C1C1=NC=CS1)N1C=C(C#CC2CN(C3=CC=C4C(=O)N(C5CCC(=O)NC5=O)C(=O)C4=C3)C2)C=N1,<500,,degradation of AR-V7 in prostate cancer cells 22RV1.,,,,,,,,,,,,,,,,,,,,,,,,,,,,,,,,,,,,,,,,,,,,,,,,,,,<50,proliferation inhibition of 22RV1 cells,,,,,,,,,,,,,,,,715.714,715.182472656,3.75,51,7,10,2,6,146.6,,"InChI=1S/C35H28F3N7O5S/c1-34(2,33(50)41-26-8-5-21(35(36,37)38)13-25(26)30-39-11-12-51-30)44-18-19(15-40-44)3-4-20-16-43(17-20)22-6-7-23-24(14-22)32(49)45(31(23)48)27-9-10-28(46)42-29(27)47/h5-8,11-15,18,20,27H,9-10,16-17H2,1-2H3,(H,41,50)(H,42,46,47)",,SCDHSGDETHNHMJ
9265,P10275,AR-V7,CRBN,,,CC(C)(C(=O)NC1=CC=C(C(F)(F)F)C=C1N1C=CN=C1)N1C=C(C#CC2CN(C3=CC=C4C(=O)N(C5CCC(=O)NC5=O)C(=O)C4=C3)C2)C=N1,,,,,,,,,,,,,,,,,,,,,,,,,,,,,,,,,,,,,,,,,,,,,,,,,,,,,,,,,,,,,,,,,,,,,,,698.662,698.221300688,3.75,51,7,10,2,6,151.53,,"InChI=1S/C35H29F3N8O5/c1-34(2,33(51)41-26-8-5-22(35(36,37)38)13-28(26)43-12-11-39-19-43)45-18-20(15-40-45)3-4-21-16-44(17-21)23-6-7-24-25(14-23)32(50)46(31(24)49)27-9-10-29(47)42-30(27)48/h5-8,11-15,18-19,21,27H,9-10,16-17H2,1-2H3,(H,41,51)(H,42,47,48)",,OSCLDHXDLYJHHU
9266,P10275,AR-V7,CRBN,,,CC(C)(C(=O)NC1=CC=C(C(F)(F)F)C=C1N1CCC(C2CC2)CC1)N1C=C(C#CC2CN(C3=CC=C4C(=O)N(C5CCC(=O)NC5=O)C(=O)C4=C3)C2)C=N1,,,,,,,,,,,,,,,,,,,,,,,,,,,,,,,,,,,,,,,,,,,,,,,,,,,,,,,,,,,,,,,,,,,,,,,755.798,755.30430204,4.79,55,8,9,2,7,136.95,,"InChI=1S/C40H40F3N7O5/c1-39(2,38(55)45-31-10-7-27(40(41,42)43)17-33(31)47-15-13-26(14-16-47)25-5-6-25)49-22-23(19-44-49)3-4-24-20-48(21-24)28-8-9-29-30(18-28)37(54)50(36(29)53)32-11-12-34(51)46-35(32)52/h7-10,17-19,22,24-26,32H,5-6,11-16,20-21H2,1-2H3,(H,45,55)(H,46,51,52)",,NXDRBEKXWCZVAJ
9267,P10275,AR-V7,CRBN,,,C=C=CC1=CC(C(F)(F)F)=CC=C1NC(=O)C(C)(C)N1C=C(C#CC2CN(C3=CC=C4C(=O)N(C5CCC(=O)NC5=O)C(=O)C4=C3)C2)C=N1,,,,,,,,,,,,,,,,,,,,,,,,,,,,,,,,,,,,,,,,,,,,,,,,,,,,,,,,,,,,,,,,,,,,,,,670.648,670.215152688,4.79,49,6,8,2,6,133.71,,"InChI=1S/C35H29F3N6O5/c1-4-5-22-14-23(35(36,37)38)8-11-27(22)40-33(49)34(2,3)43-19-20(16-39-43)6-7-21-17-42(18-21)24-9-10-25-26(15-24)32(48)44(31(25)47)28-12-13-29(45)41-30(28)46/h5,8-11,14-16,19,21,28H,1,12-13,17-18H2,2-3H3,(H,40,49)(H,41,45,46)",,NKVCUSSJBRKULK
9268,P10275,AR-V7,CRBN,,,N#CC1=C(C#CC2CN(C3=CC=C4C(=O)N(C5CCC(=O)NC5=O)C(=O)C4=C3)C2)C=NN1C1(C(=O)NC2=CC=C(C(F)(F)F)C=C2Cl)CCC1,,,,,,,,,,,,,,,,,,,,,,,,,,,,,,,,,,,,,,,,,,,,,,,,,,,,,,,,,,,,,,,,,,,,,,,704.065,703.15577924,4.09,50,7,9,2,5,157.5,,"InChI=1S/C34H25ClF3N7O5/c35-24-12-20(34(36,37)38)4-7-25(24)41-32(50)33(10-1-11-33)45-27(14-39)19(15-40-45)3-2-18-16-43(17-18)21-5-6-22-23(13-21)31(49)44(30(22)48)26-8-9-28(46)42-29(26)47/h4-7,12-13,15,18,26H,1,8-11,16-17H2,(H,41,50)(H,42,46,47)",,GHUSEJATPLCOTK
9269,P10275,AR-V7,CRBN,,,N#CC1=NN(C2(C(=O)NC3=CC=C(C(F)(F)F)C=C3Cl)CCC2)C=C1C#CC1CN(C2=CC=C3C(=O)N(C4CCC(=O)NC4=O)C(=O)C3=C2)C1,<500,,degradation of AR-V7 in prostate cancer cells 22RV1.,,,,,,,,,,,,,,,,,,,,,,,,,,,,,,,,,,,,,,,,,,,,,,,,,,,<50,proliferation inhibition of 22RV1 cells,,,,,,,,,,,,,,,,704.065,703.15577924,4.09,50,7,9,2,5,157.5,,"InChI=1S/C34H25ClF3N7O5/c35-24-12-20(34(36,37)38)4-7-25(24)40-32(50)33(10-1-11-33)44-17-19(26(14-39)42-44)3-2-18-15-43(16-18)21-5-6-22-23(13-21)31(49)45(30(22)48)27-8-9-28(46)41-29(27)47/h4-7,12-13,17-18,27H,1,8-11,15-16H2,(H,40,50)(H,41,46,47)",,CBEQXGMSQRICFZ
9270,P10275,AR-V7,CRBN,,,CC(C)(C(=O)NC1=CC=C(C(F)(F)F)C=C1Cl)N1C=NC2=CC=C(C#CC3CN(C4=CC=C5C(=O)N(C6CCC(=O)NC6=O)C(=O)C5=C4)C3)C=C21,,,,,,,,,,,,,,,,,,,,,,,,,,,,,,,,,,,,,,,,,,,,,,,,,,,,,,<1000,proliferation inhibition of 22RV1 cells,,,,,,,,,,,,,,,,717.104,716.176180336,3.07,51,7,8,2,5,133.71,,"InChI=1S/C36H28ClF3N6O5/c1-35(2,34(51)42-26-10-6-21(14-25(26)37)36(38,39)40)45-18-41-27-9-5-19(13-29(27)45)3-4-20-16-44(17-20)22-7-8-23-24(15-22)33(50)46(32(23)49)28-11-12-30(47)43-31(28)48/h5-10,13-15,18,20,28H,11-12,16-17H2,1-2H3,(H,42,51)(H,43,47,48)",,KLHHSUDOPNCWFT
9271,P10275,AR-V7,CRBN,,,CC(C)(C(=O)NC1=CC=C(C(F)(F)F)C=C1Cl)N1C=NC2=CC(C#CC3CN(C4=CC=C5C(=O)N(C6CCC(=O)NC6=O)C(=O)C5=C4)C3)=CC=C21,,,,,,,,,,,,,,,,,,,,,,,,,,,,,,,,,,,,,,,,,,,,,,,,,,,,,,<1000,proliferation inhibition of 22RV1 cells,,,,,,,,,,,,,,,,717.104,716.176180336,4.49,51,7,8,2,5,133.71,,"InChI=1S/C36H28ClF3N6O5/c1-35(2,34(51)42-26-9-6-21(14-25(26)37)36(38,39)40)45-18-41-27-13-19(5-10-28(27)45)3-4-20-16-44(17-20)22-7-8-23-24(15-22)33(50)46(32(23)49)29-11-12-30(47)43-31(29)48/h5-10,13-15,18,20,29H,11-12,16-17H2,1-2H3,(H,42,51)(H,43,47,48)",,OTWBPYGHPWMEKI
9272,P10275,AR-V7,CRBN,,,CC1=C(C#CC2CN(C3=CC=C4C(=O)N(C5CCC(=O)NC5=O)C(=O)C4=C3)C2)C=NN1C1(C(=O)NC2=CC=C(C(F)(F)F)C=C2Cl)CCC1,,,,,,,,,,,,,,,,,,,,,,,,,,,,,,,,,,,,,,,,,,,,,,,,,,,,,,<50,proliferation inhibition of 22RV1 cells,,,,,,,,,,,,,,,,693.082,692.176180336,2.38,49,7,8,2,5,133.71,,"InChI=1S/C34H28ClF3N6O5/c1-18-20(15-39-44(18)33(11-2-12-33)32(49)40-26-8-5-21(13-25(26)35)34(36,37)38)4-3-19-16-42(17-19)22-6-7-23-24(14-22)31(48)43(30(23)47)27-9-10-28(45)41-29(27)46/h5-8,13-15,19,27H,2,9-12,16-17H2,1H3,(H,40,49)(H,41,45,46)",,ILZLQFDCFGZYIQ
9273,P10275,AR-V7,CRBN,,,CC1=NN(C2(C(=O)NC3=CC=C(C(F)(F)F)C=C3Cl)CCC2)C=C1C#CC1CN(C2=CC=C3C(=O)N(C4CCC(=O)NC4=O)C(=O)C3=C2)C1,<500,,degradation of AR-V7 in prostate cancer cells 22RV1.,,,,,,,,,,,,,,,,,,,,,,,,,,,,,,,,,,,,,,,,,,,,,,,,,,,<50,proliferation inhibition of 22RV1 cells,,,,,,,,,,,,,,,,693.082,692.176180336,4.58,49,7,8,2,5,133.71,,"InChI=1S/C34H28ClF3N6O5/c1-18-20(17-43(41-18)33(11-2-12-33)32(49)39-26-8-5-21(13-25(26)35)34(36,37)38)4-3-19-15-42(16-19)22-6-7-23-24(14-22)31(48)44(30(23)47)27-9-10-28(45)40-29(27)46/h5-8,13-14,17,19,27H,2,9-12,15-16H2,1H3,(H,39,49)(H,40,45,46)",,AIHYRZUJQDIILQ
9274,P10275,AR-V7,CRBN,,,CC(C)(C(=O)NC1=CC=C(C#N)C2=C1C1CCC2C1)N1C=C(C#CC2CN(C3=CC=C4C(=O)N(C5CCC(=O)NC5=O)C(=O)C4=C3)C2)C=N1,,,,,,,,,,,,,,,,,,,,,,,,,,,,,,,,,,,,,,,,,,,,,,,,,,,,,,<100,proliferation inhibition of 22RV1 cells,,,,,,,,,,,,,,,,655.715,655.254317156,4.03,49,8,9,2,5,157.5,,"InChI=1S/C37H33N7O5/c1-37(2,36(49)40-28-10-7-24(15-38)31-22-5-6-23(13-22)32(28)31)43-19-20(16-39-43)3-4-21-17-42(18-21)25-8-9-26-27(14-25)35(48)44(34(26)47)29-11-12-30(45)41-33(29)46/h7-10,14,16,19,21-23,29H,5-6,11-13,17-18H2,1-2H3,(H,40,49)(H,41,45,46)",,QERMYGJQSIOKTM
9275,P10275,AR-V7,CRBN,,,CC1=NN(C2(C(=O)NC3=CC=C(C(F)(F)F)C=C3Cl)CCC2)C(C)=C1C#CC1CN(C2=CC=C3C(=O)N(C4CCC(=O)NC4=O)C(=O)C3=C2)C1,,,,,,,,,,,,,,,,,,,,,,,,,,,,,,,,,,,,,,,,,,,,,,,,,,,,,,<50,proliferation inhibition of 22RV1 cells,,,,,,,,,,,,,,,,707.109,706.1918304,5.04,50,7,8,2,5,133.71,,"InChI=1S/C35H30ClF3N6O5/c1-18-23(19(2)45(42-18)34(12-3-13-34)33(50)40-27-9-5-21(14-26(27)36)35(37,38)39)7-4-20-16-43(17-20)22-6-8-24-25(15-22)32(49)44(31(24)48)28-10-11-29(46)41-30(28)47/h5-6,8-9,14-15,20,28H,3,10-13,16-17H2,1-2H3,(H,40,50)(H,41,46,47)",,RNKBIIFPPYCNOY
9276,P10275,AR-V7,CRBN,,,CC(C)(C(=O)NC1=CC=C(C(F)(F)F)C=C1N1CCCC1=O)N1C=C(C#CC2CN(C3=CC=C4C(=O)N(C5CCC(=O)NC5=O)C(=O)C4=C3)C2)C=N1,,,,,,,,,,,,,,,,,,,,,,,,,,,,,,,,,,,,,,,,,,,,,,,,,,,,,,,,,,,,,,,,,,,,,,,715.689,715.236616404,3.34,52,7,9,2,6,154.02,,"InChI=1S/C36H32F3N7O6/c1-35(2,34(52)41-26-10-7-22(36(37,38)39)14-28(26)44-13-3-4-30(44)48)45-19-20(16-40-45)5-6-21-17-43(18-21)23-8-9-24-25(15-23)33(51)46(32(24)50)27-11-12-29(47)42-31(27)49/h7-10,14-16,19,21,27H,3-4,11-13,17-18H2,1-2H3,(H,41,52)(H,42,47,49)",,QTJBJCWOQAZXQA
9277,P10275,AR-V7,CRBN,,,O=C1CCC(C2=CC=C(N3CC(C#CC4=CN(C5(C(=O)NC6=CC=C(C(F)(F)F)C=C6Cl)CCC5)N=C4)C3)C=C2)C(=O)N1,,,,,,,,,,,,,,,,,,,,,,,,,,,,,,,,,,,,,,,,,,,,,,,,,,,,,,,,,,,,,,,,,,,,,,,610.036,609.175452064,1.76,43,6,6,2,5,96.33,,"InChI=1S/C31H27ClF3N5O3/c32-25-14-22(31(33,34)35)6-10-26(25)37-29(43)30(12-1-13-30)40-18-19(15-36-40)2-3-20-16-39(17-20)23-7-4-21(5-8-23)24-9-11-27(41)38-28(24)42/h4-8,10,14-15,18,20,24H,1,9,11-13,16-17H2,(H,37,43)(H,38,41,42)",,LRHHKHMFRFKLGA
9278,P10275,AR-V7,CRBN,,,C=CCC1=CC(C(F)(F)F)=CC=C1NC(=O)C(C)(C)N1C=C(C#CC2CN(C3=CC=C4C(=O)N(C5CCC(=O)NC5=O)C(=O)C4=C3)C2)C=N1,,,,,,,,,,,,,,,,,,,,,,,,,,,,,,,,,,,,,,,,,,,,,,,,,,,,,,<50,proliferation inhibition of 22RV1 cells,,,,,,,,,,,,,,,,672.664,672.230802752,4.95,49,6,8,2,7,133.71,,"InChI=1S/C35H31F3N6O5/c1-4-5-22-14-23(35(36,37)38)8-11-27(22)40-33(49)34(2,3)43-19-20(16-39-43)6-7-21-17-42(18-21)24-9-10-25-26(15-24)32(48)44(31(25)47)28-12-13-29(45)41-30(28)46/h4,8-11,14-16,19,21,28H,1,5,12-13,17-18H2,2-3H3,(H,40,49)(H,41,45,46)",,MFSVPKKMRCUXHD
9279,P10275,AR-V7,CRBN,,,O=C1CCC(N2C(=O)C3=CC=C(N4CC(C#CC5=CN(C6(C(=O)NC7=CC=C(C(F)(C(F)(F)F)C(F)(F)F)C=C7Cl)CCC6)N=C5)C4)C=C3C2=O)C(=O)N1,,,,,,,,,,,,,,,,,,,,,,,,,,,,,,,,,,,,,,,,,,,,,,,,,,,,,,,,,,,,,,,,,,,,,,,779.069,778.154143152,4.05,54,7,8,2,6,133.71,,"InChI=1S/C35H26ClF7N6O5/c36-24-12-20(33(37,34(38,39)40)35(41,42)43)4-7-25(24)45-31(54)32(10-1-11-32)48-17-18(14-44-48)2-3-19-15-47(16-19)21-5-6-22-23(13-21)30(53)49(29(22)52)26-8-9-27(50)46-28(26)51/h4-7,12-14,17,19,26H,1,8-11,15-16H2,(H,45,54)(H,46,50,51)",,NPRHWVRFZDQPAK
9280,P10275,AR-V7,CRBN,,,O=C1CC(N2C(=O)C3=CC=C(N4CC(C#CC5=CN(C6(C(=O)NC7=CC=C(C(F)(F)F)C=C7Cl)CCC6)N=C5)C4)C=C3C2=O)C(=O)N1,,,,,,,,,,,,,,,,,,,,,,,,,,,,,,,,,,,,,,,,,,,,,,,,,,,,,,,,,,,,,,,,,,,,,,,665.028,664.144880208,5.49,47,7,8,2,5,133.71,,"InChI=1S/C32H24ClF3N6O5/c33-23-10-19(32(34,35)36)4-7-24(23)38-30(47)31(8-1-9-31)41-16-17(13-37-41)2-3-18-14-40(15-18)20-5-6-21-22(11-20)29(46)42(28(21)45)25-12-26(43)39-27(25)44/h4-7,10-11,13,16,18,25H,1,8-9,12,14-15H2,(H,38,47)(H,39,43,44)",,BSTQRMLGVQERKF
9281,P10275,AR-V7,CRBN,,,CC(C)(C(=O)NC1=CC=C(C#N)C=C1N1C=CC=N1)N1C=C(C#CC2CN(C3=CC=C4C(=O)N(C5CCC(=O)NC5=O)C(=O)C4=C3)C2)C=N1,,,,,,,,,,,,,,,,,,,,,,,,,,,,,,,,,,,,,,,,,,,,,,,,,,,,,,<50,proliferation inhibition of 22RV1 cells,,,,,,,,,,,,,,,,655.675,655.229165028,4.33,49,7,11,2,6,175.32,,"InChI=1S/C35H29N9O5/c1-35(2,34(49)39-27-9-6-21(16-36)14-29(27)42-13-3-12-37-42)43-20-22(17-38-43)4-5-23-18-41(19-23)24-7-8-25-26(15-24)33(48)44(32(25)47)28-10-11-30(45)40-31(28)46/h3,6-9,12-15,17,20,23,28H,10-11,18-19H2,1-2H3,(H,39,49)(H,40,45,46)",,URERVPLBXKDBBV
9282,P10275,AR-V7,CRBN,,,CC(C)(C(=O)NC1=CC=C(C(F)(F)F)C=C1C1CCCC1)N1C=C(C#CC2CN(C3=CC=C4C(=O)N(C5CCC(=O)NC5=O)C(=O)C4=C3)C2)C=N1,,,,,,,,,,,,,,,,,,,,,,,,,,,,,,,,,,,,,,,,,,,,,,,,,,,,,,,,,,,,,,,,,,,,,,,700.718,700.26210288,1.64,51,7,8,2,6,133.71,,"InChI=1S/C37H35F3N6O5/c1-36(2,35(51)42-29-12-9-24(37(38,39)40)15-27(29)23-5-3-4-6-23)45-20-21(17-41-45)7-8-22-18-44(19-22)25-10-11-26-28(16-25)34(50)46(33(26)49)30-13-14-31(47)43-32(30)48/h9-12,15-17,20,22-23,30H,3-6,13-14,18-19H2,1-2H3,(H,42,51)(H,43,47,48)",,JPIGTERTPJXWPA
9283,P10275,AR-V7,CRBN,,,O=C1CCCC(N2C(=O)C3=CC=C(N4CC(C#CC5=CN(C6(C(=O)NC7=CC=C(C(F)(F)F)C=C7Cl)CCC6)N=C5)C4)C=C3C2=O)C(=O)N1,,,,,,,,,,,,,,,,,,,,,,,,,,,,,,,,,,,,,,,,,,,,,,,,,,,,,,,,,,,,,,,,,,,,,,,693.082,692.176180336,3.5,49,7,8,2,5,133.71,,"InChI=1S/C34H28ClF3N6O5/c35-25-13-21(34(36,37)38)7-10-26(25)40-32(49)33(11-2-12-33)43-18-19(15-39-43)5-6-20-16-42(17-20)22-8-9-23-24(14-22)31(48)44(30(23)47)27-3-1-4-28(45)41-29(27)46/h7-10,13-15,18,20,27H,1-4,11-12,16-17H2,(H,40,49)(H,41,45,46)",,WRRLNUPQICLGOB
9284,P10275,AR-V7,CRBN,,,CC(C)(C(=O)NC1=CC=C(C(F)(F)F)C=C1C1CCCCC1)N1C=C(C#CC2CN(C3=CC=C4C(=O)N(C5CCC(=O)NC5=O)C(=O)C4=C3)C2)C=N1,,,,,,,,,,,,,,,,,,,,,,,,,,,,,,,,,,,,,,,,,,,,,,,,,,,,,,,,,,,,,,,,,,,,,,,714.745,714.277752944,3.46,52,7,8,2,6,133.71,,"InChI=1S/C38H37F3N6O5/c1-37(2,36(52)43-30-13-10-25(38(39,40)41)16-28(30)24-6-4-3-5-7-24)46-21-22(18-42-46)8-9-23-19-45(20-23)26-11-12-27-29(17-26)35(51)47(34(27)50)31-14-15-32(48)44-33(31)49/h10-13,16-18,21,23-24,31H,3-7,14-15,19-20H2,1-2H3,(H,43,52)(H,44,48,49)",,IUTUTXNFXFAODG
9285,P10275,AR-V7,CRBN,,,CC(C)(C(=O)NC1=CC=C(C(F)(F)F)C=C1CC1CC1)N1C=C(C#CC2CN(C3=CC=C4C(=O)N(C5CCC(=O)NC5=O)C(=O)C4=C3)C2)C=N1,,,,,,,,,,,,,,,,,,,,,,,,,,,,,,,,,,,,,,,,,,,,,,,,,,,,,,,,,,,,,,,,,,,,,,,686.691,686.246452816,2.93,50,7,8,2,7,133.71,,"InChI=1S/C36H33F3N6O5/c1-35(2,34(50)41-28-10-7-24(36(37,38)39)14-23(28)13-20-3-4-20)44-19-21(16-40-44)5-6-22-17-43(18-22)25-8-9-26-27(15-25)33(49)45(32(26)48)29-11-12-30(46)42-31(29)47/h7-10,14-16,19-20,22,29H,3-4,11-13,17-18H2,1-2H3,(H,41,50)(H,42,46,47)",,HJMCLNQDCDBCMG
9286,P10275,AR-V7,CRBN,,,CN1C(C(F)(F)F)=CC=C(NC(=O)C(C)(C)N2C=C(C#CC3CN(C4=CC=C5C(=O)N(C6CCC(=O)NC6=O)C(=O)C5=C4)C3)C=N2)C1=O,,,,,,,,,,,,,,,,,,,,,,,,,,,,,,,,,,,,,,,,,,,,,,,,,,,,,,<50,proliferation inhibition of 22RV1 cells,,,,,,,,,,,,,,,,663.613,663.205316276,3.08,48,6,10,2,5,155.71,,"InChI=1S/C32H28F3N7O6/c1-31(2,30(48)37-22-8-10-24(32(33,34)35)39(3)29(22)47)41-16-17(13-36-41)4-5-18-14-40(15-18)19-6-7-20-21(12-19)28(46)42(27(20)45)23-9-11-25(43)38-26(23)44/h6-8,10,12-13,16,18,23H,9,11,14-15H2,1-3H3,(H,37,48)(H,38,43,44)",,GHSBRWHWXCMWLU
9287,P10275,AR-V7,CRBN,,,CC1=NN(C(C)(C)C(=O)NC2=CC=C(C#N)C=C2C2CC2)C(C)=C1C#CC1CN(C2=CC=C3C(=O)N(C4CCC(=O)NC4=O)C(=O)C3=C2)C1,,,,,,,,,,,,,,,,,,,,,,,,,,,,,,,,,,,,,,,,,,,,,,,,,,,,,,,,,,,,,,,,,,,,,,,657.731,657.26996722,2.8,49,7,9,2,6,157.5,,"InChI=1S/C37H35N7O5/c1-20-26(21(2)44(41-20)37(3,4)36(49)39-30-12-6-22(17-38)15-28(30)24-7-8-24)10-5-23-18-42(19-23)25-9-11-27-29(16-25)35(48)43(34(27)47)31-13-14-32(45)40-33(31)46/h6,9,11-12,15-16,23-24,31H,7-8,13-14,18-19H2,1-4H3,(H,39,49)(H,40,45,46)",,GENGYFDHOLWDBZ
9288,P10275,AR-V7,CRBN,,,CC#CC1=CC=C(NC(=O)C(C)(C)N2C=C(C#CC3CN(C4=CC=C5C(=O)N(C6CCC(=O)NC6=O)C(=O)C5=C4)C3)C=N2)C(Cl)=C1,,,,,,,,,,,,,,,,,,,,,,,,,,,,,,,,,,,,,,,,,,,,,,,,,,,,,,,,,,,,,,,,,,,,,,,637.096,636.188795708,3.1,46,6,8,2,5,133.71,,"InChI=1S/C34H29ClN6O5/c1-4-5-20-8-11-27(26(35)14-20)37-33(46)34(2,3)40-19-21(16-36-40)6-7-22-17-39(18-22)23-9-10-24-25(15-23)32(45)41(31(24)44)28-12-13-29(42)38-30(28)43/h8-11,14-16,19,22,28H,12-13,17-18H2,1-3H3,(H,37,46)(H,38,42,43)",,UNHULCHELQZPCA
9289,P10275,AR-V7,CRBN,,,CN(C)C1=CC=C(NC(=O)C2(N3C=C(C#CC4CN(C5=CC=C6C(=O)N(C7CCC(=O)NC7=O)C(=O)C6=C5)C4)C=N3)CCC2)C(Cl)=C1,,,,,,,,,,,,,,,,,,,,,,,,,,,,,,,,,,,,,,,,,,,,,,,,,,,,,,<50,proliferation inhibition of 22RV1 cells,,,,,,,,,,,,,,,,654.127,653.215344804,3.1,47,7,9,2,6,136.95,,"InChI=1S/C34H32ClN7O5/c1-39(2)22-7-9-27(26(35)15-22)37-33(47)34(12-3-13-34)41-19-20(16-36-41)4-5-21-17-40(18-21)23-6-8-24-25(14-23)32(46)42(31(24)45)28-10-11-29(43)38-30(28)44/h6-9,14-16,19,21,28H,3,10-13,17-18H2,1-2H3,(H,37,47)(H,38,43,44)",,VKRGYDDXXZYJRI
9290,P10275,AR-V7,CRBN,,,CN(C)C1=CC(C(F)(F)F)=CC=C1NC(=O)C(C)(C)N1C=C(C#CC2CN(C3=CC=C4C(=O)N(C5CCC(=O)NC5=O)C(=O)C4=C3)C2)C=N1,,,,,,,,,,,,,,,,,,,,,,,,,,,,,,,,,,,,,,,,,,,,,,,,,,,,,,<100,proliferation inhibition of 22RV1 cells,,,,,,,,,,,,,,,,675.668,675.241701784,3.2,49,6,9,2,6,136.95,,"InChI=1S/C34H32F3N7O5/c1-33(2,32(49)39-25-10-7-21(34(35,36)37)13-27(25)41(3)4)43-18-19(15-38-43)5-6-20-16-42(17-20)22-8-9-23-24(14-22)31(48)44(30(23)47)26-11-12-28(45)40-29(26)46/h7-10,13-15,18,20,26H,11-12,16-17H2,1-4H3,(H,39,49)(H,40,45,46)",,SJHNFJPOBXZHIX
9291,P10275,AR-V7,CRBN,,,CC(C)(C(=O)NC1=CC=C(C#N)C=C1C1CC1)N1C=C(C#CC2CN(C3=CC4=C(C=C3F)C(=O)N(C3CCC(=O)NC3=O)C4=O)C2)C=N1,,,,,,,,,,,,,,,,,,,,,,,,,,,,,,,,,,,,,,,,,,,,,,,,,,,,,,,,,,,,,,,,,,,,,,,647.667,647.22924528,2.04,48,7,9,2,6,157.5,,"InChI=1S/C35H30FN7O5/c1-35(2,34(48)39-27-8-5-19(14-37)11-23(27)22-6-7-22)42-18-20(15-38-42)3-4-21-16-41(17-21)29-13-25-24(12-26(29)36)32(46)43(33(25)47)28-9-10-30(44)40-31(28)45/h5,8,11-13,15,18,21-22,28H,6-7,9-10,16-17H2,1-2H3,(H,39,48)(H,40,44,45)",,KRKLOXOXDNEJIV
9292,P10275,AR-V7,CRBN,,,CC1=NN(C(C)(C)C(=O)NC2=CC=C(C#N)C=C2C2CC2)C=C1C#CC1CN(C2=CC=C3C(=O)N(C4CCC(=O)NC4=O)C(=O)C3=C2)C1,,,,,,,,,,,,,,,,,,,,,,,,,,,,,,,,,,,,,,,,,,,,,,,,,,,,,,<100,proliferation inhibition of 22RV1 cells,,,,,,,,,,,,,,,,643.704,643.254317156,3.79,48,7,9,2,6,157.5,,"InChI=1S/C36H33N7O5/c1-20-24(19-42(40-20)36(2,3)35(48)38-29-11-5-21(16-37)14-27(29)23-7-8-23)6-4-22-17-41(18-22)25-9-10-26-28(15-25)34(47)43(33(26)46)30-12-13-31(44)39-32(30)45/h5,9-11,14-15,19,22-23,30H,7-8,12-13,17-18H2,1-3H3,(H,38,48)(H,39,44,45)",,WUOIBSZAHYVKPU
9293,P10275,AR-V7,CRBN,,,CC1=C(C#CC2CN(C3=CC=C4C(=O)N(C5CCC(=O)NC5=O)C(=O)C4=C3)C2)C=NN1C(C)(C)C(=O)NC1=CC=C(C#N)C=C1C1CC1,,,,,,,,,,,,,,,,,,,,,,,,,,,,,,,,,,,,,,,,,,,,,,,,,,,,,,,,,,,,,,,,,,,,,,,643.704,643.254317156,4.27,48,7,9,2,6,157.5,,"InChI=1S/C36H33N7O5/c1-20-24(17-38-43(20)36(2,3)35(48)39-29-11-5-21(16-37)14-27(29)23-7-8-23)6-4-22-18-41(19-22)25-9-10-26-28(15-25)34(47)42(33(26)46)30-12-13-31(44)40-32(30)45/h5,9-11,14-15,17,22-23,30H,7-8,12-13,18-19H2,1-3H3,(H,39,48)(H,40,44,45)",,BIKNFUMBUGFMRF
9294,P10275,AR-V7,CRBN,,,C#CC1=CC(C(F)(F)F)=CC=C1NC(=O)C(C)(C)N1C=C(C#CC2CN(C3=CC=C4C(=O)N(C5CCC(=O)NC5=O)C(=O)C4=C3)C2)C=N1,,,,,,,,,,,,,,,,,,,,,,,,,,,,,,,,,,,,,,,,,,,,,,,,,,,,,,<100,proliferation inhibition of 22RV1 cells,,,,,,,,,,,,,,,,656.621,656.199502624,4.51,48,6,8,2,5,133.71,,"InChI=1S/C34H27F3N6O5/c1-4-21-13-22(34(35,36)37)7-10-26(21)39-32(48)33(2,3)42-18-19(15-38-42)5-6-20-16-41(17-20)23-8-9-24-25(14-23)31(47)43(30(24)46)27-11-12-28(44)40-29(27)45/h1,7-10,13-15,18,20,27H,11-12,16-17H2,2-3H3,(H,39,48)(H,40,44,45)",,WAIJRZUKFSLQRF
9295,P10275,AR-V7,CRBN,,,C#CC1=CC(C#N)=CC=C1NC(=O)C(C)(C)N1C=C(C#CC2CN(C3=CC=C4C(=O)N(C5CCC(=O)NC5=O)C(=O)C4=C3)C2)C=N1,,,,,,,,,,,,,,,,,,,,,,,,,,,,,,,,,,,,,,,,,,,,,,,,,,,,,,<100,proliferation inhibition of 22RV1 cells,,,,,,,,,,,,,,,,613.634,613.207366964,4.11,46,6,9,2,5,157.5,,"InChI=1S/C34H27N7O5/c1-4-23-13-20(15-35)7-10-27(23)37-33(46)34(2,3)40-19-21(16-36-40)5-6-22-17-39(18-22)24-8-9-25-26(14-24)32(45)41(31(25)44)28-11-12-29(42)38-30(28)43/h1,7-10,13-14,16,19,22,28H,11-12,17-18H2,2-3H3,(H,37,46)(H,38,42,43)",,WTNFIZHQKVJLRL
9296,P10275,AR-V7,CRBN,,,CC(C)(C(=O)NC1=CC=C(C(F)(F)F)C=C1C=C(F)F)N1C=C(C#CC2CN(C3=CC=C4C(=O)N(C5CCC(=O)NC5=O)C(=O)C4=C3)C2)C=N1,,,,,,,,,,,,,,,,,,,,,,,,,,,,,,,,,,,,,,,,,,,,,,,,,,,,,,<100,proliferation inhibition of 22RV1 cells,,,,,,,,,,,,,,,,694.617,694.196309064,4.11,50,6,8,2,6,133.71,,"InChI=1S/C34H27F5N6O5/c1-33(2,32(50)41-25-8-5-21(34(37,38)39)11-20(25)12-27(35)36)44-17-18(14-40-44)3-4-19-15-43(16-19)22-6-7-23-24(13-22)31(49)45(30(23)48)26-9-10-28(46)42-29(26)47/h5-8,11-14,17,19,26H,9-10,15-16H2,1-2H3,(H,41,50)(H,42,46,47)",,DYHHESOAYODOID
9297,P10275,AR-V7,CRBN,,,O=C1CCC(N2C(=O)C3=CC=C(N4CC(C#CC5=CN(C6(C(=O)NC7=CC=C(C(F)(F)F)C=C7Cl)CCC6)N=C5C5CC5)C4)C=C3C2=O)C(=O)N1,,,,,,,,,,,,,,,,,,,,,,,,,,,,,,,,,,,,,,,,,,,,,,,,,,,,,,,,,,,,,,,,,,,,,,,719.12,718.1918304,3.47,51,8,8,2,6,133.71,,"InChI=1S/C36H30ClF3N6O5/c37-26-14-22(36(38,39)40)6-9-27(26)41-34(51)35(12-1-13-35)45-18-21(30(43-45)20-4-5-20)3-2-19-16-44(17-19)23-7-8-24-25(15-23)33(50)46(32(24)49)28-10-11-29(47)42-31(28)48/h6-9,14-15,18-20,28H,1,4-5,10-13,16-17H2,(H,41,51)(H,42,47,48)",,YPUZUICDXBQYRO
9298,P10275,AR-V7,CRBN,,,CC#CC1=CC(C(F)(F)F)=CC=C1NC(=O)C(C)(C)N1N=C(C)C(C#CC2CN(C3=CC=C4C(=O)N(C5CCC(=O)NC5=O)C(=O)C4=C3)C2)=C1C,,,,,,,,,,,,,,,,,,,,,,,,,,,,,,,,,,,,,,,,,,,,,,,,,,,,,,<100,proliferation inhibition of 22RV1 cells,,,,,,,,,,,,,,,,698.702,698.246452816,3.47,51,6,8,2,5,133.71,,"InChI=1S/C37H33F3N6O5/c1-6-7-23-16-24(37(38,39)40)9-13-29(23)41-35(51)36(4,5)46-21(3)26(20(2)43-46)11-8-22-18-44(19-22)25-10-12-27-28(17-25)34(50)45(33(27)49)30-14-15-31(47)42-32(30)48/h9-10,12-13,16-17,22,30H,14-15,18-19H2,1-5H3,(H,41,51)(H,42,47,48)",,NBWKRWWRONWYDC
9299,P10275,AR-V7,CRBN,,,CC#CC1=CC(C(F)(F)F)=CC=C1NC(=O)C(C)(C)N1C=C(C#CC2CN(C3=CC=C4C(=O)N(C5CCC(=O)NC5=O)C(=O)C4=C3)C2)C(C)=N1,,,,,,,,,,,,,,,,,,,,,,,,,,,,,,,,,,,,,,,,,,,,,,,,,,,,,,<100,proliferation inhibition of 22RV1 cells,,,,,,,,,,,,,,,,684.675,684.230802752,2.76,50,6,8,2,5,133.71,,"InChI=1S/C36H31F3N6O5/c1-5-6-22-15-24(36(37,38)39)9-12-28(22)40-34(50)35(3,4)44-19-23(20(2)42-44)8-7-21-17-43(18-21)25-10-11-26-27(16-25)33(49)45(32(26)48)29-13-14-30(46)41-31(29)47/h9-12,15-16,19,21,29H,13-14,17-18H2,1-4H3,(H,40,50)(H,41,46,47)",,DFOYENIRTBWLDY
9300,P10275,AR-V7,CRBN,,,CC#CC1=CC(C(F)(F)F)=CC=C1NC(=O)C(C)(C)N1N=CC(C#CC2CN(C3=CC=C4C(=O)N(C5CCC(=O)NC5=O)C(=O)C4=C3)C2)=C1C,,,,,,,,,,,,,,,,,,,,,,,,,,,,,,,,,,,,,,,,,,,,,,,,,,,,,,<100,proliferation inhibition of 22RV1 cells,,,,,,,,,,,,,,,,684.675,684.230802752,2.76,50,6,8,2,5,133.71,,"InChI=1S/C36H31F3N6O5/c1-5-6-22-15-24(36(37,38)39)9-12-28(22)41-34(50)35(3,4)45-20(2)23(17-40-45)8-7-21-18-43(19-21)25-10-11-26-27(16-25)33(49)44(32(26)48)29-13-14-30(46)42-31(29)47/h9-12,15-17,21,29H,13-14,18-19H2,1-4H3,(H,41,50)(H,42,46,47)",,UTRAREYXQLTCJL
9301,P10275,AR-V7,CRBN,,,O=C1CCC(N2C(=O)C3=CC=C(N4CCC(N5CC6=CN(C7(C(=O)NC8=CC=C(C(F)(F)F)C=C8Cl)CCC7)N=C6C5)CC4)C=C3C2=O)C(=O)N1,,,,,,,,,,,,,,,,,,,,,,,,,,,,,,,,,,,,,,,,,,,,,,,,,,,,,,,,,,,,,,,,,,,,,,,724.14,723.218379496,2.95,51,8,9,2,6,136.95,,"InChI=1S/C35H33ClF3N7O5/c36-25-14-20(35(37,38)39)2-5-26(25)40-33(51)34(10-1-11-34)45-17-19-16-44(18-27(19)42-45)21-8-12-43(13-9-21)22-3-4-23-24(15-22)32(50)46(31(23)49)28-6-7-29(47)41-30(28)48/h2-5,14-15,17,21,28H,1,6-13,16,18H2,(H,40,51)(H,41,47,48)",,ZIBNQAGBWJJWFN
9302,P10275,AR-V7,CRBN,,,O=C1CCC(N2C(=O)C3=CC=C(N4CCC(N5CC6=C(C5)N(C5(C(=O)NC7=CC=C(C(F)(F)F)C=C7Cl)CCC5)N=C6)CC4)C=C3C2=O)C(=O)N1,,,,,,,,,,,,,,,,,,,,,,,,,,,,,,,,,,,,,,,,,,,,,,,,,,,,,,,,,,,,,,,,,,,,,,,724.14,723.218379496,2.95,51,8,9,2,6,136.95,,"InChI=1S/C35H33ClF3N7O5/c36-25-14-20(35(37,38)39)2-5-26(25)41-33(51)34(10-1-11-34)46-28-18-44(17-19(28)16-40-46)21-8-12-43(13-9-21)22-3-4-23-24(15-22)32(50)45(31(23)49)27-6-7-29(47)42-30(27)48/h2-5,14-16,21,27H,1,6-13,17-18H2,(H,41,51)(H,42,47,48)",,IRAGJRLIQLUUGX
9303,P10275,AR-V7,CRBN,,,O=C1CCC(N2C(=O)C3=CC=C(N4CC(N5CC6=CN(C7(C(=O)NC8=CC=C(C(F)(F)F)C=C8Cl)CCC7)N=C6C5)C4)C=C3C2=O)C(=O)N1,,,,,,,,,,,,,,,,,,,,,,,,,,,,,,,,,,,,,,,,,,,,,,,,,,,,,,<100,proliferation inhibition of 22RV1 cells,,,,,,,,,,,,,,,,696.086,695.187079368,2.75,49,8,9,2,6,136.95,,"InChI=1S/C33H29ClF3N7O5/c34-23-10-18(33(35,36)37)2-5-24(23)38-31(49)32(8-1-9-32)43-13-17-12-41(16-25(17)40-43)20-14-42(15-20)19-3-4-21-22(11-19)30(48)44(29(21)47)26-6-7-27(45)39-28(26)46/h2-5,10-11,13,20,26H,1,6-9,12,14-16H2,(H,38,49)(H,39,45,46)",,YSCYLWZCKPEHAS
9304,P10275,AR-V7,CRBN,,,O=C1CCC(N2C(=O)C3=CC=C(N4CC(N5CC6=C(C5)N(C5(C(=O)NC7=CC=C(C(F)(F)F)C=C7Cl)CCC5)N=C6)C4)C=C3C2=O)C(=O)N1,,,,,,,,,,,,,,,,,,,,,,,,,,,,,,,,,,,,,,,,,,,,,,,,,,,,,,,,,,,,,,,,,,,,,,,696.086,695.187079368,3.77,49,8,9,2,6,136.95,,"InChI=1S/C33H29ClF3N7O5/c34-23-10-18(33(35,36)37)2-5-24(23)39-31(49)32(8-1-9-32)44-26-16-41(13-17(26)12-38-44)20-14-42(15-20)19-3-4-21-22(11-19)30(48)43(29(21)47)25-6-7-27(45)40-28(25)46/h2-5,10-12,20,25H,1,6-9,13-16H2,(H,39,49)(H,40,45,46)",,WWNNYLICZOZCJE
9305,P10275,AR-V7,CRBN,,,O=C1CCC(N2C(=O)C3=CC=C(N4CC(CN5CC6=CN(C7(C(=O)NC8=CC=C(C(F)(F)F)C=C8Cl)CCC7)N=C6C5)C4)C=C3C2=O)C(=O)N1,,,,,,,,,,,,,,,,,,,,,,,,,,,,,,,,,,,,,,,,,,,,,,,,,,,,,,,,,,,,,,,,,,,,,,,710.113,709.202729432,4.01,50,8,9,2,7,136.95,,"InChI=1S/C34H31ClF3N7O5/c35-24-10-20(34(36,37)38)2-5-25(24)39-32(50)33(8-1-9-33)44-16-19-15-42(17-26(19)41-44)12-18-13-43(14-18)21-3-4-22-23(11-21)31(49)45(30(22)48)27-6-7-28(46)40-29(27)47/h2-5,10-11,16,18,27H,1,6-9,12-15,17H2,(H,39,50)(H,40,46,47)",,SBFPYZUZWOBJTE
9306,P10275,AR-V7,CRBN,,,O=C1CCC(N2C(=O)C3=CC=C(N4CC(CN5CC6=C(C5)N(C5(C(=O)NC7=CC=C(C(F)(F)F)C=C7Cl)CCC5)N=C6)C4)C=C3C2=O)C(=O)N1,,,,,,,,,,,,,,,,,,,,,,,,,,,,,,,,,,,,,,,,,,,,,,,,,,,,,,,,,,,,,,,,,,,,,,,710.113,709.202729432,3.81,50,8,9,2,7,136.95,,"InChI=1S/C34H31ClF3N7O5/c35-24-10-20(34(36,37)38)2-5-25(24)40-32(50)33(8-1-9-33)45-27-17-42(16-19(27)12-39-45)13-18-14-43(15-18)21-3-4-22-23(11-21)31(49)44(30(22)48)26-6-7-28(46)41-29(26)47/h2-5,10-12,18,26H,1,6-9,13-17H2,(H,40,50)(H,41,46,47)",,SPXNRTUZAYGPOH
9307,P10275,AR-V7,CRBN,,,CC(C)(C(=O)NC1=CC=C(C#N)C=C1C1CC1)N1C=C(C#CC2CN(C3=CC=C4C(=O)N(C5CCC(=O)NC5=O)C(=O)C4=C3)C2)C(C#N)=N1,,,,,,,,,,,,,,,,,,,,,,,,,,,,,,,,,,,,,,,,,,,,,,,,,,,,,,<100,proliferation inhibition of 22RV1 cells,,,,,,,,,,,,,,,,654.687,654.23391606,4.61,49,7,10,2,6,181.29,,"InChI=1S/C36H30N8O5/c1-36(2,35(49)39-28-10-4-20(15-37)13-26(28)22-6-7-22)43-19-23(29(16-38)41-43)5-3-21-17-42(18-21)24-8-9-25-27(14-24)34(48)44(33(25)47)30-11-12-31(45)40-32(30)46/h4,8-10,13-14,19,21-22,30H,6-7,11-12,17-18H2,1-2H3,(H,39,49)(H,40,45,46)",,ORJCEVLUPXKEIW
9308,P10275,AR-V7,CRBN,,,CC#CC1=CC(C(F)(F)F)=CC=C1NC(=O)C(C)(C)N1C=C(C#CC2CN(C3=CC=C4C(=O)N(C5CCC(=O)NC5=O)C(=O)C4=C3)C2)C(C#N)=N1,,,,,,,,,,,,,,,,,,,,,,,,,,,,,,,,,,,,,,,,,,,,,,,,,,,,,,<100,proliferation inhibition of 22RV1 cells,,,,,,,,,,,,,,,,695.658,695.210401656,2.93,51,6,9,2,5,157.5,,"InChI=1S/C36H28F3N7O5/c1-4-5-21-14-23(36(37,38)39)8-11-27(21)41-34(51)35(2,3)45-19-22(28(16-40)43-45)7-6-20-17-44(18-20)24-9-10-25-26(15-24)33(50)46(32(25)49)29-12-13-30(47)42-31(29)48/h8-11,14-15,19-20,29H,12-13,17-18H2,1-3H3,(H,41,51)(H,42,47,48)",,DQTLHBNCOSZQAK
9309,P10275,AR-V7,CRBN,,,O=C1CCC(N2C(=O)C3=CC=C(N4CC(C#CC5=CN(C6(C(=O)NC7=CC=C(C(F)(F)F)C=C7Cl)CC(F)(F)C6)N=C5)C4)C=C3C2=O)C(=O)N1,,,,,,,,,,,,,,,,,,,,,,,,,,,,,,,,,,,,,,,,,,,,,,,,,,,,,,,,,,,,,,,,,,,,,,,715.035,714.141686648,3.12,50,7,8,2,5,133.71,,"InChI=1S/C33H24ClF5N6O5/c34-23-9-19(33(37,38)39)3-6-24(23)41-30(50)31(15-32(35,36)16-31)44-14-17(11-40-44)1-2-18-12-43(13-18)20-4-5-21-22(10-20)29(49)45(28(21)48)25-7-8-26(46)42-27(25)47/h3-6,9-11,14,18,25H,7-8,12-13,15-16H2,(H,41,50)(H,42,46,47)",,VOTQJYDRUDKTCG
9310,P10275,AR-V7,CRBN,,,CC#CC1=CC(C(F)(F)F)=CC=C1NC(=O)C(C)(C)N1C=C(C#CC2CN(C3=CC4=C(C=C3F)C(=O)N(C3CCC(=O)NC3=O)C4=O)C2)C=N1,,,,,,,,,,,,,,,,,,,,,,,,,,,,,,,,,,,,,,,,,,,,,,,,,,,,,,,,,,,,,,,,,,,,,,,688.638,688.205730876,3.38,50,6,8,2,5,133.71,,"InChI=1S/C35H28F4N6O5/c1-4-5-21-12-22(35(37,38)39)8-9-26(21)41-33(50)34(2,3)44-18-19(15-40-44)6-7-20-16-43(17-20)28-14-24-23(13-25(28)36)31(48)45(32(24)49)27-10-11-29(46)42-30(27)47/h8-9,12-15,18,20,27H,10-11,16-17H2,1-3H3,(H,41,50)(H,42,46,47)",,JMLDZWKOPXRJDJ
9311,P10275,AR-V7,CRBN,,,O=C1CCC(N2C(=O)C3=CC=C(N4CC(C#CC5=CN(C6(C(=O)NC7=CC=C(C(F)(F)F)C=C7Cl)CCC6)N=C5C(F)(F)F)C4)C=C3C2=O)C(=O)N1,,,,,,,,,,,,,,,,,,,,,,,,,,,,,,,,,,,,,,,,,,,,,,,,,,,,,,,,,,,,,,,,,,,,,,,747.052,746.1479149,3.23,52,7,8,2,5,133.71,,"InChI=1S/C34H25ClF6N6O5/c35-23-12-19(33(36,37)38)4-7-24(23)42-31(52)32(10-1-11-32)46-16-18(27(44-46)34(39,40)41)3-2-17-14-45(15-17)20-5-6-21-22(13-20)30(51)47(29(21)50)25-8-9-26(48)43-28(25)49/h4-7,12-13,16-17,25H,1,8-11,14-15H2,(H,42,52)(H,43,48,49)",,OLCQUVAQUOHHRA
9312,P10275,AR-V7,CRBN,,,CC(C)(C(=O)NC1=CC=C(C(F)(F)F)C=C1C1CC1)N1N=CC2=C1CN(C1CN(C3=CC=C4C(=O)N(C5CCC(=O)NC5=O)C(=O)C4=C3)C1)C2,,,,,,,,,,,,,,,,,,,,,,,,,,,,,,,,,,,,,,,,,,,,,,,,,,,,,,,,,,,,,,,,,,,,,,,689.695,689.257351848,3.08,50,8,9,2,7,136.95,,"InChI=1S/C35H34F3N7O5/c1-34(2,33(50)40-26-8-5-20(35(36,37)38)11-24(26)18-3-4-18)45-28-17-42(14-19(28)13-39-45)22-15-43(16-22)21-6-7-23-25(12-21)32(49)44(31(23)48)27-9-10-29(46)41-30(27)47/h5-8,11-13,18,22,27H,3-4,9-10,14-17H2,1-2H3,(H,40,50)(H,41,46,47)",,YVYKZPZACFKKFW
9313,P10275,AR-V7,CRBN,,,CC(C)(C(=O)NC1=CC=C(C(F)(F)F)C=C1C1CC1)N1N=CC2=C1CN(CC1CN(C3=CC=C4C(=O)N(C5CCC(=O)NC5=O)C(=O)C4=C3)C1)C2,,,,,,,,,,,,,,,,,,,,,,,,,,,,,,,,,,,,,,,,,,,,,,,,,,,,,,,,,,,,,,,,,,,,,,,703.722,703.273001912,0.72,51,8,9,2,8,136.95,,"InChI=1S/C36H36F3N7O5/c1-35(2,34(51)41-27-8-5-22(36(37,38)39)11-25(27)20-3-4-20)46-29-18-43(17-21(29)13-40-46)14-19-15-44(16-19)23-6-7-24-26(12-23)33(50)45(32(24)49)28-9-10-30(47)42-31(28)48/h5-8,11-13,19-20,28H,3-4,9-10,14-18H2,1-2H3,(H,41,51)(H,42,47,48)",,NUDYPEPKQFRQHS
9320,P10275,AR,VHL,,,CC1=C(C2=CC=C(CNC(=O)[C@@H]3C[C@H](O)CN3C(=O)[C@@H](NC(=O)COCCCCOC3=CC=C(C4CCN(C5=NN6C(=NN=C6C(F)(F)F)CC5)CC4)C=C3)C(C)(C)C)C=C2)SC=N1,,,,,,,,,,,,,,,,,,,,,,,,,,,,,,,,,,,,,,,,,,,,,,,,,,,,,,,,,,,,,,,,,,,,,,,908.061,907.402636172,5.4,64,7,13,3,15,176.4,,"InChI=1S/C45H56F3N9O6S/c1-28-39(64-27-50-28)32-9-7-29(8-10-32)24-49-41(60)35-23-33(58)25-56(35)42(61)40(44(2,3)4)51-38(59)26-62-21-5-6-22-63-34-13-11-30(12-14-34)31-17-19-55(20-18-31)37-16-15-36-52-53-43(45(46,47)48)57(36)54-37/h7-14,27,31,33,35,40,58H,5-6,15-26H2,1-4H3,(H,49,60)(H,51,59)/t33-,35-,40+/m0/s1",,BLWSMGOTKQNWIF
9321,P10275,AR,VHL,,,CC1=C(C2=CC=C(CNC(=O)[C@@H]3C[C@H](O)CN3C(=O)[C@@H](NC(=O)CCC#CC3=CC=C(COC4=CC=C(C5CCN(C6=NN7C(=NN=C7C(F)(F)F)CC6)CC5)C=C4)C=C3)C(C)(C)C)C=C2)SC=N1,,,,,,,,,,,,,,,,,,,,,,,,,,,,,,,,,,,,,,,,,,,,,,,,,,,,,,,,,,,,,,,,,,,,,,,964.128,963.407721552,3.49,69,8,12,3,12,167.17,,"InChI=1S/C51H56F3N9O5S/c1-32-45(69-31-56-32)38-15-13-34(14-16-38)28-55-47(66)41-27-39(64)29-62(41)48(67)46(50(2,3)4)57-44(65)8-6-5-7-33-9-11-35(12-10-33)30-68-40-19-17-36(18-20-40)37-23-25-61(26-24-37)43-22-21-42-58-59-49(51(52,53)54)63(42)60-43/h9-20,31,37,39,41,46,64H,6,8,21-30H2,1-4H3,(H,55,66)(H,57,65)/t39-,41-,46+/m0/s1",,YFLGXMMKVKFSSF
9322,P10275,AR,VHL,,,CC1=C(C2=CC=C(CNC(=O)[C@@H]3C[C@H](O)CN3C(=O)[C@@H](NC(=O)COCCCOCCNC(=O)COC3=CC=C(C4CCN(C5=NN6C(=NN=C6C(F)(F)F)CC5)CC4)C=C3)C(C)(C)C)C=C2)SC=N1,,,,,,,,,,,,,,,,,,,,,,,,,,,,,,,,,,,,,,,,,,,,,,,,,,,,,,,,,,,,,,,,,,,,,,,995.139,994.434664572,5.1,70,7,15,4,19,214.73,,"InChI=1S/C48H61F3N10O8S/c1-30-42(70-29-54-30)34-8-6-31(7-9-34)25-53-44(65)37-24-35(62)26-60(37)45(66)43(47(2,3)4)55-41(64)27-68-22-5-21-67-23-18-52-40(63)28-69-36-12-10-32(11-13-36)33-16-19-59(20-17-33)39-15-14-38-56-57-46(48(49,50)51)61(38)58-39/h6-13,29,33,35,37,43,62H,5,14-28H2,1-4H3,(H,52,63)(H,53,65)(H,55,64)/t35-,37-,43+/m0/s1",,JJTTWXVZUZJKBR
9323,P10275,AR,VHL,,,CC1=C(C2=CC=C(CNC(=O)[C@@H]3C[C@H](O)CN3C(=O)[C@@H](NC(=O)CCOCCOCCN3CCN(C4=CC=C(C#CC5=CC=C(C6CCN(C7=NN8C(=NN=C8C(F)(F)F)CC7)CC6)C=C5)C=N4)CC3)C(C)(C)C)C=C2)SC=N1,,,,,,,,,,,,,,,,,,,,,,,,,,,,,,,,,,,,,,,,,,,,,,,,,,,,,,,,,,,,,,,,,,,,,,,1107.318,1106.51358359,2.86,79,9,16,3,17,195.77,,"InChI=1S/C57H69F3N12O6S/c1-38-51(79-37-63-38)44-14-9-41(10-15-44)35-62-53(75)46-33-45(73)36-71(46)54(76)52(56(2,3)4)64-50(74)21-29-77-31-32-78-30-28-68-24-26-70(27-25-68)47-16-11-40(34-61-47)6-5-39-7-12-42(13-8-39)43-19-22-69(23-20-43)49-18-17-48-65-66-55(57(58,59)60)72(48)67-49/h7-16,34,37,43,45-46,52,73H,17-33,35-36H2,1-4H3,(H,62,75)(H,64,74)/t45-,46-,52+/m0/s1",,SWKDNBQRGNGVNO
9324,P10275,AR,VHL,,,CC1=C(C2=CC=C(CNC(=O)[C@@H]3C[C@H](O)CN3C(=O)[C@@H](NC(=O)CCOCCOCCN3CCN(C(=O)COC4=CC=C(C5CCN(C6=NN7C(=NN=C7C(F)(F)F)CC6)CC5)C=C4)CC3)C(C)(C)C)C=C2)SC=N1,,,,,,,,,,,,,,,,,,,,,,,,,,,,,,,,,,,,,,,,,,,,,,,,,,,,,,,,,,,,,,,,,,,,,,,1064.246,1063.4925138,6.73,75,8,16,3,19,209.18,,"InChI=1S/C52H68F3N11O8S/c1-34-46(75-33-57-34)38-7-5-35(6-8-38)30-56-48(70)41-29-39(67)31-65(41)49(71)47(51(2,3)4)58-44(68)17-25-72-27-28-73-26-24-62-20-22-64(23-21-62)45(69)32-74-40-11-9-36(10-12-40)37-15-18-63(19-16-37)43-14-13-42-59-60-50(52(53,54)55)66(42)61-43/h5-12,33,37,39,41,47,67H,13-32H2,1-4H3,(H,56,70)(H,58,68)/t39-,41-,47+/m0/s1",,UQBLMNZAIFRHEA
9325,P10275,AR,VHL,,,CC1=NOC([C@H](C(=O)N2C[C@H](O)CC2C(=O)NC(CC(=O)NCCOCCCCOC2=CC=C(C3CCN(C4=NN5C(=NN=C5C(F)(F)F)CC4)CC3)C=C2)C2=CC=C(C3=C(C)N=CS3)C=C2)C(C)C)=C1,,,,,,,,,,,,,,,,,,,,,,,,,,,,,,,,,,,,,,,,,,,,,,,,,,,,,,,,,,,,,,,,,,,,,,,1003.162,1002.43974995,6.27,71,8,15,3,19,202.43,,"InChI=1S/C50H61F3N10O7S/c1-30(2)45(41-25-31(3)60-70-41)48(67)62-28-37(64)26-40(62)47(66)56-39(35-7-9-36(10-8-35)46-32(4)55-29-71-46)27-44(65)54-19-24-68-22-5-6-23-69-38-13-11-33(12-14-38)34-17-20-61(21-18-34)43-16-15-42-57-58-49(50(51,52)53)63(42)59-43/h7-14,25,29-30,34,37,39-40,45,64H,5-6,15-24,26-28H2,1-4H3,(H,54,65)(H,56,66)/t37-,39?,40?,45-/m1/s1",,SCYKQEZPCOPLPK
9326,P10275,AR,VHL,,,CC1=C(C2=CC=C(CNC(=O)[C@@H]3C[C@H](O)CN3C(=O)C(NC(=O)CC3O[C@H](CNC(=O)COC4=CC=C(C5CCN(C6=NN7C(=NN=C7C(F)(F)F)CC6)CC5)C=C4)[C@@H](O)[C@H]3O)C(C)(C)C)C=C2)SC=N1,,,,,,,,,,,,,,,,,,,,,,,,,,,,,,,,,,,,,,,,,,,,,,,,,,,,,,,,,,,,,,,,,,,,,,,1009.122,1008.41392913,6.99,71,8,16,6,14,245.96,,"InChI=1S/C48H59F3N10O9S/c1-26-42(71-25-54-26)30-7-5-27(6-8-30)21-53-44(67)33-19-31(62)23-60(33)45(68)43(47(2,3)4)55-38(63)20-34-40(65)41(66)35(70-34)22-52-39(64)24-69-32-11-9-28(10-12-32)29-15-17-59(18-16-29)37-14-13-36-56-57-46(48(49,50)51)61(36)58-37/h5-12,25,29,31,33-35,40-41,43,62,65-66H,13-24H2,1-4H3,(H,52,64)(H,53,67)(H,55,63)/t31-,33-,34?,35+,40-,41+,43?/m0/s1",,WYJDGUQIXXZFAO
9327,P10275,AR,VHL,,,CC1=C(C2=CC=C(CNC(=O)[C@@H]3C[C@H](O)CN3C(=O)[C@@H](NC(=O)COCCCCOC3=CC=C(C4CCN(C5=NN6C(=NN=C6C6=CC=C(C(F)(F)F)C=C6)CC5)CC4)C=C3)C(C)(C)C)C=C2)SC=N1,,,,,,,,,,,,,,,,,,,,,,,,,,,,,,,,,,,,,,,,,,,,,,,,,,,,,,,,,,,,,,,,,,,,,,,984.159,983.4339363,5.79,70,8,13,3,16,176.4,,"InChI=1S/C51H60F3N9O6S/c1-32-45(70-31-56-32)36-9-7-33(8-10-36)28-55-48(66)41-27-39(64)29-62(41)49(67)46(50(2,3)4)57-44(65)30-68-25-5-6-26-69-40-17-13-34(14-18-40)35-21-23-61(24-22-35)43-20-19-42-58-59-47(63(42)60-43)37-11-15-38(16-12-37)51(52,53)54/h7-18,31,35,39,41,46,64H,5-6,19-30H2,1-4H3,(H,55,66)(H,57,65)/t39-,41-,46+/m0/s1",,MBKYXLWCROKMNB
9328,P10275,AR,VHL,,,CC1=NOC([C@H](C(=O)N2C[C@H](O)CC2C(=O)NC(CC(=O)N2CCC(N3CCC(C#CC4=CC=C(C5CCN(C6=NN7C(=NN=C7C(F)(F)F)CC6)CC5)C=C4)CC3)CC2)C2=CC=C(C3=C(C)N=CS3)C=C2)C(C)C)=C1,,,,,,,,,,,,,,,,,,,,,,,,,,,,,,,,,,,,,,,,,,,,,,,,,,,,,,,,,,,,,,,,,,,,,,,1062.277,1061.49211987,4.04,76,10,14,2,11,178.42,,"InChI=1S/C56H66F3N11O5S/c1-34(2)51(47-29-35(3)65-75-47)54(74)69-32-44(71)30-46(69)53(73)61-45(41-11-13-42(14-12-41)52-36(4)60-33-76-52)31-50(72)68-27-21-43(22-28-68)66-23-17-38(18-24-66)6-5-37-7-9-39(10-8-37)40-19-25-67(26-20-40)49-16-15-48-62-63-55(56(57,58)59)70(48)64-49/h7-14,29,33-34,38,40,43-46,51,71H,15-28,30-32H2,1-4H3,(H,61,73)/t44-,45?,46?,51-/m1/s1",,ZVWPPXPBTRAATH
9329,P10275,AR,VHL,,,CC1=C(C2=CC=C(CNC(=O)[C@@H]3C[C@H](O)CN3C(=O)[C@@H](NC(=O)C3CCC(N4CCN(C5=CC=C(C#CC6=CC=C(C7CCN(C8=NN9C(=NN=C9C(F)(F)F)CC8)CC7)C=C6)C=N5)CC4)CC3)C(C)(C)C)C=C2)SC=N1,,,,,,,,,,,,,,,,,,,,,,,,,,,,,,,,,,,,,,,,,,,,,,,,,,,,,,,,,,,,,,,,,,,,,,,1073.304,1072.50810428,5.8,77,10,14,3,10,177.31,,"InChI=1S/C57H67F3N12O4S/c1-36-50(77-35-63-36)42-14-9-39(10-15-42)33-62-53(75)46-31-45(73)34-71(46)54(76)51(56(2,3)4)64-52(74)43-16-18-44(19-17-43)68-27-29-70(30-28-68)47-20-11-38(32-61-47)6-5-37-7-12-40(13-8-37)41-23-25-69(26-24-41)49-22-21-48-65-66-55(57(58,59)60)72(48)67-49/h7-15,20,32,35,41,43-46,51,73H,16-19,21-31,33-34H2,1-4H3,(H,62,75)(H,64,74)/t43?,44?,45-,46-,51+/m0/s1",,ZKIPGCZBIHSHKW
9330,P10275,AR,VHL,,,CC1=C(C2=CC=C(CNC(=O)[C@@H]3C[C@H](O)CN3C(=O)[C@@H](NC(=O)CN3CCN(C4=CC=C(C#CC5=CC=C(C6CCN(C7=NN8C(=NN=C8C(F)(F)F)CC7)CC6)C=C5)C=N4)CC3)C(C)(C)C)C=C2)SC=N1,,,,,,,,,,,,,,,,,,,,,,,,,,,,,,,,,,,,,,,,,,,,,,,,,,,,,,,,,,,,,,,,,,,,,,,1005.185,1004.44550403,5.68,72,9,14,3,10,177.31,,"InChI=1S/C52H59F3N12O4S/c1-33-46(72-32-58-33)39-14-9-36(10-15-39)29-57-48(70)41-27-40(68)30-66(41)49(71)47(51(2,3)4)59-45(69)31-63-23-25-65(26-24-63)42-16-11-35(28-56-42)6-5-34-7-12-37(13-8-34)38-19-21-64(22-20-38)44-18-17-43-60-61-50(52(53,54)55)67(43)62-44/h7-16,28,32,38,40-41,47,68H,17-27,29-31H2,1-4H3,(H,57,70)(H,59,69)/t40-,41-,47+/m0/s1",,YJPQBLPOFBXMQG
9331,P10275,AR,CRBN,,,O=C1CCC(N2C(=O)C3=CC=CC(NCC(=O)N4CCC(N5CCC(C#CC6=CC=C(C(=O)NC7=CC=C(C8CCN(C9=NN%10C(=NN=C%10C(F)(F)F)CC9)CC8)C=C7)N=C6)CC5)CC4)=C3C2=O)C(=O)N1,,,,,,,,,,,,,,,,,,,,,,,,,,,,,,,,,,,,,,,,,,,,,,,,,,,,,,,,,,,,,,,,,,,,,,,973.03,972.400662012,5.69,71,10,14,3,8,207.43,,"InChI=1S/C50H51F3N12O6/c51-50(52,53)49-59-58-40-13-14-41(60-65(40)49)62-24-18-33(19-25-62)32-7-9-34(10-8-32)56-45(68)38-11-6-31(28-54-38)5-4-30-16-22-61(23-17-30)35-20-26-63(27-21-35)43(67)29-55-37-3-1-2-36-44(37)48(71)64(47(36)70)39-12-15-42(66)57-46(39)69/h1-3,6-11,28,30,33,35,39,55H,12-27,29H2,(H,56,68)(H,57,66,69)",,ROJZXDCEOWDLCV
9332,P10275,AR,VHL,,,CC1=C(C2=CC=C(CNC(=O)[C@@H]3C[C@H](O)CN3C(=O)[C@@H](NC(=O)CCCN3CCC(C#CC4=CC=C(C5CCN(C6=NN7C(=NN=C7C(F)(F)F)CC6)CC5)C=C4)CC3)C(C)(C)C)C=C2)SC=N1,,,,,,,,,,,,,,,,,,,,,,,,,,,,,,,,,,,,,,,,,,,,,,,,,,,,,,,,,,,,,,,,,,,,,,,955.165,954.455006092,6.05,68,8,12,3,11,161.18,,"InChI=1S/C50H61F3N10O4S/c1-32-44(68-31-55-32)38-15-11-35(12-16-38)29-54-46(66)40-28-39(64)30-62(40)47(67)45(49(2,3)4)56-43(65)6-5-23-60-24-19-34(20-25-60)8-7-33-9-13-36(14-10-33)37-21-26-61(27-22-37)42-18-17-41-57-58-48(50(51,52)53)63(41)59-42/h9-16,31,34,37,39-40,45,64H,5-6,17-30H2,1-4H3,(H,54,66)(H,56,65)/t39-,40-,45+/m0/s1",,SZRRFGLWTGLPFP
9333,P10275,AR,VHL,,,CC1=NOC([C@H](C(=O)N2C[C@H](O)C[C@H]2C(=O)NC(CC(=O)N2CCC(C#CC3=CC=C(C4CCN(C5=NN6C(=NN=C6C(F)(F)F)CC5)CC4)C=C3)CC2)C2=CC=C(C3=C(C)N=CS3)C=C2)C(C)C)=C1,,,,,,,,,,,,,,,,,,,,,,,,,,,,,,,,,,,,,,,,,,,,,,,,,,,,,,,,,,,,,,,,,,,,,,,979.143,978.418620584,6.4,70,9,13,2,10,175.18,,"InChI=1S/C51H57F3N10O5S/c1-30(2)46(42-25-31(3)60-69-42)49(68)63-28-39(65)26-41(63)48(67)56-40(37-11-13-38(14-12-37)47-32(4)55-29-70-47)27-45(66)62-21-17-34(18-22-62)6-5-33-7-9-35(10-8-33)36-19-23-61(24-20-36)44-16-15-43-57-58-50(51(52,53)54)64(43)59-44/h7-14,25,29-30,34,36,39-41,46,65H,15-24,26-28H2,1-4H3,(H,56,67)/t39-,40?,41+,46-/m1/s1",,ALNIWFITFORHTQ
9334,P10275,AR,VHL,,,CC1=C(C2=CC=C(CNC(=O)[C@@H]3C[C@H](O)CN3C(=O)[C@@H](NC(=O)CCN3CCN(C4=CC=C(C#CC5=CC=C(C6CCN(C7=NN8C(=NN=C8C(F)(F)F)CC7)CC6)C=C5)C=N4)CC3)C(C)(C)C)C=C2)SC=N1,,,,,,,,,,,,,,,,,,,,,,,,,,,,,,,,,,,,,,,,,,,,,,,,,,,,,,,,,,,,,,,,,,,,,,,1019.212,1018.46115409,6.76,73,9,14,3,11,177.31,,"InChI=1S/C53H61F3N12O4S/c1-34-47(73-33-59-34)40-14-9-37(10-15-40)31-58-49(71)42-29-41(69)32-67(42)50(72)48(52(2,3)4)60-46(70)21-22-64-25-27-66(28-26-64)43-16-11-36(30-57-43)6-5-35-7-12-38(13-8-35)39-19-23-65(24-20-39)45-18-17-44-61-62-51(53(54,55)56)68(44)63-45/h7-16,30,33,39,41-42,48,69H,17-29,31-32H2,1-4H3,(H,58,71)(H,60,70)/t41-,42-,48+/m0/s1",,JOUBPDOCSKNSMX
9335,P10275,AR,VHL,,,CC1=C(C2=CC=C(CNC(=O)[C@@H]3C[C@H](O)CN3C(=O)[C@@H](NC(=O)CCCN3CCN(C4=CC=C(C#CC5=CC=C(C6CCN(C7=NN8C(=NN=C8C(F)(F)F)CC7)CC6)C=C5)C=N4)CC3)C(C)(C)C)C=C2)SC=N1,,,,,,,,,,,,,,,,,,,,,,,,,,,,,,,,,,,,,,,,,,,,,,,,,,,,,,,,,,,,,,,,,,,,,,,1033.239,1032.47680416,4.39,74,9,14,3,12,177.31,,"InChI=1S/C54H63F3N12O4S/c1-35-48(74-34-60-35)41-16-11-38(12-17-41)32-59-50(72)43-30-42(70)33-68(43)51(73)49(53(2,3)4)61-47(71)6-5-23-65-26-28-67(29-27-65)44-18-13-37(31-58-44)8-7-36-9-14-39(15-10-36)40-21-24-66(25-22-40)46-20-19-45-62-63-52(54(55,56)57)69(45)64-46/h9-18,31,34,40,42-43,49,70H,5-6,19-30,32-33H2,1-4H3,(H,59,72)(H,61,71)/t42-,43-,49+/m0/s1",,NUIZAYNZYWZXBF
9336,P10275,AR,VHL,,,CC1=C(C2=CC=C(CNC(=O)[C@@H]3C[C@H](O)CN3C(=O)[C@@H](NC(=O)CCCCN3CCN(C4=CC=C(C#CC5=CC=C(C6CCN(C7=NN8C(=NN=C8C(F)(F)F)CC7)CC6)C=C5)C=N4)CC3)C(C)(C)C)C=C2)SC=N1,,,,,,,,,,,,,,,,,,,,,,,,,,,,,,,,,,,,,,,,,,,,,,,,,,,,,,,,,,,,,,,,,,,,,,,1047.266,1046.49245422,4.75,75,9,14,3,13,177.31,,"InChI=1S/C55H65F3N12O4S/c1-36-49(75-35-61-36)42-17-12-39(13-18-42)33-60-51(73)44-31-43(71)34-69(44)52(74)50(54(2,3)4)62-48(72)7-5-6-24-66-27-29-68(30-28-66)45-19-14-38(32-59-45)9-8-37-10-15-40(16-11-37)41-22-25-67(26-23-41)47-21-20-46-63-64-53(55(56,57)58)70(46)65-47/h10-19,32,35,41,43-44,50,71H,5-7,20-31,33-34H2,1-4H3,(H,60,73)(H,62,72)/t43-,44-,50+/m0/s1",,DNSRROUGBGTEMN
9337,P10275,AR,VHL,,,CC1=C(C2=CC=C(CNC(=O)[C@@H]3C[C@H](O)CN3C(=O)[C@@H](NC(=O)CCCCCN3CCN(C4=CC=C(C#CC5=CC=C(C6CCN(C7=NN8C(=NN=C8C(F)(F)F)CC7)CC6)C=C5)C=N4)CC3)C(C)(C)C)C=C2)SC=N1,,,,,,,,,,,,,,,,,,,,,,,,,,,,,,,,,,,,,,,,,,,,,,,,,,,,,,,,,,,,,,,,,,,,,,,1061.293,1060.50810428,5.46,76,9,14,3,14,177.31,,"InChI=1S/C56H67F3N12O4S/c1-37-50(76-36-62-37)43-18-13-40(14-19-43)34-61-52(74)45-32-44(72)35-70(45)53(75)51(55(2,3)4)63-49(73)8-6-5-7-25-67-28-30-69(31-29-67)46-20-15-39(33-60-46)10-9-38-11-16-41(17-12-38)42-23-26-68(27-24-42)48-22-21-47-64-65-54(56(57,58)59)71(47)66-48/h11-20,33,36,42,44-45,51,72H,5-8,21-32,34-35H2,1-4H3,(H,61,74)(H,63,73)/t44-,45-,51+/m0/s1",,WJRYFZMYCILUJR
9338,P10275,AR,VHL,,,CC1=C(C2=CC=C(CNC(=O)[C@@H]3C[C@H](O)CN3C(=O)[C@@H](NC(=O)COCCOC3=CC=C(C4CCN(C5=NN6C(=NN=C6C(F)(F)F)CC5)CC4)C=C3)C(C)(C)C)C=C2)SC=N1,,,,,,,,,,,,,,,,,,,,,,,,,,,,,,,,,,,,,,,,,,,,,,,,,,,,,,,,,,,,,,,,,,,,,,,880.007,879.371336044,6.36,62,7,13,3,13,176.4,,"InChI=1S/C43H52F3N9O6S/c1-26-37(62-25-48-26)30-7-5-27(6-8-30)22-47-39(58)33-21-31(56)23-54(33)40(59)38(42(2,3)4)49-36(57)24-60-19-20-61-32-11-9-28(10-12-32)29-15-17-53(18-16-29)35-14-13-34-50-51-41(43(44,45)46)55(34)52-35/h5-12,25,29,31,33,38,56H,13-24H2,1-4H3,(H,47,58)(H,49,57)/t31-,33-,38+/m0/s1",,NKTUHQBYNNORQO
9339,P10275,AR,VHL,,,CC1=C(C2=CC=C(CNC(=O)[C@@H]3C[C@H](O)CN3C(=O)[C@@H](NC(=O)COCCCOC3=CC=C(C4CCN(C5=NN6C(=NN=C6C(F)(F)F)CC5)CC4)C=C3)C(C)(C)C)C=C2)SC=N1,,,,,,,,,,,,,,,,,,,,,,,,,,,,,,,,,,,,,,,,,,,,,,,,,,,,,,,,,,,,,,,,,,,,,,,894.034,893.386986108,5.08,63,7,13,3,14,176.4,,"InChI=1S/C44H54F3N9O6S/c1-27-38(63-26-49-27)31-8-6-28(7-9-31)23-48-40(59)34-22-32(57)24-55(34)41(60)39(43(2,3)4)50-37(58)25-61-20-5-21-62-33-12-10-29(11-13-33)30-16-18-54(19-17-30)36-15-14-35-51-52-42(44(45,46)47)56(35)53-36/h6-13,26,30,32,34,39,57H,5,14-25H2,1-4H3,(H,48,59)(H,50,58)/t32-,34-,39+/m0/s1",,TXNYDXHOWSGKCA
9340,P10275,AR,VHL,,,CC1=C(C2=CC=C(CNC(=O)[C@@H]3C[C@H](O)CN3C(=O)[C@@H](NC(=O)COCCCCCOC3=CC=C(C4CCN(C5=NN6C(=NN=C6C(F)(F)F)CC5)CC4)C=C3)C(C)(C)C)C=C2)SC=N1,,,,,,,,,,,,,,,,,,,,,,,,,,,,,,,,,,,,,,,,,,,,,,,,,,,,,,,,,,,,,,,,,,,,,,,922.088,921.418286236,5.1,65,7,13,3,16,176.4,,"InChI=1S/C46H58F3N9O6S/c1-29-40(65-28-51-29)33-10-8-30(9-11-33)25-50-42(61)36-24-34(59)26-57(36)43(62)41(45(2,3)4)52-39(60)27-63-22-6-5-7-23-64-35-14-12-31(13-15-35)32-18-20-56(21-19-32)38-17-16-37-53-54-44(46(47,48)49)58(37)55-38/h8-15,28,32,34,36,41,59H,5-7,16-27H2,1-4H3,(H,50,61)(H,52,60)/t34-,36-,41+/m0/s1",,XRLJPFDPNRFQNI
9341,P10275,AR,VHL,,,CC1=C(C2=CC=C(CNC(=O)[C@@H]3C[C@H](O)CN3C(=O)[C@@H](NC(=O)COCCCCCCCOC3=CC=C(C4CCN(C5=NN6C(=NN=C6C(F)(F)F)CC5)CC4)C=C3)C(C)(C)C)C=C2)SC=N1,,,,,,,,,,,,,,,,,,,,,,,,,,,,,,,,,,,,,,,,,,,,,,,,,,,,,,,,,,,,,,,,,,,,,,,950.142,949.449586364,5.08,67,7,13,3,18,176.4,,"InChI=1S/C48H62F3N9O6S/c1-31-42(67-30-53-31)35-12-10-32(11-13-35)27-52-44(63)38-26-36(61)28-59(38)45(64)43(47(2,3)4)54-41(62)29-65-24-8-6-5-7-9-25-66-37-16-14-33(15-17-37)34-20-22-58(23-21-34)40-19-18-39-55-56-46(48(49,50)51)60(39)57-40/h10-17,30,34,36,38,43,61H,5-9,18-29H2,1-4H3,(H,52,63)(H,54,62)/t36-,38-,43+/m0/s1",,BSGPRFFDTOHYNN
9342,P10275,AR,VHL,,,CC1=C(C2=CC=C([C@@H](CC(=O)NCCOCCCCOC3=CC=C(C4CCN(C5=NN6C(=NN=C6C(F)(F)F)CC5)CC4)C=C3)NC(=O)C3C[C@@H](O)CN3C(=O)C(NC(=O)C3(F)CC3)C(C)(C)C)C=C2)SC=N1,,,,,,,,,,,,,,,,,,,,,,,,,,,,,,,,,,,,,,,,,,,,,,,,,,,,,,,,,,,,,,,,,,,,,,,1037.195,1036.46162827,4.59,73,8,14,4,19,205.5,,"InChI=1S/C51H64F4N10O7S/c1-31-43(73-30-57-31)35-9-7-34(8-10-35)38(58-45(68)39-27-36(66)29-64(39)46(69)44(49(2,3)4)59-48(70)50(52)19-20-50)28-42(67)56-21-26-71-24-5-6-25-72-37-13-11-32(12-14-37)33-17-22-63(23-18-33)41-16-15-40-60-61-47(51(53,54)55)65(40)62-41/h7-14,30,33,36,38-39,44,66H,5-6,15-29H2,1-4H3,(H,56,67)(H,58,68)(H,59,70)/t36-,38-,39?,44?/m1/s1",,OMGVOFWFZWZRIA
9343,P10275,AR,VHL,,,CC1=NOC(C(C(=O)N2C[C@H](O)CC2C(=O)N[C@@H](CC(=O)NCCOCCCCOC2=CC=C(C3CCN(C4=NN5C(=NN=C5C(F)(F)F)CC4)CC3)C=C2)C2=CC=C(C3=C(C)N=CS3)C=C2)C(C)C)=C1,,,,,,,,,,,,,,,,,,,,,,,,,,,,,,,,,,,,,,,,,,,,,,,,,,,,,,,,,,,,,,,,,,,,,,,1003.162,1002.43974995,4.39,71,8,15,3,19,202.43,,"InChI=1S/C50H61F3N10O7S/c1-30(2)45(41-25-31(3)60-70-41)48(67)62-28-37(64)26-40(62)47(66)56-39(35-7-9-36(10-8-35)46-32(4)55-29-71-46)27-44(65)54-19-24-68-22-5-6-23-69-38-13-11-33(12-14-38)34-17-20-61(21-18-34)43-16-15-42-57-58-49(50(51,52)53)63(42)59-43/h7-14,25,29-30,34,37,39-40,45,64H,5-6,15-24,26-28H2,1-4H3,(H,54,65)(H,56,66)/t37-,39+,40?,45?/m1/s1",,SCYKQEZPCOPLPK
9344,P10275,AR,VHL,,,CC1=C(C2=CC=C([C@H](CC(=O)NCCOCCCCOC3=CC=C(C4CCN(C5=NN6C(=NN=C6C(F)(F)F)CC5)CC4)C=C3)NC(=O)C3C[C@@H](O)CN3C(=O)C(NC(=O)C3(F)CC3)C(C)(C)C)C=C2)SC=N1,,,,,,,,,,,,,,,,,,,,,,,,,,,,,,,,,,,,,,,,,,,,,,,,,,,,,,,,,,,,,,,,,,,,,,,1037.195,1036.46162827,2.97,73,8,14,4,19,205.5,,"InChI=1S/C51H64F4N10O7S/c1-31-43(73-30-57-31)35-9-7-34(8-10-35)38(58-45(68)39-27-36(66)29-64(39)46(69)44(49(2,3)4)59-48(70)50(52)19-20-50)28-42(67)56-21-26-71-24-5-6-25-72-37-13-11-32(12-14-37)33-17-22-63(23-18-33)41-16-15-40-60-61-47(51(53,54)55)65(40)62-41/h7-14,30,33,36,38-39,44,66H,5-6,15-29H2,1-4H3,(H,56,67)(H,58,68)(H,59,70)/t36-,38+,39?,44?/m1/s1",,OMGVOFWFZWZRIA
9345,P10275,AR,VHL,,,CC1=C(C2=CC=C([C@H](CC(=O)NCCOCCCCOC3=CC=C(C4CCN(C5=NN6C(=NN=C6C(F)(F)F)CC5)CC4)C=C3)NC(=O)C3C[C@@H](O)CN3C(=O)[C@@H](NC(=O)C3(C#N)CC3)C(C)(C)C)C=C2)SC=N1,,,,,,,,,,,,,,,,,,,,,,,,,,,,,,,,,,,,,,,,,,,,,,,,,,,,,,,,,,,,,,,,,,,,,,,1044.215,1043.46629905,3.75,74,8,15,4,19,229.29,,"InChI=1S/C52H64F3N11O7S/c1-32-44(74-31-58-32)36-9-7-35(8-10-36)39(59-46(69)40-27-37(67)29-65(40)47(70)45(50(2,3)4)60-49(71)51(30-56)19-20-51)28-43(68)57-21-26-72-24-5-6-25-73-38-13-11-33(12-14-38)34-17-22-64(23-18-34)42-16-15-41-61-62-48(52(53,54)55)66(41)63-42/h7-14,31,34,37,39-40,45,67H,5-6,15-29H2,1-4H3,(H,57,68)(H,59,69)(H,60,71)/t37-,39+,40?,45-/m1/s1",,BDQOLNSZKAQUQD
9346,P10275,AR,VHL,,,CC1=C(C2=CC=C(CNC(=O)[C@@H]3C[C@H](O)CN3C(=O)[C@@H](NC(=O)CN3CCN(CCOC4=CC=C(C5CCN(C6=NN7C(=NN=C7C(F)(F)F)CC6)CC5)C=C4)CC3)C(C)(C)C)C=C2)SC=N1,,,,,,,,,,,,,,,,,,,,,,,,,,,,,,,,,,,,,,,,,,,,,,,,,,,,,,,,,,,,,,,,,,,,,,,948.13,947.44516968,2.87,67,8,14,3,13,173.65,,"InChI=1S/C47H60F3N11O5S/c1-30-41(67-29-52-30)34-7-5-31(6-8-34)26-51-43(64)37-25-35(62)27-60(37)44(65)42(46(2,3)4)53-40(63)28-58-21-19-57(20-22-58)23-24-66-36-11-9-32(10-12-36)33-15-17-59(18-16-33)39-14-13-38-54-55-45(47(48,49)50)61(38)56-39/h5-12,29,33,35,37,42,62H,13-28H2,1-4H3,(H,51,64)(H,53,63)/t35-,37-,42+/m0/s1",,VVFQLLKJIWQLCE
9347,P10275,AR,VHL,,,CC1=C(C2=CC=C(CNC(=O)C3CC(O)CN3C(=O)C(NC(=O)CC3O[C@H](COC4=CC=C(C5CCN(C6=NN7C(=NN=C7C(F)(F)F)CC6)CC5)C=C4)[C@@H](O)[C@H]3O)C(C)(C)C)C=C2)SC=N1,,,,,,,,,,,,,,,,,,,,,,,,,,,,,,,,,,,,,,,,,,,,,,,,,,,,,,,,,,,,,,,,,,,,,,,952.07,951.392465412,6.59,67,8,15,5,12,216.86,,"InChI=1S/C46H56F3N9O8S/c1-25-40(67-24-51-25)29-7-5-26(6-8-29)21-50-42(63)32-19-30(59)22-57(32)43(64)41(45(2,3)4)52-37(60)20-33-38(61)39(62)34(66-33)23-65-31-11-9-27(10-12-31)28-15-17-56(18-16-28)36-14-13-35-53-54-44(46(47,48)49)58(35)55-36/h5-12,24,28,30,32-34,38-39,41,59,61-62H,13-23H2,1-4H3,(H,50,63)(H,52,60)/t30?,32?,33?,34-,38+,39-,41?/m1/s1",,BVGFXGOYWOFWSE
9348,P10275,AR,CRBN,,,O=C1CCC(N2CC3=C(C#CCCCCOC4=CC=C(C5CCN(C6=NN7C(=NN=C7C(F)(F)F)CC6)CC5)C=C4)C=CC=C3C2=O)C(=O)N1,,,,,,,,,,,,,,,,,,,,,,,,,,,,,,,,,,,,,,,,,,,,,,,,,,,,,,,,,,,,,,,,,,,,,,,687.723,687.278087292,6.11,50,7,9,1,7,122.02,,"InChI=1S/C36H36F3N7O4/c37-36(38,39)35-42-41-30-14-15-31(43-46(30)35)44-19-17-24(18-20-44)23-9-11-26(12-10-23)50-21-4-2-1-3-6-25-7-5-8-27-28(25)22-45(34(27)49)29-13-16-32(47)40-33(29)48/h5,7-12,24,29H,1-2,4,13-22H2,(H,40,47,48)",,JMQXVMOFCNKYGW
9349,P10275,AR,CRBN,,,O=C1CCC(N2CC3=C(NC(=O)COCCCCCCOC4=CC=C(C5CCN(C6=NN7C(=NN=C7C(F)(F)F)CC6)CC5)C=C4)C=CC=C3C2=O)C(=O)N1,,,,,,,,,,,,,,,,,,,,,,,,,,,,,,,,,,,,,,,,,,,,,,,,,,,,,,,,,,,,,,,,,,,,,,,764.806,764.325765756,5.3,55,7,11,2,13,160.35,,"InChI=1S/C38H43F3N8O6/c39-38(40,41)37-45-44-31-13-14-32(46-49(31)37)47-18-16-25(17-19-47)24-8-10-26(11-9-24)55-21-4-2-1-3-20-54-23-34(51)42-29-7-5-6-27-28(29)22-48(36(27)53)30-12-15-33(50)43-35(30)52/h5-11,25,30H,1-4,12-23H2,(H,42,51)(H,43,50,52)",,GHHCGRJJXBEMNG
9350,P10275,AR,VHL,,,CC1=C(C2=CC=C(CNC(=O)[C@@H]3C[C@H](O)CN3C(=O)[C@@H](NC(=O)C3=CC=C(C(=O)N4CCC(C#CC5=CC=C(C6CCN(C7=NN8C(=NN=C8C(F)(F)F)CC7)CC6)C=C5)CC4)C=C3)C(C)(C)C)C=C2)SC=N1,,,,,,,,,,,,,,,,,,,,,,,,,,,,,,,,,,,,,,,,,,,,,,,,,,,,,,,,,,,,,,,,,,,,,,,1017.192,1016.43427065,7.17,73,9,12,3,9,178.25,,"InChI=1S/C54H59F3N10O5S/c1-33-46(73-32-59-33)39-13-9-36(10-14-39)30-58-49(70)43-29-42(68)31-66(43)51(72)47(53(2,3)4)60-48(69)40-15-17-41(18-16-40)50(71)65-25-21-35(22-26-65)6-5-34-7-11-37(12-8-34)38-23-27-64(28-24-38)45-20-19-44-61-62-52(54(55,56)57)67(44)63-45/h7-18,32,35,38,42-43,47,68H,19-31H2,1-4H3,(H,58,70)(H,60,69)/t42-,43-,47+/m0/s1",,XQTLNLMVXXXAOW
9351,P10275,AR,VHL,,,CC1=C(C2=CC=C(CNC(=O)[C@@H]3C[C@H](O)CN3C(=O)[C@@H](NC(=O)C3CCC(C(=O)N4CCC(C#CC5=CC=C(C6CCN(C7=NN8C(=NN=C8C(F)(F)F)CC7)CC6)C=C5)CC4)CC3)C(C)(C)C)C=C2)SC=N1,,,,,,,,,,,,,,,,,,,,,,,,,,,,,,,,,,,,,,,,,,,,,,,,,,,,,,,,,,,,,,,,,,,,,,,1023.24,1022.48122084,3.05,73,9,12,3,9,178.25,,"InChI=1S/C54H65F3N10O5S/c1-33-46(73-32-59-33)39-13-9-36(10-14-39)30-58-49(70)43-29-42(68)31-66(43)51(72)47(53(2,3)4)60-48(69)40-15-17-41(18-16-40)50(71)65-25-21-35(22-26-65)6-5-34-7-11-37(12-8-34)38-23-27-64(28-24-38)45-20-19-44-61-62-52(54(55,56)57)67(44)63-45/h7-14,32,35,38,40-43,47,68H,15-31H2,1-4H3,(H,58,70)(H,60,69)/t40?,41?,42-,43-,47+/m0/s1",,RHFHBUBHQIRPGI
9352,P10275,AR,VHL,,,CC1=C(C2=CC=C(CNC(=O)[C@@H]3C[C@H](O)CN3C(=O)[C@@H](NC(=O)COCCCCOC3=CC=C(C4CCN(C5=NN6C(=NN=C6C(F)(F)F)CC5)CC4)C=C3)C(C)(C)C)C(O)=C2)SC=N1,,,,,,,,,,,,,,,,,,,,,,,,,,,,,,,,,,,,,,,,,,,,,,,,,,,,,,,,,,,,,,,,,,,,,,,924.06,923.397550792,3.1,65,7,14,4,15,196.63,,"InChI=1S/C45H56F3N9O7S/c1-27-39(65-26-50-27)30-7-8-31(35(59)21-30)23-49-41(61)34-22-32(58)24-56(34)42(62)40(44(2,3)4)51-38(60)25-63-19-5-6-20-64-33-11-9-28(10-12-33)29-15-17-55(18-16-29)37-14-13-36-52-53-43(45(46,47)48)57(36)54-37/h7-12,21,26,29,32,34,40,58-59H,5-6,13-20,22-25H2,1-4H3,(H,49,61)(H,51,60)/t32-,34-,40+/m0/s1",,NPOGNAZTRKMKCM
9353,P10275,AR,VHL,,,CC1=C(C2=CC=C(CNC(=O)C3C[C@@H](O)CN3C(=O)[C@@H](NC(=O)C3(F)CC3)C(C)(C)C)C(OCCCCCCCOC3=CC=C(C4CCN(C5=NN6C(=NN=C6C(F)(F)F)CC5)CC4)C=C3)=C2)SC=N1,,,,,,,,,,,,,,,,,,,,,,,,,,,,,,,,,,,,,,,,,,,,,,,,,,,,,,,,,,,,,,,,,,,,,,,994.17,993.455814616,2.65,70,8,13,3,18,176.4,,"InChI=1S/C50H63F4N9O6S/c1-31-42(70-30-56-31)34-10-11-35(28-55-44(65)38-27-36(64)29-62(38)45(66)43(48(2,3)4)57-47(67)49(51)20-21-49)39(26-34)69-25-9-7-5-6-8-24-68-37-14-12-32(13-15-37)33-18-22-61(23-19-33)41-17-16-40-58-59-46(50(52,53)54)63(40)60-41/h10-15,26,30,33,36,38,43,64H,5-9,16-25,27-29H2,1-4H3,(H,55,65)(H,57,67)/t36-,38?,43-/m1/s1",,GOPPJJDIBCGTOA
9354,P10275,AR,CRBN,,,O=C1CCC(N2CC3=C(NC(=O)COCCCCOC4=CC=C(C5CCN(C6=NN7C(C(F)(F)F)=NN=C7C=C6)CC5)C=C4)C=CC=C3C2=O)C(=O)N1,,,,,,,,,,,,,,,,,,,,,,,,,,,,,,,,,,,,,,,,,,,,,,,,,,,,,,,,,,,,,,,,,,,,,,,734.736,734.278815564,3.02,53,7,11,2,12,160.36,,"InChI=1S/C36H37F3N8O6/c37-36(38,39)35-43-42-29-11-12-30(44-47(29)35)45-16-14-23(15-17-45)22-6-8-24(9-7-22)53-19-2-1-18-52-21-32(49)40-27-5-3-4-25-26(27)20-46(34(25)51)28-10-13-31(48)41-33(28)50/h3-9,11-12,23,28H,1-2,10,13-21H2,(H,40,49)(H,41,48,50)",,LGHHMICXPHIQSC
9355,P10275,AR,CRBN,,,O=C1CCC(N2CC3=C(NC(=O)CCCCCCOC4=CC=C(C5CCN(C6=NN7C(=NN=C7C(F)(F)F)CC6)CC5)C=C4)C=CC=C3C2=O)C(=O)N1,,,,,,,,,,,,,,,,,,,,,,,,,,,,,,,,,,,,,,,,,,,,,,,,,,,,,,,,,,,,,,,,,,,,,,,734.78,734.315201072,3.14,53,7,10,2,11,151.12,,"InChI=1S/C37H41F3N8O5/c38-37(39,40)36-44-43-30-14-15-31(45-48(30)36)46-19-17-24(18-20-46)23-9-11-25(12-10-23)53-21-4-2-1-3-8-32(49)41-28-7-5-6-26-27(28)22-47(35(26)52)29-13-16-33(50)42-34(29)51/h5-7,9-12,24,29H,1-4,8,13-22H2,(H,41,49)(H,42,50,51)",,PQQLFVLWTNKKOQ
9356,P10275,AR,CRBN,,,O=C1CCC(N2CC3=CC(C4=CCN(C(=O)COCCCCOC5=CC=C(C6CCN(C7=NN8C(=NN=C8C(F)(F)F)CC7)CC6)C=C5)CC4)=CC=C3C2=O)C(=O)N1,,,,,,,,,,,,,,,,,,,,,,,,,,,,,,,,,,,,,,,,,,,,,,,,,,,,,,,,,,,,,,,,,,,,,,,802.855,802.34141582,3.94,58,8,11,1,11,151.56,,"InChI=1S/C41H45F3N8O6/c42-41(43,44)40-47-46-34-10-11-35(48-52(34)40)49-17-13-27(14-18-49)26-3-6-31(7-4-26)58-22-2-1-21-57-25-37(54)50-19-15-28(16-20-50)29-5-8-32-30(23-29)24-51(39(32)56)33-9-12-36(53)45-38(33)55/h3-8,15,23,27,33H,1-2,9-14,16-22,24-25H2,(H,45,53,55)",,CNFBBZAUAQVGIM
9357,P10275,AR,CRBN,,,O=C1CCC(N2CC3=CC(C4CCN(C(=O)COCCCCOC5=CC=C(C6CCN(C7=NN8C(=NN=C8C(F)(F)F)CC7)CC6)C=C5)CC4)=CC=C3C2=O)C(=O)N1,,,,,,,,,,,,,,,,,,,,,,,,,,,,,,,,,,,,,,,,,,,,,,,,,,,,,,,,,,,,,,,,,,,,,,,804.871,804.357065884,4.0,58,8,11,1,11,151.56,,"InChI=1S/C41H47F3N8O6/c42-41(43,44)40-47-46-34-10-11-35(48-52(34)40)49-17-13-27(14-18-49)26-3-6-31(7-4-26)58-22-2-1-21-57-25-37(54)50-19-15-28(16-20-50)29-5-8-32-30(23-29)24-51(39(32)56)33-9-12-36(53)45-38(33)55/h3-8,23,27-28,33H,1-2,9-22,24-25H2,(H,45,53,55)",,HKMCHPNMNWRSBI
9358,P10275,AR,CRBN,,,O=C1CCC(N2CC3=CC(C#CCOCCCCOC4=CC=C(C5CCN(C6=NN7C(=NN=C7C(F)(F)F)CC6)CC5)C=C4)=CC=C3C2=O)C(=O)N1,,,,,,,,,,,,,,,,,,,,,,,,,,,,,,,,,,,,,,,,,,,,,,,,,,,,,,,,,,,,,,,,,,,,,,,717.749,717.288651976,2.32,52,7,10,1,9,131.25,,"InChI=1S/C37H38F3N7O5/c38-37(39,40)36-43-42-31-12-13-32(44-47(31)36)45-17-15-26(16-18-45)25-6-8-28(9-7-25)52-21-2-1-19-51-20-3-4-24-5-10-29-27(22-24)23-46(35(29)50)30-11-14-33(48)41-34(30)49/h5-10,22,26,30H,1-2,11-21,23H2,(H,41,48,49)",,ZQMCISUOTHXUAH
9359,P10275,AR,CRBN,,,O=C1CCC(N2C(=O)C3=CC=CC(NCC(=O)N4CCC(N5CCC(C#CC6=CC=C(C7CCN(C8=NN9C(=NN=C9C(F)(F)F)CC8)CC7)C=C6)CC5)CC4)=C3C2=O)C(=O)N1,,,,,,,,,,,,,,,,,,,,,,,,,,,,,,,,,,,,,,,,,,,,,,,,,,,,,,1990 and 200,cytotoxicity test with CWR22RV1 cells and VCaP cells overnight CWR22RV1 cells and VCaP cells.,,,,,,,,,,,,,,,,852.919,852.368299264,5.18,62,9,12,2,6,165.44,,"InChI=1S/C44H47F3N10O5/c45-44(46,47)43-51-50-35-11-12-36(52-57(35)43)54-22-16-30(17-23-54)29-8-6-27(7-9-29)4-5-28-14-20-53(21-15-28)31-18-24-55(25-19-31)38(59)26-48-33-3-1-2-32-39(33)42(62)56(41(32)61)34-10-13-37(58)49-40(34)60/h1-3,6-9,28,30-31,34,48H,10-26H2,(H,49,58,60)",,QOMPYSNTKPNXEU
9360,P10275,AR,CRBN,,,O=C1CCC(N2C(=O)C3=CC=CC(N4CCC(N5CCC(C#CC6=CC=C(C7CCN(C8=NN9C(=NN=C9C(F)(F)F)CC8)CC7)C=C6)CC5)CC4)=C3C2=O)C(=O)N1,,,,,,,,,,,,,,,,,,,,,,,,,,,,,,,,,,,,,,,,,,,,,,,,,,,,,,,,,,,,,,,,,,,,,,,795.867,795.346835548,2.87,58,9,11,1,4,136.34,,"InChI=1S/C42H44F3N9O4/c43-42(44,45)41-48-47-34-11-12-35(49-54(34)41)52-22-16-29(17-23-52)28-8-6-26(7-9-28)4-5-27-14-20-50(21-15-27)30-18-24-51(25-19-30)32-3-1-2-31-37(32)40(58)53(39(31)57)33-10-13-36(55)46-38(33)56/h1-3,6-9,27,29-30,33H,10-25H2,(H,46,55,56)",,RYZHHTCIAABPOO
9361,P10275,AR,CRBN,,,O=C1CCC(N2C(=O)C3=CC=CC(N4CCN(C(=O)COCCCCOC5=CC=C(C6CCN(C7=NN8C(=NN=C8C(F)(F)F)CC7)CC6)C=C5)CC4)=C3C2=O)C(=O)N1,,,,,,,,,,,,,,,,,,,,,,,,,,,,,,,,,,,,,,,,,,,,,,,,,,,,,,,,,,,,,,,,,,,,,,,819.842,819.331579408,3.65,59,8,13,1,11,171.87,,"InChI=1S/C40H44F3N9O7/c41-40(42,43)39-46-45-31-11-12-32(47-52(31)39)49-16-14-26(15-17-49)25-6-8-27(9-7-25)59-23-2-1-22-58-24-34(54)50-20-18-48(19-21-50)29-5-3-4-28-35(29)38(57)51(37(28)56)30-10-13-33(53)44-36(30)55/h3-9,26,30H,1-2,10-24H2,(H,44,53,55)",,DAZCHXOARACSMH
9362,P10275,AR,CRBN,,,CC1(C)[C@H](NC(=O)C2=CC=C(C#CC3CCN(C4=CC=CC5=C4C(=O)N(C4CCC(=O)NC4=O)C5=O)CC3)C=C2)C(C)(C)[C@H]1OC1=NN2C(C(F)(F)F)=NN=C2C=C1,,,,,,,,,,,,,,,,,,,,,,,,,,,,,,,,,,,,,,,,,,,,,,,,,,,,,,,,,,,,,,,,,,,,,,,796.807,796.294465628,5.12,58,8,11,2,6,168.2,,"InChI=1S/C41H39F3N8O6/c1-39(2)36(40(3,4)37(39)58-30-17-15-28-47-48-38(41(42,43)44)52(28)49-30)46-32(54)24-12-10-22(11-13-24)8-9-23-18-20-50(21-19-23)26-7-5-6-25-31(26)35(57)51(34(25)56)27-14-16-29(53)45-33(27)55/h5-7,10-13,15,17,23,27,36-37H,14,16,18-21H2,1-4H3,(H,46,54)(H,45,53,55)/t27?,36-,37-",,HGTTXBHNQKIAMS
9363,P10275,AR,CRBN,,,O=C1CCC(C2C(=O)C3=CC=CC(N4CCN(C5=CC=C(C(=O)N[C@H]6CC[C@H](OC7=NN8C(C(F)(F)F)=NN=C8C=C7)CC6)C=N5)CC4)=C3C2=O)C(=O)N1,,,,,,,,,,,,,,,,,,,,,,,,,,,,,,,,,,,,,,,,,,,,,,,,,,,,,,,,,,,,,,,,,,,,,,,745.719,745.258414468,3.68,54,8,13,2,7,181.09,,"InChI=1S/C36H34F3N9O6/c37-36(38,39)35-44-43-26-11-13-28(45-48(26)35)54-21-7-5-20(6-8-21)41-33(52)19-4-10-25(40-18-19)47-16-14-46(15-17-47)24-3-1-2-22-29(24)32(51)30(31(22)50)23-9-12-27(49)42-34(23)53/h1-4,10-11,13,18,20-21,23,30H,5-9,12,14-17H2,(H,41,52)(H,42,49,53)/t20-,21-,23?,30?",,DHFCVOJKOCKIRO
9364,P10275,AR,CRBN,,,O=C1CCC(C2C(=O)C3=CC=CC(N4CCC(CN5CCN(C6=CC=C(C(=O)N[C@H]7CC[C@H](OC8=NN9C(C(F)(F)F)=NN=C9C=C8)CC7)C=N6)CC5)CC4)=C3C2=O)C(=O)N1,,,,,,,,,,,,,,,,,,,,,,,,,,,,,,,,,,,,,,,,,,,,,,,,,,,,,,,,,,,,,,,,,,,,,,,842.88,842.34756382,5.71,61,9,14,2,9,184.33,,"InChI=1S/C42H45F3N10O6/c43-42(44,45)41-50-49-32-11-13-34(51-55(32)41)61-27-7-5-26(6-8-27)47-39(59)25-4-10-31(46-22-25)54-20-18-52(19-21-54)23-24-14-16-53(17-15-24)30-3-1-2-28-35(30)38(58)36(37(28)57)29-9-12-33(56)48-40(29)60/h1-4,10-11,13,22,24,26-27,29,36H,5-9,12,14-21,23H2,(H,47,59)(H,48,56,60)/t26-,27-,29?,36?",,VWIFDSGOHXPZPP
9365,P10275,AR,CRBN,,,CC1(C)[C@H](NC(=O)C2=CC=C(C#CC3CCN(C(=O)CNC4=CC=CC5=C4C(=O)N(C4CCC(=O)NC4=O)C5=O)CC3)C=C2)C(C)(C)[C@H]1OC1=NN2C(C(F)(F)F)=NN=C2C=C1,,,,,,,,,,,,,,,,,,,,,,,,,,,,,,,,,,,,,,,,,,,,,,,,,,,,,,,,,,,,,,,,,,,,,,,853.859,853.315929344,6.87,62,8,12,3,8,197.3,,"InChI=1S/C43H42F3N9O7/c1-41(2)38(42(3,4)39(41)62-31-17-15-29-50-51-40(43(44,45)46)55(29)52-31)49-34(58)25-12-10-23(11-13-25)8-9-24-18-20-53(21-19-24)32(57)22-47-27-7-5-6-26-33(27)37(61)54(36(26)60)28-14-16-30(56)48-35(28)59/h5-7,10-13,15,17,24,28,38-39,47H,14,16,18-22H2,1-4H3,(H,49,58)(H,48,56,59)/t28?,38-,39-",,SBDRHDJWLIKDRR
9366,P10275,AR,CRBN,,,O=C1CCC(C2C(=O)C3=CC=CC(N4CCC(CN5CCN(C6=CC=C(C(=O)N7[C@H]8CC[C@@H]7C[C@H](OC7=NN9C(C(F)(F)F)=NN=C9C=C7)C8)C=N6)CC5)CC4)=C3C2=O)C(=O)N1,,,,,,,,,,,,,,,,,,,,,,,,,,,,,,,,,,,,,,,,,,,,,,,,,,,,,,,,,,,,,,,,,,,,,,,854.891,854.34756382,5.3,62,10,14,1,8,175.54,,"InChI=1S/C43H45F3N10O6/c44-43(45,46)42-50-49-33-9-11-35(51-56(33)42)62-28-20-26-5-6-27(21-28)55(26)41(61)25-4-8-32(47-22-25)54-18-16-52(17-19-54)23-24-12-14-53(15-13-24)31-3-1-2-29-36(31)39(59)37(38(29)58)30-7-10-34(57)48-40(30)60/h1-4,8-9,11,22,24,26-28,30,37H,5-7,10,12-21,23H2,(H,48,57,60)/t26-,27+,28+,30?,37?",,SJUHQQQBDIBUDR
9367,P10275,AR,CRBN,,,CC1(C)[C@H](NC(=O)C2=CC=C(C#CC3CCN(C4CCN(C(=O)CNC5=CC=CC6=C5C(=O)N(C5CCC(=O)NC5=O)C6=O)CC4)CC3)C=C2)C(C)(C)[C@H]1OC1=NN2C(C(F)(F)F)=NN=C2C=C1,,,,,,,,,,,,,,,,,,,,,,,,,,,,,,,,,,,,,,,,,,,,,,,,,,,,,,,,,,,,,,,,,,,,,,,936.993,936.389428632,5.2,68,9,13,3,9,200.54,,"InChI=1S/C48H51F3N10O7/c1-46(2)43(47(3,4)44(46)68-36-17-15-34-55-56-45(48(49,50)51)61(34)57-36)54-39(64)29-12-10-27(11-13-29)8-9-28-18-22-58(23-19-28)30-20-24-59(25-21-30)37(63)26-52-32-7-5-6-31-38(32)42(67)60(41(31)66)33-14-16-35(62)53-40(33)65/h5-7,10-13,15,17,28,30,33,43-44,52H,14,16,18-26H2,1-4H3,(H,54,64)(H,53,62,65)/t33?,43-,44-",,LJBZNSPWNUYNPU
9368,P10275,AR,VHL,,,CC1=C(C2=CC=C(CNC(=O)[C@@H]3C[C@H](O)CN3C(=O)[C@@H](NC(=O)COCCCCOC3=CC=C(C(=O)NC4C(C)(C)C(OC5=NN6C(C(F)(F)F)=NN=C6C=C5)C4(C)C)C=C3)C(C)(C)C)C=C2)SC=N1,,,,,,,,,,,,,,,,,,,,,,,,,,,,,,,,,,,,,,,,,,,,,,,,,,,,,,,,,,,,,,,,,,,,,,,992.135,991.42376554,5.19,70,7,14,4,18,211.5,,"InChI=1S/C49H60F3N9O8S/c1-28-38(70-27-54-28)30-13-11-29(12-14-30)24-53-41(65)34-23-32(62)25-60(34)42(66)39(46(2,3)4)55-36(63)26-67-21-9-10-22-68-33-17-15-31(16-18-33)40(64)56-43-47(5,6)44(48(43,7)8)69-37-20-19-35-57-58-45(49(50,51)52)61(35)59-37/h11-20,27,32,34,39,43-44,62H,9-10,21-26H2,1-8H3,(H,53,65)(H,55,63)(H,56,64)/t32-,34-,39+,43?,44?/m0/s1",,DCAJBQVGWYUQPO
