key,comp_id,smiles,tar_uniprot,e3,e3_uniprot,label,ik14,stan_cov,stan_seen
19,11,COC1=CC(C2=CN(C)C(=O)C3=CN=CC=C23)=CC(OC)=C1CN1CCN(CCOCCOCCOC2=CC(C3=C(C)N=CS3)=CC=C2CNC(=O)[C@@H]2C[C@@H](O)CN2C(=O)[C@@H](NC(=O)C2(F)CC2)C(C)(C)C)CC1,Q9H8M2,VHL,P40337,0,MXAKQOVZPDLCDK,True,True
40,22,COC1=CC(C2=CN(C)C(=O)C3=CN=CC=C23)=CC(OC)=C1CN1CCN(CCCCCOC2=CC(C3=C(C)N=CS3)=CC=C2CNC(=O)[C@@H]2C[C@@H](O)CN2C(=O)[C@@H](NC(=O)C2(F)CC2)C(C)(C)C)CC1,Q9H8M2,VHL,P40337,1,ZAGCLFXBHOXXEN,True,True
41,22,COC1=CC(C2=CN(C)C(=O)C3=CN=CC=C23)=CC(OC)=C1CN1CCN(CCCCCOC2=CC(C3=C(C)N=CS3)=CC=C2CNC(=O)[C@@H]2C[C@@H](O)CN2C(=O)[C@@H](NC(=O)C2(F)CC2)C(C)(C)C)CC1,Q9H8M2,VHL,P40337,1,ZAGCLFXBHOXXEN,True,True
42,22,COC1=CC(C2=CN(C)C(=O)C3=CN=CC=C23)=CC(OC)=C1CN1CCN(CCCCCOC2=CC(C3=C(C)N=CS3)=CC=C2CNC(=O)[C@@H]2C[C@@H](O)CN2C(=O)[C@@H](NC(=O)C2(F)CC2)C(C)(C)C)CC1,Q9H8M2,VHL,P40337,1,ZAGCLFXBHOXXEN,True,True
43,22,COC1=CC(C2=CN(C)C(=O)C3=CN=CC=C23)=CC(OC)=C1CN1CCN(CCCCCOC2=CC(C3=C(C)N=CS3)=CC=C2CNC(=O)[C@@H]2C[C@@H](O)CN2C(=O)[C@@H](NC(=O)C2(F)CC2)C(C)(C)C)CC1,Q9NPI1,VHL,P40337,1,ZAGCLFXBHOXXEN,True,True
44,22,COC1=CC(C2=CN(C)C(=O)C3=CN=CC=C23)=CC(OC)=C1CN1CCN(CCCCCOC2=CC(C3=C(C)N=CS3)=CC=C2CNC(=O)[C@@H]2C[C@@H](O)CN2C(=O)[C@@H](NC(=O)C2(F)CC2)C(C)(C)C)CC1,Q9NPI1,VHL,P40337,1,ZAGCLFXBHOXXEN,True,True
91,54,CC1=C(C2=CC=C([C@H](C)NC(=O)[C@@H]3C[C@@H](O)CN3C(=O)[C@@H](NC(=O)CCCCNC(=O)C3=CC=C(NC(=O)[C@@H]4NC5(CCCCC5)[C@@]5(C(=O)NC6=CC(Cl)=CC=C65)[C@H]4C4=CC=CC(Cl)=C4F)C=C3)C(C)(C)C)C=C2)SC=N1,Q00987,VHL,P40337,0,TWICUUFPTXMBLR,True,True
92,55,CC1=C(C2=CC=C([C@H](C)NC(=O)[C@@H]3C[C@@H](O)CN3C(=O)[C@@H](NC(=O)CCOCCOCCNC(=O)C3=CC=C(NC(=O)[C@@H]4NC5(CCCCC5)[C@@]5(C(=O)NC6=CC(Cl)=CC=C65)[C@H]4C4=CC=CC(Cl)=C4F)C=C3)C(C)(C)C)C=C2)SC=N1,Q00987,VHL,P40337,0,NSASIVMDKWNVIM,True,True
93,56,CC1=C(C2=CC=C([C@H](C)NC(=O)[C@@H]3C[C@@H](O)CN3C(=O)[C@@H](NC(=O)CCOCCOCCOCCNC(=O)C3=CC=C(NC(=O)[C@@H]4NC5(CCCCC5)[C@@]5(C(=O)NC6=CC(Cl)=CC=C65)[C@H]4C4=CC=CC(Cl)=C4F)C=C3)C(C)(C)C)C=C2)SC=N1,Q00987,VHL,P40337,0,RLRMVHZJHSRMIN,True,True
94,57,CCN(CCOCCOCCOCC#CC1=CC=CC2=C1CN(C1CCC(=O)NC1=O)C2=O)CCOC1=CC=C(C(=O)C2=C(C3=CC=C(O)C=C3)SC3=CC(O)=CC=C23)C=C1,P03372,CRBN,Q96SW2,0,ZNGBUVSQCDBABL,True,True
95,58,CCN(CCCCCCC#CC1=CC=CC2=C1CN(C1CCC(=O)NC1=O)C2=O)CCOC1=CC=C(C(=O)C2=C(C3=CC=C(O)C=C3)SC3=CC(O)=CC=C23)C=C1,P03372,CRBN,Q96SW2,0,FVMYYTLLOHMGFM,True,True
114,77,CCN(CCCCCOCC(=O)N[C@H](C(=O)N1C[C@H](O)C[C@H]1C(=O)N[C@@H](C)C1=CC=C(C2=C(C)N=CS2)C=C1)C(C)(C)C)CCOC1=CC=C(C(=O)C2=C(C3=CC=C(O)C=C3)SC3=CC(O)=CC=C23)C=C1,P03372,VHL,P40337,1,BQXUPNKLZNSUMC,True,True
131,94,CC1=C(C2=CC=C(CNC(=O)[C@@H]3C[C@@H](O)CN3C(=O)[C@@H](NC(=O)CCNC(=O)C3=CC=C(N4C(=S)N(C5=CC=C(C#N)C(C(F)(F)F)=C5)C(=O)C4(C)C)C=C3F)C(C)(C)C)C=C2)SC=N1,P10275,VHL,P40337,0,GHDHSFXBWJJYAN,True,True
132,95,CC1=C(C2=CC=C(CNC(=O)[C@@H]3C[C@@H](O)CN3C(=O)[C@@H](NC(=O)CCCNC(=O)C3=CC=C(N4C(=S)N(C5=CC=C(C#N)C(C(F)(F)F)=C5)C(=O)C4(C)C)C=C3F)C(C)(C)C)C=C2)SC=N1,P10275,VHL,P40337,0,IWXCCOWEXFTLEC,True,True
133,96,CC1=C(C2=CC=C(CNC(=O)[C@@H]3C[C@@H](O)CN3C(=O)[C@@H](NC(=O)CCCCNC(=O)C3=CC=C(N4C(=S)N(C5=CC=C(C#N)C(C(F)(F)F)=C5)C(=O)C4(C)C)C=C3F)C(C)(C)C)C=C2)SC=N1,P10275,VHL,P40337,0,ZFWHPGQSSVNCFB,True,True
134,97,CC1=C(C2=CC=C(CNC(=O)[C@@H]3C[C@@H](O)CN3C(=O)[C@@H](NC(=O)CCCCCNC(=O)C3=CC=C(N4C(=S)N(C5=CC=C(C#N)C(C(F)(F)F)=C5)C(=O)C4(C)C)C=C3F)C(C)(C)C)C=C2)SC=N1,P10275,VHL,P40337,0,LBGRZWNYLZVZQM,True,True
135,98,CC1=C(C2=CC=C(CNC(=O)[C@@H]3C[C@@H](O)CN3C(=O)[C@@H](NC(=O)CCCCCCNC(=O)C3=CC=C(N4C(=S)N(C5=CC=C(C#N)C(C(F)(F)F)=C5)C(=O)C4(C)C)C=C3F)C(C)(C)C)C=C2)SC=N1,P10275,VHL,P40337,0,QPHYYAFAFYEWMM,True,True
136,99,CC1=C(C2=CC=C(CNC(=O)[C@@H]3C[C@@H](O)CN3C(=O)[C@@H](NC(=O)CCCCCCCNC(=O)C3=CC=C(N4C(=S)N(C5=CC=C(C#N)C(C(F)(F)F)=C5)C(=O)C4(C)C)C=C3F)C(C)(C)C)C=C2)SC=N1,P10275,VHL,P40337,0,UNTJCJBQCSZSDR,True,True
137,100,CC1=C(C2=CC=C(CNC(=O)[C@@H]3C[C@@H](O)CN3C(=O)[C@@H](NC(=O)CCCCCCCCNC(=O)C3=CC=C(N4C(=S)N(C5=CC=C(C#N)C(C(F)(F)F)=C5)C(=O)C4(C)C)C=C3F)C(C)(C)C)C=C2)SC=N1,P10275,VHL,P40337,0,SVTIVBBIZFCGJI,True,True
138,101,CC1=C(C2=CC=C(CNC(=O)[C@@H]3C[C@@H](O)CN3C(=O)[C@@H](NC(=O)CCCCCCCCCNC(=O)C3=CC=C(N4C(=S)N(C5=CC=C(C#N)C(C(F)(F)F)=C5)C(=O)C4(C)C)C=C3F)C(C)(C)C)C=C2)SC=N1,P10275,VHL,P40337,0,HBTUNEMDIYFWQW,True,True
139,102,CC1=C(C2=CC=C(CNC(=O)[C@@H]3C[C@@H](O)CN3C(=O)[C@@H](NC(=O)CCCCCCCCCCNC(=O)C3=CC=C(N4C(=S)N(C5=CC=C(C#N)C(C(F)(F)F)=C5)C(=O)C4(C)C)C=C3F)C(C)(C)C)C=C2)SC=N1,P10275,VHL,P40337,0,JVXFONHOIBGDQZ,True,True
140,103,CC1=C(C2=CC=C(CNC(=O)[C@@H]3C[C@@H](O)CN3C(=O)[C@@H](NC(=O)CCCCCCCCCCCNC(=O)C3=CC=C(N4C(=S)N(C5=CC=C(C#N)C(C(F)(F)F)=C5)C(=O)C4(C)C)C=C3F)C(C)(C)C)C=C2)SC=N1,P10275,VHL,P40337,0,YLEYRJVYSVNVMW,True,True
141,104,CC1=C(C2=CC=C(CNC(=O)[C@@H]3C[C@@H](O)CN3C(=O)[C@@H](NC(=O)CCOCCOCCNC(=O)C3=CC=C(N4C(=S)N(C5=CC=C(C#N)C(C(F)(F)F)=C5)C(=O)C4(C)C)C=C3F)C(C)(C)C)C=C2)SC=N1,P10275,VHL,P40337,0,UUYSEODCXJXBSH,True,True
142,105,CC1=C(C2=CC=C(CNC(=O)[C@@H]3C[C@@H](O)CN3C(=O)[C@@H](NC(=O)CCCCCCC3=CC=C(C#CC4=CC=C(N5C(=S)N(C6=CC=C(C#N)C(C(F)(F)F)=C6)C(=O)C5(C)C)C=C4)C=N3)C(C)(C)C)C=C2)SC=N1,P10275,VHL,P40337,0,DQQBASHTDJWTOF,True,True
143,106,CC1=C(C2=CC=C(CNC(=O)[C@@H]3C[C@@H](O)CN3C(=O)[C@@H](NC(=O)CCCN3CCN(C4=CC=C(C#CC5=CC=C(N6C(=S)N(C7=CC=C(C#N)C(C(F)(F)F)=C7)C(=O)C6(C)C)C=C5)C=N4)CC3)C(C)(C)C)C=C2)SC=N1,P10275,VHL,P40337,0,LUQBLTDGOLZKCA,True,True
144,107,CC1=C(C2=CC=C([C@H](C)NC(=O)[C@@H]3C[C@@H](O)CN3C(=O)[C@@H](NC(=O)CCCN3CCN(C4=CC=C(C#CC5=CC=C(N6C(=S)N(C7=CC=C(C#N)C(C(F)(F)F)=C7)C(=O)C6(C)C)C=C5)C=N4)CC3)C(C)(C)C)C=C2)SC=N1,P10275,VHL,P40337,0,UESVUNITXHBXAZ,True,True
145,108,CC1=C(C2=CC=C([C@H](C)NC(=O)[C@@H]3C[C@@H](O)CN3C(=O)[C@@H](NC(=O)CCCCN3CCN(C4=CC=C(C#CC5=CC=C(N6C(=S)N(C7=CC=C(C#N)C(C(F)(F)F)=C7)C(=O)C6(C)C)C=C5)C=N4)CC3)C(C)(C)C)C=C2)SC=N1,P10275,VHL,P40337,0,IFIQPRCRTBSGCW,True,True
146,109,CC1=C(C2=CC=C([C@H](C)NC(=O)[C@@H]3C[C@@H](O)CN3C(=O)[C@@H](NC(=O)CCN3CCN(C4=CC=C(C#CC5=CC=C(N6C(=S)N(C7=CC=C(C#N)C(C(F)(F)F)=C7)C(=O)C6(C)C)C=C5)C=N4)CC3)C(C)(C)C)C=C2)SC=N1,P10275,VHL,P40337,0,XBYIKVWSXKAVDE,True,True
147,110,CC1=C(C2=CC=C([C@H](C)NC(=O)[C@@H]3C[C@@H](O)CN3C(=O)[C@@H](NC(=O)CN3CCN(C4=CC=C(C#CC5=CC=C(N6C(=S)N(C7=CC=C(C#N)C(C(F)(F)F)=C7)C(=O)C6(C)C)C=C5)C=N4)CC3)C(C)(C)C)C=C2)SC=N1,P10275,VHL,P40337,0,XVQSTGFWUADNSG,True,True
148,111,CC1=C(C2=CC=C([C@H](C)NC(=O)[C@@H]3C[C@@H](O)CN3C(=O)[C@@H](NC(=O)N3CCN(C4=CC=C(C#CC5=CC=C(N6C(=S)N(C7=CC=C(C#N)C(C(F)(F)F)=C7)C(=O)C6(C)C)C=C5)C=N4)CC3)C(C)(C)C)C=C2)SC=N1,P10275,VHL,P40337,0,DZDNEYFUVBHXKM,True,True
149,112,CC1=NOC([C@H](C(=O)N2C[C@H](O)C[C@H]2C(=O)N[C@@H](CC(=O)NCCCCCCCCCNC(=O)C2=CC=C(N3C(=S)N(C4=CC=C(C#N)C(C(F)(F)F)=C4)C(=O)C3(C)C)C=C2F)C2=CC=C(C3=C(C)N=CS3)C=C2)C(C)C)=C1,P10275,VHL,P40337,0,QMJVJZXGGGXRPC,True,True
150,113,CC1=NOC([C@H](C(=O)N2C[C@H](O)C[C@H]2C(=O)N[C@@H](CC(=O)NCCCN2CCN(C3=CC=C(C#CC4=CC=C(N5C(=S)N(C6=CC=C(C#N)C(C(F)(F)F)=C6)C(=O)C5(C)C)C=C4)C=N3)CC2)C2=CC=C(C3=C(C)N=CS3)C=C2)C(C)C)=C1,P10275,VHL,P40337,0,YJSJHDDWLLYYGT,True,True
151,114,CC1=NOC([C@H](C(=O)N2C[C@H](O)C[C@H]2C(=O)N[C@@H](CC(=O)N2CCN(C3=CC=C(C#CC4=CC=C(N5C(=S)N(C6=CC=C(C#N)C(C(F)(F)F)=C6)C(=O)C5(C)C)C=C4)C=N3)CC2)C2=CC=C(C3=C(C)N=CS3)C=C2)C(C)C)=C1,P10275,VHL,P40337,0,IQMQOGXOGASOHR,True,True
152,115,CC1=NOC([C@H](C(=O)N2C[C@H](O)C[C@H]2C(=O)N[C@@H](CC(=O)N2CCC(N3CCC(C#CC4=CC=C(N5C(=S)N(C6=CC=C(C#N)C(C(F)(F)F)=C6)C(=O)C5(C)C)C=C4)CC3)CC2)C2=CC=C(C3=C(C)N=CS3)C=C2)C(C)C)=C1,P10275,VHL,P40337,1,GUBNYKHHDKQDQF,True,True
153,116,CC1=NOC([C@H](C(=O)N2C[C@H](O)C[C@H]2C(=O)N[C@@H](CC(=O)N2CCC(N3CCC(C#CC4=CC=C(N5C(=S)N(C6=CN=C(C#N)C(C(F)(F)F)=C6)C(=O)C56CCC6)C=C4)CC3)CC2)C2=CC=C(C3=C(C)N=CS3)C=C2)C(C)C)=C1,P10275,VHL,P40337,1,ALWGZTAGCPHDFO,True,True
154,117,CC1=NOC([C@H](C(=O)N2C[C@H](O)C[C@H]2C(=O)N[C@@H](CC(=O)N2CCC(N3CCC(C#CC4=CC=C(S(=O)CC(C)(O)C(=O)NC5=CC=C(C#N)C(C(F)(F)F)=C5)C=C4)CC3)CC2)C2=CC=C(C3=C(C)N=CS3)C=C2)C(C)C)=C1,P10275,VHL,P40337,0,XJIMCYXRPLNZMP,True,True
155,118,CC1=NOC([C@H](C(=O)N2C[C@H](O)C[C@H]2C(=O)N[C@@H](CC(=O)N2CCC(N3CCC(C#CC4=CC=C(C(=O)N[C@H]5C(C)(C)[C@H](OC6=CC=C(C#N)C(Cl)=C6)C5(C)C)C=C4)CC3)CC2)C2=CC=C(C3=C(C)N=CS3)C=C2)C(C)C)=C1,P10275,VHL,P40337,1,RGPUSLXMPBTXNU,True,True
156,118,CC1=NOC([C@H](C(=O)N2C[C@H](O)C[C@H]2C(=O)N[C@@H](CC(=O)N2CCC(N3CCC(C#CC4=CC=C(C(=O)N[C@H]5C(C)(C)[C@H](OC6=CC=C(C#N)C(Cl)=C6)C5(C)C)C=C4)CC3)CC2)C2=CC=C(C3=C(C)N=CS3)C=C2)C(C)C)=C1,P10275,VHL,P40337,1,RGPUSLXMPBTXNU,True,True
157,119,CC1=NOC([C@H](C(=O)N2C[C@H](O)C[C@H]2C(=O)N[C@@H](CC(=O)N2CCC(N3CCC(C#CC4=CC=C(CC5=C(C)N(C6=CC=C(C#N)C(Cl)=C6)N=C5C)C=C4)CC3)CC2)C2=CC=C(C3=C(C)N=CS3)C=C2)C(C)C)=C1,P10275,VHL,P40337,0,STEVDPTZCIOYTQ,True,True
158,120,CC1=C(C2=CC=C([C@H](CC(=O)N3CCC(N4CCC(C#CC5=CC=C(C(=O)N[C@H]6C(C)(C)[C@H](OC7=CC=C(C#N)C(Cl)=C7)C6(C)C)C=C5)CC4)CC3)NC(=O)[C@@H]3C[C@@H](O)CN3C(=O)[C@@H](NC(=O)C3(F)CC3)C(C)(C)C)C=C2)SC=N1,P10275,VHL,P40337,1,CWGVEMFBQJUWLU,True,True
159,121,CC1=C(C2=CC=C([C@H](CC(=O)N3CCC(N4CCC(C#CC5=CC=C(C(=O)N[C@H]6C(C)(C)[C@H](OC7=CC=C(C#N)C(Cl)=C7)C6(C)C)C=C5)CC4)CC3)NC(=O)[C@@H]3C[C@@H](O)CN3C(=O)[C@@H](NC(=O)C3(C#N)CC3)C(C)(C)C)C=C2)SC=N1,P10275,VHL,P40337,1,YLIIPOUNLYQGIU,True,True
160,122,CC(=O)N[C@H](C(=O)N1C[C@H](O)C[C@H]1C(=O)N[C@@H](CC(=O)N1CCC(N2CCC(C#CC3=CC=C(C(=O)N[C@H]4C(C)(C)[C@H](OC5=CC=C(C#N)C(Cl)=C5)C4(C)C)C=C3)CC2)CC1)C1=CC=C(C2=C(C)N=CS2)C=C1)C(C)(C)C,P10275,VHL,P40337,0,YCVBOGOSHGKMCU,True,True
161,123,CC1=C(C2=CC=C([C@@H](CC(=O)N3CCC(N4CCC(C#CC5=CC=C(C(=O)N[C@H]6C(C)(C)[C@H](OC7=CC=C(C#N)C(Cl)=C7)C6(C)C)C=C5)CC4)CC3)NC(=O)[C@@H]3C[C@@H](O)CN3C(=O)[C@@H](NC(=O)C3(F)CC3)C(C)(C)C)C=C2)SC=N1,P10275,VHL,P40337,0,CWGVEMFBQJUWLU,True,True
162,124,CC1=C(C2=CC=C([C@H](CC(=O)N3CCC(N4CCC(C#CC5=CC=C(C(=O)N[C@H]6C(C)(C)[C@H](OC7=CC=C(C#N)C(Cl)=C7)C6(C)C)C=C5)CC4)CC3)NC(=O)[C@@H]3C[C@@H](O)CN3C(=O)[C@H](NC(=O)C3(F)CC3)C(C)(C)C)C=C2)SC=N1,P10275,VHL,P40337,0,CWGVEMFBQJUWLU,True,True
163,125,CC1=NOC([C@H](C(=O)N2C[C@H](O)C[C@H]2C(=O)N[C@@H](CC(=O)NCCCCCCCCCNC(=O)C2=CC=C(C(=O)N[C@H]3C(C)(C)[C@H](OC4=CC=C(C#N)C(Cl)=C4)C3(C)C)C=C2)C2=CC=C(C3=C(C)N=CS3)C=C2)C(C)C)=C1,P10275,VHL,P40337,1,UTPTUYDLZXJLRV,True,True
164,126,CC1(C)[C@H](NC(=O)C2=CC=C(C(=O)NCCCCCCCCCCNC3=CC=CC4=C3C(=O)N(C3CCC(=O)NC3=O)C4=O)C=C2)C(C)(C)[C@H]1OC1=CC=C(C#N)C(Cl)=C1,P10275,CRBN,Q96SW2,0,QRQGVXVDQXIEQK,True,True
165,127,CC1(C)[C@H](NC(=O)C2=CC=C(C#CC3CCN(C4CCN(C5=CC=CC6=C5C(=O)N(C5CCC(=O)NC5=O)C6=O)CC4)CC3)C=C2)C(C)(C)[C@H]1OC1=CC=C(C#N)C(Cl)=C1,P10275,CRBN,Q96SW2,0,JFDLNPIBQDRWHM,True,True
226,146,CC1=C(C)C2=C(S1)N1C(C)=NN=C1[C@H](CC(=O)NCCN1C=C(COC3=CC=CC4=C3C(=O)N(C3CCC(=O)NC3=O)C4=O)N=N1)N=C2C1=CC=C(Cl)C=C1,O60885,CRBN,Q96SW2,0,CBYYXVFBNBBZJH,True,True
227,147,CC1=C(C)C2=C(S1)N1C(C)=NN=C1[C@H](CC(=O)NCCN1C=C(COCCOC3=CC=CC4=C3C(=O)N(C3CCC(=O)NC3=O)C4=O)N=N1)N=C2C1=CC=C(Cl)C=C1,O60885,CRBN,Q96SW2,0,ABDSEHSFEXENQJ,True,True
228,148,CC1=C(C)C2=C(S1)N1C(C)=NN=C1[C@H](CC(=O)NCCN1C=C(COCCOCCOC3=CC=CC4=C3C(=O)N(C3CCC(=O)NC3=O)C4=O)N=N1)N=C2C1=CC=C(Cl)C=C1,O60885,CRBN,Q96SW2,0,QDKBKEFTDKCTPJ,True,True
229,149,CC1=C(C)C2=C(S1)N1C(C)=NN=C1[C@H](CC(=O)NCCN1C=C(COCCOCCOCCOC3=CC=CC4=C3C(=O)N(C3CCC(=O)NC3=O)C4=O)N=N1)N=C2C1=CC=C(Cl)C=C1,O60885,CRBN,Q96SW2,0,SVZFVYLDQTZFKW,True,True
230,150,CC1=C(C)C2=C(S1)N1C(C)=NN=C1[C@H](CC(=O)NCCN1C=C(COCCOCCOCCOCCOC3=CC=CC4=C3C(=O)N(C3CCC(=O)NC3=O)C4=O)N=N1)N=C2C1=CC=C(Cl)C=C1,O60885,CRBN,Q96SW2,0,NQCJKUWEAOYMRX,True,True
231,151,CC1=C(C2=CC=C(CNC(=O)[C@@H]3C[C@@H](O)CN3C(=O)[C@@H](NC(=O)COCC3=CN(CCNC(=O)C[C@@H]4N=C(C5=CC=C(Cl)C=C5)C5=C(SC(C)=C5C)N5C(C)=NN=C45)N=N3)C(C)(C)C)C=C2)SC=N1,O60885,VHL,P40337,1,KEXVSUAHVFYWJC,True,True
233,152,CC1=C(C2=CC=C(CNC(=O)[C@@H]3C[C@@H](O)CN3C(=O)[C@@H](NC(=O)COCCOCC3=CN(CCNC(=O)C[C@@H]4N=C(C5=CC=C(Cl)C=C5)C5=C(SC(C)=C5C)N5C(C)=NN=C45)N=N3)C(C)(C)C)C=C2)SC=N1,O60885,VHL,P40337,1,LJQXZKRBYGZAEU,True,True
235,153,CC1=C(C2=CC=C(CNC(=O)[C@@H]3C[C@@H](O)CN3C(=O)[C@@H](NC(=O)COCCOCCOCC3=CN(CCNC(=O)C[C@@H]4N=C(C5=CC=C(Cl)C=C5)C5=C(SC(C)=C5C)N5C(C)=NN=C45)N=N3)C(C)(C)C)C=C2)SC=N1,O60885,VHL,P40337,0,IVAWBGJHAWQINS,True,True
237,154,CC1=C(C2=CC=C(CNC(=O)[C@@H]3C[C@@H](O)CN3C(=O)[C@@H](NC(=O)COCCOCCOCCOCC3=CN(CCNC(=O)C[C@@H]4N=C(C5=CC=C(Cl)C=C5)C5=C(SC(C)=C5C)N5C(C)=NN=C45)N=N3)C(C)(C)C)C=C2)SC=N1,O60885,VHL,P40337,0,MEUHHKBLLJDOBF,True,True
239,155,CC1=C(C2=CC=C(CNC(=O)[C@@H]3C[C@@H](O)CN3C(=O)[C@@H](NC(=O)COCCOCCOCCOCCOCC3=CN(CCNC(=O)C[C@@H]4N=C(C5=CC=C(Cl)C=C5)C5=C(SC(C)=C5C)N5C(C)=NN=C45)N=N3)C(C)(C)C)C=C2)SC=N1,O60885,VHL,P40337,0,VACBBPVTGHKINF,True,True
290,174,CC1=C(C2=CC=C(CNC(=O)[C@@H]3C[C@@H](O)CN3C(=O)[C@@H](NC(=O)COCCOCCOCCNC3=CC=CC4=C3C(=O)N(C3CCC(=O)NC3=O)C4=O)C(C)(C)C)C=C2)SC=N1,Q96SW2,VHL,P40337,0,JJODRHXPKVBYEY,True,True
292,176,CC1=C(C2=CC=C(CNC(=O)[C@@H]3C[C@@H](O)CN3C(=O)[C@@H](NC(=O)CCCCOCCCCCOCCCCCCNC3=CC=CC4=C3C(=O)N(C3CCC(=O)NC3=O)C4=O)C(C)(C)C)C=C2)SC=N1,Q96SW2,VHL,P40337,1,LIMCHOLAKDUZDS,True,True
297,181,COC1=CC2=C(OC3=CC=C(NC(=O)C4(C(=O)NC5=CC=C(F)C=C5)CC4)C=C3F)C=CN=C2C=C1OCCOCCOCCC(=O)N[C@H](C(=O)N1C[C@H](O)C[C@H]1C(=O)NCC1=CC=C(C2=C(C)N=CS2)C=C1)C(C)(C)C,Q16539,VHL,P40337,1,FCEBHUUCGVQXGJ,True,True
298,181,COC1=CC2=C(OC3=CC=C(NC(=O)C4(C(=O)NC5=CC=C(F)C=C5)CC4)C=C3F)C=CN=C2C=C1OCCOCCOCCC(=O)N[C@H](C(=O)N1C[C@H](O)C[C@H]1C(=O)NCC1=CC=C(C2=C(C)N=CS2)C=C1)C(C)(C)C,O15264,VHL,P40337,1,FCEBHUUCGVQXGJ,True,True
299,182,COC1=CC2=C(OC3=CC=C(NC(=O)C4(C(=O)NC5=CC=C(F)C=C5)CC4)C=C3F)C=CN=C2C=C1OCCCOCCOCCC(=O)N[C@H](C(=O)N1C[C@H](O)C[C@H]1C(=O)NCC1=CC=C(C2=C(C)N=CS2)C=C1)C(C)(C)C,Q16539,VHL,P40337,1,PCRYOGWRHSLIEZ,True,True
300,182,COC1=CC2=C(OC3=CC=C(NC(=O)C4(C(=O)NC5=CC=C(F)C=C5)CC4)C=C3F)C=CN=C2C=C1OCCCOCCOCCC(=O)N[C@H](C(=O)N1C[C@H](O)C[C@H]1C(=O)NCC1=CC=C(C2=C(C)N=CS2)C=C1)C(C)(C)C,O15264,VHL,P40337,1,PCRYOGWRHSLIEZ,True,True
305,183,COC1=CC2=C(OC3=CC=C(NC(=O)C4(C(=O)NC5=CC=C(F)C=C5)CC4)C=C3F)C=CN=C2C=C1OCCCOCCCOCCC(=O)N[C@H](C(=O)N1C[C@H](O)C[C@H]1C(=O)NCC1=CC=C(C2=C(C)N=CS2)C=C1)C(C)(C)C,Q16539,VHL,P40337,0,SCUZPTNDZHEHLB,True,True
306,183,COC1=CC2=C(OC3=CC=C(NC(=O)C4(C(=O)NC5=CC=C(F)C=C5)CC4)C=C3F)C=CN=C2C=C1OCCCOCCCOCCC(=O)N[C@H](C(=O)N1C[C@H](O)C[C@H]1C(=O)NCC1=CC=C(C2=C(C)N=CS2)C=C1)C(C)(C)C,Q16539,VHL,P40337,0,SCUZPTNDZHEHLB,True,True
307,183,COC1=CC2=C(OC3=CC=C(NC(=O)C4(C(=O)NC5=CC=C(F)C=C5)CC4)C=C3F)C=CN=C2C=C1OCCCOCCCOCCC(=O)N[C@H](C(=O)N1C[C@H](O)C[C@H]1C(=O)NCC1=CC=C(C2=C(C)N=CS2)C=C1)C(C)(C)C,O15264,VHL,P40337,0,SCUZPTNDZHEHLB,True,True
308,184,COC1=CC2=C(OC3=CC=C(NC(=O)C4(C(=O)NC5=CC=C(F)C=C5)CC4)C=C3F)C=CN=C2C=C1OCCCCOCCCCOCC(=O)N[C@H](C(=O)N1C[C@H](O)C[C@H]1C(=O)NCC1=CC=C(C2=C(C)N=CS2)C=C1)C(C)(C)C,Q16539,VHL,P40337,1,GXDYWQXTEYENEU,True,True
309,184,COC1=CC2=C(OC3=CC=C(NC(=O)C4(C(=O)NC5=CC=C(F)C=C5)CC4)C=C3F)C=CN=C2C=C1OCCCCOCCCCOCC(=O)N[C@H](C(=O)N1C[C@H](O)C[C@H]1C(=O)NCC1=CC=C(C2=C(C)N=CS2)C=C1)C(C)(C)C,O15264,VHL,P40337,0,GXDYWQXTEYENEU,True,True
310,185,COC1=CC2=C(OC3=CC=C(NC(=O)C4(C(=O)NC5=CC=C(F)C=C5)CC4)C=C3F)C=CN=C2C=C1OCCOCCOCCOC1=CC(C2=C(C)N=CS2)=CC=C1CNC(=O)[C@@H]1C[C@@H](O)CN1C(=O)[C@H](C(C)C)N1CC2=CC=CC=C2C1=O,Q16539,VHL,P40337,0,LYUUIIZKBMBNQV,True,True
311,185,COC1=CC2=C(OC3=CC=C(NC(=O)C4(C(=O)NC5=CC=C(F)C=C5)CC4)C=C3F)C=CN=C2C=C1OCCOCCOCCOC1=CC(C2=C(C)N=CS2)=CC=C1CNC(=O)[C@@H]1C[C@@H](O)CN1C(=O)[C@H](C(C)C)N1CC2=CC=CC=C2C1=O,O15264,VHL,P40337,1,LYUUIIZKBMBNQV,True,True
312,186,COC1=CC2=C(OC3=CC=C(NC(=O)C4(C(=O)NC5=CC=C(F)C=C5)CC4)C=C3F)C=CN=C2C=C1OCCCCOCCCCOC1=CC(C2=C(C)N=CS2)=CC=C1CNC(=O)[C@@H]1C[C@@H](O)CN1C(=O)[C@H](C(C)C)N1CC2=CC=CC=C2C1=O,Q16539,VHL,P40337,0,LCBLIBYLVHDHMI,True,True
313,186,COC1=CC2=C(OC3=CC=C(NC(=O)C4(C(=O)NC5=CC=C(F)C=C5)CC4)C=C3F)C=CN=C2C=C1OCCCCOCCCCOC1=CC(C2=C(C)N=CS2)=CC=C1CNC(=O)[C@@H]1C[C@@H](O)CN1C(=O)[C@H](C(C)C)N1CC2=CC=CC=C2C1=O,O15264,VHL,P40337,0,LCBLIBYLVHDHMI,True,True
314,187,COC1=CC2=C(OC3=CC=C(NC(=O)C4(C(=O)NC5=CC=C(F)C=C5)CC4)C=C3F)C=CN=C2C=C1OCCCOCCOCCCOC1=CC(C2=C(C)N=CS2)=CC=C1CNC(=O)[C@@H]1C[C@@H](O)CN1C(=O)[C@H](C(C)C)N1CC2=CC=CC=C2C1=O,Q16539,VHL,P40337,0,RZMAGXNWPGZVNP,True,True
315,187,COC1=CC2=C(OC3=CC=C(NC(=O)C4(C(=O)NC5=CC=C(F)C=C5)CC4)C=C3F)C=CN=C2C=C1OCCCOCCOCCCOC1=CC(C2=C(C)N=CS2)=CC=C1CNC(=O)[C@@H]1C[C@@H](O)CN1C(=O)[C@H](C(C)C)N1CC2=CC=CC=C2C1=O,O15264,VHL,P40337,0,RZMAGXNWPGZVNP,True,True
316,188,COC1=CC2=C(OC3=CC=C(NC(=O)C4(C(=O)NC5=CC=C(F)C=C5)CC4)C=C3F)C=CN=C2C=C1OCCCOCCCOCCCOC1=CC(C2=C(C)N=CS2)=CC=C1CNC(=O)[C@@H]1C[C@@H](O)CN1C(=O)[C@H](C(C)C)N1CC2=CC=CC=C2C1=O,Q16539,VHL,P40337,0,LVQCYBJKHQGJSR,True,True
317,188,COC1=CC2=C(OC3=CC=C(NC(=O)C4(C(=O)NC5=CC=C(F)C=C5)CC4)C=C3F)C=CN=C2C=C1OCCCOCCCOCCCOC1=CC(C2=C(C)N=CS2)=CC=C1CNC(=O)[C@@H]1C[C@@H](O)CN1C(=O)[C@H](C(C)C)N1CC2=CC=CC=C2C1=O,O15264,VHL,P40337,0,LVQCYBJKHQGJSR,True,True
324,194,CC1=C(C)C2=C(S1)N1C(C)=NN=C1[C@H](CC(=O)NCCCCCNC1=CC=CC3=C1CN(C1CCC(=O)NC1=O)C3=O)N=C2C1=CC=C(Cl)C=C1,P25440,CRBN,Q96SW2,1,UYBVSBAZZWUPHH,True,True
325,194,CC1=C(C)C2=C(S1)N1C(C)=NN=C1[C@H](CC(=O)NCCCCCNC1=CC=CC3=C1CN(C1CCC(=O)NC1=O)C3=O)N=C2C1=CC=C(Cl)C=C1,Q15059,CRBN,Q96SW2,1,UYBVSBAZZWUPHH,True,True
326,194,CC1=C(C)C2=C(S1)N1C(C)=NN=C1[C@H](CC(=O)NCCCCCNC1=CC=CC3=C1CN(C1CCC(=O)NC1=O)C3=O)N=C2C1=CC=C(Cl)C=C1,O60885,CRBN,Q96SW2,1,UYBVSBAZZWUPHH,True,True
327,195,COC1=CC(/C=C(\C#N)C(=O)NCCC(=O)N[C@H](C(=O)N2C[C@H](O)C[C@H]2C(=O)NCC2=CC=C(C3=C(C)N=CS3)C=C2)C(C)(C)C)=CC=C1OCC1=CC=C(C(F)(F)F)C=C1C(F)(F)F,P11474,VHL,P40337,0,GXIDZUOKFMNGIA,True,True
328,196,COC1=CC(/C=C(\C#N)C(=O)NCCCC(=O)N[C@H](C(=O)N2C[C@H](O)C[C@H]2C(=O)NCC2=CC=C(C3=C(C)N=CS3)C=C2)C(C)(C)C)=CC=C1OCC1=CC=C(C(F)(F)F)C=C1C(F)(F)F,P11474,VHL,P40337,1,OWPXBBYFUGODAK,True,True
329,197,COC1=CC(/C=C(\C#N)C(=O)NCCCCC(=O)N[C@H](C(=O)N2C[C@H](O)C[C@H]2C(=O)NCC2=CC=C(C3=C(C)N=CS3)C=C2)C(C)(C)C)=CC=C1OCC1=CC=C(C(F)(F)F)C=C1C(F)(F)F,P11474,VHL,P40337,1,POTUUCUOBIVSIX,True,True
330,198,COC1=CC(/C=C(\C#N)C(=O)NCCCCCC(=O)N[C@H](C(=O)N2C[C@H](O)C[C@H]2C(=O)NCC2=CC=C(C3=C(C)N=CS3)C=C2)C(C)(C)C)=CC=C1OCC1=CC=C(C(F)(F)F)C=C1C(F)(F)F,P11474,VHL,P40337,0,REDUTJVDNZYVPL,True,True
331,199,COC1=CC(/C=C(\C#N)C(=O)NCCCCCCC(=O)N[C@H](C(=O)N2C[C@H](O)C[C@H]2C(=O)NCC2=CC=C(C3=C(C)N=CS3)C=C2)C(C)(C)C)=CC=C1OCC1=CC=C(C(F)(F)F)C=C1C(F)(F)F,P11474,VHL,P40337,0,IKHNJLBBNYYHOX,True,True
332,200,COC1=CC(/C=C(\C#N)C(=O)NCCCCCCCC(=O)N[C@H](C(=O)N2C[C@H](O)C[C@H]2C(=O)NCC2=CC=C(C3=C(C)N=CS3)C=C2)C(C)(C)C)=CC=C1OCC1=CC=C(C(F)(F)F)C=C1C(F)(F)F,P11474,VHL,P40337,0,RNNKZQWFHJOWDN,True,True
333,201,COC1=CC(/C=C(\C#N)C(=O)NCCOCC(=O)N[C@H](C(=O)N2C[C@H](O)C[C@H]2C(=O)NCC2=CC=C(C3=C(C)N=CS3)C=C2)C(C)(C)C)=CC=C1OCC1=CC=C(C(F)(F)F)C=C1C(F)(F)F,P11474,VHL,P40337,1,MURXQKJPAHTLRI,True,True
334,202,COC1=CC(/C=C(\C#N)C(=O)NCCOCCC(=O)N[C@H](C(=O)N2C[C@H](O)C[C@H]2C(=O)NCC2=CC=C(C3=C(C)N=CS3)C=C2)C(C)(C)C)=CC=C1OCC1=CC=C(C(F)(F)F)C=C1C(F)(F)F,P11474,VHL,P40337,1,IDGWXLXTBJVQIE,True,True
335,203,COC1=CC(/C=C(\C#N)C(=O)NCCOCCOCCC(=O)N[C@H](C(=O)N2C[C@H](O)C[C@H]2C(=O)NCC2=CC=C(C3=C(C)N=CS3)C=C2)C(C)(C)C)=CC=C1OCC1=CC=C(C(F)(F)F)C=C1C(F)(F)F,P11474,VHL,P40337,0,SJHLGXTZTYFQQR,True,True
336,204,COC1=CC(/C=C(\C#N)C(=O)NCCOCCOCCOCCC(=O)N[C@H](C(=O)N2C[C@H](O)C[C@H]2C(=O)NCC2=CC=C(C3=C(C)N=CS3)C=C2)C(C)(C)C)=CC=C1OCC1=CC=C(C(F)(F)F)C=C1C(F)(F)F,P11474,VHL,P40337,0,MVFPCDPEAWPGQF,True,True
340,208,COC1=CC(C(=O)NCCOCCOCCOCCNC(=O)C[C@@H]2N=C(C3=CC=C(Cl)C=C3)C3=C(SC(C)=C3C)N3C(C)=NN=C23)=CC=C1NC(=O)[C@@H]1N[C@@H](CC(C)(C)C)[C@](C#N)(C2=CC=C(Cl)C=C2F)[C@H]1C1=CC=CC(Cl)=C1F,O60885,MDM2,Q00987,1,IPNTVOAQOGRLQB,True,True
341,209,CC1=C(C2=CC=C(CNC(=O)[C@@H]3C[C@@H](O)CN3C(=O)[C@@H](NC(=O)COCCCCOCCCOC3=CC=C(NC(=O)C[C@@H]4N=C(C5=CC=C(Cl)C=C5)C5=C(SC(C)=C5C)N5C(C)=NN=C45)C=C3)C(C)(C)C)C=C2)SC=N1,O60885,VHL,P40337,1,LIRKMAWQWVEHBG,True,True
342,210,NC(=O)C1=C(N)N([C@@H]2CCCN(C(=O)OCCNC3=CC=CC4=C3C(=O)N(C3CCC(=O)NC3=O)C4=O)C2)N=C1C1=CC=C(OC2=CC=C(F)C=C2F)C=C1,Q06187,CRBN,Q96SW2,0,WPSYXPCVOWKVCC,True,True
343,211,NC(=O)C1=C(N)N([C@@H]2CCCN(C(=O)COCCNC3=CC=CC4=C3C(=O)N(C3CCC(=O)NC3=O)C4=O)C2)N=C1C1=CC=C(OC2=CC=C(F)C=C2F)C=C1,Q06187,CRBN,Q96SW2,0,XAWAYTRJECSXEE,True,True
344,212,NC(=O)C1=C(N)N([C@@H]2CCCN(C(=O)OCCOCCNC3=CC=CC4=C3C(=O)N(C3CCC(=O)NC3=O)C4=O)C2)N=C1C1=CC=C(OC2=CC=C(F)C=C2F)C=C1,Q06187,CRBN,Q96SW2,0,QADIMDVHQUXGJB,True,True
345,213,NC(=O)C1=C(N)N([C@@H]2CCCN(C(=O)COCCOCCNC3=CC=CC4=C3C(=O)N(C3CCC(=O)NC3=O)C4=O)C2)N=C1C1=CC=C(OC2=CC=C(F)C=C2F)C=C1,Q06187,CRBN,Q96SW2,0,BCFRPOBNUNJKGU,True,True
346,214,NC(=O)C1=C(N)N([C@@H]2CCCN(C(=O)OCCOCCOCCNC3=CC=CC4=C3C(=O)N(C3CCC(=O)NC3=O)C4=O)C2)N=C1C1=CC=C(OC2=CC=C(F)C=C2F)C=C1,Q06187,CRBN,Q96SW2,0,MAECKIKUFSSWJT,True,True
347,215,NC(=O)C1=C(N)N([C@@H]2CCCN(C(=O)OCCOCCOCCOCCNC3=CC=CC4=C3C(=O)N(C3CCC(=O)NC3=O)C4=O)C2)N=C1C1=CC=C(OC2=CC=C(F)C=C2F)C=C1,Q06187,CRBN,Q96SW2,1,IDIGRNKYBBGIKH,True,True
348,216,NC(=O)C1=C(N)N([C@@H]2CCCN(C(=O)COCCOCCOCCOCCNC3=CC=CC4=C3C(=O)N(C3CCC(=O)NC3=O)C4=O)C2)N=C1C1=CC=C(OC2=CC=C(F)C=C2F)C=C1,Q06187,CRBN,Q96SW2,1,PZNXLFVCWNTMGE,True,True
349,217,NC(=O)C1=C(N)N([C@@H]2CCCN(C(=O)OCCOCCOCCOCCOCCNC3=CC=CC4=C3C(=O)N(C3CCC(=O)NC3=O)C4=O)C2)N=C1C1=CC=C(OC2=CC=C(F)C=C2F)C=C1,Q06187,CRBN,Q96SW2,1,HIEUPGKCAGGMLO,True,True
350,218,NC(=O)C1=C(N)N([C@@H]2CCCN(C(=O)COCCOCCOCCOCCOCCNC3=CC=CC4=C3C(=O)N(C3CCC(=O)NC3=O)C4=O)C2)N=C1C1=CC=C(OC2=CC=C(F)C=C2F)C=C1,Q06187,CRBN,Q96SW2,1,PDQGUWCWGITGBA,True,True
351,219,NC(=O)C1=C(N)N([C@@H]2CCCN(C(=O)OCCOCCOCCOCCOCCOCCNC3=CC=CC4=C3C(=O)N(C3CCC(=O)NC3=O)C4=O)C2)N=C1C1=CC=C(OC2=CC=C(F)C=C2F)C=C1,Q06187,CRBN,Q96SW2,1,XXNGOJVDXDGATG,True,True
352,220,NC(=O)C1=C(N)N([C@@H]2CCCN(C(=O)COCCOCCOCCOCCOCCOCCNC3=CC=CC4=C3C(=O)N(C3CCC(=O)NC3=O)C4=O)C2)N=C1C1=CC=C(OC2=CC=C(F)C=C2F)C=C1,Q06187,CRBN,Q96SW2,1,VRWPZJRZYSWRQV,True,True
354,221,CN[C@@H](C)C(=O)N[C@H](C(=O)N1CC2=CC(OCCOCCOCCOCCOCCOC(=O)N3CCC[C@@H](N4N=C(C5=CC=C(OC6=CC=C(F)C=C6F)C=C5)C(C(N)=O)=C4N)C3)=CC=C2C[C@H]1C(=O)N[C@@H]1CCCC2=CC=CC=C21)C(C)(C)C,Q06187,cIAP1,Q13490,0,ZYNKGHHFEDYPKB,True,True
356,223,CC1=CC(NC2=NC=C(Cl)C(NC3=CC=CC=C3S(=O)(=O)C(C)C)=N2)=C(OC(C)C)C=C1C1CCN(CC(=O)NCCOCCOCCOCCOCCOCCNC2=CC=CC3=C2C(=O)N(C2CCC(=O)NC2=O)C3=O)CC1,Q9UM73,CRBN,Q96SW2,1,VEKJQNCZEPLNJF,True,True
357,224,CC1=CC(NC2=NC=C(Cl)C(NC3=CC=CC=C3S(=O)(=O)C(C)C)=N2)=C(OC(C)C)C=C1C1CCN(CC(=O)NCCNC2=CC=CC3=C2C(=O)N(C2CCC(=O)NC2=O)C3=O)CC1,Q9UM73,CRBN,Q96SW2,1,AYMGZLUKTNXEMY,True,True
360,227,O=C(CCCCCCC(=O)N/N=C/C1=CC=C(OCCOCCOCCN2C=C(CNC3=CC=CC4=C3C(=O)N(C3CCC(=O)NC3=O)C4=O)N=N2)C=C1)NO,Q9UBN7,CRBN,Q96SW2,0,MHILTYZXXFOWJH,True,True
361,227,O=C(CCCCCCC(=O)N/N=C/C1=CC=C(OCCOCCOCCN2C=C(CNC3=CC=CC4=C3C(=O)N(C3CCC(=O)NC3=O)C4=O)N=N2)C=C1)NO,Q9UBN7,CRBN,Q96SW2,1,MHILTYZXXFOWJH,True,True
363,229,CC1=C(C2=CC=C(CNC(=O)[C@@H]3[C@@H](F)[C@@H](O)CN3C(=O)[C@@H](NC(=O)COCCOCCOCCNC(=O)C[C@@H]3N=C(C4=CC=C(Cl)C=C4)C4=C(SC(C)=C4C)N4C(C)=NN=C34)C(C)(C)C)C=C2)SC=N1,P25440,VHL,P40337,1,MYXWOZYARUULQX,True,True
364,229,CC1=C(C2=CC=C(CNC(=O)[C@@H]3[C@@H](F)[C@@H](O)CN3C(=O)[C@@H](NC(=O)COCCOCCOCCNC(=O)C[C@@H]3N=C(C4=CC=C(Cl)C=C4)C4=C(SC(C)=C4C)N4C(C)=NN=C34)C(C)(C)C)C=C2)SC=N1,Q15059,VHL,P40337,1,MYXWOZYARUULQX,True,True
365,229,CC1=C(C2=CC=C(CNC(=O)[C@@H]3[C@@H](F)[C@@H](O)CN3C(=O)[C@@H](NC(=O)COCCOCCOCCNC(=O)C[C@@H]3N=C(C4=CC=C(Cl)C=C4)C4=C(SC(C)=C4C)N4C(C)=NN=C34)C(C)(C)C)C=C2)SC=N1,O60885,VHL,P40337,1,MYXWOZYARUULQX,True,True
366,230,CC1=C(C2=CC=C(CNC(=O)[C@@H]3[C@H](F)[C@@H](O)CN3C(=O)[C@@H](NC(=O)COCCOCCOCCNC(=O)C[C@@H]3N=C(C4=CC=C(Cl)C=C4)C4=C(SC(C)=C4C)N4C(C)=NN=C34)C(C)(C)C)C=C2)SC=N1,P25440,VHL,P40337,0,MYXWOZYARUULQX,True,True
367,230,CC1=C(C2=CC=C(CNC(=O)[C@@H]3[C@H](F)[C@@H](O)CN3C(=O)[C@@H](NC(=O)COCCOCCOCCNC(=O)C[C@@H]3N=C(C4=CC=C(Cl)C=C4)C4=C(SC(C)=C4C)N4C(C)=NN=C34)C(C)(C)C)C=C2)SC=N1,Q15059,VHL,P40337,0,MYXWOZYARUULQX,True,True
368,230,CC1=C(C2=CC=C(CNC(=O)[C@@H]3[C@H](F)[C@@H](O)CN3C(=O)[C@@H](NC(=O)COCCOCCOCCNC(=O)C[C@@H]3N=C(C4=CC=C(Cl)C=C4)C4=C(SC(C)=C4C)N4C(C)=NN=C34)C(C)(C)C)C=C2)SC=N1,O60885,VHL,P40337,1,MYXWOZYARUULQX,True,True
371,233,CC1=C(C)C2=C(S1)N1C(C)=NN=C1[C@H](CC(=O)NC1=CC=C(OCCOCCOCCNC3=CC=CC4=C3C(=O)N(C3CCC(=O)NC3=O)N=N4)C=C1)N=C2C1=CC=C(Cl)C=C1,O60885,CRBN,Q96SW2,1,VQRXXRRZSHERKG,True,True
372,234,CC1=C(C)C2=C(S1)N1C(C)=NN=C1[C@H](CC(=O)NC1=CC=CC(OCCOCCOCCNC3=CC=CC4=C3C(=O)N(C3CCC(=O)NC3=O)N=N4)=C1)N=C2C1=CC=C(Cl)C=C1,O60885,CRBN,Q96SW2,1,XEZUBGASURUNMF,True,True
374,236,COC1=CC(OC)=C(/C=C/S(=O)(=O)CC2=CC=C(OC)C(NCC(=O)NCC(=O)NC3=CC=CC4=C3C(=O)N(C3CCC(=O)NC3=O)C4=O)=C2)C(OC)=C1,P15056,CRBN,Q96SW2,0,AMOFJSISJOOLNX,True,True
382,239,CC(=O)C1=C(C)C2=CN=C(NC3=CC=C(N4CCN(CC(=O)NCCOCCOCCOCCNC5=CC=CC6=C5C(=O)N(C5CCC(=O)NC5=O)C6=O)CC4)C=N3)N=C2N(C2CCCC2)C1=O,P11802,CRBN,Q96SW2,0,UTSBHEVQCONLCR,True,True
383,239,CC(=O)C1=C(C)C2=CN=C(NC3=CC=C(N4CCN(CC(=O)NCCOCCOCCOCCNC5=CC=CC6=C5C(=O)N(C5CCC(=O)NC5=O)C6=O)CC4)C=N3)N=C2N(C2CCCC2)C1=O,P11802,CRBN,Q96SW2,0,UTSBHEVQCONLCR,True,True
384,239,CC(=O)C1=C(C)C2=CN=C(NC3=CC=C(N4CCN(CC(=O)NCCOCCOCCOCCNC5=CC=CC6=C5C(=O)N(C5CCC(=O)NC5=O)C6=O)CC4)C=N3)N=C2N(C2CCCC2)C1=O,Q00534,CRBN,Q96SW2,1,UTSBHEVQCONLCR,True,True
385,239,CC(=O)C1=C(C)C2=CN=C(NC3=CC=C(N4CCN(CC(=O)NCCOCCOCCOCCNC5=CC=CC6=C5C(=O)N(C5CCC(=O)NC5=O)C6=O)CC4)C=N3)N=C2N(C2CCCC2)C1=O,Q00534,CRBN,Q96SW2,1,UTSBHEVQCONLCR,True,True
397,242,NC1=NC=NC2=C1C(C1=CC=C(OC3=CC=CC=C3)C=C1)=NN2[C@@H]1CCCN(C(=O)C2=CN(CCOCCOCCOCCNC3=CC=CC4=C3C(=O)N(C3CCC(=O)NC3=O)C4=O)N=N2)C1,Q06187,CRBN,Q96SW2,1,DAKOVCJVMZQQAH,True,True
410,255,CC1=C(C2=CC=C(CNC(=O)[C@@H]3C[C@@H](O)CN3C(=O)[C@@H](NC(=O)COCCOCCOCCOC3=CC=C(N4C(=S)N(C5=CC=C(C#N)C(C(F)(F)F)=C5)C(=O)C4(C)C)C=C3)C(C)(C)C)C=C2)SC=N1,P10275,VHL,P40337,0,HIWSGVNEQRFBBA,True,True
411,256,CC1=C(C2=CC=C(CNC(=O)[C@@H]3C[C@@H](O)CN3C(=O)[C@@H](NC(=O)COCCCOCCCCCOC3=CC=C(N4C(=S)N(C5=CC=C(C#N)C(C(F)(F)F)=C5)C(=O)C4(C)C)C=C3)C(C)(C)C)C=C2)SC=N1,P10275,VHL,P40337,0,MTZBLTXMAXNSIO,True,True
412,257,CC1=C(C2=CC=C(CNC(=O)[C@@H]3C[C@@H](O)CN3C(=O)[C@@H](NC(=O)COCCCCOC3=CC=C(C4=CC=C(N5C(=S)N(C6=CC=C(C#N)C(C(F)(F)F)=C6)C(=O)C5(C)C)C=C4)C=C3)C(C)(C)C)C=C2)SC=N1,P10275,VHL,P40337,1,DUPAJELXESPTNF,True,True
420,265,CC1=C(C2=CC=C(CNC(=O)[C@@H]3C[C@@H](O)CN3C(=O)[C@@H](NC(=O)COCCOC3=CC=C(NC4=NC=C(C(F)(F)F)C(NCC5=CC=CC(N(C)S(C)(=O)=O)=C5)=N4)C=C3)C(C)(C)C)C=C2)SC=N1,Q05397,VHL,P40337,1,SSNVICBSSPQZQX,True,True
421,266,CC1=C(C2=CC=C(CNC(=O)[C@@H]3C[C@@H](O)CN3C(=O)[C@@H](NC(=O)COCCCOC3=CC=C(NC4=NC=C(C(F)(F)F)C(NCC5=CC=CC(N(C)S(C)(=O)=O)=C5)=N4)C=C3)C(C)(C)C)C=C2)SC=N1,Q05397,VHL,P40337,1,SHPXUUGJMCCMIO,True,True
422,267,CC1=C(C2=CC=C(CNC(=O)[C@@H]3C[C@@H](O)CN3C(=O)[C@@H](NC(=O)CCOCCOC3=CC=C(NC4=NC=C(C(F)(F)F)C(NCC5=CC=CC(N(C)S(C)(=O)=O)=C5)=N4)C=C3)C(C)(C)C)C=C2)SC=N1,Q05397,VHL,P40337,1,MVULIYLBRNHLEE,True,True
424,268,CC1=C(C2=CC=C(CNC(=O)[C@@H]3C[C@@H](O)CN3C(=O)[C@@H](NC(=O)CCOCCCOC3=CC=C(NC4=NC=C(C(F)(F)F)C(NCC5=CC=CC(N(C)S(C)(=O)=O)=C5)=N4)C=C3)C(C)(C)C)C=C2)SC=N1,Q05397,VHL,P40337,1,WVWFJWJYLUTFRG,True,True
425,269,CC1=C(C2=CC=C(CNC(=O)[C@@H]3C[C@@H](O)CN3C(=O)[C@@H](NC(=O)CCOCCOCCOC3=CC=C(NC4=NC=C(C(F)(F)F)C(NCC5=CC=CC(N(C)S(C)(=O)=O)=C5)=N4)C=C3)C(C)(C)C)C=C2)SC=N1,Q05397,VHL,P40337,1,DRJLXMYTVYIROA,True,True
426,270,CC1=C(C2=CC=C(CNC(=O)[C@@H]3C[C@@H](O)CN3C(=O)[C@@H](NC(=O)CCOCCOCCOCCOCCOC3=CC=C(NC4=NC=C(C(F)(F)F)C(NCC5=CC=CC(N(C)S(C)(=O)=O)=C5)=N4)C=C3)C(C)(C)C)C=C2)SC=N1,Q05397,VHL,P40337,1,CVMXJJVQILKJCT,True,True
427,271,CN(C1=CC=CC(CNC2=NC(NC3=CC=C(OCCCOCCC(=O)NCCOC4=CC=CC5=C4C(=O)N(C4CCC(=O)NC4=O)C5=O)C=C3)=NC=C2C(F)(F)F)=C1)S(C)(=O)=O,Q05397,CRBN,Q96SW2,1,ATTMBNXPUWOYNQ,True,True
428,272,CN(C1=CC=CC(CNC2=NC(NC3=CC=C(OCCOCCOCCC(=O)NCCOC4=CC=CC5=C4C(=O)N(C4CCC(=O)NC4=O)C5=O)C=C3)=NC=C2C(F)(F)F)=C1)S(C)(=O)=O,Q05397,CRBN,Q96SW2,1,RKQPBRYWQQLESB,True,True
429,273,CN(C1=CC=CC(CNC2=NC(NC3=CC=C(OCCOCCOCCOCCOCCC(=O)NCCOC4=CC=CC5=C4C(=O)N(C4CCC(=O)NC4=O)C5=O)C=C3)=NC=C2C(F)(F)F)=C1)S(C)(=O)=O,Q05397,CRBN,Q96SW2,1,QZQNVCJSORWNHR,True,True
432,275,CC1=C(C2=CC=C(CNC(=O)[C@@H]3C[C@@H](O)CN3C(=O)[C@@H](NC(=O)COCCOCCOC3=CC=C(C4=CC=C5N=CN=C(NC6=CC=C(OCC7=CC=CC(F)=C7)C(Cl)=C6)C5=C4)C=C3)C(C)(C)C)C=C2)SC=N1,P00533,VHL,P40337,1,ZSCOIFSUFMYZEZ,True,True
436,276,COC1=CC2=NC=NC(NC3=CC=C(F)C(Cl)=C3)=C2C=C1OCCCCCOCCOCCC(=O)N[C@H](C(=O)N1C[C@H](O)C[C@H]1C(=O)NCC1=CC=C(C2=C(C)N=CS2)C=C1)C(C)(C)C,P00533,VHL,P40337,1,NICKHWYZMNLEPJ,True,True
437,277,CC1=C(C2=CC=C(CNC(=O)[C@@H]3C[C@@H](O)CN3C(=O)[C@@H](NC(=O)CCCCCOCCCCOCCCCOC3=CC4=NC=NC(NC5=CC=C(F)C(Cl)=C5)=C4C=C3NC(=O)/C=C/CN(C)C)C(C)(C)C)C=C2)SC=N1,P00533,VHL,P40337,0,BXHBYEPLXDQKAT,True,True
443,280,NC1=NC=NC2=C1C(C1=CC=C(OC3=CC=CC=C3)C=C1)=NN2C1CCN(CCCCCCOCCOCC(=O)NC2=CC=CC3=C2C(=O)N(C2CCC(=O)NC2=O)C3=O)CC1,Q06187,CRBN,Q96SW2,1,YFWKTWXPNMNMSC,True,True
444,281,NC1=NC=NC2=C1C(C1=CC=C(OC3=CC=CC=C3)C=C1)=NN2C1CCN(CCCCOCCCCOCC(=O)NC2=CC=CC3=C2C(=O)N(C2CCC(=O)NC2=O)C3=O)CC1,Q06187,CRBN,Q96SW2,1,JJEBSGCXKQODDX,True,True
445,282,NC1=NC=NC2=C1C(C1=CC=C(OC3=CC=CC=C3)C=C1)=NN2C1CCN(CCCOCCCOCCC(=O)NC2=CC=CC3=C2C(=O)N(C2CCC(=O)NC2=O)C3=O)CC1,Q06187,CRBN,Q96SW2,1,CESHFJRNQNNGLW,True,True
446,283,NC1=NC=NC2=C1C(C1=CC=C(OC3=CC=CC=C3)C=C1)=NN2C1CCN(CCOCCOCC(=O)NC2=CC=C3C(=O)N(C4CCC(=O)NC4=O)C(=O)C3=C2)CC1,Q06187,CRBN,Q96SW2,1,AJTLGUJXIKEZCQ,True,True
447,283,NC1=NC=NC2=C1C(C1=CC=C(OC3=CC=CC=C3)C=C1)=NN2C1CCN(CCOCCOCC(=O)NC2=CC=C3C(=O)N(C4CCC(=O)NC4=O)C(=O)C3=C2)CC1,Q06187,CRBN,Q96SW2,1,AJTLGUJXIKEZCQ,True,True
448,283,NC1=NC=NC2=C1C(C1=CC=C(OC3=CC=CC=C3)C=C1)=NN2C1CCN(CCOCCOCC(=O)NC2=CC=C3C(=O)N(C4CCC(=O)NC4=O)C(=O)C3=C2)CC1,Q06187,CRBN,Q96SW2,1,AJTLGUJXIKEZCQ,True,True
454,284,NC1=NC=NC2=C1C(C1=CC=C(OC3=CC=CC=C3)C=C1)=NN2C1CCN(CCCCOCCCCOCC(=O)NC2=CC=C3C(=O)N(C4CCC(=O)NC4=O)C(=O)C3=C2)CC1,Q06187,CRBN,Q96SW2,1,VPGHQPSPNUQPLG,True,True
458,285,COC1=CC2=C(OC3=CC=C(NC(=O)C4(C(=O)NC5=CC=C(F)C=C5)CC4)C=C3F)C=CN=C2C=C1OCCCOCCCOCCC(=O)NCCOC1=CC=CC2=C1C(=O)N(C1CCC(=O)NC1=O)C2=O,O15264,CRBN,Q96SW2,1,ZAJXSUNUSHEGCB,True,True
467,294,CN1C[C@H](NC2=C(Br)C(=O)N(C)N=C2)C[C@H](C2=CC=C(C(=O)N(C)CCCN(C)C3=CC=C(CCCOC4=CC=CC5=C4C(=O)N(C4CCC(=O)NC4=O)C5=O)C=C3)C=C2)C1,Q92830,CRBN,Q96SW2,1,SARLMRHJAJBYBI,True,True
468,294,CN1C[C@H](NC2=C(Br)C(=O)N(C)N=C2)C[C@H](C2=CC=C(C(=O)N(C)CCCN(C)C3=CC=C(CCCOC4=CC=CC5=C4C(=O)N(C4CCC(=O)NC4=O)C5=O)C=C3)C=C2)C1,Q92831,CRBN,Q96SW2,1,SARLMRHJAJBYBI,True,True
508,328,CC1=C(C2=CC=C([C@H](C)NC(=O)[C@@H]3C[C@@H](O)CN3C(=O)[C@@H](NC(=O)COCCCOCCNC(=O)C[C@@H]3N=C(C4=CC=C(Cl)C=C4)C4=C(SC(C)=C4C)N4C(C)=NN=C34)C(C)(C)C)C=C2)SC=N1,P25440,VHL,P40337,1,PQOGZKGXGLHDGS,True,True
509,328,CC1=C(C2=CC=C([C@H](C)NC(=O)[C@@H]3C[C@@H](O)CN3C(=O)[C@@H](NC(=O)COCCCOCCNC(=O)C[C@@H]3N=C(C4=CC=C(Cl)C=C4)C4=C(SC(C)=C4C)N4C(C)=NN=C34)C(C)(C)C)C=C2)SC=N1,Q15059,VHL,P40337,1,PQOGZKGXGLHDGS,True,True
510,328,CC1=C(C2=CC=C([C@H](C)NC(=O)[C@@H]3C[C@@H](O)CN3C(=O)[C@@H](NC(=O)COCCCOCCNC(=O)C[C@@H]3N=C(C4=CC=C(Cl)C=C4)C4=C(SC(C)=C4C)N4C(C)=NN=C34)C(C)(C)C)C=C2)SC=N1,O60885,VHL,P40337,1,PQOGZKGXGLHDGS,True,True
516,329,CC1=C(C)C2=C(S1)N1C(C)=NN=C1[C@H](CC(=O)NC1=CC=C(OCCOCCOCCOCCNC3=CC=CC4=C3C(=O)N(C3CCC(=O)NC3=O)C4=O)C=C1)N=C2C1=CC=C(Cl)C=C1,P25440,CRBN,Q96SW2,1,RWLOGRLTDKDANT,True,True
517,329,CC1=C(C)C2=C(S1)N1C(C)=NN=C1[C@H](CC(=O)NC1=CC=C(OCCOCCOCCOCCNC3=CC=CC4=C3C(=O)N(C3CCC(=O)NC3=O)C4=O)C=C1)N=C2C1=CC=C(Cl)C=C1,Q15059,CRBN,Q96SW2,1,RWLOGRLTDKDANT,True,True
518,329,CC1=C(C)C2=C(S1)N1C(C)=NN=C1[C@H](CC(=O)NC1=CC=C(OCCOCCOCCOCCNC3=CC=CC4=C3C(=O)N(C3CCC(=O)NC3=O)C4=O)C=C1)N=C2C1=CC=C(Cl)C=C1,O60885,CRBN,Q96SW2,1,RWLOGRLTDKDANT,True,True
519,329,CC1=C(C)C2=C(S1)N1C(C)=NN=C1[C@H](CC(=O)NC1=CC=C(OCCOCCOCCOCCNC3=CC=CC4=C3C(=O)N(C3CCC(=O)NC3=O)C4=O)C=C1)N=C2C1=CC=C(Cl)C=C1,O60885,CRBN,Q96SW2,1,RWLOGRLTDKDANT,True,True
520,329,CC1=C(C)C2=C(S1)N1C(C)=NN=C1[C@H](CC(=O)NC1=CC=C(OCCOCCOCCOCCNC3=CC=CC4=C3C(=O)N(C3CCC(=O)NC3=O)C4=O)C=C1)N=C2C1=CC=C(Cl)C=C1,O60885,CRBN,Q96SW2,1,RWLOGRLTDKDANT,True,True
533,330,CC1=C(C)C2=C(S1)N1C(C)=NN=C1[C@H](CC(=O)NCCCCNC(=O)COC1=CC=CC3=C1C(=O)N(C1CCC(=O)NC1=O)C3=O)N=C2C1=CC=C(Cl)C=C1,O60885,CRBN,Q96SW2,0,LKEGXJXRNBALBV,True,True
534,330,CC1=C(C)C2=C(S1)N1C(C)=NN=C1[C@H](CC(=O)NCCCCNC(=O)COC1=CC=CC3=C1C(=O)N(C1CCC(=O)NC1=O)C3=O)N=C2C1=CC=C(Cl)C=C1,O60885,CRBN,Q96SW2,0,LKEGXJXRNBALBV,True,True
535,330,CC1=C(C)C2=C(S1)N1C(C)=NN=C1[C@H](CC(=O)NCCCCNC(=O)COC1=CC=CC3=C1C(=O)N(C1CCC(=O)NC1=O)C3=O)N=C2C1=CC=C(Cl)C=C1,O60885,CRBN,Q96SW2,1,LKEGXJXRNBALBV,True,True
536,330,CC1=C(C)C2=C(S1)N1C(C)=NN=C1[C@H](CC(=O)NCCCCNC(=O)COC1=CC=CC3=C1C(=O)N(C1CCC(=O)NC1=O)C3=O)N=C2C1=CC=C(Cl)C=C1,O60885,CRBN,Q96SW2,0,LKEGXJXRNBALBV,True,True
548,333,COC1=CC(/C=C2\SC(=O)N(CCOCCC(=O)N[C@H](C(=O)N3C[C@H](O)C[C@H]3C(=O)NCC3=CC=C(C4=C(C)N=CS4)C=C3)C(C)(C)C)C2=O)=CC=C1OC1=CC=C(C#N)C=C1C(F)(F)F,P11474,VHL,P40337,0,IIJORMBEWMYDEN,True,True
549,334,CC1=C(C2=CC=C(CNC(=O)[C@@H]3C[C@@H](O)CN3C(=O)[C@@H](NC(=O)COCCOCCOCCOCCOC3=CC4=NC=CC(NC5=CC=C6SC=NC6=C5)=C4C=C3S(=O)(=O)C(C)(C)C)C(C)(C)C)C=C2)SC=N1,O43353,VHL,P40337,1,RIEGJNXDHULIKM,True,True
550,334,CC1=C(C2=CC=C(CNC(=O)[C@@H]3C[C@@H](O)CN3C(=O)[C@@H](NC(=O)COCCOCCOCCOCCOC3=CC4=NC=CC(NC5=CC=C6SC=NC6=C5)=C4C=C3S(=O)(=O)C(C)(C)C)C(C)(C)C)C=C2)SC=N1,O43353,VHL,P40337,1,RIEGJNXDHULIKM,True,True
566,335,CC1=C(C2=CC=C(CNC(=O)[C@@H]3C[C@@H](O)CN3C(=O)[C@@H](NC(=O)COCCOCCOCCNC(=O)C[C@@H]3N=C(C4=CC=C(Cl)C=C4)C4=C(SC(C)=C4C)N4C(C)=NN=C34)C(C)(C)C)C=C2)SC=N1,P25440,VHL,P40337,1,PTAMRJLIOCHJMQ,True,True
567,335,CC1=C(C2=CC=C(CNC(=O)[C@@H]3C[C@@H](O)CN3C(=O)[C@@H](NC(=O)COCCOCCOCCNC(=O)C[C@@H]3N=C(C4=CC=C(Cl)C=C4)C4=C(SC(C)=C4C)N4C(C)=NN=C34)C(C)(C)C)C=C2)SC=N1,Q15059,VHL,P40337,0,PTAMRJLIOCHJMQ,True,True
568,335,CC1=C(C2=CC=C(CNC(=O)[C@@H]3C[C@@H](O)CN3C(=O)[C@@H](NC(=O)COCCOCCOCCNC(=O)C[C@@H]3N=C(C4=CC=C(Cl)C=C4)C4=C(SC(C)=C4C)N4C(C)=NN=C34)C(C)(C)C)C=C2)SC=N1,O60885,VHL,P40337,1,PTAMRJLIOCHJMQ,True,True
571,336,CC1=C(C2=CC=C(CNC(=O)[C@@H]3C[C@@H](O)CN3C(=O)[C@@H](NC(=O)COCCOCCOCCOCCNC(=O)C[C@@H]3N=C(C4=CC=C(Cl)C=C4)C4=C(SC(C)=C4C)N4C(C)=NN=C34)C(C)(C)C)C=C2)SC=N1,P25440,VHL,P40337,0,LSELSHXLKGXPPF,True,True
572,336,CC1=C(C2=CC=C(CNC(=O)[C@@H]3C[C@@H](O)CN3C(=O)[C@@H](NC(=O)COCCOCCOCCOCCNC(=O)C[C@@H]3N=C(C4=CC=C(Cl)C=C4)C4=C(SC(C)=C4C)N4C(C)=NN=C34)C(C)(C)C)C=C2)SC=N1,Q15059,VHL,P40337,0,LSELSHXLKGXPPF,True,True
573,336,CC1=C(C2=CC=C(CNC(=O)[C@@H]3C[C@@H](O)CN3C(=O)[C@@H](NC(=O)COCCOCCOCCOCCNC(=O)C[C@@H]3N=C(C4=CC=C(Cl)C=C4)C4=C(SC(C)=C4C)N4C(C)=NN=C34)C(C)(C)C)C=C2)SC=N1,O60885,VHL,P40337,1,LSELSHXLKGXPPF,True,True
579,339,CC1=C(C)C2=C(S1)N1C(C)=NN=C1[C@H](CC(=O)NCCCCCCCCNC(=O)COC1=CC=CC3=C1C(=O)N(C1CCC(=O)NC1=O)C3=O)N=C2C1=CC=C(Cl)C=C1,O60885,CRBN,Q96SW2,1,JGQPZPLJOBHHBK,True,True
580,339,CC1=C(C)C2=C(S1)N1C(C)=NN=C1[C@H](CC(=O)NCCCCCCCCNC(=O)COC1=CC=CC3=C1C(=O)N(C1CCC(=O)NC1=O)C3=O)N=C2C1=CC=C(Cl)C=C1,O60885,CRBN,Q96SW2,1,JGQPZPLJOBHHBK,True,True
582,340,COC(=O)C[C@@H]1N=C(C2=CC=C(Cl)C=C2)C2=C(SC(C(=O)NCCCCCCCCNC(=O)COC3=CC=CC4=C3C(=O)N(C3CCC(=O)NC3=O)C4=O)=C2C)N2C(C)=NN=C12,O60885,CRBN,Q96SW2,1,ZIHIUFZFPMILIG,True,True
585,342,CC1=C(C)C2=C(S1)N1C(C)=NN=C1[C@H](CC(=O)NCCNC1=CC=CC3=C1C(=O)N(C1CCC(=O)NC1=O)C3=O)N=C2C1=CC=C(Cl)C=C1,O60885,CRBN,Q96SW2,0,CZRLOIDJCMKJHE,True,True
586,343,COC(=O)C[C@@H]1N=C(C2=CC=C(Cl)C=C2)C2=C(SC(C(=O)NCCCCCCCCNC3=CC=CC4=C3C(=O)N(C3CCC(=O)NC3=O)C4=O)=C2C)N2C(C)=NN=C12,O60885,CRBN,Q96SW2,1,VDRKZYYQEGSLIS,True,True
593,350,COC(=O)C[C@@H]1N=C(C2=CC=C(Cl)C=C2)C2=C(SC(C(=O)NCCCCCNC3=CC=CC4=C3C(=O)N(C3CCC(=O)NC3=O)C4=O)=C2C)N2C(C)=NN=C12,O60885,CRBN,Q96SW2,1,OTKOFICOCDRNDA,True,True
597,354,C#CC1=CC=C([C@H](CC(=O)N2CCC(N3CCC(C#CC4=CC=C(C(=O)N[C@H]5C(C)(C)[C@H](OC6=CC=C(C#N)C(Cl)=C6)C5(C)C)C=C4)CC3)CC2)NC(=O)[C@@H]2C[C@@H](O)CN2C(=O)[C@@H](C2=CC(C)=NO2)C(C)C)C=C1,P10275,VHL,P40337,1,KFBJDRLGRCWMLQ,True,True
598,355,CC1=NOC([C@H](C(=O)N2C[C@H](O)C[C@H]2C(=O)N[C@@H](CC(=O)N2CCC(N3CCC(C#CC4=CC=C(C(=O)N[C@H]5C(C)(C)[C@H](OC6=CC=C(C#N)C(Cl)=C6)C5(C)C)C=C4)CC3)CC2)C2=CC=C(C#N)C=C2)C(C)C)=C1,P10275,VHL,P40337,1,BJJDMARRWANKSP,True,True
599,356,CC1=NOC([C@H](C(=O)N2C[C@H](O)C[C@H]2C(=O)N[C@@H](CC(=O)N2CCC(N3CCC(C#CC4=CC=C(C(=O)N[C@H]5C(C)(C)[C@H](OC6=CC=C(C#N)C(Cl)=C6)C5(C)C)C=C4)CC3)CC2)C2=CC=C(Br)C=C2)C(C)C)=C1,P10275,VHL,P40337,0,GECXGMVWVGLBOA,True,True
600,357,CC1=NOC([C@H](C(=O)N2C[C@H](O)C[C@H]2C(=O)N[C@@H](CC(=O)N2CCC(N3CCC(C#CC4=CC=C(C(=O)N[C@H]5C(C)(C)[C@H](OC6=CC=C(C#N)C(Cl)=C6)C5(C)C)C=C4)CC3)CC2)C2=CC=C(Cl)C=C2)C(C)C)=C1,P10275,VHL,P40337,1,ZIPHSTZZNQZAOF,True,True
601,358,CC1=NOC([C@H](C(=O)N2C[C@H](O)C[C@H]2C(=O)N[C@@H](CC(=O)N2CCC(N3CCC(C#CC4=CC=C(C(=O)N[C@H]5C(C)(C)[C@H](OC6=CC=C(C#N)C(Cl)=C6)C5(C)C)C=C4)CC3)CC2)C2=CC=C(F)C=C2)C(C)C)=C1,P10275,VHL,P40337,1,SZGZCFNKKUVIIV,True,True
602,359,CC1=NOC([C@H](C(=O)N2C[C@H](O)C[C@H]2C(=O)N[C@@H](CC(=O)N2CCC(N3CCC(C#CC4=CC=C(C(=O)N[C@H]5C(C)(C)[C@H](OC6=CC=C(C#N)C(Cl)=C6)C5(C)C)C=C4)CC3)CC2)C2=CC=CC=C2)C(C)C)=C1,P10275,VHL,P40337,0,FSCPVRXZILXELV,True,True
603,360,CC(=O)N[C@H](C(=O)N1C[C@H](O)C[C@H]1C(=O)N[C@@H](CC(=O)N1CCC(N2CCC(C#CC3=CC=C(C(=O)N[C@H]4C(C)(C)[C@H](OC5=CC=C(C#N)C(Cl)=C5)C4(C)C)C=C3)CC2)CC1)C1=CC=CC=C1)C(C)C,P10275,VHL,P40337,0,IOKVTDBHNXFCGP,True,True
604,361,CC1=NOC([C@H](C(=O)N2C[C@H](O)C[C@H]2C(=O)N[C@@H](CC(=O)N2CCC(N3CC(C#CC4=CC=C(C(=O)N[C@H]5C(C)(C)[C@H](OC6=CC=C(C#N)C(Cl)=C6)C5(C)C)C=C4)C3)CC2)C2=CC=CC=C2)C(C)C)=C1,P10275,VHL,P40337,0,UWTHFHYBWWFQIY,True,True
605,362,CC1=NOC([C@H](C(=O)N2C[C@H](O)C[C@H]2C(=O)N[C@@H](CC(=O)N2CC(N3CCC(C#CC4=CC=C(C(=O)N[C@H]5C(C)(C)[C@H](OC6=CC=C(C#N)C(Cl)=C6)C5(C)C)C=C4)CC3)C2)C2=CC=CC=C2)C(C)C)=C1,P10275,VHL,P40337,0,GDNAPEQOKLZKHJ,True,True
606,363,CC1=NOC([C@H](C(=O)N2C[C@H](O)C[C@H]2C(=O)N[C@@H](CC(=O)N2CCC(C#CC3=CC=C(C(=O)N[C@H]4C(C)(C)[C@H](OC5=CC=C(C#N)C(Cl)=C5)C4(C)C)C=C3)CC2)C2=CC=CC=C2)C(C)C)=C1,P10275,VHL,P40337,1,RTNONCBKGZNCJS,True,True
607,364,CC1=NOC([C@H](C(=O)N2C[C@H](O)C[C@H]2C(=O)N[C@@H](CC(=O)N2CCC(C3CN(C4=CC=C(C(=O)N[C@H]5C(C)(C)[C@H](OC6=CC=C(C#N)C(Cl)=C6)C5(C)C)C=C4)C3)CC2)C2=CC=CC=C2)C(C)C)=C1,P10275,VHL,P40337,1,KKVROFGYVIENJS,True,True
608,365,CC1=NOC([C@H](C(=O)N2C[C@H](O)C[C@H]2C(=O)N[C@@H](CC(=O)N2CCC(N3CC(C4=CC=C(C(=O)N[C@H]5C(C)(C)[C@H](OC6=CC=C(C#N)C(Cl)=C6)C5(C)C)C=C4)C3)CC2)C2=CC=CC=C2)C(C)C)=C1,P10275,VHL,P40337,1,PEMGSOVCRGNRMB,True,True
609,366,CC1=NOC([C@H](C(=O)N2C[C@H](O)C[C@H]2C(=O)N[C@@H](CC(=O)N2CCC(C3=CC=C(C(=O)N[C@H]4C(C)(C)[C@H](OC5=CC=C(C#N)C(Cl)=C5)C4(C)C)C=C3)CC2)C2=CC=CC=C2)C(C)C)=C1,P10275,VHL,P40337,1,SLQCGBDHGHRQLH,True,True
610,367,CC1=NOC([C@H](C(=O)N2C[C@H](O)C[C@H]2C(=O)N[C@@H](CC(=O)N2CCN(C3=CC=C(C(=O)N[C@H]4C(C)(C)[C@H](OC5=CC=C(C#N)C(Cl)=C5)C4(C)C)C=C3)CC2)C2=CC=CC=C2)C(C)C)=C1,P10275,VHL,P40337,1,PCESUBZRKODSDM,True,True
611,368,CC1=NOC([C@H](C(=O)N2C[C@H](O)C[C@H]2C(=O)N[C@@H](CC(=O)N2CCC(C#CC3=CC=C(C(=O)N[C@H]4C(C)(C)[C@H](OC5=CC=C(C#N)C(Cl)=C5)C4(C)C)C=C3)CC2)C2=CC=C(C3=C(C)N=CS3)C=C2)C(C)C)=C1,P10275,VHL,P40337,1,RQSWBJCPQYXMAP,True,True
612,369,CC1=NOC([C@H](C(=O)N2C[C@H](O)C[C@H]2C(=O)N[C@@H](CC(=O)N2CCC(C#CC3=CC=C(C(=O)N[C@H]4C(C)(C)[C@H](OC5=CC=C(C#N)C(Cl)=C5)C4(C)C)C=C3)CC2)C2=CC=C(F)C=C2)C(C)C)=C1,P10275,VHL,P40337,1,IYSZALLJVPVQMS,True,True
613,370,CC1=NOC([C@H](C(=O)N2C[C@H](O)C[C@H]2C(=O)N[C@@H](CC(=O)N2CCC(C#CC3=CC=C(C(=O)N[C@H]4C(C)(C)[C@H](OC5=CC=C(C#N)C(Cl)=C5)C4(C)C)C=C3)CC2)C2=CC=C(Cl)C=C2)C(C)C)=C1,P10275,VHL,P40337,1,JQSIPPHULOUEPZ,True,True
614,371,CC1=NOC([C@H](C(=O)N2C[C@H](O)C[C@H]2C(=O)N[C@@H](CC(=O)N2CCC(C#CC3=CC=C(C(=O)N[C@H]4C(C)(C)[C@H](OC5=CC=C(C#N)C(Cl)=C5)C4(C)C)C=C3)CC2)C2=CC=C(Br)C=C2)C(C)C)=C1,P10275,VHL,P40337,1,GDINLWLBPFSNAU,True,True
615,372,CC1=NOC([C@H](C(=O)N2C[C@H](O)C[C@H]2C(=O)N[C@@H](CC(=O)N2CCC(C#CC3=CC=C(C(=O)N[C@H]4C(C)(C)[C@H](OC5=CC=C(C#N)C(Cl)=C5)C4(C)C)C=C3)CC2)C2=CC=C(C#N)C=C2)C(C)C)=C1,P10275,VHL,P40337,1,JSXKMAYTMVQJEX,True,True
616,373,C#CC1=CC=C([C@H](CC(=O)N2CCC(C#CC3=CC=C(C(=O)N[C@H]4C(C)(C)[C@H](OC5=CC=C(C#N)C(Cl)=C5)C4(C)C)C=C3)CC2)NC(=O)[C@@H]2C[C@@H](O)CN2C(=O)[C@@H](C2=CC(C)=NO2)C(C)C)C=C1,P10275,VHL,P40337,1,KBIZCLQKIYTJJA,True,True
617,374,CC(=O)N[C@H](C(=O)N1C[C@H](O)C[C@H]1C(=O)N[C@@H](CC(=O)N1CCC(C#CC2=CC=C(C(=O)N[C@H]3C(C)(C)[C@H](OC4=CC=C(C#N)C(Cl)=C4)C3(C)C)C=C2)CC1)C1=CC=CC=C1)C(C)C,P10275,VHL,P40337,0,ZHRCPVGJUUUHKS,True,True
626,379,CC(=O)C1=C(C)C2=CN=C(NC3=CC=C(N4CCN(CC(=O)NCCOCCNC5=CC=CC6=C5C(=O)N(C5CCC(=O)NC5=O)C6=O)CC4)C=N3)N=C2N(C2CCCC2)C1=O,P11802,CRBN,Q96SW2,0,UWSFJIBFTAHYOI,True,True
627,379,CC(=O)C1=C(C)C2=CN=C(NC3=CC=C(N4CCN(CC(=O)NCCOCCNC5=CC=CC6=C5C(=O)N(C5CCC(=O)NC5=O)C6=O)CC4)C=N3)N=C2N(C2CCCC2)C1=O,Q00534,CRBN,Q96SW2,1,UWSFJIBFTAHYOI,True,True
628,380,CC(=O)C1=C(C)C2=CN=C(NC3=CC=C(N4CCN(CC(=O)NCCOCCOCCNC5=CC=CC6=C5C(=O)N(C5CCC(=O)NC5=O)C6=O)CC4)C=N3)N=C2N(C2CCCC2)C1=O,P11802,CRBN,Q96SW2,0,SVMNWGPZVPEEIA,True,True
629,380,CC(=O)C1=C(C)C2=CN=C(NC3=CC=C(N4CCN(CC(=O)NCCOCCOCCNC5=CC=CC6=C5C(=O)N(C5CCC(=O)NC5=O)C6=O)CC4)C=N3)N=C2N(C2CCCC2)C1=O,Q00534,CRBN,Q96SW2,1,SVMNWGPZVPEEIA,True,True
630,381,CC(=O)C1=C(C)C2=CN=C(NC3=CC=C(N4CCN(CC(=O)NCCOCCOCCOCCOCCNC5=CC=CC6=C5C(=O)N(C5CCC(=O)NC5=O)C6=O)CC4)C=N3)N=C2N(C2CCCC2)C1=O,P11802,CRBN,Q96SW2,0,VRUSWNHAEFVIGX,True,True
631,381,CC(=O)C1=C(C)C2=CN=C(NC3=CC=C(N4CCN(CC(=O)NCCOCCOCCOCCOCCNC5=CC=CC6=C5C(=O)N(C5CCC(=O)NC5=O)C6=O)CC4)C=N3)N=C2N(C2CCCC2)C1=O,Q00534,CRBN,Q96SW2,1,VRUSWNHAEFVIGX,True,True
632,382,CC(=O)C1=C(C)C2=CN=C(NC3=CC=C(N4CCN(CC5=CN(CCOCCNC6=CC=CC7=C6C(=O)N(C6CCC(=O)NC6=O)C7=O)N=N5)CC4)C=N3)N=C2N(C2CCCC2)C1=O,P11802,CRBN,Q96SW2,0,PACRWHUPEPCFHX,True,True
633,382,CC(=O)C1=C(C)C2=CN=C(NC3=CC=C(N4CCN(CC5=CN(CCOCCNC6=CC=CC7=C6C(=O)N(C6CCC(=O)NC6=O)C7=O)N=N5)CC4)C=N3)N=C2N(C2CCCC2)C1=O,Q00534,CRBN,Q96SW2,1,PACRWHUPEPCFHX,True,True
636,384,CC(=O)C1=C(C)C2=CN=C(NC3=CC=C(N4CCN(CC5=CN(CCCCCNC6=CC=CC7=C6C(=O)N(C6CCC(=O)NC6=O)C7=O)N=N5)CC4)C=N3)N=C2N(C2CCCC2)C1=O,P11802,CRBN,Q96SW2,0,PEBAOKOWNDTABR,True,True
637,384,CC(=O)C1=C(C)C2=CN=C(NC3=CC=C(N4CCN(CC5=CN(CCCCCNC6=CC=CC7=C6C(=O)N(C6CCC(=O)NC6=O)C7=O)N=N5)CC4)C=N3)N=C2N(C2CCCC2)C1=O,Q00534,CRBN,Q96SW2,1,PEBAOKOWNDTABR,True,True
638,385,CC(=O)C1=C(C)C2=CN=C(NC3=CC=C(N4CCN(CC5=CN(CCCCCCNC6=CC=CC7=C6C(=O)N(C6CCC(=O)NC6=O)C7=O)N=N5)CC4)C=N3)N=C2N(C2CCCC2)C1=O,P11802,CRBN,Q96SW2,0,VQBSDHOKKXEKJO,True,True
639,385,CC(=O)C1=C(C)C2=CN=C(NC3=CC=C(N4CCN(CC5=CN(CCCCCCNC6=CC=CC7=C6C(=O)N(C6CCC(=O)NC6=O)C7=O)N=N5)CC4)C=N3)N=C2N(C2CCCC2)C1=O,Q00534,CRBN,Q96SW2,1,VQBSDHOKKXEKJO,True,True
640,386,CC(=O)C1=C(C)C2=CN=C(NC3=CC=C(N4CCN(CCOCCOCCNC5=CC=CC6=C5C(=O)N(C5CCC(=O)NC5=O)C6=O)CC4)C=N3)N=C2N(C2CCCC2)C1=O,P11802,CRBN,Q96SW2,1,PKIMSAWOOAAVNA,True,True
641,386,CC(=O)C1=C(C)C2=CN=C(NC3=CC=C(N4CCN(CCOCCOCCNC5=CC=CC6=C5C(=O)N(C5CCC(=O)NC5=O)C6=O)CC4)C=N3)N=C2N(C2CCCC2)C1=O,Q00534,CRBN,Q96SW2,1,PKIMSAWOOAAVNA,True,True
642,387,CC(=O)C1=C(C)C2=CN=C(NC3=CC=C(N4CCN(CC5=CN(CCCCCCC6=CC=CC7=C6CN(C6CCC(=O)NC6=O)C7=O)N=N5)CC4)C=N3)N=C2N(C2CCCC2)C1=O,P11802,CRBN,Q96SW2,1,YOIMKMXYGWEBJZ,True,True
643,387,CC(=O)C1=C(C)C2=CN=C(NC3=CC=C(N4CCN(CC5=CN(CCCCCCC6=CC=CC7=C6CN(C6CCC(=O)NC6=O)C7=O)N=N5)CC4)C=N3)N=C2N(C2CCCC2)C1=O,Q00534,CRBN,Q96SW2,1,YOIMKMXYGWEBJZ,True,True
652,392,CC(=O)C1=C(C)C2=CN=C(NC3=CC=C(N4CCN(CC5=CN(CCCCC#CC6=CC=CC7=C6C(=O)N(C6CCC(=O)NC6=O)C7=O)N=N5)CC4)C=N3)N=C2N(C2CCCC2)C1=O,P11802,CRBN,Q96SW2,0,AWGBHEYLROEJQR,True,True
653,392,CC(=O)C1=C(C)C2=CN=C(NC3=CC=C(N4CCN(CC5=CN(CCCCC#CC6=CC=CC7=C6C(=O)N(C6CCC(=O)NC6=O)C7=O)N=N5)CC4)C=N3)N=C2N(C2CCCC2)C1=O,Q00534,CRBN,Q96SW2,1,AWGBHEYLROEJQR,True,True
654,393,CC(=O)C1=C(C)C2=CN=C(NC3=CC=C(N4CCN(CC5=CN(CCCCCC#CC6=CC=CC7=C6C(=O)N(C6CCC(=O)NC6=O)C7=O)N=N5)CC4)C=N3)N=C2N(C2CCCC2)C1=O,P11802,CRBN,Q96SW2,0,GNAMPLNFELXMIO,True,True
655,393,CC(=O)C1=C(C)C2=CN=C(NC3=CC=C(N4CCN(CC5=CN(CCCCCC#CC6=CC=CC7=C6C(=O)N(C6CCC(=O)NC6=O)C7=O)N=N5)CC4)C=N3)N=C2N(C2CCCC2)C1=O,Q00534,CRBN,Q96SW2,1,GNAMPLNFELXMIO,True,True
656,394,CC1=NC2=C(F)C=C(C3=NC(NC4=CC=C(CN5CCN(CC6=CN(CCOCCNC7=CC=CC8=C7C(=O)N(C7CCC(=O)NC7=O)C8=O)N=N6)CC5)C=N4)=NC=C3F)C=C2N1C(C)C,P11802,CRBN,Q96SW2,0,HYZNVNZFNOPQLO,True,True
657,394,CC1=NC2=C(F)C=C(C3=NC(NC4=CC=C(CN5CCN(CC6=CN(CCOCCNC7=CC=CC8=C7C(=O)N(C7CCC(=O)NC7=O)C8=O)N=N6)CC5)C=N4)=NC=C3F)C=C2N1C(C)C,Q00534,CRBN,Q96SW2,1,HYZNVNZFNOPQLO,True,True
658,395,CC1=NC2=C(F)C=C(C3=NC(NC4=CC=C(CN5CCN(CC6=CN(CCOCCOCCNC7=CC=CC8=C7C(=O)N(C7CCC(=O)NC7=O)C8=O)N=N6)CC5)C=N4)=NC=C3F)C=C2N1C(C)C,P11802,CRBN,Q96SW2,0,MMXACPGYKXVBCK,True,True
659,395,CC1=NC2=C(F)C=C(C3=NC(NC4=CC=C(CN5CCN(CC6=CN(CCOCCOCCNC7=CC=CC8=C7C(=O)N(C7CCC(=O)NC7=O)C8=O)N=N6)CC5)C=N4)=NC=C3F)C=C2N1C(C)C,Q00534,CRBN,Q96SW2,0,MMXACPGYKXVBCK,True,True
660,396,CC1=NC2=C(F)C=C(C3=NC(NC4=CC=C(CN5CCN(CC6=CN(CCOCCOCCOCCNC7=CC=CC8=C7C(=O)N(C7CCC(=O)NC7=O)C8=O)N=N6)CC5)C=N4)=NC=C3F)C=C2N1C(C)C,P11802,CRBN,Q96SW2,0,ODKBPNWNYDPLSX,True,True
661,396,CC1=NC2=C(F)C=C(C3=NC(NC4=CC=C(CN5CCN(CC6=CN(CCOCCOCCOCCNC7=CC=CC8=C7C(=O)N(C7CCC(=O)NC7=O)C8=O)N=N6)CC5)C=N4)=NC=C3F)C=C2N1C(C)C,Q00534,CRBN,Q96SW2,0,ODKBPNWNYDPLSX,True,True
662,397,CC1=NC2=C(F)C=C(C3=NC(NC4=CC=C(CN5CCN(CC6=CN(CCOCCOCCOCCOCCNC7=CC=CC8=C7C(=O)N(C7CCC(=O)NC7=O)C8=O)N=N6)CC5)C=N4)=NC=C3F)C=C2N1C(C)C,P11802,CRBN,Q96SW2,0,SXHHVSLMICYDHT,True,True
663,397,CC1=NC2=C(F)C=C(C3=NC(NC4=CC=C(CN5CCN(CC6=CN(CCOCCOCCOCCOCCNC7=CC=CC8=C7C(=O)N(C7CCC(=O)NC7=O)C8=O)N=N6)CC5)C=N4)=NC=C3F)C=C2N1C(C)C,Q00534,CRBN,Q96SW2,0,SXHHVSLMICYDHT,True,True
664,398,CC1=C(C2=CC=C(CNC(=O)[C@@H]3C[C@@H](O)CN3C(=O)[C@@H](NC(=O)CCOCCOCCOCCOCCOCCC(=O)N3CCC[C@@H](N4N=C(C5=CC=C(OC6=CC=C(F)C=C6F)C=C5)C(C(N)=O)=C4N)C3)C(C)(C)C)C=C2)SC=N1,Q06187,VHL,P40337,0,GIDOPMWSGRQBSU,True,True
665,399,CC1=C(C2=CC=C(CNC(=O)[C@@H]3C[C@@H](O)CN3C(=O)[C@@H](NC(=O)CCOCCOCCOCCOCCOCCOCCC(=O)N3CCC[C@@H](N4N=C(C5=CC=C(OC6=CC=C(F)C=C6F)C=C5)C(C(N)=O)=C4N)C3)C(C)(C)C)C=C2)SC=N1,Q06187,VHL,P40337,0,ABGCCJUHIVJXMA,True,True
678,412,COC(=O)C[C@@H]1N=C(C2=CC=C(Cl)C=C2)C2=C(SC(C(=O)NCCNC3=CC=CC4=C3C(=O)N(C3CCC(=O)NC3=O)C4=O)=C2C)N2C(C)=NN=C12,P25440,CRBN,Q96SW2,0,NMTVLTDEASWGPA,True,True
679,412,COC(=O)C[C@@H]1N=C(C2=CC=C(Cl)C=C2)C2=C(SC(C(=O)NCCNC3=CC=CC4=C3C(=O)N(C3CCC(=O)NC3=O)C4=O)=C2C)N2C(C)=NN=C12,Q15059,CRBN,Q96SW2,0,NMTVLTDEASWGPA,True,True
680,412,COC(=O)C[C@@H]1N=C(C2=CC=C(Cl)C=C2)C2=C(SC(C(=O)NCCNC3=CC=CC4=C3C(=O)N(C3CCC(=O)NC3=O)C4=O)=C2C)N2C(C)=NN=C12,O60885,CRBN,Q96SW2,0,NMTVLTDEASWGPA,True,True
681,413,COC1=CC=C(C2=N[C@H](C3=CC=C(Cl)C=C3)[C@H](C3=CC=C(Cl)C=C3)N2C(=O)N2CCN(CC(=O)NCCOCCN3C=C(CN4CCN(C5=CC=C(NC6=NC=C7C(C)=C(C(C)=O)C(=O)N(C8CCCC8)C7=N6)N=C5)CC4)N=N3)C(=O)C2)C(OC(C)C)=C1,P11802,MDM2,Q00987,0,XOBMSOHEKLPOSA,True,True
682,413,COC1=CC=C(C2=N[C@H](C3=CC=C(Cl)C=C3)[C@H](C3=CC=C(Cl)C=C3)N2C(=O)N2CCN(CC(=O)NCCOCCN3C=C(CN4CCN(C5=CC=C(NC6=NC=C7C(C)=C(C(C)=O)C(=O)N(C8CCCC8)C7=N6)N=C5)CC4)N=N3)C(=O)C2)C(OC(C)C)=C1,Q00534,MDM2,Q00987,0,XOBMSOHEKLPOSA,True,True
683,414,COC1=CC=C(C2=N[C@H](C3=CC=C(Cl)C=C3)[C@H](C3=CC=C(Cl)C=C3)N2C(=O)N2CCN(CC(=O)NCCOCCOCCN3C=C(CN4CCN(C5=CC=C(NC6=NC=C7C(C)=C(C(C)=O)C(=O)N(C8CCCC8)C7=N6)N=C5)CC4)N=N3)C(=O)C2)C(OC(C)C)=C1,P11802,MDM2,Q00987,0,OXXACNIEAZMKIQ,True,True
684,414,COC1=CC=C(C2=N[C@H](C3=CC=C(Cl)C=C3)[C@H](C3=CC=C(Cl)C=C3)N2C(=O)N2CCN(CC(=O)NCCOCCOCCN3C=C(CN4CCN(C5=CC=C(NC6=NC=C7C(C)=C(C(C)=O)C(=O)N(C8CCCC8)C7=N6)N=C5)CC4)N=N3)C(=O)C2)C(OC(C)C)=C1,Q00534,MDM2,Q00987,0,OXXACNIEAZMKIQ,True,True
685,415,COC1=CC=C(C2=N[C@H](C3=CC=C(Cl)C=C3)[C@H](C3=CC=C(Cl)C=C3)N2C(=O)N2CCN(CC(=O)NCCOCCOCCOCCN3C=C(CN4CCN(C5=CC=C(NC6=NC=C7C(C)=C(C(C)=O)C(=O)N(C8CCCC8)C7=N6)N=C5)CC4)N=N3)C(=O)C2)C(OC(C)C)=C1,P11802,MDM2,Q00987,0,IFPHCASOPFQPCE,True,True
686,415,COC1=CC=C(C2=N[C@H](C3=CC=C(Cl)C=C3)[C@H](C3=CC=C(Cl)C=C3)N2C(=O)N2CCN(CC(=O)NCCOCCOCCOCCN3C=C(CN4CCN(C5=CC=C(NC6=NC=C7C(C)=C(C(C)=O)C(=O)N(C8CCCC8)C7=N6)N=C5)CC4)N=N3)C(=O)C2)C(OC(C)C)=C1,Q00534,MDM2,Q00987,0,IFPHCASOPFQPCE,True,True
687,416,CC(=O)C1=C(C)C2=CN=C(NC3=CC=C(N4CCN(CC5=CN(CCOCCNC(=O)CCC(=O)N[C@H](C(=O)N6C[C@H](O)C[C@H]6C(=O)NCC6=CC=C(C7=C(C)N=CS7)C=C6)C(C)(C)C)N=N5)CC4)C=N3)N=C2N(C2CCCC2)C1=O,P11802,VHL,P40337,0,AZGWRWBCGUELGC,True,True
688,416,CC(=O)C1=C(C)C2=CN=C(NC3=CC=C(N4CCN(CC5=CN(CCOCCNC(=O)CCC(=O)N[C@H](C(=O)N6C[C@H](O)C[C@H]6C(=O)NCC6=CC=C(C7=C(C)N=CS7)C=C6)C(C)(C)C)N=N5)CC4)C=N3)N=C2N(C2CCCC2)C1=O,Q00534,VHL,P40337,0,AZGWRWBCGUELGC,True,True
689,417,CC(=O)C1=C(C)C2=CN=C(NC3=CC=C(N4CCN(CC5=CN(CCOCCOCCNC(=O)CCC(=O)N[C@H](C(=O)N6C[C@H](O)C[C@H]6C(=O)NCC6=CC=C(C7=C(C)N=CS7)C=C6)C(C)(C)C)N=N5)CC4)C=N3)N=C2N(C2CCCC2)C1=O,P11802,VHL,P40337,0,NSDVMBRSBVRFBE,True,True
690,417,CC(=O)C1=C(C)C2=CN=C(NC3=CC=C(N4CCN(CC5=CN(CCOCCOCCNC(=O)CCC(=O)N[C@H](C(=O)N6C[C@H](O)C[C@H]6C(=O)NCC6=CC=C(C7=C(C)N=CS7)C=C6)C(C)(C)C)N=N5)CC4)C=N3)N=C2N(C2CCCC2)C1=O,Q00534,VHL,P40337,0,NSDVMBRSBVRFBE,True,True
691,418,CC(=O)C1=C(C)C2=CN=C(NC3=CC=C(N4CCN(CC5=CN(CCOCCOCCOCCNC(=O)CCC(=O)N[C@H](C(=O)N6C[C@H](O)C[C@H]6C(=O)NCC6=CC=C(C7=C(C)N=CS7)C=C6)C(C)(C)C)N=N5)CC4)C=N3)N=C2N(C2CCCC2)C1=O,P11802,VHL,P40337,0,LELXEVIICNEFHT,True,True
692,418,CC(=O)C1=C(C)C2=CN=C(NC3=CC=C(N4CCN(CC5=CN(CCOCCOCCOCCNC(=O)CCC(=O)N[C@H](C(=O)N6C[C@H](O)C[C@H]6C(=O)NCC6=CC=C(C7=C(C)N=CS7)C=C6)C(C)(C)C)N=N5)CC4)C=N3)N=C2N(C2CCCC2)C1=O,Q00534,VHL,P40337,0,LELXEVIICNEFHT,True,True
693,419,CC(=O)C1=C(C)C2=CN=C(NC3=CC=C(N4CCN(CC5=CN(CCOCCOCCOCCOCCNC(=O)CCC(=O)N[C@H](C(=O)N6C[C@H](O)C[C@H]6C(=O)NCC6=CC=C(C7=C(C)N=CS7)C=C6)C(C)(C)C)N=N5)CC4)C=N3)N=C2N(C2CCCC2)C1=O,P11802,VHL,P40337,0,MQNKDGVIMBTCAK,True,True
694,419,CC(=O)C1=C(C)C2=CN=C(NC3=CC=C(N4CCN(CC5=CN(CCOCCOCCOCCOCCNC(=O)CCC(=O)N[C@H](C(=O)N6C[C@H](O)C[C@H]6C(=O)NCC6=CC=C(C7=C(C)N=CS7)C=C6)C(C)(C)C)N=N5)CC4)C=N3)N=C2N(C2CCCC2)C1=O,Q00534,VHL,P40337,0,MQNKDGVIMBTCAK,True,True
695,420,CC(=O)C1=C(C)C2=CN=C(NC3=CC=C(N4CCN(CC5=CN(CCOCCNC(=O)[C@H](CC(C)C)NC(=O)[C@@H](O)[C@H](N)CC6=CC=CC=C6)N=N5)CC4)C=N3)N=C2N(C2CCCC2)C1=O,P11802,cIAP1,Q13490,0,VPQQRVUAFVNZMD,True,True
696,420,CC(=O)C1=C(C)C2=CN=C(NC3=CC=C(N4CCN(CC5=CN(CCOCCNC(=O)[C@H](CC(C)C)NC(=O)[C@@H](O)[C@H](N)CC6=CC=CC=C6)N=N5)CC4)C=N3)N=C2N(C2CCCC2)C1=O,Q00534,cIAP1,Q13490,0,VPQQRVUAFVNZMD,True,True
697,421,CC(=O)C1=C(C)C2=CN=C(NC3=CC=C(N4CCN(CC5=CN(CCOCCOCCNC(=O)[C@H](CC(C)C)NC(=O)[C@@H](O)[C@H](N)CC6=CC=CC=C6)N=N5)CC4)C=N3)N=C2N(C2CCCC2)C1=O,P11802,cIAP1,Q13490,0,VGCLUELZRRFKLJ,True,True
698,421,CC(=O)C1=C(C)C2=CN=C(NC3=CC=C(N4CCN(CC5=CN(CCOCCOCCNC(=O)[C@H](CC(C)C)NC(=O)[C@@H](O)[C@H](N)CC6=CC=CC=C6)N=N5)CC4)C=N3)N=C2N(C2CCCC2)C1=O,Q00534,cIAP1,Q13490,0,VGCLUELZRRFKLJ,True,True
699,422,CC(=O)C1=C(C)C2=CN=C(NC3=CC=C(N4CCN(CC5=CN(CCOCCOCCOCCNC(=O)[C@H](CC(C)C)NC(=O)[C@@H](O)[C@H](N)CC6=CC=CC=C6)N=N5)CC4)C=N3)N=C2N(C2CCCC2)C1=O,P11802,cIAP1,Q13490,0,PTPYMLNAJKPSGY,True,True
700,422,CC(=O)C1=C(C)C2=CN=C(NC3=CC=C(N4CCN(CC5=CN(CCOCCOCCOCCNC(=O)[C@H](CC(C)C)NC(=O)[C@@H](O)[C@H](N)CC6=CC=CC=C6)N=N5)CC4)C=N3)N=C2N(C2CCCC2)C1=O,Q00534,cIAP1,Q13490,0,PTPYMLNAJKPSGY,True,True
701,423,CC(=O)C1=C(C)C2=CN=C(NC3=CC=C(N4CCN(CC5=CN(CCOCCOCCOCCOCCNC(=O)[C@H](CC(C)C)NC(=O)[C@@H](O)[C@H](N)CC6=CC=CC=C6)N=N5)CC4)C=N3)N=C2N(C2CCCC2)C1=O,P11802,cIAP1,Q13490,0,UQQSFLWUECKVLF,True,True
702,423,CC(=O)C1=C(C)C2=CN=C(NC3=CC=C(N4CCN(CC5=CN(CCOCCOCCOCCOCCNC(=O)[C@H](CC(C)C)NC(=O)[C@@H](O)[C@H](N)CC6=CC=CC=C6)N=N5)CC4)C=N3)N=C2N(C2CCCC2)C1=O,Q00534,cIAP1,Q13490,0,UQQSFLWUECKVLF,True,True
703,424,CN(C)C(=O)C1=CC2=CN=C(NC3=CC=C(N4CCN(CC5=CN(CCOCCNC6=CC=CC7=C6C(=O)N(C6CCC(=O)NC6=O)C7=O)N=N5)CC4)C=N3)N=C2N1C1CCCC1,P11802,CRBN,Q96SW2,0,XSQYNPNILAPKLU,True,True
704,424,CN(C)C(=O)C1=CC2=CN=C(NC3=CC=C(N4CCN(CC5=CN(CCOCCNC6=CC=CC7=C6C(=O)N(C6CCC(=O)NC6=O)C7=O)N=N5)CC4)C=N3)N=C2N1C1CCCC1,Q00534,CRBN,Q96SW2,0,XSQYNPNILAPKLU,True,True
705,425,CN(C)C(=O)C1=CC2=CN=C(NC3=CC=C(N4CCN(CC5=CN(CCOCCOCCNC6=CC=CC7=C6C(=O)N(C6CCC(=O)NC6=O)C7=O)N=N5)CC4)C=N3)N=C2N1C1CCCC1,P11802,CRBN,Q96SW2,0,KVIFRWXFBPPQPM,True,True
706,425,CN(C)C(=O)C1=CC2=CN=C(NC3=CC=C(N4CCN(CC5=CN(CCOCCOCCNC6=CC=CC7=C6C(=O)N(C6CCC(=O)NC6=O)C7=O)N=N5)CC4)C=N3)N=C2N1C1CCCC1,Q00534,CRBN,Q96SW2,0,KVIFRWXFBPPQPM,True,True
707,426,CN(C)C(=O)C1=CC2=CN=C(NC3=CC=C(N4CCN(CC5=CN(CCOCCOCCOCCNC6=CC=CC7=C6C(=O)N(C6CCC(=O)NC6=O)C7=O)N=N5)CC4)C=N3)N=C2N1C1CCCC1,P11802,CRBN,Q96SW2,0,JJZPNYJYTZDHFM,True,True
708,426,CN(C)C(=O)C1=CC2=CN=C(NC3=CC=C(N4CCN(CC5=CN(CCOCCOCCOCCNC6=CC=CC7=C6C(=O)N(C6CCC(=O)NC6=O)C7=O)N=N5)CC4)C=N3)N=C2N1C1CCCC1,Q00534,CRBN,Q96SW2,0,JJZPNYJYTZDHFM,True,True
709,427,CC1=C(C2=CC=C([C@H](C)NC(=O)[C@@H]3C[C@@H](O)CN3C(=O)[C@@H](NC(=O)COCCOCCOCCNC(=O)CCC3=CC=C(S(=O)(=O)NC4=C(NC5=CC=C(I)C=C5F)N(C)C(=O)C(C)=C4)C=C3)C(C)(C)C)C=C2)SC=N1,Q02750,VHL,P40337,0,RQBUNBWHIATPNI,True,True
711,428,CC1=C(C2=CC=C([C@H](C)NC(=O)[C@@H]3C[C@@H](O)CN3C(=O)[C@@H](NC(=O)COCCOCCOCCOCCNC(=O)CCC3=CC=C(S(=O)(=O)NC4=C(NC5=CC=C(I)C=C5F)N(C)C(=O)C(C)=C4)C=C3)C(C)(C)C)C=C2)SC=N1,Q02750,VHL,P40337,0,CFVATUIJNACXGH,True,True
713,429,CC1=C(C2=CC=C([C@H](C)NC(=O)[C@@H]3C[C@@H](O)CN3C(=O)[C@@H](NC(=O)COCCOCCOCCNC(=O)COC3=CC=C(S(=O)(=O)NC4=C(NC5=CC=C(I)C=C5F)N(C)C(=O)C(C)=C4)C=C3)C(C)(C)C)C=C2)SC=N1,Q02750,VHL,P40337,0,RGOBXIIESQAMMF,True,True
715,430,CC1=C(C2=CC=C([C@H](C)NC(=O)[C@@H]3C[C@@H](O)CN3C(=O)[C@@H](NC(=O)COCCOCCOCCOCCNC(=O)COC3=CC=C(S(=O)(=O)NC4=C(NC5=CC=C(I)C=C5F)N(C)C(=O)C(C)=C4)C=C3)C(C)(C)C)C=C2)SC=N1,Q02750,VHL,P40337,0,NOQOJFNUXOWBES,True,True
716,431,CC1=C(C2=CC=C([C@H](C)NC(=O)[C@@H]3C[C@@H](O)CN3C(=O)[C@@H](NC(=O)COCCOCCOCCNC(=O)C3=CC=C(S(=O)(=O)NC4=C(NC5=CC=C(I)C=C5F)N(C)C(=O)C(C)=C4)C=C3)C(C)(C)C)C=C2)SC=N1,Q02750,VHL,P40337,0,GIJPSQBRNWHRSC,True,True
717,432,CC1=C(C2=CC=C([C@H](C)NC(=O)[C@@H]3C[C@@H](O)CN3C(=O)[C@@H](NC(=O)COCCOCCOCCOCCNC(=O)C3=CC=C(S(=O)(=O)NC4=C(NC5=CC=C(I)C=C5F)N(C)C(=O)C(C)=C4)C=C3)C(C)(C)C)C=C2)SC=N1,Q02750,VHL,P40337,0,LSYHJWVDQGMSJD,True,True
718,433,CC1=C(C2=CC=C([C@H](C)NC(=O)[C@@H]3C[C@@H](O)CN3C(=O)[C@@H](NC(=O)COCCOCCOCCNCC3=CC=C(S(=O)(=O)NC4=C(NC5=CC=C(I)C=C5F)N(C)C(=O)C(C)=C4)C=C3)C(C)(C)C)C=C2)SC=N1,Q02750,VHL,P40337,0,NWQHSYBBUCWBPX,True,True
719,434,CC1=C(C2=CC=C([C@H](C)NC(=O)[C@@H]3C[C@@H](O)CN3C(=O)[C@@H](NC(=O)COCCOCCOCCOCCNCC3=CC=C(S(=O)(=O)NC4=C(NC5=CC=C(I)C=C5F)N(C)C(=O)C(C)=C4)C=C3)C(C)(C)C)C=C2)SC=N1,Q02750,VHL,P40337,0,CCRSFZWLRCDCKR,True,True
720,435,CC1=C(C2=CC=C([C@H](C)NC(=O)[C@@H]3C[C@@H](O)CN3C(=O)[C@@H](NC(=O)COCCOCCOCCNC(=O)CC3=CC=C(S(=O)(=O)NC4=C(NC5=CC=C(I)C=C5F)N(C)C(=O)C(C)=C4)C=C3)C(C)(C)C)C=C2)SC=N1,Q02750,VHL,P40337,0,ZTMWSRAWOOFGPY,True,True
721,436,CC1=C(C2=CC=C([C@H](C)NC(=O)[C@@H]3C[C@@H](O)CN3C(=O)[C@@H](NC(=O)COCCOCCOCCOCCNC(=O)CC3=CC=C(S(=O)(=O)NC4=C(NC5=CC=C(I)C=C5F)N(C)C(=O)C(C)=C4)C=C3)C(C)(C)C)C=C2)SC=N1,Q02750,VHL,P40337,0,GTLONGWELMFATG,True,True
722,437,CC1=CC(NS(=O)(=O)C2=CC=C(C(=O)NCCOCCOCCOCC(=O)NC3=CC=CC4=C3CN(C3CCC(=O)NC3=O)C4=O)C=C2)=C(NC2=CC=C(I)C=C2F)N(C)C1=O,Q02750,CRBN,Q96SW2,0,DMUXBDQIXCMTOC,True,True
723,438,CC1=CC(NS(=O)(=O)C2=CC=C(C(=O)NCCOCCOCCOCCOCC(=O)NC3=CC=CC4=C3CN(C3CCC(=O)NC3=O)C4=O)C=C2)=C(NC2=CC=C(I)C=C2F)N(C)C1=O,Q02750,CRBN,Q96SW2,0,LUOUZPCXWAUQNN,True,True
724,439,CC1=CC(NS(=O)(=O)C2=CC=C(CNCCOCCOCCOCC(=O)NC3=CC=CC4=C3CN(C3CCC(=O)NC3=O)C4=O)C=C2)=C(NC2=CC=C(I)C=C2F)N(C)C1=O,Q02750,CRBN,Q96SW2,0,DHGPMRONPFFHPD,True,True
725,440,CC1=CC(NS(=O)(=O)C2=CC=C(CNCCOCCOCCOCCOCC(=O)NC3=CC=CC4=C3CN(C3CCC(=O)NC3=O)C4=O)C=C2)=C(NC2=CC=C(I)C=C2F)N(C)C1=O,Q02750,CRBN,Q96SW2,0,PFNBTGCZGLGIOJ,True,True
726,441,CC1=CC(NS(=O)(=O)C2=CC=C(CC(=O)NCCOCCOCCOCC(=O)NC3=CC=CC4=C3CN(C3CCC(=O)NC3=O)C4=O)C=C2)=C(NC2=CC=C(I)C=C2F)N(C)C1=O,Q02750,CRBN,Q96SW2,0,NUNFHWWEFPQERE,True,True
727,442,CC1=CC(NS(=O)(=O)C2=CC=C(CC(=O)NCCOCCOCCOCCOCC(=O)NC3=CC=CC4=C3CN(C3CCC(=O)NC3=O)C4=O)C=C2)=C(NC2=CC=C(I)C=C2F)N(C)C1=O,Q02750,CRBN,Q96SW2,0,OSRMXKDMZRNHJD,True,True
728,443,CC1=CC(NS(=O)(=O)C2=CC=C(CCC(=O)NCCOCCOCCOCC(=O)NC3=CC=CC4=C3CN(C3CCC(=O)NC3=O)C4=O)C=C2)=C(NC2=CC=C(I)C=C2F)N(C)C1=O,Q02750,CRBN,Q96SW2,0,DWKIJYGOWOLTFN,True,True
729,444,CC1=CC(NS(=O)(=O)C2=CC=C(CCC(=O)NCCOCCOCCOCCOCC(=O)NC3=CC=CC4=C3CN(C3CCC(=O)NC3=O)C4=O)C=C2)=C(NC2=CC=C(I)C=C2F)N(C)C1=O,Q02750,CRBN,Q96SW2,0,WHKVOEUMNVGRRD,True,True
730,445,CC1=CC(NS(=O)(=O)C2=CC=C(OCC(=O)NCCOCCOCCOCC(=O)NC3=CC=CC4=C3CN(C3CCC(=O)NC3=O)C4=O)C=C2)=C(NC2=CC=C(I)C=C2F)N(C)C1=O,Q02750,CRBN,Q96SW2,0,RKBYTQATEIXQSV,True,True
731,446,CC1=CC(NS(=O)(=O)C2=CC=C(OCC(=O)NCCOCCOCCOCCOCC(=O)NC3=CC=CC4=C3CN(C3CCC(=O)NC3=O)C4=O)C=C2)=C(NC2=CC=C(I)C=C2F)N(C)C1=O,Q02750,CRBN,Q96SW2,0,NMPUXRVLXNMLLX,True,True
732,447,CC1=CC(NS(=O)(=O)C2=CC=C(C(=O)NCCOCCOCCOCCOC3=CC=CC4=C3C(=O)N(C3CCC(=O)NC3=O)C4=O)C=C2)=C(NC2=CC=C(I)C=C2F)N(C)C1=O,Q02750,CRBN,Q96SW2,0,BAXMOHKQMFWZCR,True,True
733,448,CC1=CC(NS(=O)(=O)C2=CC=C(C(=O)NCCOCCOCCOCCOCCOCCOC3=CC=CC4=C3C(=O)N(C3CCC(=O)NC3=O)C4=O)C=C2)=C(NC2=CC=C(I)C=C2F)N(C)C1=O,Q02750,CRBN,Q96SW2,0,QXXWLINRPYYMTR,True,True
734,449,CC1=CC(NS(=O)(=O)C2=CC=C(CNCCOCCOCCOCCOCCOCCOC3=CC=CC4=C3C(=O)N(C3CCC(=O)NC3=O)C4=O)C=C2)=C(NC2=CC=C(I)C=C2F)N(C)C1=O,Q02750,CRBN,Q96SW2,0,MWLQASKAZQGHIT,True,True
735,450,CC1=CC(NS(=O)(=O)C2=CC=C(CNCCOCCOCCOCCOC3=CC=CC4=C3C(=O)N(C3CCC(=O)NC3=O)C4=O)C=C2)=C(NC2=CC=C(I)C=C2F)N(C)C1=O,Q02750,CRBN,Q96SW2,0,WSBDYORNLHWNFP,True,True
736,451,CC1=CC(NS(=O)(=O)C2=CC=C(CC(=O)NCCOCCOCCOCCOC3=CC=CC4=C3C(=O)N(C3CCC(=O)NC3=O)C4=O)C=C2)=C(NC2=CC=C(I)C=C2F)N(C)C1=O,Q02750,CRBN,Q96SW2,0,MIRIMGIZVLPPPX,True,True
737,452,CC1=CC(NS(=O)(=O)C2=CC=C(CC(=O)NCCOCCOCCOCCOCCOCCOC3=CC=CC4=C3C(=O)N(C3CCC(=O)NC3=O)C4=O)C=C2)=C(NC2=CC=C(I)C=C2F)N(C)C1=O,Q02750,CRBN,Q96SW2,0,DXOCBPZWESIGJA,True,True
738,453,CC1=CC(NS(=O)(=O)C2=CC=C(CCC(=O)NCCOCCOCCOCCOC3=CC=CC4=C3C(=O)N(C3CCC(=O)NC3=O)C4=O)C=C2)=C(NC2=CC=C(I)C=C2F)N(C)C1=O,Q02750,CRBN,Q96SW2,0,YXJRCIKHUGKXFX,True,True
739,454,CC1=CC(NS(=O)(=O)C2=CC=C(CCC(=O)NCCOCCOCCOCCOCCOCCOC3=CC=CC4=C3C(=O)N(C3CCC(=O)NC3=O)C4=O)C=C2)=C(NC2=CC=C(I)C=C2F)N(C)C1=O,Q02750,CRBN,Q96SW2,0,PMUKFZPFINZXJQ,True,True
740,455,CC1=CC(NS(=O)(=O)C2=CC=C(OCC(=O)NCCOCCOCCOCCOCCOCCOC3=CC=CC4=C3C(=O)N(C3CCC(=O)NC3=O)C4=O)C=C2)=C(NC2=CC=C(I)C=C2F)N(C)C1=O,Q02750,CRBN,Q96SW2,0,IRDUBSANLBYJIO,True,True
760,475,NC(=O)CC[C@H](NC(=O)[C@@H]1CC[C@@H]2CCN(C(=O)CCCC#CC3=CC=CC4=C3CN(C3CCC(=O)NC3=O)C4=O)C[C@H](NC(=O)C3=CC4=CC(C(F)(F)P(=O)(O)O)=CC=C4[NH]3)C(=O)N12)C(=O)NC(C1=CC=CC=C1)C1=CC=CC=C1,P40763,CRBN,Q96SW2,0,JUVLSKPPPVWKIB,True,True
761,476,NC(=O)CC[C@H](NC(=O)[C@@H]1CC[C@@H]2CCN(C(=O)CCCCC#CC3=CC=CC4=C3CN(C3CCC(=O)NC3=O)C4=O)C[C@H](NC(=O)C3=CC4=CC(C(F)(F)P(=O)(O)O)=CC=C4[NH]3)C(=O)N12)C(=O)NC(C1=CC=CC=C1)C1=CC=CC=C1,P40763,CRBN,Q96SW2,0,BDYQRBRHLWXHSV,True,True
762,477,NC(=O)CC[C@H](NC(=O)[C@@H]1CC[C@@H]2CCN(C(=O)CCCCCC#CC3=CC=CC4=C3CN(C3CCC(=O)NC3=O)C4=O)C[C@H](NC(=O)C3=CC4=CC(C(F)(F)P(=O)(O)O)=CC=C4[NH]3)C(=O)N12)C(=O)NC(C1=CC=CC=C1)C1=CC=CC=C1,P40763,CRBN,Q96SW2,1,JKCSCHXVWPSGBG,True,True
763,478,NC(=O)CC[C@H](NC(=O)[C@@H]1CC[C@@H]2CCN(C(=O)CCCCCCC#CC3=CC=CC4=C3CN(C3CCC(=O)NC3=O)C4=O)C[C@H](NC(=O)C3=CC4=CC(C(F)(F)P(=O)(O)O)=CC=C4[NH]3)C(=O)N12)C(=O)NC(C1=CC=CC=C1)C1=CC=CC=C1,P40763,CRBN,Q96SW2,1,PSOLZBBCSLPKNE,True,True
764,479,NC(=O)CC[C@H](NC(=O)[C@@H]1CC[C@@H]2CCN(C(=O)CCCCCCCCC#CC3=CC=CC4=C3CN(C3CCC(=O)NC3=O)C4=O)C[C@H](NC(=O)C3=CC4=CC(C(F)(F)P(=O)(O)O)=CC=C4[NH]3)C(=O)N12)C(=O)NC(C1=CC=CC=C1)C1=CC=CC=C1,P40763,CRBN,Q96SW2,0,MSFCNZZBAJYPCP,True,True
765,480,NC(=O)CC[C@H](NC(=O)[C@@H]1CC[C@@H]2CCN(CCCCCCC#CC3=CC=CC4=C3CN(C3CCC(=O)NC3=O)C4=O)C[C@H](NC(=O)C3=CC4=CC(C(F)(F)P(=O)(O)O)=CC=C4[NH]3)C(=O)N12)C(=O)NC(C1=CC=CC=C1)C1=CC=CC=C1,P40763,CRBN,Q96SW2,0,STTINLOVDTUWIQ,True,True
766,481,NC(=O)CC[C@H](NC(=O)[C@@H]1CC[C@@H]2CCN(C(=O)OCCCCC#CC3=CC=CC4=C3CN(C3CCC(=O)NC3=O)C4=O)C[C@H](NC(=O)C3=CC4=CC(C(F)(F)P(=O)(O)O)=CC=C4[NH]3)C(=O)N12)C(=O)NC(C1=CC=CC=C1)C1=CC=CC=C1,P40763,CRBN,Q96SW2,1,AYDCOOQDCPYUIU,True,True
767,482,NC(=O)CC[C@H](NC(=O)[C@@H]1CC[C@@H]2CCN(C(=O)NCCCCC#CC3=CC=CC4=C3CN(C3CCC(=O)NC3=O)C4=O)C[C@H](NC(=O)C3=CC4=CC(C(F)(F)P(=O)(O)O)=CC=C4[NH]3)C(=O)N12)C(=O)NC(C1=CC=CC=C1)C1=CC=CC=C1,P40763,CRBN,Q96SW2,1,ZNTHSJGRFSTPKW,True,True
768,483,NC(=O)CC[C@H](NC(=O)[C@@H]1CC[C@@H]2CCN(C(=O)C3=CN(CCCC#CC4=CC=CC5=C4CN(C4CCC(=O)NC4=O)C5=O)N=C3)C[C@H](NC(=O)C3=CC4=CC(C(F)(F)P(=O)(O)O)=CC=C4[NH]3)C(=O)N12)C(=O)NC(C1=CC=CC=C1)C1=CC=CC=C1,P40763,CRBN,Q96SW2,0,GRFIIYLYEIAGDZ,True,True
769,484,NC(=O)CC[C@H](NC(=O)[C@@H]1CC[C@@H]2CCN(C(=O)CCCN3C=C(C#CC4=CC=CC5=C4CN(C4CCC(=O)NC4=O)C5=O)C=N3)C[C@H](NC(=O)C3=CC4=CC(C(F)(F)P(=O)(O)O)=CC=C4[NH]3)C(=O)N12)C(=O)NC(C1=CC=CC=C1)C1=CC=CC=C1,P40763,CRBN,Q96SW2,0,ITISWPJBZKPZQW,True,True
770,485,NC(=O)CC[C@H](NC(=O)[C@@H]1CC[C@@H]2CCN(C(=O)N3CCC(CCC#CC4=CC=CC5=C4CN(C4CCC(=O)NC4=O)C5=O)CC3)C[C@H](NC(=O)C3=CC4=CC(C(F)(F)P(=O)(O)O)=CC=C4[NH]3)C(=O)N12)C(=O)NC(C1=CC=CC=C1)C1=CC=CC=C1,P40763,CRBN,Q96SW2,0,DNUHNFLKEFZIJN,True,True
771,486,NC(=O)CC[C@H](NC(=O)[C@@H]1CC[C@@H]2CCN(C(=O)CCN3CCC(C#CC4=CC=CC5=C4CN(C4CCC(=O)NC4=O)C5=O)CC3)C[C@H](NC(=O)C3=CC4=CC(C(F)(F)P(=O)(O)O)=CC=C4[NH]3)C(=O)N12)C(=O)NC(C1=CC=CC=C1)C1=CC=CC=C1,P40763,CRBN,Q96SW2,0,FDBBKBSMSHLUPL,True,True
772,487,NC(=O)CC[C@H](NC(=O)[C@@H]1CC[C@@H]2CCN(C(=O)CC(=O)N3CCC(C#CC4=CC=CC5=C4CN(C4CCC(=O)NC4=O)C5=O)CC3)C[C@H](NC(=O)C3=CC4=CC(C(F)(F)P(=O)(O)O)=CC=C4[NH]3)C(=O)N12)C(=O)NC(C1=CC=CC=C1)C1=CC=CC=C1,P40763,CRBN,Q96SW2,0,DNVSITWTEKNBFF,True,True
773,488,NC(=O)CC[C@H](NC(=O)[C@@H]1CC[C@@H]2CCN(C(=O)CCCCCCCC3=CC=CC4=C3CN(C3CCC(=O)NC3=O)C4=O)C[C@H](NC(=O)C3=CC4=CC(C(F)(F)P(=O)(O)O)=CC=C4[NH]3)C(=O)N12)C(=O)NC(C1=CC=CC=C1)C1=CC=CC=C1,P40763,CRBN,Q96SW2,0,FXYCZGNLHMEDSW,True,True
774,489,NC(=O)CC[C@H](NC(=O)[C@@H]1CC[C@@H]2CCN(C(=O)CCCCCCNC3=CC=CC4=C3CN(C3CCC(=O)NC3=O)C4=O)C[C@H](NC(=O)C3=CC4=CC(C(F)(F)P(=O)(O)O)=CC=C4[NH]3)C(=O)N12)C(=O)NC(C1=CC=CC=C1)C1=CC=CC=C1,P40763,CRBN,Q96SW2,1,XPIZROMNDAHUBB,True,True
775,490,NC(=O)CC[C@H](NC(=O)[C@@H]1CC[C@@H]2CCN(C(=O)CCCCCC#CC3=CC=CC4=C3C(=O)N(C3CCC(=O)NC3=O)C4=O)C[C@H](NC(=O)C3=CC4=CC(C(F)(F)P(=O)(O)O)=CC=C4[NH]3)C(=O)N12)C(=O)NC(C1=CC=CC=C1)C1=CC=CC=C1,P40763,CRBN,Q96SW2,0,ZMCYXBJXBBCEIP,True,True
776,491,NC(=O)CC[C@H](NC(=O)[C@@H]1CC[C@@H]2CCN(C(=O)CCCCCC#CC3=CC=C4C(=O)N(C5CCC(=O)NC5=O)CC4=C3)C[C@H](NC(=O)C3=CC4=CC(C(F)(F)P(=O)(O)O)=CC=C4[NH]3)C(=O)N12)C(=O)NC(C1=CC=CC=C1)C1=CC=CC=C1,P40763,CRBN,Q96SW2,0,FXZPXYVHFYRABL,True,True
777,492,NC(=O)CC[C@H](NC(=O)[C@@H]1CC[C@@H]2CCN(C(=O)CCCCCC#CC3=CC=C4CN(C5CCC(=O)NC5=O)C(=O)C4=C3)C[C@H](NC(=O)C3=CC4=CC(C(F)(F)P(=O)(O)O)=CC=C4[NH]3)C(=O)N12)C(=O)NC(C1=CC=CC=C1)C1=CC=CC=C1,P40763,CRBN,Q96SW2,0,PUAPFJPRVXBTRM,True,True
778,493,NC(=O)CC[C@H](NC(=O)[C@@H]1CC[C@@H]2CCN(C(=O)CCCCCC#CC3=CC=CC4=C3CN(C3CCC(=O)NC3=O)C4=O)C[C@H](NC(=O)C3=CC4=CC(C(F)(F)P(=O)(O)O)=CC=C4[NH]3)C(=O)N12)C(=O)NCC1=CC=CC=C1,P40763,CRBN,Q96SW2,1,JMUHWFNJLJLSLE,True,True
779,494,CNC(=O)[C@H](CCC(N)=O)NC(=O)[C@@H]1CC[C@@H]2CCN(C(=O)CCCCCC#CC3=CC=CC4=C3CN(C3CCC(=O)NC3=O)C4=O)C[C@H](NC(=O)C3=CC4=CC(C(F)(F)P(=O)(O)O)=CC=C4[NH]3)C(=O)N12,P40763,CRBN,Q96SW2,0,YGMZLSZZQXJJGQ,True,True
780,495,NC(=O)CC[C@H](NC(=O)[C@@H]1CC[C@@H]2CCN(C(=O)CCCCCC#CC3=CC=CC4=C3CN(C3CCC(=O)NC3=O)C4=O)C[C@H](NC(=O)C3=CC4=CC(OP(=O)(O)O)=CC=C4[NH]3)C(=O)N12)C(=O)NC(C1=CC=CC=C1)C1=CC=CC=C1,P40763,CRBN,Q96SW2,0,GHKKHWPDPXWQMX,True,True
781,496,NC(=O)CC[C@H](NC(=O)[C@@H]1CC[C@@H]2CCN(C(=O)CCCCCC#CC3=CC=CC4=C3CN(C3CCC(=O)NC3=O)C4=O)C[C@H](NC(=O)C3=CC4=CC(CP(=O)(O)O)=CC=C4[NH]3)C(=O)N12)C(=O)NC(C1=CC=CC=C1)C1=CC=CC=C1,P40763,CRBN,Q96SW2,0,JEIWTFIDHFVTPB,True,True
782,497,C/C(=C\C(=O)N[C@H]1CN(C(=O)CCCCCC#CC2=CC=CC3=C2CN(C2CCC(=O)NC2=O)C3=O)CC[C@H]2CC[C@@H](C(=O)N[C@@H](CCC(N)=O)C(=O)NC(C3=CC=CC=C3)C3=CC=CC=C3)N2C1=O)C1=CC=C(C(F)(F)P(=O)(O)O)C=C1,P40763,CRBN,Q96SW2,0,BEYVGGZLHQFWMW,True,True
788,500,O=C(CCCCC(=O)NCCN1C(=O)C2=CC=CC3=C(SC4=CC=C(Br)C=C4)C=CC(=C23)C1=O)NCCCCCCNC1=CC=CC2=C1C(=O)N(C1CCC(=O)NC1=O)C2=O,Q07820,CRBN,Q96SW2,0,BORXNUWYWZOREQ,True,True
792,502,O=C(CCCCC(=O)NCCN1C(=O)C2=CC=CC3=C(SC4=CC=C(Br)C=C4)C=CC(=C23)C1=O)NCCOCCOCCNC1=CC=CC2=C1C(=O)N(C1CCC(=O)NC1=O)C2=O,P10415,CRBN,Q96SW2,0,IUSLKFLLLNNOGR,True,True
809,513,COC1=CC(N2CCN(C(=O)CCCCCCC(=O)N[C@H](C(=O)N3C[C@H](O)C[C@H]3C(=O)NCC3=CC=C(C4=C(C)N=CS4)C=C3)C(C)(C)C)CC2)=CC=C1NC1=NC=C(Cl)C(NC2=CC=CC=C2P(C)(C)=O)=N1,Q9UM73,VHL,P40337,1,KVVNVQLVKFQXHX,True,True
810,514,COC1=CC(N2CCN(C(=O)CCCCCCCC(=O)N[C@H](C(=O)N3C[C@H](O)C[C@H]3C(=O)NCC3=CC=C(C4=C(C)N=CS4)C=C3)C(C)(C)C)CC2)=CC=C1NC1=NC=C(Cl)C(NC2=CC=CC=C2P(C)(C)=O)=N1,Q9UM73,VHL,P40337,1,KHTOZEJDDODCIE,True,True
811,515,COC1=CC(N2CCN(C(=O)CCCCCCCCC(=O)N[C@H](C(=O)N3C[C@H](O)C[C@H]3C(=O)NCC3=CC=C(C4=C(C)N=CS4)C=C3)C(C)(C)C)CC2)=CC=C1NC1=NC=C(Cl)C(NC2=CC=CC=C2P(C)(C)=O)=N1,Q9UM73,VHL,P40337,1,HUMHJRIACKUHDX,True,True
816,520,COC1=CC(N2CCC(NC(=O)CCCCCCC(=O)N[C@H](C(=O)N3C[C@H](O)C[C@H]3C(=O)NCC3=CC=C(C4=C(C)N=CS4)C=C3)C(C)(C)C)CC2)=CC=C1NC1=NC=C(Cl)C(NC2=CC=CC=C2P(C)(C)=O)=N1,Q9UM73,VHL,P40337,1,QKMSSVGJUBVJIO,True,True
817,521,COC1=CC(N2CCC(NC(=O)CCCCCCCC(=O)N[C@H](C(=O)N3C[C@H](O)C[C@H]3C(=O)NCC3=CC=C(C4=C(C)N=CS4)C=C3)C(C)(C)C)CC2)=CC=C1NC1=NC=C(Cl)C(NC2=CC=CC=C2P(C)(C)=O)=N1,Q9UM73,VHL,P40337,1,LMNCKEZYUHGAAW,True,True
818,522,COC1=CC(N2CCC(NC(=O)CCCCCCCCC(=O)N[C@H](C(=O)N3C[C@H](O)C[C@H]3C(=O)NCC3=CC=C(C4=C(C)N=CS4)C=C3)C(C)(C)C)CC2)=CC=C1NC1=NC=C(Cl)C(NC2=CC=CC=C2P(C)(C)=O)=N1,Q9UM73,VHL,P40337,1,YLHFCKVCYLEGIG,True,True
819,523,COC1=CC(N2CCC(NC(=O)CCCCCCCCCC(=O)N[C@H](C(=O)N3C[C@H](O)C[C@H]3C(=O)NCC3=CC=C(C4=C(C)N=CS4)C=C3)C(C)(C)C)CC2)=CC=C1NC1=NC=C(Cl)C(NC2=CC=CC=C2P(C)(C)=O)=N1,Q9UM73,VHL,P40337,1,DYUJLNPTOOBZBB,True,True
820,523,COC1=CC(N2CCC(NC(=O)CCCCCCCCCC(=O)N[C@H](C(=O)N3C[C@H](O)C[C@H]3C(=O)NCC3=CC=C(C4=C(C)N=CS4)C=C3)C(C)(C)C)CC2)=CC=C1NC1=NC=C(Cl)C(NC2=CC=CC=C2P(C)(C)=O)=N1,Q9UM73,VHL,P40337,0,DYUJLNPTOOBZBB,True,True
825,528,COC1=CC(N2CCC(N3CCN(C(=O)CCCCCCC(=O)N[C@H](C(=O)N4C[C@H](O)C[C@H]4C(=O)NCC4=CC=C(C5=C(C)N=CS5)C=C4)C(C)(C)C)CC3)CC2)=CC=C1NC1=NC=C(Cl)C(NC2=CC=CC=C2P(C)(C)=O)=N1,Q9UM73,VHL,P40337,1,LTPUWRULBUKGNI,True,True
826,529,COC1=CC(N2CCC(N3CCN(C(=O)CCCCCCCC(=O)N[C@H](C(=O)N4C[C@H](O)C[C@H]4C(=O)NCC4=CC=C(C5=C(C)N=CS5)C=C4)C(C)(C)C)CC3)CC2)=CC=C1NC1=NC=C(Cl)C(NC2=CC=CC=C2P(C)(C)=O)=N1,Q9UM73,VHL,P40337,1,GONDMTIOPVKJJM,True,True
827,530,COC1=CC(N2CCC(N3CCN(C(=O)CCCCCCCCC(=O)N[C@H](C(=O)N4C[C@H](O)C[C@H]4C(=O)NCC4=CC=C(C5=C(C)N=CS5)C=C4)C(C)(C)C)CC3)CC2)=CC=C1NC1=NC=C(Cl)C(NC2=CC=CC=C2P(C)(C)=O)=N1,Q9UM73,VHL,P40337,1,ZRZMJGXWXYTWKE,True,True
844,543,COC1=CC(N2CCN(CCOCCOCCNC(=O)CNC3=CC=CC4=C3C(=O)N(C3CCC(=O)NC3=O)C4=O)CC2)=CC=C1NC1=NC=C(Cl)C(NC2=CC=CC=C2S(=O)(=O)C(C)C)=N1,Q9UM73,CRBN,Q96SW2,1,WXNUIPVZMJMPNM,True,True
849,544,CC1=CC(NC2=NC=C(Cl)C(NC3=CC=CC=C3S(=O)(=O)C(C)C)=N2)=C(OC(C)C)C=C1C1CCN(CCOCCOCCNC(=O)CNC2=CC=CC3=C2C(=O)N(C2CCC(=O)NC2=O)C3=O)CC1,Q9UM73,CRBN,Q96SW2,1,XIRQUXILNXIWDI,True,True
863,556,CCOC1=CC(C(C)(C)C)=CC=C1C1=N[C@@H](C2=CC=C(Cl)C=C2)[C@@H](C2=CC=C(Cl)C=C2)N1C(=O)N1CCN(CC#CC2=CC=CC3=C2CN(C2CCC(=O)NC2=O)C3=O)CC1,Q00987,CRBN,Q96SW2,1,SXPSRFOBNYZXKH,True,True
866,559,O=C1CCC(N2CC3=C(NC(=O)CCCCCCCN4CCN(C5=CC=C(NC6=CC7=C(N8CCC(CO)CC8)N=C(NC8=CC=C(F)C=C8)N=C7C=N6)N=C5)CC4)C=CC=C3C2=O)C(=O)N1,P00533,CRBN,Q96SW2,1,ZWLPWTDAYPOQGR,True,True
874,567,CC1=C(C2=CC=C(CNC(=O)[C@@H]3C[C@@H](O)CN3C(=O)[C@@H](NC(=O)CCCCCCN3CCN(C4=CC=C(NC5=CC6=C(N7CCC(CO)CC7)N=C(NC7=CC=C(F)C=C7)N=C6C=N5)N=C4)CC3)C(C)(C)C)C=C2)SC=N1,P00533,VHL,P40337,1,LCTCXOPSLJEXKE,True,True
879,572,C=CC(=O)NC1=CC=CC(N2C(=O)C=C(C)C3=CN=C(NC4=CC=C(N5CCN(C(=O)CCCCCCCCCCC(=O)NC6=CC=CC7=C6C(=O)N(C6CCC(=O)NC6=O)C7=O)CC5)C=C4OC)N=C32)=C1,P00533,CRBN,Q96SW2,0,JYBLMIXCGVMISV,True,True
880,572,C=CC(=O)NC1=CC=CC(N2C(=O)C=C(C)C3=CN=C(NC4=CC=C(N5CCN(C(=O)CCCCCCCCCCC(=O)NC6=CC=CC7=C6C(=O)N(C6CCC(=O)NC6=O)C7=O)CC5)C=C4OC)N=C32)=C1,P00533,CRBN,Q96SW2,0,JYBLMIXCGVMISV,True,True
881,573,C=CC(=O)NC1=CC=CC(N2C(=O)C=C(C)C3=CN=C(NC4=CC=C(N5CCN(C(=O)CCCCCCCCCCCNC(=O)[C@H](CC(C)C)NC(=O)[C@@H](O)[C@H](N)CC6=CC=CC=C6)CC5)C=C4OC)N=C32)=C1,P00533,cIAP1,Q13490,0,DOEISPNISSZUOZ,True,True
882,573,C=CC(=O)NC1=CC=CC(N2C(=O)C=C(C)C3=CN=C(NC4=CC=C(N5CCN(C(=O)CCCCCCCCCCCNC(=O)[C@H](CC(C)C)NC(=O)[C@@H](O)[C@H](N)CC6=CC=CC=C6)CC5)C=C4OC)N=C32)=C1,P00533,cIAP1,Q13490,0,DOEISPNISSZUOZ,True,True
883,574,C=CC(=O)NC1=CC=CC(N2C(=O)C=C(C)C3=CN=C(NC4=CC=C(N5CCN(C(=O)CCCCCCCCCCCNC(=O)C6=CC=C(NC(=O)[C@@H]7N[C@@H](CC(C)(C)C)[C@](C#N)(C8=CC=C(Cl)C=C8F)[C@H]7C7=CC=CC(Cl)=C7F)C(OC)=C6)CC5)C=C4OC)N=C32)=C1,P00533,MDM2,Q00987,0,DCPNWQZQYCVVJX,True,True
884,574,C=CC(=O)NC1=CC=CC(N2C(=O)C=C(C)C3=CN=C(NC4=CC=C(N5CCN(C(=O)CCCCCCCCCCCNC(=O)C6=CC=C(NC(=O)[C@@H]7N[C@@H](CC(C)(C)C)[C@](C#N)(C8=CC=C(Cl)C=C8F)[C@H]7C7=CC=CC(Cl)=C7F)C(OC)=C6)CC5)C=C4OC)N=C32)=C1,P00533,MDM2,Q00987,0,DCPNWQZQYCVVJX,True,True
885,575,C=CC(=O)NC1=CC=CC(N2C(=O)C=C(C)C3=CN=C(NC4=CC=C(N5CCN(CCCCCCCCCCCCNC(=O)C6=CC=C(NC(=O)[C@@H]7N[C@@H](CC(C)(C)C)[C@](C#N)(C8=CC=C(Cl)C=C8F)[C@H]7C7=CC=CC(Cl)=C7F)C(OC)=C6)CC5)C=C4OC)N=C32)=C1,P00533,MDM2,Q00987,0,UPZKEHBNYUDGOC,True,True
886,575,C=CC(=O)NC1=CC=CC(N2C(=O)C=C(C)C3=CN=C(NC4=CC=C(N5CCN(CCCCCCCCCCCCNC(=O)C6=CC=C(NC(=O)[C@@H]7N[C@@H](CC(C)(C)C)[C@](C#N)(C8=CC=C(Cl)C=C8F)[C@H]7C7=CC=CC(Cl)=C7F)C(OC)=C6)CC5)C=C4OC)N=C32)=C1,P00533,MDM2,Q00987,0,UPZKEHBNYUDGOC,True,True
887,576,C=CC(=O)NC1=CC=CC(N2C(=O)C=C(C)C3=CN=C(NC4=CC=C(N5CCN(C(=O)CCCCCCCCCCC(=O)N[C@H](C(=O)N6C[C@H](O)C[C@H]6C(=O)NCC6=CC=C(C7=C(C)N=CS7)C=C6)C(C)(C)C)CC5)C=C4OC)N=C32)=C1,P00533,VHL,P40337,0,GSUQPNOGNRJJQO,True,True
888,576,C=CC(=O)NC1=CC=CC(N2C(=O)C=C(C)C3=CN=C(NC4=CC=C(N5CCN(C(=O)CCCCCCCCCCC(=O)N[C@H](C(=O)N6C[C@H](O)C[C@H]6C(=O)NCC6=CC=C(C7=C(C)N=CS7)C=C6)C(C)(C)C)CC5)C=C4OC)N=C32)=C1,P00533,VHL,P40337,0,GSUQPNOGNRJJQO,True,True
889,577,C=CC(=O)NC1=CC=CC(N2C(=O)C=C(C)C3=CN=C(NC4=CC=C(N5CCN(CCCCCCCCCCCC(=O)N[C@H](C(=O)N6C[C@H](O)C[C@H]6C(=O)NCC6=CC=C(C7=C(C)N=CS7)C=C6)C(C)(C)C)CC5)C=C4OC)N=C32)=C1,P00533,VHL,P40337,1,HQGHIKHHXKBFOJ,True,True
890,577,C=CC(=O)NC1=CC=CC(N2C(=O)C=C(C)C3=CN=C(NC4=CC=C(N5CCN(CCCCCCCCCCCC(=O)N[C@H](C(=O)N6C[C@H](O)C[C@H]6C(=O)NCC6=CC=C(C7=C(C)N=CS7)C=C6)C(C)(C)C)CC5)C=C4OC)N=C32)=C1,P00533,VHL,P40337,1,HQGHIKHHXKBFOJ,True,True
891,578,C=CC(=O)NC1=CC=CC(N2C(=O)C=C(C)C3=CN=C(NC4=CC=C(N5CCN(C(=O)CCCCCCCCCNC(=O)C6=CC=C(NC(=O)[C@@H]7N[C@@H](CC(C)(C)C)[C@](C#N)(C8=CC=C(Cl)C=C8F)[C@H]7C7=CC=CC(Cl)=C7F)C(OC)=C6)CC5)C=C4OC)N=C32)=C1,P00533,MDM2,Q00987,1,GDBFIWQFEZVSAL,True,True
892,578,C=CC(=O)NC1=CC=CC(N2C(=O)C=C(C)C3=CN=C(NC4=CC=C(N5CCN(C(=O)CCCCCCCCCNC(=O)C6=CC=C(NC(=O)[C@@H]7N[C@@H](CC(C)(C)C)[C@](C#N)(C8=CC=C(Cl)C=C8F)[C@H]7C7=CC=CC(Cl)=C7F)C(OC)=C6)CC5)C=C4OC)N=C32)=C1,P00533,MDM2,Q00987,0,GDBFIWQFEZVSAL,True,True
893,579,C=CC(=O)NC1=CC=CC(N2C(=O)C=C(C)C3=CN=C(NC4=CC=C(N5CCN(C(=O)CCCCCCCNC(=O)C6=CC=C(NC(=O)[C@@H]7N[C@@H](CC(C)(C)C)[C@](C#N)(C8=CC=C(Cl)C=C8F)[C@H]7C7=CC=CC(Cl)=C7F)C(OC)=C6)CC5)C=C4OC)N=C32)=C1,P00533,MDM2,Q00987,0,GGZIIUYEYTZDCD,True,True
894,579,C=CC(=O)NC1=CC=CC(N2C(=O)C=C(C)C3=CN=C(NC4=CC=C(N5CCN(C(=O)CCCCCCCNC(=O)C6=CC=C(NC(=O)[C@@H]7N[C@@H](CC(C)(C)C)[C@](C#N)(C8=CC=C(Cl)C=C8F)[C@H]7C7=CC=CC(Cl)=C7F)C(OC)=C6)CC5)C=C4OC)N=C32)=C1,P00533,MDM2,Q00987,0,GGZIIUYEYTZDCD,True,True
895,580,C=CC(=O)NC1=CC=CC(N2C(=O)C=C(C)C3=CN=C(NC4=CC=C(N5CCN(C(=O)CCCCCNC(=O)C6=CC=C(NC(=O)[C@@H]7N[C@@H](CC(C)(C)C)[C@](C#N)(C8=CC=C(Cl)C=C8F)[C@H]7C7=CC=CC(Cl)=C7F)C(OC)=C6)CC5)C=C4OC)N=C32)=C1,P00533,MDM2,Q00987,0,KFRDCTCOKBRAAL,True,True
896,580,C=CC(=O)NC1=CC=CC(N2C(=O)C=C(C)C3=CN=C(NC4=CC=C(N5CCN(C(=O)CCCCCNC(=O)C6=CC=C(NC(=O)[C@@H]7N[C@@H](CC(C)(C)C)[C@](C#N)(C8=CC=C(Cl)C=C8F)[C@H]7C7=CC=CC(Cl)=C7F)C(OC)=C6)CC5)C=C4OC)N=C32)=C1,P00533,MDM2,Q00987,0,KFRDCTCOKBRAAL,True,True
897,581,C=CC(=O)NC1=CC=CC(N2C(=O)C=C(C)C3=CN=C(NC4=CC=C(N5CCN(C(=O)CCCCCCCCC(=O)N[C@H](C(=O)N6C[C@H](O)C[C@H]6C(=O)NCC6=CC=C(C7=C(C)N=CS7)C=C6)C(C)(C)C)CC5)C=C4OC)N=C32)=C1,P00533,VHL,P40337,1,NXHJICMMHCOKPI,True,True
898,581,C=CC(=O)NC1=CC=CC(N2C(=O)C=C(C)C3=CN=C(NC4=CC=C(N5CCN(C(=O)CCCCCCCCC(=O)N[C@H](C(=O)N6C[C@H](O)C[C@H]6C(=O)NCC6=CC=C(C7=C(C)N=CS7)C=C6)C(C)(C)C)CC5)C=C4OC)N=C32)=C1,P00533,VHL,P40337,0,NXHJICMMHCOKPI,True,True
899,582,C=CC(=O)NC1=CC=CC(N2C(=O)C=C(C)C3=CN=C(NC4=CC=C(N5CCN(C(=O)CCCCCCC(=O)N[C@H](C(=O)N6C[C@H](O)C[C@H]6C(=O)NCC6=CC=C(C7=C(C)N=CS7)C=C6)C(C)(C)C)CC5)C=C4OC)N=C32)=C1,P00533,VHL,P40337,0,HQDMTJMOYXRLMD,True,True
900,582,C=CC(=O)NC1=CC=CC(N2C(=O)C=C(C)C3=CN=C(NC4=CC=C(N5CCN(C(=O)CCCCCCC(=O)N[C@H](C(=O)N6C[C@H](O)C[C@H]6C(=O)NCC6=CC=C(C7=C(C)N=CS7)C=C6)C(C)(C)C)CC5)C=C4OC)N=C32)=C1,P00533,VHL,P40337,0,HQDMTJMOYXRLMD,True,True
901,583,C=CC(=O)NC1=CC=CC(N2C(=O)C=C(C)C3=CN=C(NC4=CC=C(N5CCN(C(=O)CCCCC(=O)N[C@H](C(=O)N6C[C@H](O)C[C@H]6C(=O)NCC6=CC=C(C7=C(C)N=CS7)C=C6)C(C)(C)C)CC5)C=C4OC)N=C32)=C1,P00533,VHL,P40337,0,SUWGYDIQBJOKHS,True,True
902,583,C=CC(=O)NC1=CC=CC(N2C(=O)C=C(C)C3=CN=C(NC4=CC=C(N5CCN(C(=O)CCCCC(=O)N[C@H](C(=O)N6C[C@H](O)C[C@H]6C(=O)NCC6=CC=C(C7=C(C)N=CS7)C=C6)C(C)(C)C)CC5)C=C4OC)N=C32)=C1,P00533,VHL,P40337,0,SUWGYDIQBJOKHS,True,True
903,584,C=CC(=O)NC1=CC=CC(N2C(=O)C=C(C)C3=CN=C(NC4=CC=C(N5CCN(CCCCCCCCCC(=O)N[C@H](C(=O)N6C[C@H](O)C[C@H]6C(=O)NCC6=CC=C(C7=C(C)N=CS7)C=C6)C(C)(C)C)CC5)C=C4OC)N=C32)=C1,P00533,VHL,P40337,0,WWVCWKWNVMYOAL,True,True
904,584,C=CC(=O)NC1=CC=CC(N2C(=O)C=C(C)C3=CN=C(NC4=CC=C(N5CCN(CCCCCCCCCC(=O)N[C@H](C(=O)N6C[C@H](O)C[C@H]6C(=O)NCC6=CC=C(C7=C(C)N=CS7)C=C6)C(C)(C)C)CC5)C=C4OC)N=C32)=C1,P00533,VHL,P40337,0,WWVCWKWNVMYOAL,True,True
905,585,C=CC(=O)NC1=CC=CC(N2C(=O)C=C(C)C3=CN=C(NC4=CC=C(N5CCN(CCCCCCCC(=O)N[C@H](C(=O)N6C[C@H](O)C[C@H]6C(=O)NCC6=CC=C(C7=C(C)N=CS7)C=C6)C(C)(C)C)CC5)C=C4OC)N=C32)=C1,P00533,VHL,P40337,0,UKICTJWYEJNYHR,True,True
906,585,C=CC(=O)NC1=CC=CC(N2C(=O)C=C(C)C3=CN=C(NC4=CC=C(N5CCN(CCCCCCCC(=O)N[C@H](C(=O)N6C[C@H](O)C[C@H]6C(=O)NCC6=CC=C(C7=C(C)N=CS7)C=C6)C(C)(C)C)CC5)C=C4OC)N=C32)=C1,P00533,VHL,P40337,0,UKICTJWYEJNYHR,True,True
907,586,C=CC(=O)NC1=CC=CC(N2C(=O)C=C(C)C3=CN=C(NC4=CC=C(N5CCN(CCCCCC(=O)N[C@H](C(=O)N6C[C@H](O)C[C@H]6C(=O)NCC6=CC=C(C7=C(C)N=CS7)C=C6)C(C)(C)C)CC5)C=C4OC)N=C32)=C1,P00533,VHL,P40337,1,CBWIPIZLLNOTMZ,True,True
908,586,C=CC(=O)NC1=CC=CC(N2C(=O)C=C(C)C3=CN=C(NC4=CC=C(N5CCN(CCCCCC(=O)N[C@H](C(=O)N6C[C@H](O)C[C@H]6C(=O)NCC6=CC=C(C7=C(C)N=CS7)C=C6)C(C)(C)C)CC5)C=C4OC)N=C32)=C1,P00533,VHL,P40337,0,CBWIPIZLLNOTMZ,True,True
909,587,C=CC(=O)NC1=CC=CC(N2C(=O)C=C(C)C3=CN=C(NC4=CC=C(N5CCN(CCCC(=O)N[C@H](C(=O)N6C[C@H](O)C[C@H]6C(=O)NCC6=CC=C(C7=C(C)N=CS7)C=C6)C(C)(C)C)CC5)C=C4OC)N=C32)=C1,P00533,VHL,P40337,0,GHHZCEDRWNWCTG,True,True
910,587,C=CC(=O)NC1=CC=CC(N2C(=O)C=C(C)C3=CN=C(NC4=CC=C(N5CCN(CCCC(=O)N[C@H](C(=O)N6C[C@H](O)C[C@H]6C(=O)NCC6=CC=C(C7=C(C)N=CS7)C=C6)C(C)(C)C)CC5)C=C4OC)N=C32)=C1,P00533,VHL,P40337,0,GHHZCEDRWNWCTG,True,True
921,593,COC1=CC2=NC=NC(NC3=CC=C(F)C(Cl)=C3)=C2C=C1OCCCN1CCN(C(=O)CCCCCCCCCC(=O)N[C@H](C(=O)N2C[C@H](O)C[C@H]2C(=O)NCC2=CC=C(C3=C(C)N=CS3)C=C2)C(C)(C)C)CC1,P00533,VHL,P40337,1,HLFLODKZIGYHNR,True,True
922,593,COC1=CC2=NC=NC(NC3=CC=C(F)C(Cl)=C3)=C2C=C1OCCCN1CCN(C(=O)CCCCCCCCCC(=O)N[C@H](C(=O)N2C[C@H](O)C[C@H]2C(=O)NCC2=CC=C(C3=C(C)N=CS3)C=C2)C(C)(C)C)CC1,P00533,VHL,P40337,1,HLFLODKZIGYHNR,True,True
929,597,COC1=CC2=NC=NC(NC3=CC=C(F)C(Cl)=C3)=C2C=C1OCCCN1CCN(CCC(=O)NCCCCCCCCOC2=CC=CC3=C2C(=O)N(C2CCC(=O)NC2=O)C3=O)CC1,P00533,CRBN,Q96SW2,1,ALKKWBPMCDDKKA,True,True
930,597,COC1=CC2=NC=NC(NC3=CC=C(F)C(Cl)=C3)=C2C=C1OCCCN1CCN(CCC(=O)NCCCCCCCCOC2=CC=CC3=C2C(=O)N(C2CCC(=O)NC2=O)C3=O)CC1,P00533,CRBN,Q96SW2,1,ALKKWBPMCDDKKA,True,True
931,598,O=C(COC1=CC=CC2=C1C(=O)N(C1CCC(=O)NC1=O)C2=O)NCCCC(=O)N1CCC(NC(=O)C2=C(NC(=O)C3=C(Cl)C=CC=C3Cl)C=N[NH]2)CC1,P24941,CRBN,Q96SW2,0,QYQCPQCOTGJFJH,True,True
932,598,O=C(COC1=CC=CC2=C1C(=O)N(C1CCC(=O)NC1=O)C2=O)NCCCC(=O)N1CCC(NC(=O)C2=C(NC(=O)C3=C(Cl)C=CC=C3Cl)C=N[NH]2)CC1,P50750,CRBN,Q96SW2,0,QYQCPQCOTGJFJH,True,True
935,600,O=C(CCC(=O)N1CCC(NC(=O)C2=C(NC(=O)C3=C(Cl)C=CC=C3Cl)C=N[NH]2)CC1)NCCNC1=CC=CC2=C1C(=O)N(C1CCC(=O)NC1=O)C2=O,P24941,CRBN,Q96SW2,0,SFNVMXISDYVTJK,True,True
936,600,O=C(CCC(=O)N1CCC(NC(=O)C2=C(NC(=O)C3=C(Cl)C=CC=C3Cl)C=N[NH]2)CC1)NCCNC1=CC=CC2=C1C(=O)N(C1CCC(=O)NC1=O)C2=O,P50750,CRBN,Q96SW2,0,SFNVMXISDYVTJK,True,True
937,601,O=C(CCC(=O)N1CCC(NC(=O)C2=C(NC(=O)C3=C(Cl)C=CC=C3Cl)C=N[NH]2)CC1)NCCCCNC1=CC=CC2=C1C(=O)N(C1CCC(=O)NC1=O)C2=O,P24941,CRBN,Q96SW2,0,LCRUIXHKZDGQEU,True,True
938,601,O=C(CCC(=O)N1CCC(NC(=O)C2=C(NC(=O)C3=C(Cl)C=CC=C3Cl)C=N[NH]2)CC1)NCCCCNC1=CC=CC2=C1C(=O)N(C1CCC(=O)NC1=O)C2=O,P50750,CRBN,Q96SW2,0,LCRUIXHKZDGQEU,True,True
939,602,O=C(CCC(=O)N1CCC(NC(=O)C2=C(NC(=O)C3=C(Cl)C=CC=C3Cl)C=N[NH]2)CC1)NCCCCCCNC1=CC=CC2=C1C(=O)N(C1CCC(=O)NC1=O)C2=O,P24941,CRBN,Q96SW2,0,DQXIAQMKNGYGDW,True,True
940,602,O=C(CCC(=O)N1CCC(NC(=O)C2=C(NC(=O)C3=C(Cl)C=CC=C3Cl)C=N[NH]2)CC1)NCCCCCCNC1=CC=CC2=C1C(=O)N(C1CCC(=O)NC1=O)C2=O,P50750,CRBN,Q96SW2,0,DQXIAQMKNGYGDW,True,True
941,603,O=C(CCC(=O)N1CCC(NC(=O)C2=C(NC(=O)C3=C(Cl)C=CC=C3Cl)C=N[NH]2)CC1)NCCNC(=O)COC1=CC=CC2=C1C(=O)N(C1CCC(=O)NC1=O)C2=O,P24941,CRBN,Q96SW2,0,CCBJHEFTSORGTK,True,True
942,603,O=C(CCC(=O)N1CCC(NC(=O)C2=C(NC(=O)C3=C(Cl)C=CC=C3Cl)C=N[NH]2)CC1)NCCNC(=O)COC1=CC=CC2=C1C(=O)N(C1CCC(=O)NC1=O)C2=O,P50750,CRBN,Q96SW2,0,CCBJHEFTSORGTK,True,True
943,604,O=C(CCC(=O)N1CCC(NC(=O)C2=C(NC(=O)C3=C(Cl)C=CC=C3Cl)C=N[NH]2)CC1)NCCCCNC(=O)COC1=CC=CC2=C1C(=O)N(C1CCC(=O)NC1=O)C2=O,P24941,CRBN,Q96SW2,0,YFJRYUARJIDLMN,True,True
944,604,O=C(CCC(=O)N1CCC(NC(=O)C2=C(NC(=O)C3=C(Cl)C=CC=C3Cl)C=N[NH]2)CC1)NCCCCNC(=O)COC1=CC=CC2=C1C(=O)N(C1CCC(=O)NC1=O)C2=O,P50750,CRBN,Q96SW2,0,YFJRYUARJIDLMN,True,True
945,605,O=C(CCC(=O)N1CCC(NC(=O)C2=C(NC(=O)C3=C(Cl)C=CC=C3Cl)C=N[NH]2)CC1)NCCCCCCNC(=O)COC1=CC=CC2=C1C(=O)N(C1CCC(=O)NC1=O)C2=O,P24941,CRBN,Q96SW2,0,CLSOISUBUKOHQI,True,True
946,605,O=C(CCC(=O)N1CCC(NC(=O)C2=C(NC(=O)C3=C(Cl)C=CC=C3Cl)C=N[NH]2)CC1)NCCCCCCNC(=O)COC1=CC=CC2=C1C(=O)N(C1CCC(=O)NC1=O)C2=O,P50750,CRBN,Q96SW2,0,CLSOISUBUKOHQI,True,True
948,606,O=C(COC1=CC=CC2=C1C(=O)N(C1CCC(=O)NC1=O)C2=O)NCCOCCOCC(=O)N1CCC(NC(=O)C2=C(NC(=O)C3=C(Cl)C=CC=C3Cl)C=N[NH]2)CC1,P50750,CRBN,Q96SW2,0,KTLSDRIBLSMWHN,True,True
949,607,O=C(CCC(=O)N1CCC(NC(=O)C2=C(NC(=O)C3=C(Cl)C=CC=C3Cl)C=N[NH]2)CC1)NCCCOCCOCCOCCCNC(=O)COC1=CC=CC2=C1C(=O)N(C1CCC(=O)NC1=O)C2=O,P24941,CRBN,Q96SW2,0,BMDDGQMQYPWSHA,True,True
950,607,O=C(CCC(=O)N1CCC(NC(=O)C2=C(NC(=O)C3=C(Cl)C=CC=C3Cl)C=N[NH]2)CC1)NCCCOCCOCCOCCCNC(=O)COC1=CC=CC2=C1C(=O)N(C1CCC(=O)NC1=O)C2=O,P50750,CRBN,Q96SW2,0,BMDDGQMQYPWSHA,True,True
955,610,O=C(CCC(=O)N1CCN(CC2=CC=C(NC(=O)C3=C(NC4=NC=NC5=C4C=C[NH]5)C=N[NH]3)C=C2)CC1)NCCNC1=CC=CC2=C1C(=O)N(C1CCC(=O)NC1=O)C2=O,P24941,CRBN,Q96SW2,1,BRYMZSSAIDEFEM,True,True
956,610,O=C(CCC(=O)N1CCN(CC2=CC=C(NC(=O)C3=C(NC4=NC=NC5=C4C=C[NH]5)C=N[NH]3)C=C2)CC1)NCCNC1=CC=CC2=C1C(=O)N(C1CCC(=O)NC1=O)C2=O,P50750,CRBN,Q96SW2,1,BRYMZSSAIDEFEM,True,True
959,612,O=C(CCC(=O)N1CCN(CC2=CC=C(NC(=O)C3=C(NC4=NC=NC5=C4C=C[NH]5)C=N[NH]3)C=C2)CC1)NCCCCCCNC1=CC=CC2=C1C(=O)N(C1CCC(=O)NC1=O)C2=O,P24941,CRBN,Q96SW2,0,LGNHFZATSNUGSF,True,True
961,613,O=C(CCC(=O)N1CCN(CC2=CC=C(NC(=O)C3=C(NC4=NC=NC5=C4C=C[NH]5)C=N[NH]3)C=C2)CC1)NCCNC(=O)COC1=CC=CC2=C1C(=O)N(C1CCC(=O)NC1=O)C2=O,P24941,CRBN,Q96SW2,0,RXCNFYHHBZVFLZ,True,True
963,614,O=C(CCC(=O)N1CCN(CC2=CC=C(NC(=O)C3=C(NC4=NC=NC5=C4C=C[NH]5)C=N[NH]3)C=C2)CC1)NCCCCNC(=O)COC1=CC=CC2=C1C(=O)N(C1CCC(=O)NC1=O)C2=O,P24941,CRBN,Q96SW2,0,RXDRMOWDQPUCEN,True,True
964,614,O=C(CCC(=O)N1CCN(CC2=CC=C(NC(=O)C3=C(NC4=NC=NC5=C4C=C[NH]5)C=N[NH]3)C=C2)CC1)NCCCCNC(=O)COC1=CC=CC2=C1C(=O)N(C1CCC(=O)NC1=O)C2=O,P50750,CRBN,Q96SW2,0,RXDRMOWDQPUCEN,True,True
965,615,O=C(CCC(=O)N1CCN(CC2=CC=C(NC(=O)C3=C(NC4=NC=NC5=C4C=C[NH]5)C=N[NH]3)C=C2)CC1)NCCCCCCNC(=O)COC1=CC=CC2=C1C(=O)N(C1CCC(=O)NC1=O)C2=O,P24941,CRBN,Q96SW2,0,ZNSGBSSBUDPPPG,True,True
966,615,O=C(CCC(=O)N1CCN(CC2=CC=C(NC(=O)C3=C(NC4=NC=NC5=C4C=C[NH]5)C=N[NH]3)C=C2)CC1)NCCCCCCNC(=O)COC1=CC=CC2=C1C(=O)N(C1CCC(=O)NC1=O)C2=O,P50750,CRBN,Q96SW2,0,ZNSGBSSBUDPPPG,True,True
967,616,O=C(COC1=CC=CC2=C1C(=O)N(C1CCC(=O)NC1=O)C2=O)NCCOCCOCC(=O)N1CCN(CC2=CC=C(NC(=O)C3=C(NC4=NC=NC5=C4C=C[NH]5)C=N[NH]3)C=C2)CC1,P24941,CRBN,Q96SW2,0,GIWSRJDJCKRGHO,True,True
969,617,O=C(CCC(=O)N1CCN(CC2=CC=C(NC(=O)C3=C(NC4=NC=NC5=C4C=C[NH]5)C=N[NH]3)C=C2)CC1)NCCCOCCOCCOCCCNC(=O)COC1=CC=CC2=C1C(=O)N(C1CCC(=O)NC1=O)C2=O,P24941,CRBN,Q96SW2,0,BJAGLKVNYNKNRP,True,True
970,617,O=C(CCC(=O)N1CCN(CC2=CC=C(NC(=O)C3=C(NC4=NC=NC5=C4C=C[NH]5)C=N[NH]3)C=C2)CC1)NCCCOCCOCCOCCCNC(=O)COC1=CC=CC2=C1C(=O)N(C1CCC(=O)NC1=O)C2=O,P50750,CRBN,Q96SW2,0,BJAGLKVNYNKNRP,True,True
977,624,CC1=C(C2=CC=C([C@H](C)NC(=O)[C@@H]3C[C@@H](O)CN3C(=O)[C@@H](NC(=O)CCCCCN3CCN(CC[C@H](CSC4=CC=CC=C4)NC4=CC=C(S(=O)(=O)NC(=O)C5=CC=C(N6CCN(CC7=C(C8=CC=C(Cl)C=C8)CCC(C)(C)C7)CC6)C=C5)C=C4S(=O)(=O)C(F)(F)F)CC3)C(C)(C)C)C=C2)SC=N1,Q07817,VHL,P40337,1,FQLHSKINBMZPFV,True,True
988,635,CC1=C(C2=CC=C([C@H](C)NC(=O)[C@@H]3C[C@@H](O)CN3C(=O)[C@@H](NC(=O)CCCCCCN(C)CC[C@H](CSC3=CC=CC=C3)NC3=CC=C(S(=O)(=O)NC(=O)C4=CC=C(N5CCN(CC6=C(C7=CC=C(Cl)C=C7)CCC(C)(C)C6)CC5)C=C4)C=C3S(=O)(=O)C(F)(F)F)C(C)(C)C)C=C2)SC=N1,Q07817,VHL,P40337,1,CZOKQVGGYUWHCE,True,True
1010,657,CC1(C)CCC(C2=CC=C(Cl)C=C2)=C(CN2CCN(C3=CC=C(C(=O)NS(=O)(=O)C4=CC=C(N[C@H](CCN5CCN(CCOCCOCCOCCNC6=CC=CC7=C6C(=O)N(C6CCC(=O)NC6=O)C7=O)CC5)CSC5=CC=CC=C5)C(S(=O)(=O)C(F)(F)F)=C4)C=C3)CC2)C1,Q07817,CRBN,Q96SW2,1,NCWWDSSVLZQYKO,True,True
1015,662,CN(CCCCCCCN1C=C(COCCOCCNC2=CC=CC3=C2C(=O)N(C2CCC(=O)NC2=O)C3=O)N=N1)CC[C@H](CSC1=CC=CC=C1)NC1=CC=C(S(=O)(=O)NC(=O)C2=CC=C(N3CCN(CC4=C(C5=CC=C(Cl)C=C5)CCC(C)(C)C4)CC3)C=C2)C=C1S(=O)(=O)C(F)(F)F,Q07817,CRBN,Q96SW2,1,ZFKTXHMPLCYQMU,True,True
1017,664,CN(CCCNC1=CC=CC2=C1C(=O)N(C1CCC(=O)NC1=O)C2=O)CC[C@H](CSC1=CC=CC=C1)NC1=CC=C(S(=O)(=O)NC(=O)C2=CC=C(N3CCN(CC4=C(C5=CC=C(Cl)C=C5)CCC(C)(C)C4)CC3)C=C2)C=C1S(=O)(=O)C(F)(F)F,Q07817,CRBN,Q96SW2,1,HUFMCQSCXIKKGP,True,True
1023,670,CN(CCOCCOCCOCCNC1=CC=CC2=C1C(=O)N(C1CCC(=O)NC1=O)C2=O)CC[C@H](CSC1=CC=CC=C1)NC1=CC=C(S(=O)(=O)NC(=O)C2=CC=C(N3CCN(CC4=C(C5=CC=C(Cl)C=C5)CCC(C)(C)C4)CC3)C=C2)C=C1S(=O)(=O)C(F)(F)F,Q07817,CRBN,Q96SW2,1,RTASGZOITGGVPZ,True,True
1053,697,CC1=C(C2=CC=C([C@H](C)NC(=O)[C@@H]3C[C@@H](O)CN3C(=O)[C@@H](NC(=O)CCCCCC(=O)N3CCN(CC[C@H](CSC4=CC=CC=C4)NC4=CC=C(S(=O)(=O)NC(=O)C5=CC=C(N6CCN(CC7=C(C8=CC=C(Cl)C=C8)CCC(C)(C)C7)CC6)C=C5)C=C4S(=O)(=O)C(F)(F)F)CC3)C(C)(C)C)C=C2)SC=N1,Q07817,VHL,P40337,1,PXVFFBGSTYQHRO,True,True
1054,697,CC1=C(C2=CC=C([C@H](C)NC(=O)[C@@H]3C[C@@H](O)CN3C(=O)[C@@H](NC(=O)CCCCCC(=O)N3CCN(CC[C@H](CSC4=CC=CC=C4)NC4=CC=C(S(=O)(=O)NC(=O)C5=CC=C(N6CCN(CC7=C(C8=CC=C(Cl)C=C8)CCC(C)(C)C7)CC6)C=C5)C=C4S(=O)(=O)C(F)(F)F)CC3)C(C)(C)C)C=C2)SC=N1,Q07817,VHL,P40337,1,PXVFFBGSTYQHRO,True,True
1061,701,CC(=O)C1=C(C)C2=CN=C(NC3=CC=C(N4CCN(CCCCNC(=O)CNC5=CC=CC6=C5C(=O)N(C5CCC(=O)NC5=O)C6=O)CC4)C=N3)N=C2N(C2CCCC2)C1=O,P11802,CRBN,Q96SW2,1,AWPNCYPNCSCZFL,True,True
1065,701,CC(=O)C1=C(C)C2=CN=C(NC3=CC=C(N4CCN(CCCCNC(=O)CNC5=CC=CC6=C5C(=O)N(C5CCC(=O)NC5=O)C6=O)CC4)C=N3)N=C2N(C2CCCC2)C1=O,Q00534,CRBN,Q96SW2,1,AWPNCYPNCSCZFL,True,True
1098,714,O=C1CCC(N2C(=O)C3=CC=CC(NCCOCCOCCOCCOCCNC(=O)C4=CC=C(CN(CC5CCNCC5)S(=O)(=O)C5=CC=C(S(=O)(=O)N(CC6=CC=C(Cl)C=C6)C6CCCC6)C=C5)C=C4)=C3C2=O)C(=O)N1,O43924,CRBN,Q96SW2,1,OWYXKRGXEAHYMU,True,True
1101,717,O=C1CCC(N2C(=O)C3=CC=CC(NCCOCCOCC4=CN(CCCC(=O)N5CCN(CC#CC6=CC=C(OCCCC7=C(C(=O)O)N=C(N8CCC9=CC=CC(C(=O)NC%10=NC%11=CC=CC=C%11S%10)=C9C8)S7)C(F)=C6)CC5)N=N4)=C3C2=O)C(=O)N1,Q07817,CRBN,Q96SW2,1,KDSYVLYKZZKENZ,True,True
1103,719,CC(=O)C1=C(C)C2=CN=C(NC3=CC=C(N4CCN(CC5=CN(CCCCCC(=O)NC6=CC=CC7=C6C(=O)N(C6CCC(=O)NC6=O)C7=O)N=N5)CC4)C=N3)N=C2N(C2CCCC2)C1=O,P11802,CRBN,Q96SW2,1,JSJGLYIYFOFJTA,True,True
1104,719,CC(=O)C1=C(C)C2=CN=C(NC3=CC=C(N4CCN(CC5=CN(CCCCCC(=O)NC6=CC=CC7=C6C(=O)N(C6CCC(=O)NC6=O)C7=O)N=N5)CC4)C=N3)N=C2N(C2CCCC2)C1=O,Q00534,CRBN,Q96SW2,1,JSJGLYIYFOFJTA,True,True
1107,721,CN(C)C(=O)C1=CC2=CN=C(NC3=CC=C(N4CCN(CC5=CN(CCCCCC(=O)NC6=CC=CC7=C6C(=O)N(C6CCC(=O)NC6=O)C7=O)N=N5)CC4)C=N3)N=C2N1C1CCCC1,P11802,CRBN,Q96SW2,1,JYILVSNNISWWAT,True,True
1108,721,CN(C)C(=O)C1=CC2=CN=C(NC3=CC=C(N4CCN(CC5=CN(CCCCCC(=O)NC6=CC=CC7=C6C(=O)N(C6CCC(=O)NC6=O)C7=O)N=N5)CC4)C=N3)N=C2N1C1CCCC1,Q00534,CRBN,Q96SW2,0,JYILVSNNISWWAT,True,True
1111,723,CCCCN(CC1=CC=C(C(=O)NO)C=C1)C(=O)NC1=CC=C(NC(=O)CCCC2=CN(CCOCCNC3=CC=CC4=C3C(=O)N(C3CCC(=O)NC3=O)C4=O)N=N2)C=C1,Q9UBN7,CRBN,Q96SW2,1,ASTBYSZIHNGCIB,True,True
1141,740,CC(=O)C1=C(C)C2=CN=C(NC3=CC=C(N4CCN(CCCCCCCC(=O)N[C@H](C(=O)N5C[C@H](O)C[C@H]5C(=O)N[C@@H](C)C5=CC=C(C6=C(C)N=CS6)C=C5)C(C)(C)C)CC4)C=N3)N=C2N(C2CCCC2)C1=O,P11802,VHL,P40337,1,ORKAKWRVOOOMDD,True,True
1142,740,CC(=O)C1=C(C)C2=CN=C(NC3=CC=C(N4CCN(CCCCCCCC(=O)N[C@H](C(=O)N5C[C@H](O)C[C@H]5C(=O)N[C@@H](C)C5=CC=C(C6=C(C)N=CS6)C=C5)C(C)(C)C)CC4)C=N3)N=C2N(C2CCCC2)C1=O,Q00534,VHL,P40337,1,ORKAKWRVOOOMDD,True,True
1143,741,CC(=O)C1=C(C)C2=CN=C(NC3=CC=C(N4CCN(CCOCCOCCOCC(=O)N[C@H](C(=O)N5C[C@H](O)C[C@H]5C(=O)N[C@@H](C)C5=CC=C(C6=C(C)N=CS6)C=C5)C(C)(C)C)CC4)C=N3)N=C2N(C2CCCC2)C1=O,P11802,VHL,P40337,0,RSMLEVNIFFMOJA,True,True
1144,741,CC(=O)C1=C(C)C2=CN=C(NC3=CC=C(N4CCN(CCOCCOCCOCC(=O)N[C@H](C(=O)N5C[C@H](O)C[C@H]5C(=O)N[C@@H](C)C5=CC=C(C6=C(C)N=CS6)C=C5)C(C)(C)C)CC4)C=N3)N=C2N(C2CCCC2)C1=O,P11802,VHL,P40337,1,RSMLEVNIFFMOJA,True,True
1145,741,CC(=O)C1=C(C)C2=CN=C(NC3=CC=C(N4CCN(CCOCCOCCOCC(=O)N[C@H](C(=O)N5C[C@H](O)C[C@H]5C(=O)N[C@@H](C)C5=CC=C(C6=C(C)N=CS6)C=C5)C(C)(C)C)CC4)C=N3)N=C2N(C2CCCC2)C1=O,Q00534,VHL,P40337,1,RSMLEVNIFFMOJA,True,True
1146,741,CC(=O)C1=C(C)C2=CN=C(NC3=CC=C(N4CCN(CCOCCOCCOCC(=O)N[C@H](C(=O)N5C[C@H](O)C[C@H]5C(=O)N[C@@H](C)C5=CC=C(C6=C(C)N=CS6)C=C5)C(C)(C)C)CC4)C=N3)N=C2N(C2CCCC2)C1=O,Q00534,VHL,P40337,1,RSMLEVNIFFMOJA,True,True
1147,742,CC(=O)C1=C(C)C2=CN=C(NC3=CC=C(N4CCN(CC(=O)NCCOCCOCCOCCC(=O)N[C@H](C(=O)N5C[C@H](O)C[C@H]5C(=O)N[C@@H](C)C5=CC=C(C6=C(C)N=CS6)C=C5)C(C)(C)C)CC4)C=N3)N=C2N(C2CCCC2)C1=O,P11802,VHL,P40337,0,CTPCMILSWFJJJB,True,True
1148,742,CC(=O)C1=C(C)C2=CN=C(NC3=CC=C(N4CCN(CC(=O)NCCOCCOCCOCCC(=O)N[C@H](C(=O)N5C[C@H](O)C[C@H]5C(=O)N[C@@H](C)C5=CC=C(C6=C(C)N=CS6)C=C5)C(C)(C)C)CC4)C=N3)N=C2N(C2CCCC2)C1=O,Q00534,VHL,P40337,0,CTPCMILSWFJJJB,True,True
1149,743,CN[C@@H](C)C(=O)N[C@H](C(=O)N1C[C@@H](NC(=O)CCCCCCCN2CCN(C3=CC=C(NC4=NC=C5C(C)=C(C(C)=O)C(=O)N(C6CCCC6)C5=N4)N=C3)CC2)C[C@H]1C(=O)NC1=C(F)C=CC=C1F)C(C)(C)C,P11802,cIAP1,Q13490,1,OUTLYXINOACMSY,True,True
1150,743,CN[C@@H](C)C(=O)N[C@H](C(=O)N1C[C@@H](NC(=O)CCCCCCCN2CCN(C3=CC=C(NC4=NC=C5C(C)=C(C(C)=O)C(=O)N(C6CCCC6)C5=N4)N=C3)CC2)C[C@H]1C(=O)NC1=C(F)C=CC=C1F)C(C)(C)C,Q00534,cIAP1,Q13490,1,OUTLYXINOACMSY,True,True
1151,744,CN[C@@H](C)C(=O)N[C@H](C(=O)N1C[C@@H](NC(=O)COCCOCCOCCN2CCN(C3=CC=C(NC4=NC=C5C(C)=C(C(C)=O)C(=O)N(C6CCCC6)C5=N4)N=C3)CC2)C[C@H]1C(=O)NC1=C(F)C=CC=C1F)C(C)(C)C,P11802,cIAP1,Q13490,1,MFTRNYPINLZRSO,True,True
1152,744,CN[C@@H](C)C(=O)N[C@H](C(=O)N1C[C@@H](NC(=O)COCCOCCOCCN2CCN(C3=CC=C(NC4=NC=C5C(C)=C(C(C)=O)C(=O)N(C6CCCC6)C5=N4)N=C3)CC2)C[C@H]1C(=O)NC1=C(F)C=CC=C1F)C(C)(C)C,Q00534,cIAP1,Q13490,1,MFTRNYPINLZRSO,True,True
1153,745,CN[C@@H](C)C(=O)N[C@H](C(=O)N1C[C@@H](NC(=O)CCOCCOCCOCCNC(=O)CN2CCN(C3=CC=C(NC4=NC=C5C(C)=C(C(C)=O)C(=O)N(C6CCCC6)C5=N4)N=C3)CC2)C[C@H]1C(=O)NC1=C(F)C=CC=C1F)C(C)(C)C,P11802,cIAP1,Q13490,0,DNVODRITWXGBQB,True,True
1154,745,CN[C@@H](C)C(=O)N[C@H](C(=O)N1C[C@@H](NC(=O)CCOCCOCCOCCNC(=O)CN2CCN(C3=CC=C(NC4=NC=C5C(C)=C(C(C)=O)C(=O)N(C6CCCC6)C5=N4)N=C3)CC2)C[C@H]1C(=O)NC1=C(F)C=CC=C1F)C(C)(C)C,Q00534,cIAP1,Q13490,0,DNVODRITWXGBQB,True,True
1155,746,CC(=O)C1=C(C)C2=CN=C(NC3=CC=C(N4CCN(CCOCCOCCNC(=O)CNC5=CC=CC6=C5C(=O)N(C5CCC(=O)NC5=O)C6=O)CC4)C=N3)N=C2N(C2CCCC2)C1=O,P11802,CRBN,Q96SW2,1,JWNZXWGMBRXMPK,True,True
1156,746,CC(=O)C1=C(C)C2=CN=C(NC3=CC=C(N4CCN(CCOCCOCCNC(=O)CNC5=CC=CC6=C5C(=O)N(C5CCC(=O)NC5=O)C6=O)CC4)C=N3)N=C2N(C2CCCC2)C1=O,Q00534,CRBN,Q96SW2,1,JWNZXWGMBRXMPK,True,True
1160,750,CC1=C(C2=CC=C(CNC(=O)[C@@H]3C[C@@H](O)CN3C(=O)[C@@H](NC(=O)COCCOCCN3CCC(N4N=C(C5=CC=C(OC6=CC=CC=C6)C=C5)C5=C(N)N=CN=C54)CC3)C(C)(C)C)C=C2)SC=N1,Q06187,VHL,P40337,0,RIOHYDUGYNZWPD,True,True
1161,751,CC1=C(C2=CC=C(CNC(=O)[C@@H]3C[C@@H](O)CN3C(=O)[C@H](C(C)C)N3CC4=CC=CC=C4C3=O)C(OCCCCOCCCCN3CCC(N4N=C(C5=CC=C(OC6=CC=CC=C6)C=C5)C5=C(N)N=CN=C54)CC3)=C2)SC=N1,Q06187,VHL,P40337,0,VFRJYHIRKCDWOQ,True,True
1162,752,CC1=C(C2=CC=C(CNC(=O)[C@@H]3C[C@@H](O)CN3C(=O)[C@H](C(C)C)N3CC4=CC=CC=C4C3=O)C(OCCCOCCC(=O)N3CCC(N4N=C(C5=CC=C(OC6=CC=CC=C6)C=C5)C5=C(N)N=CN=C54)CC3)=C2)SC=N1,Q06187,VHL,P40337,0,YAKBRBQHMAONAH,True,True
1163,753,NC1=NC=NC2=C1C(C1=CC=C(OC3=CC=CC=C3)C=C1)=NN2C1CCN(CCOCCOCCOC2=CC=C3C(=O)N(C4CCC(=O)NC4=O)C(=O)C3=C2)CC1,Q06187,CRBN,Q96SW2,1,KCRCMDOSXFUJPF,True,True
1164,754,NC1=NC=NC2=C1C(C1=CC=C(OC3=CC=CC=C3)C=C1)=NN2C1CCN(CCOCCOCCOC2=CC=C3C(=O)N(C4CCC(=O)NC4=O)CC3=C2)CC1,Q06187,CRBN,Q96SW2,1,UJJYPBWMGIPXOE,True,True
1169,757,O=C1CCC(N2CC3=C(NC(=O)CCCCCCCCCN4C=C(NC5=NC=C(Cl)C(NCC6=CC(F)=CC=C6F)=N5)C=N4)C=CC=C3C2=O)C(=O)N1,P23458,CRBN,Q96SW2,0,JSTLWCARHCKNPZ,True,True
1170,757,O=C1CCC(N2CC3=C(NC(=O)CCCCCCCCCN4C=C(NC5=NC=C(Cl)C(NCC6=CC(F)=CC=C6F)=N5)C=N4)C=CC=C3C2=O)C(=O)N1,O60674,CRBN,Q96SW2,0,JSTLWCARHCKNPZ,True,True
1173,759,CC1=C(C2=CC=C(CNC(=O)[C@@H]3C[C@@H](O)CN3C(=O)[C@@H](NC(=O)COCCOCCOCCOCCN3C=C(NC4=NC=C(Cl)C(NCC5=CC(F)=CC=C5F)=N4)C=N3)C(C)(C)C)C=C2)SC=N1,P23458,VHL,P40337,0,ZZTHHMXNWQYUOO,True,True
1174,759,CC1=C(C2=CC=C(CNC(=O)[C@@H]3C[C@@H](O)CN3C(=O)[C@@H](NC(=O)COCCOCCOCCOCCN3C=C(NC4=NC=C(Cl)C(NCC5=CC(F)=CC=C5F)=N4)C=N3)C(C)(C)C)C=C2)SC=N1,O60674,VHL,P40337,0,ZZTHHMXNWQYUOO,True,True
1175,760,O=C1CCC(N2CC3=C(NC(=O)COCCOCCOCCOCCN4C=C(NC5=NC=C(Cl)C(NCC6=CC(F)=CC=C6F)=N5)C=N4)C=CC=C3C2=O)C(=O)N1,P23458,CRBN,Q96SW2,0,ANVHTRZROROKIQ,True,True
1176,760,O=C1CCC(N2CC3=C(NC(=O)COCCOCCOCCOCCN4C=C(NC5=NC=C(Cl)C(NCC6=CC(F)=CC=C6F)=N5)C=N4)C=CC=C3C2=O)C(=O)N1,O60674,CRBN,Q96SW2,0,ANVHTRZROROKIQ,True,True
1185,765,CC1=C(C2=CC=C(CNC(=O)[C@@H]3C[C@@H](O)CN3C(=O)[C@@H](NC(=O)COCCOCCOCCOCCOC3=CC(F)=CC(CNC4=NC(NC5=CN(C)N=C5)=NC=C4Cl)=C3F)C(C)(C)C)C=C2)SC=N1,P23458,VHL,P40337,0,OOGRLHGJCRPASG,True,True
1186,765,CC1=C(C2=CC=C(CNC(=O)[C@@H]3C[C@@H](O)CN3C(=O)[C@@H](NC(=O)COCCOCCOCCOCCOC3=CC(F)=CC(CNC4=NC(NC5=CN(C)N=C5)=NC=C4Cl)=C3F)C(C)(C)C)C=C2)SC=N1,O60674,VHL,P40337,0,OOGRLHGJCRPASG,True,True
1199,772,COC1=CC(C2=CN=C3C=CC=C(C4=CC(F)=C(CN5CCS(=O)(=O)CC5)C(F)=C4)C3=N2)=CC=C1OCCCN1CCN(CCCCCCCCCC(=O)NC2=CC=CC3=C2CN(C2CCC(=O)NC2=O)C3=O)CC1,P23458,CRBN,Q96SW2,0,FZFBKTHMERWOJN,True,True
1200,772,COC1=CC(C2=CN=C3C=CC=C(C4=CC(F)=C(CN5CCS(=O)(=O)CC5)C(F)=C4)C3=N2)=CC=C1OCCCN1CCN(CCCCCCCCCC(=O)NC2=CC=CC3=C2CN(C2CCC(=O)NC2=O)C3=O)CC1,O60674,CRBN,Q96SW2,0,FZFBKTHMERWOJN,True,True
1203,774,COC1=CC(C2=CN=C3C=CC=C(C4=CC(F)=C(CN5CCS(=O)(=O)CC5)C(F)=C4)C3=N2)=CC=C1OCCCN1CCN(CCOCCOCCOCCOCC(=O)N[C@H](C(=O)N2C[C@H](O)C[C@H]2C(=O)NCC2=CC=C(C3=C(C)N=CS3)C=C2)C(C)(C)C)CC1,P23458,VHL,P40337,0,AQFFACIDFIVTBI,True,True
1204,774,COC1=CC(C2=CN=C3C=CC=C(C4=CC(F)=C(CN5CCS(=O)(=O)CC5)C(F)=C4)C3=N2)=CC=C1OCCCN1CCN(CCOCCOCCOCCOCC(=O)N[C@H](C(=O)N2C[C@H](O)C[C@H]2C(=O)NCC2=CC=C(C3=C(C)N=CS3)C=C2)C(C)(C)C)CC1,O60674,VHL,P40337,0,AQFFACIDFIVTBI,True,True
1205,775,COC1=CC(C2=CN=C3C=CC=C(C4=CC(F)=C(CN5CCS(=O)(=O)CC5)C(F)=C4)C3=N2)=CC=C1OCCCN1CCN(CCOCCOCCOCCOCC(=O)NC2=CC=CC3=C2CN(C2CCC(=O)NC2=O)C3=O)CC1,P23458,CRBN,Q96SW2,0,UFVPZQSQNJNLLV,True,True
1206,775,COC1=CC(C2=CN=C3C=CC=C(C4=CC(F)=C(CN5CCS(=O)(=O)CC5)C(F)=C4)C3=N2)=CC=C1OCCCN1CCN(CCOCCOCCOCCOCC(=O)NC2=CC=CC3=C2CN(C2CCC(=O)NC2=O)C3=O)CC1,O60674,CRBN,Q96SW2,0,UFVPZQSQNJNLLV,True,True
1231,796,CC1=C(C2=CC=C(CNC(=O)[C@@H]3C[C@@H](O)CN3C(=O)[C@@H](NC(=O)C3(F)CC3)C(C)(C)C)C(OCCOCCOCCN3CCN(C4=CC(C5=CC=CC=C5O)=NN=C4N)CC3)=C2)SC=N1,P51531,VHL,P40337,0,QCULBRPVCWJUKY,True,True
1232,796,CC1=C(C2=CC=C(CNC(=O)[C@@H]3C[C@@H](O)CN3C(=O)[C@@H](NC(=O)C3(F)CC3)C(C)(C)C)C(OCCOCCOCCN3CCN(C4=CC(C5=CC=CC=C5O)=NN=C4N)CC3)=C2)SC=N1,P51532,VHL,P40337,0,QCULBRPVCWJUKY,True,True
1237,798,CC1=C(C2=CC=C(CNC(=O)[C@@H]3C[C@@H](O)CN3C(=O)[C@@H](NC(=O)C3(F)CC3)C(C)(C)C)C(OCCOC3=CC=C(CN4CCN(C5=CC(C6=CC=CC=C6O)=NN=C5N)CC4)C=C3)=C2)SC=N1,P51531,VHL,P40337,1,IVARZBJJMMUJHI,True,True
1238,798,CC1=C(C2=CC=C(CNC(=O)[C@@H]3C[C@@H](O)CN3C(=O)[C@@H](NC(=O)C3(F)CC3)C(C)(C)C)C(OCCOC3=CC=C(CN4CCN(C5=CC(C6=CC=CC=C6O)=NN=C5N)CC4)C=C3)=C2)SC=N1,P51532,VHL,P40337,1,IVARZBJJMMUJHI,True,True
1239,798,CC1=C(C2=CC=C(CNC(=O)[C@@H]3C[C@@H](O)CN3C(=O)[C@@H](NC(=O)C3(F)CC3)C(C)(C)C)C(OCCOC3=CC=C(CN4CCN(C5=CC(C6=CC=CC=C6O)=NN=C5N)CC4)C=C3)=C2)SC=N1,Q86U86,VHL,P40337,1,IVARZBJJMMUJHI,True,True
1250,809,COC1=CC2=C(OC[C@@H]3CCC(=O)N3)N=CC(C#CCOCCOCCOCCC(=O)N[C@H](C(=O)N3C[C@H](O)C[C@H]3C(=O)NCC3=CC=C(C4=C(C)N=CS4)C=C3)C(C)(C)C)=C2C=C1C(N)=O,Q9NWZ3,VHL,P40337,0,HEUMLQGYGXEOHM,True,True
1251,810,COC1=CC2=C(OC[C@@H]3CCC(=O)N3)N=CC(C#CCCCCCCCCCCC(=O)N[C@H](C(=O)N3C[C@H](O)C[C@H]3C(=O)NCC3=CC=C(C4=C(C)N=CS4)C=C3)C(C)(C)C)=C2C=C1C(N)=O,Q9NWZ3,VHL,P40337,0,DFCKZXBDTTURLE,True,True
1252,811,COC1=CC2=C(OC[C@@H]3CCC(=O)N3)N=CC(C#CCOCCOCCOCCOC3=CC=CC4=C3C(=O)N(C3CCC(=O)NC3=O)C4=O)=C2C=C1C(N)=O,Q9NWZ3,CRBN,Q96SW2,0,NPHNFTBWNSEKQR,True,True
1253,812,COC1=CC2=C(OC[C@@H]3CCC(=O)N3)N=CC(C#CCCCCCCCCCCOC3=CC=CC4=C3C(=O)N(C3CCC(=O)NC3=O)C4=O)=C2C=C1C(N)=O,Q9NWZ3,CRBN,Q96SW2,0,POTNHTDKTOIKCT,True,True
1254,813,CN[C@@H](C)C(=O)N[C@H](C(=O)N1C[C@@H](NC(=O)CCOCCOCCOCC#CC2=CN=C(OC[C@@H]3CCC(=O)N3)C3=CC(OC)=C(C(N)=O)C=C23)C[C@H]1C(=O)N[C@@H]1CCCC2=CC=CC=C21)C1CCCCC1,Q9NWZ3,XIAP,P98170,0,OGZACTPFSVITBX,True,True
1255,814,CN[C@@H](C)C(=O)N[C@H](C(=O)N1C[C@@H](NC(=O)CCCCCCCCCCC#CC2=CN=C(OC[C@@H]3CCC(=O)N3)C3=CC(OC)=C(C(N)=O)C=C23)C[C@H]1C(=O)N[C@@H]1CCCC2=CC=CC=C21)C1CCCCC1,Q9NWZ3,XIAP,P98170,0,CVFKSFVSLDSCBQ,True,True
1256,815,CC[C@H]1[C@@H](COC2=NC=C(C#CCCCCCCCCCCC(=O)N[C@H](C(=O)N3C[C@H](O)C[C@H]3C(=O)NCC3=CC=C(C4=C(C)N=CS4)C=C3)C(C)(C)C)C3=CC(C(N)=O)=C(OC)C=C23)NC(=O)[C@H]1F,Q9NWZ3,VHL,P40337,0,OMTXYNZVPBTRTI,True,True
1257,816,CC[C@H]1[C@@H](COC2=NC=C(C#CCN3CCC4(CC3)CCN(C3=NC=C(C(=O)N[C@H](C(=O)N5C[C@H](O)C[C@H]5C(=O)NCC5=CC=C(C6=C(C)N=CS6)C=C5)C(C)(C)C)C=N3)CC4)C3=CC(C(N)=O)=C(OC)C=C23)NC(=O)[C@H]1F,Q9NWZ3,VHL,P40337,1,VCCDOPPWOSIMCD,True,True
1258,817,CC[C@@H]1C(=O)N(C)C2=CN=C(NC3=CC=C(C(=O)NCCOCCOCCNC4=CC=CC5=C4C(=O)N(C4CCC(=O)NC4=O)C5=O)C=C3OC)N=C2N1C1CCCC1,P53350,CRBN,Q96SW2,1,QSDZWQSDYJSGFC,True,True
1259,817,CC[C@@H]1C(=O)N(C)C2=CN=C(NC3=CC=C(C(=O)NCCOCCOCCNC4=CC=CC5=C4C(=O)N(C4CCC(=O)NC4=O)C5=O)C=C3OC)N=C2N1C1CCCC1,O60885,CRBN,Q96SW2,1,QSDZWQSDYJSGFC,True,True
1273,825,CC1=C(C2=CC=C([C@H](C)NC(=O)[C@@H]3C[C@@H](O)CN3C(=O)[C@@H](NC(=O)CCCCOC3=CC=C(/C=N/NC(=O)C4=CC=C(C(=O)C5=C(C6=CC=C(O)C=C6)SC6=CC(O)=CC=C56)C=C4)C=C3)C(C)(C)C)C=C2)SC=N1,P03372,VHL,P40337,1,VVAVIHDLCKOZJR,True,True
1308,860,CC1=C(C2=CC=C([C@H](C)NC(=O)[C@@H]3C[C@@H](O)CN3C(=O)[C@@H](NC(=O)CCCOC3=CC=C(/C=N/NC(=O)C4=CC=C(OC5=C(C6=CC=C(O)C=C6)SC6=CC(O)=CC=C56)C=C4)C=C3)C(C)(C)C)C=C2)SC=N1,P03372,VHL,P40337,0,QCDUJVGYYULYRO,True,True
1368,920,CC1=C(C2=CC=C([C@H](C)NC(=O)[C@@H]3C[C@@H](O)CN3C(=O)[C@@H](NC(=O)CCCCOC3=CC=C(CCNC(=O)C4=CC=C(C(=O)C5=C(C6=CC=C(O)C=C6)SC6=CC(O)=CC=C56)C=C4)C=C3)C(C)(C)C)C=C2)SC=N1,P03372,VHL,P40337,1,VXEYUCNJDJXFGM,True,True
1391,937,CC1=C(C2=CC=C(CNC(=O)[C@@H]3C[C@@H](O)CN3C(=O)[C@@H](NC(=O)CCCNC(=O)C3=CC=C(C4=CN=C(NCC5=CC=CO5)N5C=NN=C45)C=C3)C(C)(C)C)C=C2)SC=N1,O75530,VHL,P40337,0,PPNNFXIBKLCMTI,True,True
1392,937,CC1=C(C2=CC=C(CNC(=O)[C@@H]3C[C@@H](O)CN3C(=O)[C@@H](NC(=O)CCCNC(=O)C3=CC=C(C4=CN=C(NCC5=CC=CO5)N5C=NN=C45)C=C3)C(C)(C)C)C=C2)SC=N1,Q15910,VHL,P40337,0,PPNNFXIBKLCMTI,True,True
1414,943,C=CC(=O)N1CCN(C2=NC(NCCC(=O)NCCOCCOCCNC3=CC=CC4=C3C(=O)N(C3CCC(=O)NC3=O)C4=O)=NC3=C(F)C(C4=CC(O)=CC5=CC=CC=C45)=C(Cl)C=C23)CC1,P01116,CRBN,Q96SW2,0,ODGGYJAKYDILGA,True,True
1415,944,C=CC(=O)N1CCN(C2=NC(NCCC(=O)NCCOCCOCCOCCOCCNC3=CC=CC4=C3C(=O)N(C3CCC(=O)NC3=O)C4=O)=NC3=C(F)C(C4=CC(O)=CC5=CC=CC=C45)=C(Cl)C=C23)CC1,P01116,CRBN,Q96SW2,0,DAKJVBKAHBEOKW,True,True
1416,945,C=CC(=O)N1CCN(C2=NC(NCCCC3=CN(COCCOCCOCCC(=O)NC4=CC=CC5=C4CN(C4CCC(=O)NC4=O)C5=O)N=N3)=NC3=C(F)C(C4=CC(O)=CC5=CC=CC=C45)=C(Cl)C=C23)CC1,P01116,CRBN,Q96SW2,0,GPXFRGDBNKEVRH,True,True
1417,946,C=CC(=O)N1CCN(C2=NC(NCCOCCOCCOCCC3=CN(COCCOCCOCCC(=O)NC4=CC=CC5=C4CN(C4CCC(=O)NC4=O)C5=O)N=N3)=NC3=C(F)C(C4=CC(O)=CC5=CC=CC=C45)=C(Cl)C=C23)CC1,P01116,CRBN,Q96SW2,0,DIBIGUWOQSDFRL,True,True
1418,947,C=CC(=O)N1CCN(C2=NC(NCCOCCOCCOCCOC3=CC=CC4=C3C(=O)N(C3CCC(=O)NC3=O)C4=O)=NC3=C(F)C(C4=CC(O)=CC5=CC=CC=C45)=C(Cl)C=C23)CC1,P01116,CRBN,Q96SW2,0,OPNRFUAEKMDZSI,True,True
1419,948,C=CC(=O)N1CCN(C2=NC(NCCOCCOCCOCCOCCOC3=CC=CC4=C3C(=O)N(C3CCC(=O)NC3=O)C4=O)=NC3=C(F)C(C4=CC(O)=CC5=CC=CC=C45)=C(Cl)C=C23)CC1,P01116,CRBN,Q96SW2,0,LWKJTRZIDYEODR,True,True
1420,949,C=CC(=O)N1CCN(C2=NC(NCCOCCOCCOCCOCCOCCOC3=CC=CC4=C3C(=O)N(C3CCC(=O)NC3=O)C4=O)=NC3=C(F)C(C4=CC(O)=CC5=CC=CC=C45)=C(Cl)C=C23)CC1,P01116,CRBN,Q96SW2,0,SGSDFTJNSRZKHC,True,True
1421,950,C=CC(=O)N1CCN(C2=NC(NCCOCCOCCOCCNC3=CC=CC4=C3C(=O)N(C3CCC(=O)NC3=O)C4=O)=NC3=C(F)C(C4=CC(O)=CC5=CC=CC=C45)=C(Cl)C=C23)CC1,P01116,CRBN,Q96SW2,0,CDECUBDHQJBDTA,True,True
1422,951,C=CC(=O)N1CCN(C2=NC(NCCCCCCCCCCCCNC3=CC=CC4=C3C(=O)N(C3CCC(=O)NC3=O)C4=O)=NC3=C(F)C(C4=CC(O)=CC5=CC=CC=C45)=C(Cl)C=C23)CC1,P01116,CRBN,Q96SW2,0,FMYAMLPDKZOVMB,True,True
1423,952,C=CC(=O)N1CCN(C2=NC(NCCCN(C)CCCNC3=CC=CC4=C3C(=O)N(C3CCC(=O)NC3=O)C4=O)=NC3=C(F)C(C4=CC(O)=CC5=CC=CC=C45)=C(Cl)C=C23)CC1,P01116,CRBN,Q96SW2,0,MAMFJEPMCNQZMY,True,True
1424,953,C=CC(=O)N1CCN(C2=NC(NCCN3CCN(CCNC4=CC=CC5=C4C(=O)N(C4CCC(=O)NC4=O)C5=O)CC3)=NC3=C(F)C(C4=CC(O)=CC5=CC=CC=C45)=C(Cl)C=C23)CC1,P01116,CRBN,Q96SW2,0,SDUXHTCBZLYUKP,True,True
1425,954,C=CC(=O)N1CCN(C2=NC(NCCCN3CCN(CCCNC4=CC=CC5=C4C(=O)N(C4CCC(=O)NC4=O)C5=O)CC3)=NC3=C(F)C(C4=CC(O)=CC5=CC=CC=C45)=C(Cl)C=C23)CC1,P01116,CRBN,Q96SW2,0,HIBGKXYCBQYVSE,True,True
1426,955,C=CC(=O)N1CCN(C2=NC(NCCCCN3CCN(CCCCNC4=CC=CC5=C4C(=O)N(C4CCC(=O)NC4=O)C5=O)CC3)=NC3=C(F)C(C4=CC(O)=CC5=CC=CC=C45)=C(Cl)C=C23)CC1,P01116,CRBN,Q96SW2,0,UJEVNEOODDVMEG,True,True
1427,956,C=CC(=O)N1CCN(C2=NC(NCCOCCN3CCN(CCOCCNC4=CC=CC5=C4C(=O)N(C4CCC(=O)NC4=O)C5=O)CC3)=NC3=C(F)C(C4=CC(O)=CC5=CC=CC=C45)=C(Cl)C=C23)CC1,P01116,CRBN,Q96SW2,0,RYQCTLFDUKDMCW,True,True
1428,957,C=CC(=O)N1CCN(C2=NC(NCCOCCOCCNC3=CC=C4C(=O)N(C5CCC(=O)NC5=O)C(=O)C4=C3)=NC3=C(F)C(C4=CC(O)=CC5=CC=CC=C45)=C(Cl)C=C23)CC1,P01116,CRBN,Q96SW2,0,RFQOMIJEFMXCLB,True,True
1429,958,C=CC(=O)N1CCN(C2=NC(NCCCN3CCN(CCCNC4=CC=C5C(=O)N(C6CCC(=O)NC6=O)C(=O)C5=C4)CC3)=NC3=C(F)C(C4=CC(O)=CC5=CC=CC=C45)=C(Cl)C=C23)CC1,P01116,CRBN,Q96SW2,0,RETZCVHABXVOBC,True,True
1439,968,CC1=C(C2=CC=C(CNC(=O)[C@@H]3C[C@@H](O)CN3C(=O)[C@@H](NC(=O)COCCCCCOCCOCCCCCOCC(=O)NCCNC3=CC=CC4=C3C(=O)N(C3CCC(=O)NC3=O)C4=O)C(C)(C)C)C=C2)SC=N1,Q96SW2,VHL,P40337,0,PEZCAXDTKNFUCR,True,True
1446,975,CO[C@H]1C[C@@H]2CC[C@@H](C)[C@@](O)(O2)C(=O)C(=O)N2CCCC[C@H]2C(=O)O[C@H]([C@H](C)C[C@@H]2CC[C@@H](OCCOCC3=CN(CCOCCOCCNC4=CC=CC5=C4C(=O)N(C4CCC(=O)NC4=O)C5=O)N=N3)[C@H](OC)C2)CC(=O)[C@H](C)/C=C(\C)[C@@H](O)[C@@H](OC)C(=O)[C@H](C)C[C@H](C)/C=C/C=C/C=C/1C,P62942,CRBN,Q96SW2,1,XCSUEITWRRFFMN,True,True
1448,977,CN[C@@H](C)C(=O)N[C@H](C(=O)N1CC2=CC(OCCOCCOCCOCCOC3=CC4=NC=CC(NC5=CC=C6SC=NC6=C5)=C4C=C3S(=O)(=O)C(C)(C)C)=CC=C2C[C@H]1C(=O)N[C@@H]1CCCC2=CC=CC=C21)C(C)(C)C,O43353,cIAP1,Q13490,1,QEZBEUBDCKYYAV,True,True
1449,978,CC(C)(C)S(=O)(=O)C1=CC2=C(NC3=CC=C4SC=NC4=C3)C=CN=C2C=C1OCCOCCOCCOCCOCC(=O)NC1=CC=CC2=C1CN(C1CCC(=O)NC1=O)C2=O,O43353,CRBN,Q96SW2,1,BRZGXSNAXRPPFI,True,True
1452,980,CN[C@@H](C)C(=O)N[C@H](C(=O)N1C[C@@H](NC(=O)C2=CN=C(N3CCN(CCCOC4=CC5=NC=NC(NC6=N[NH]C(C)=C6C)=C5C=C4S(=O)(=O)C(C)(C)C)CC3)C=N2)C[C@H]1C(=O)NC1=C(F)C=CC=C1F)C(C)(C)C,O43353,cIAP1,Q13490,1,CHNBEZLJAQUZEX,True,True
1457,984,CC1=C(C2=CC=C(CNC(=O)[C@@H]3C[C@@H](O)CN3C(=O)[C@@H](NC(=O)CCOCCOCCOCCOCCOCCC(=O)NCCCOC(=O)NC(NC3=NC=CC=N3)C(Cl)(Cl)Cl)C(C)(C)C)C=C2)SC=N1,Q12834,VHL,P40337,0,BQQILUVLGKHSNJ,True,True
1471,998,CC1=C(C2=CC=C(CNC(=O)[C@@H]3C[C@@H](O)CN3C(=O)[C@@H](NC(=O)COCCOCCOCCOCCOCCOCC(=O)N[C@H](C(=O)N3C[C@H](O)C[C@H]3C(=O)NCC3=CC=C(C4=C(C)N=CS4)C=C3)C(C)(C)C)C(C)(C)C)C=C2)SC=N1,P40337,VHL,P40337,1,WGJCHHJGGFCCRS,True,True
1476,1003,CC[C@H](C)[C@H](N)C1=CN([C@@H](CC2=CC=C(O)C=C2)C(=O)N2CCN(C3=NC(NCCOCCOCCOCC4=CN(CCCCCC(=O)NC5=CC=CC6=C5C(=O)N(C5CCC(=O)NC5=O)C6=O)N=N4)=NC(N4CCN(C(=O)[C@H](CC5=CC=C(O)C=C5)N5C=C([C@@H](N)[C@@H](C)CC)N=N5)CC4)=N3)CC2)N=N1,Q16288,CRBN,Q96SW2,0,IFUNICMRISUORK,True,True
1481,1008,O=C1CCC(N2C(=O)C3=CC=CC(NCCOCCOCCN4C=C(CCCCN(CC5=CC=C(C(=O)NO)C=C5)C(=O)NC5=CC=CC=C5)N=N4)=C3C2=O)C(=O)N1,Q9UBN7,CRBN,Q96SW2,1,NLVMRCQAKUCFIA,True,True
1484,1011,CC1=C(C2=CC=C(CNC(=O)[C@@H]3C[C@@H](O)CN3C(=O)[C@@H](NC(=O)CCCCCCCCNC3=CC=CC4=C3C(=O)N(C3CCC(=O)NC3=O)C4=O)C(C)(C)C)C=C2)SC=N1,Q96SW2,VHL,P40337,1,UQJOJHWASBETAR,True,True
1485,1012,CC1=C(C2=CC=C(CNC(=O)[C@@H]3C[C@@H](O)CN3C(=O)[C@@H](NC(=O)CCCCCCCCCCNC3=CC=CC4=C3C(=O)N(C3CCC(=O)NC3=O)C4=O)C(C)(C)C)C=C2)SC=N1,Q96SW2,VHL,P40337,1,KSXVXTSIDVRZBR,True,True
1486,1013,CC1=C(C2=CC=C(CNC(=O)[C@@H]3C[C@@H](O)CN3C(=O)[C@@H](NC(=O)CCCCCCNC3=CC=CC4=C3C(=O)N(C3CCC(=O)NC3=O)C4=O)C(C)(C)C)C=C2)SC=N1,Q96SW2,VHL,P40337,0,NONAQRYFKJIZQD,True,True
1487,1014,CC1=C(C2=CC=C(CNC(=O)[C@@H]3C[C@@H](O)CN3C(=O)[C@@H](NC(=O)CCCCCCCCCCNC(=O)CNC3=CC=CC4=C3C(=O)N(C3CCC(=O)NC3=O)C4=O)C(C)(C)C)C=C2)SC=N1,Q96SW2,VHL,P40337,1,FWZROUMFDYURRM,True,True
1488,1015,CC1=C(C2=CC=C(CNC(=O)[C@@H]3C[C@@H](O)CN3C(=O)[C@@H](NC(=O)CCCCCCCCCCNC(=O)COC3=CC=CC4=C3C(=O)N(C3CCC(=O)NC3=O)C4=O)C(C)(C)C)C=C2)SC=N1,Q96SW2,VHL,P40337,0,NANCWGWHLCCPLL,True,True
1489,1016,CC1=C(C2=CC=C(CNC(=O)[C@@H]3C[C@@H](O)CN3C(=O)[C@@H](NC(=O)CCCCCC(=O)NC3=CC=CC4=C3C(=O)N(C3CCC(=O)NC3=O)C4=O)C(C)(C)C)C=C2)SC=N1,Q96SW2,VHL,P40337,0,ZBCXOELGHROVDK,True,True
1511,1038,CC/C(=C(\C1=CC=C(O)C=C1)C1=CC=C(OCCN(C)C(=O)COCCOCCOCCOC2=CC=CC(C(=O)C3=CSC([C@@H]4CCCN4C(=O)[C@@H](NC(=O)[C@H](C)NC)C4CCCCC4)=N3)=C2)C=C1)C1=CC=CC=C1,P03372,XIAP,P98170,1,ILLYWIKUEZHTSD,True,True
1512,1038,CC/C(=C(\C1=CC=C(O)C=C1)C1=CC=C(OCCN(C)C(=O)COCCOCCOCCOC2=CC=CC(C(=O)C3=CSC([C@@H]4CCCN4C(=O)[C@@H](NC(=O)[C@H](C)NC)C4CCCCC4)=N3)=C2)C=C1)C1=CC=CC=C1,P03372,XIAP,P98170,1,ILLYWIKUEZHTSD,True,True
1526,1051,CC/C(=C(\C1=CC=C(O)C=C1)C1=CC=C(OCCN(C)C(=O)COCCOCCOCCNC(=O)C2=CC(C3=CN=CC([C@@H]4CCCN4C(=O)[C@@H](NC(=O)[C@H](C)NC)C4CCCCC4)=C3)=CC=C2F)C=C1)C1=CC=CC=C1,P03372,XIAP,P98170,0,TYEBWQBTRDRKSI,True,True
1527,1052,CC/C(=C(\C1=CC=C(O)C=C1)C1=CC=C(OCCN(C)C(=O)COCCOCCOCCNC(=O)C2=CC=CC3=C2C=CN3C2=CN=CC([C@@H]3CCCN3C(=O)[C@@H](NC(=O)[C@H](C)NC)C(C)C)=C2)C=C1)C1=CC=CC=C1,P03372,XIAP,P98170,1,CEZKEOAAJBCWLN,True,True
1528,1053,CC/C(=C(\C1=CC=C(O)C=C1)C1=CC=C(OCCN(C)C(=O)COCCOCCOCCOC2=CC=CC(O[C@H]3C[C@@H](C(=O)N[C@@H]4CCCC5=CC=CC=C54)N(C(=O)[C@@H](NC(=O)[C@H](C)NC)C4CCCCC4)C3)=C2)C=C1)C1=CC=CC=C1,P03372,XIAP,P98170,1,DXLPZZKVYXMXOP,True,True
1529,1054,CC/C(=C(\C1=CC=C(O)C=C1)C1=CC=C(OCCN(C)C(=O)COCCOCCOCCOC2=CC=C(O[C@H]3C[C@@H](C(=O)N[C@@H]4CCCC5=CC=CC=C54)N(C(=O)[C@@H](NC(=O)[C@H](C)NC)C4CCCCC4)C3)C=C2)C=C1)C1=CC=CC=C1,P03372,XIAP,P98170,1,MVGYQGKJHVJHEF,True,True
1530,1055,CC/C(=C(\C1=CC=C(O)C=C1)C1=CC=C(OCCN(C)C(=O)COCCOCCOCCOC2=CC=CC(CCN3C[C@@H]4CC[C@H]3[C@@H](NC(=O)[C@@H](NC(=O)[C@H](C)NC)C3CCCCC3)C4)=C2)C=C1)C1=CC=CC=C1,P03372,XIAP,P98170,0,IMRBKDGQLBEWCO,True,True
1531,1056,CC/C(=C(\C1=CC=C(O)C=C1)C1=CC=C(OCCN(C)C(=O)COCCOCCOCCOC2=CC=CC=C2O[C@H]2C[C@@H](C(=O)N[C@@H]3CCCC4=CC=CC=C43)N(C(=O)[C@@H](NC(=O)[C@H](C)NC)C3CCCCC3)C2)C=C1)C1=CC=CC=C1,P03372,XIAP,P98170,1,NTGZVUKHLCPLPK,True,True
1532,1057,CC/C(=C(\C1=CC=C(O)C=C1)C1=CC=C(OCCN(C)C(=O)COCCOCCOCCOC2=CC=C(CCN3C[C@@H]4CC[C@H]3[C@@H](NC(=O)[C@@H](NC(=O)[C@H](C)NC)C3CCCCC3)C4)C=C2)C=C1)C1=CC=CC=C1,P03372,XIAP,P98170,0,RLQDLUGWXIZLOW,True,True
1533,1058,CC/C(=C(\C1=CC=C(O)C=C1)C1=CC=C(OCCN(C)C(=O)COCCOCCOCCOC2=CC=CC(C(=O)C3=CN=CC([C@@H]4CCCN4C(=O)[C@@H](NC(=O)[C@H](C)NC)C4CCCCC4)=C3)=C2)C=C1)C1=CC=CC=C1,P03372,XIAP,P98170,1,QLVUUHMLPDRYAZ,True,True
1534,1059,CC/C(=C(\C1=CC=C(O)C=C1)C1=CC=C(OCCN(C)C(=O)COCCOCCOCCOCC(=O)N2CCC([C@H](NC(=O)[C@H](C)NC)C(=O)N3CCC[C@H]3C3=NC4=C(C5=CC=CC=C5)N=CC=C4S3)CC2)C=C1)C1=CC=CC=C1,P03372,XIAP,P98170,1,BTEFBUSBBSDOGF,True,True
1535,1060,CC/C(=C(\C1=CC=C(O)C=C1)C1=CC=C(OCCN(C)C(=O)COCCOCCOCCOCC(=O)NCCCC[C@H](NC(=O)[C@H](C)NC)C(=O)N2CCC[C@H]2C(=O)NC2=C(C3=CC=CC=C3)N=NS2)C=C1)C1=CC=CC=C1,P03372,XIAP,P98170,1,MADKLDOJBWDGSR,True,True
1536,1061,CC/C(=C(\C1=CC=C(O)C=C1)C1=CC=C(OCCN(C)C(=O)COCCOCCOCCOC2=CC=CC(O[C@@H]3C[C@@H](C(=O)N[C@@H]4CCCC5=CC=CC=C54)N(C(=O)[C@@H](NC(=O)[C@H](C)NC)C4CCCCC4)C3)=C2)C=C1)C1=CC=CC=C1,P03372,XIAP,P98170,0,DXLPZZKVYXMXOP,True,True
1537,1062,CC/C(=C(\C1=CC=C(O)C=C1)C1=CC=C(OCCN(C)C(=O)COCCOCCOCCOC2=CC=C(O[C@H]3C[C@@H](C4=NC(C5=CC=C(F)C6=CC=CC=C56)=CS4)N(C(=O)[C@@H](NC(=O)[C@H](C)NC)C4CCCCC4)C3)C=C2)C=C1)C1=CC=CC=C1,P03372,XIAP,P98170,0,RTFPXJSTAFUILP,True,True
1538,1063,CC1=C(C#N)C(C2=CC=C(C#N)C=C2)=C(C)N1CC1=CC=C(C(=O)NCCOCCOCCOCCNC(=O)[C@H](CC(C)C)NC(=O)[C@@H](O)[C@H](N)CC2=CC=CC=C2)C=C1,P10275,cIAP1,Q13490,0,NHMJRWPSMORJLM,True,True
1539,1064,CC(C)C[C@H](NC(=O)[C@@H](O)[C@H](N)CC1=CC=CC=C1)C(=O)NCCOCCOCCOCCNC(=O)C1=CC=C(S(=O)(=O)CC(C)(O)C(=O)NC2=CC=C(C#N)C(C(F)(F)F)=C2)C=C1,P10275,cIAP1,Q13490,0,PIRRWGXSGGCAEW,True,True
1540,1065,CC1=NN(C2=CC=C(C#N)C(C(F)(F)F)=C2)C(C)=C1CC1=CC=C(C(=O)NCCOCCOCCOCCNC(=O)[C@H](CC(C)C)NC(=O)[C@@H](O)[C@H](N)CC2=CC=CC=C2)C=C1,P10275,cIAP1,Q13490,0,ZTVZRLVVINGLIZ,True,True
1541,1066,CC1=NN(C2=CC=C(C#N)C(Cl)=C2)C(C)=C1CCC1=CC=C(C(=O)NCCOCCOCCOCCNC(=O)[C@H](CC(C)C)NC(=O)[C@@H](O)[C@H](N)CC2=CC=CC=C2)C=C1,P10275,cIAP1,Q13490,0,LMIAQQBKBLWQGJ,True,True
1542,1067,CC1=NN(C2=CC=C(C#N)C=C2Cl)C(C)=C1CC1=CC=C(C(=O)NCCOCCOCCOCCNC(=O)[C@H](CC(C)C)NC(=O)[C@@H](O)[C@H](N)CC2=CC=CC=C2)C=C1,P10275,cIAP1,Q13490,0,ITBLIPSXEWWMSK,True,True
1552,1077,CN[C@@H](C)C(=O)N[C@H](C(=O)N1CCC[C@H]1C1=NC(C(=O)C2=CC=CC(OCCOC3=CC=C(OCCOC4=CC=C(CN5C(C)=C(C#N)C(C6=CC=C(C#N)C=C6)=C5C)C=C4)C=C3)=C2)=CS1)C1CCCCC1,P10275,cIAP1,Q13490,0,ZNAIGLCBFNYWAQ,True,True
1553,1078,CN[C@@H](C)C(=O)N[C@H](C(=O)N1CCC[C@H]1C1=NC(C(=O)C2=CC=CC(OCCOC3=CC=CC(OCCOC4=CC=C(CN5C(C)=C(C#N)C(C6=CC=C(C#N)C=C6)=C5C)C=C4)=C3)=C2)=CS1)C1CCCCC1,P10275,cIAP1,Q13490,0,VPTPISILDHXZGQ,True,True
1554,1079,CN[C@@H](C)C(=O)N[C@H](C(=O)N1CCC[C@H]1C1=NC(C(=O)C2=CC=CC(OCCOC3=CC=CC=C3OCCOC3=CC=C(CN4C(C)=C(C#N)C(C5=CC=C(C#N)C=C5)=C4C)C=C3)=C2)=CS1)C1CCCCC1,P10275,cIAP1,Q13490,0,MUSIDTNVTQLLCG,True,True
1556,1081,CCCS(=O)(=O)NC1=CC=C(F)C(N2C=C(C3=CN=CN=C3)C3=NC(N(C)C4CCN(C(=O)CCOCCOCCOCCNC5=CC=CC6=C5C(=O)N(C5CCC(=O)NC5=O)C6=O)CC4)=CC=C32)=C1F,P15056,CRBN,Q96SW2,0,FMUGAZVOOIUFAT,True,True
1574,1098,CCCS(=O)(=O)NC1=CC=C(F)C(N2C=C(C3=CN=CN=C3)C3=NC(N(C)C4CCN(C(=O)CCOCCOCCOCCOCCNC5=CC=CC6=C5C(=O)N(C5CCC(=O)NC5=O)C6=O)CC4)=CC=C32)=C1F,P15056,CRBN,Q96SW2,1,GJCIYFAPQUEGNE,True,True
1576,1099,CCCS(=O)(=O)NC1=CC=C(F)C(N2C=C(C3=CN=CN=C3)C3=NC(N(C)C4CCN(C(=O)CCOCCOCCOCCOCCOCCNC5=CC=CC6=C5C(=O)N(C5CCC(=O)NC5=O)C6=O)CC4)=CC=C32)=C1F,P15056,CRBN,Q96SW2,1,RQROXFBXOKHLAH,True,True
1585,1106,CCCS(=O)(=O)NC1=CC=C(F)C(N2C=C(C3=CN=CN=C3)C3=NC(N(C)C4CCN(C(=O)CCOCCOCCOCCOCCC(=O)N[C@H](C(=O)N5C[C@H](O)C[C@H]5C(=O)NCC5=CC=C(C6=C(C)N=CS6)C=C5)C(C)(C)C)CC4)=CC=C32)=C1F,P15056,VHL,P40337,0,FFRMYNSJXNXLED,True,True
1587,1108,CC(C)C1=C(C(=O)NC2=CC=CC=C2)C(C2=CC=CC(OCCCC3=CN(CCOCCNC4=CC=CC5=C4C(=O)N(C4CCC(=O)NC4=O)C5=O)N=N3)=C2)=C(C2=CC=C(F)C=C2)N1CC[C@@H](O)C[C@@H](O)CC(=O)O,P04035,CRBN,Q96SW2,0,KOPPBUIQHDCVSF,True,True
1588,1109,CC(C)C1=C(C(=O)NC2=CC=CC=C2)C(C2=CC=CC(OCCCCC3=CN(CCOCCNC4=CC=CC5=C4C(=O)N(C4CCC(=O)NC4=O)C5=O)N=N3)=C2)=C(C2=CC=C(F)C=C2)N1CC[C@@H](O)C[C@@H](O)CC(=O)O,P04035,CRBN,Q96SW2,0,LYZQONNTSQMVGJ,True,True
1589,1110,CC(C)C1=C(C(=O)NC2=CC=CC=C2)C(C2=CC=CC(OCCCCCC3=CN(CCOCCNC4=CC=CC5=C4C(=O)N(C4CCC(=O)NC4=O)C5=O)N=N3)=C2)=C(C2=CC=C(F)C=C2)N1CC[C@@H](O)C[C@@H](O)CC(=O)O,P04035,CRBN,Q96SW2,0,JMLYHOMYNWELEV,True,True
1590,1111,CC(C)C1=C(C(=O)NC2=CC=CC=C2)C(C2=CC=CC(OCCCC3=CN(CCOCCOCCNC4=CC=CC5=C4C(=O)N(C4CCC(=O)NC4=O)C5=O)N=N3)=C2)=C(C2=CC=C(F)C=C2)N1CC[C@@H](O)C[C@@H](O)CC(=O)O,P04035,CRBN,Q96SW2,0,PAYQRGVUYUNIDJ,True,True
1591,1112,CC(C)C1=C(C(=O)NC2=CC=CC=C2)C(C2=CC=CC(OCCCCC3=CN(CCOCCOCCNC4=CC=CC5=C4C(=O)N(C4CCC(=O)NC4=O)C5=O)N=N3)=C2)=C(C2=CC=C(F)C=C2)N1CC[C@@H](O)C[C@@H](O)CC(=O)O,P04035,CRBN,Q96SW2,0,LFNFPNZCEJIEOS,True,True
1592,1113,CC(C)C1=C(C(=O)NC2=CC=CC=C2)C(C2=CC=CC(OCCCCCC3=CN(CCOCCOCCNC4=CC=CC5=C4C(=O)N(C4CCC(=O)NC4=O)C5=O)N=N3)=C2)=C(C2=CC=C(F)C=C2)N1CC[C@@H](O)C[C@@H](O)CC(=O)O,P04035,CRBN,Q96SW2,0,BCTTUKOMPZRYHS,True,True
1593,1114,CC(C)C1=C(C(=O)NC2=CC=CC=C2)C(C2=CC=CC(OCCCC3=CN(CCOCCOCCOCCNC4=CC=CC5=C4C(=O)N(C4CCC(=O)NC4=O)C5=O)N=N3)=C2)=C(C2=CC=C(F)C=C2)N1CC[C@@H](O)C[C@@H](O)CC(=O)O,P04035,CRBN,Q96SW2,0,YHXVDJNFXLNLSO,True,True
1594,1115,CC(C)C1=C(C(=O)NC2=CC=CC=C2)C(C2=CC=CC(OCCCCC3=CN(CCOCCOCCOCCNC4=CC=CC5=C4C(=O)N(C4CCC(=O)NC4=O)C5=O)N=N3)=C2)=C(C2=CC=C(F)C=C2)N1CC[C@@H](O)C[C@@H](O)CC(=O)O,P04035,CRBN,Q96SW2,0,UHFHFZUJWIFRPV,True,True
1595,1116,CC(C)C1=C(C(=O)NC2=CC=CC=C2)C(C2=CC=CC(OCCCCCC3=CN(CCOCCOCCOCCNC4=CC=CC5=C4C(=O)N(C4CCC(=O)NC4=O)C5=O)N=N3)=C2)=C(C2=CC=C(F)C=C2)N1CC[C@@H](O)C[C@@H](O)CC(=O)O,P04035,CRBN,Q96SW2,0,VQPHUFKUCJQDDO,True,True
1596,1117,CC(C)C1=C(C(=O)NC2=CC=CC=C2)C(C2=CC=CC(OCCCC3=CN(CCOCCOCCOCCOCCNC4=CC=CC5=C4C(=O)N(C4CCC(=O)NC4=O)C5=O)N=N3)=C2)=C(C2=CC=C(F)C=C2)N1CC[C@@H](O)C[C@@H](O)CC(=O)O,P04035,CRBN,Q96SW2,0,JGEJZAWLMMDNEZ,True,True
1597,1118,CC(C)C1=C(C(=O)NC2=CC=CC=C2)C(C2=CC=CC(OCCCCC3=CN(CCOCCOCCOCCOCCNC4=CC=CC5=C4C(=O)N(C4CCC(=O)NC4=O)C5=O)N=N3)=C2)=C(C2=CC=C(F)C=C2)N1CC[C@@H](O)C[C@@H](O)CC(=O)O,P04035,CRBN,Q96SW2,0,FGHBFYYPECSTEQ,True,True
1598,1119,CC(C)C1=C(C(=O)NC2=CC=CC=C2)C(C2=CC=CC(OCCCCCC3=CN(CCOCCOCCOCCOCCNC4=CC=CC5=C4C(=O)N(C4CCC(=O)NC4=O)C5=O)N=N3)=C2)=C(C2=CC=C(F)C=C2)N1CC[C@@H](O)C[C@@H](O)CC(=O)O,P04035,CRBN,Q96SW2,0,IIAPDULZKPEHMU,True,True
1599,1120,CC(C)C1=C(C(=O)NC2=CC=CC=C2)C(C2=CC=CC(OCCCC3=CN(CCOCCOCCOCCOCCOCCNC4=CC=CC5=C4C(=O)N(C4CCC(=O)NC4=O)C5=O)N=N3)=C2)=C(C2=CC=C(F)C=C2)N1CC[C@@H](O)C[C@@H](O)CC(=O)O,P04035,CRBN,Q96SW2,0,JLBAXXGSFOPYED,True,True
1600,1121,CC(C)C1=C(C(=O)NC2=CC=CC=C2)C(C2=CC=CC(OCCCCC3=CN(CCOCCOCCOCCOCCOCCNC4=CC=CC5=C4C(=O)N(C4CCC(=O)NC4=O)C5=O)N=N3)=C2)=C(C2=CC=C(F)C=C2)N1CC[C@@H](O)C[C@@H](O)CC(=O)O,P04035,CRBN,Q96SW2,0,UVFPGFDLMAJEOI,True,True
1601,1122,CC(C)C1=C(C(=O)NC2=CC=CC=C2)C(C2=CC=CC(OCCCCCC3=CN(CCOCCOCCOCCOCCOCCNC4=CC=CC5=C4C(=O)N(C4CCC(=O)NC4=O)C5=O)N=N3)=C2)=C(C2=CC=C(F)C=C2)N1CC[C@@H](O)C[C@@H](O)CC(=O)O,P04035,CRBN,Q96SW2,0,TWQUUKPKPBHTJN,True,True
1603,1124,CC(C)C1=C(C(=O)NC2=CC=CC=C2)C(C2=CC=CC(OCCCC3=CN(CCCCCCNC4=CC=CC5=C4C(=O)N(C4CCC(=O)NC4=O)C5=O)N=N3)=C2)=C(C2=CC=C(F)C=C2)N1CC[C@@H](O)C[C@@H](O)CC(=O)O,P04035,CRBN,Q96SW2,0,ZSYCSQSVLORGPQ,True,True
1604,1125,CC(C)C1=C(C(=O)NC2=CC=CC=C2)C(C2=CC=CC(OCCCC3=CN(CCCCCCCNC4=CC=CC5=C4C(=O)N(C4CCC(=O)NC4=O)C5=O)N=N3)=C2)=C(C2=CC=C(F)C=C2)N1CC[C@@H](O)C[C@@H](O)CC(=O)O,P04035,CRBN,Q96SW2,0,SSIVFTARUYZQRR,True,True
1605,1126,CC(C)C1=C(C(=O)NC2=CC=CC=C2)C(C2=CC=CC(OCCCCC3=CN(CCCCCCCNC4=CC=CC5=C4C(=O)N(C4CCC(=O)NC4=O)C5=O)N=N3)=C2)=C(C2=CC=C(F)C=C2)N1CC[C@@H](O)C[C@@H](O)CC(=O)O,P04035,CRBN,Q96SW2,0,QSIGDMGYYLASQS,True,True
1606,1127,CC(C)C1=C(C(=O)NC2=CC=CC=C2)C(C2=CC=CC(OCCCCCC3=CN(CCCCCCCNC4=CC=CC5=C4C(=O)N(C4CCC(=O)NC4=O)C5=O)N=N3)=C2)=C(C2=CC=C(F)C=C2)N1CC[C@@H](O)C[C@@H](O)CC(=O)O,P04035,CRBN,Q96SW2,0,LYZGJWGMLFFWSX,True,True
1607,1128,CC(C)C1=C(C(=O)NC2=CC=CC=C2)C(C2=CC=CC(OCCCCCCC3=CN(CCCCCCCNC4=CC=CC5=C4C(=O)N(C4CCC(=O)NC4=O)C5=O)N=N3)=C2)=C(C2=CC=C(F)C=C2)N1CC[C@@H](O)C[C@@H](O)CC(=O)O,P04035,CRBN,Q96SW2,0,YLSNBWKVPICJNZ,True,True
1608,1129,CC(C)C1=C(C(=O)NC2=CC=CC=C2)C(C2=CC=CC(OCCCCCCCC3=CN(CCCCCCCNC4=CC=CC5=C4C(=O)N(C4CCC(=O)NC4=O)C5=O)N=N3)=C2)=C(C2=CC=C(F)C=C2)N1CC[C@@H](O)C[C@@H](O)CC(=O)O,P04035,CRBN,Q96SW2,0,CIOOKQVNPLZLAN,True,True
1609,1130,CC(C)C1=C(C(=O)NC2=CC=CC=C2)C(C2=CC=CC(OCCCC3=CN(CCOCCOCCOCCNC4=CC=C5C(=O)N(C6CCC(=O)NC6=O)C(=O)C5=C4)N=N3)=C2)=C(C2=CC=C(F)C=C2)N1CC[C@@H](O)C[C@@H](O)CC(=O)O,P04035,CRBN,Q96SW2,0,FLZOWPIEHOMVRX,True,True
1610,1131,CC(C)C1=C(C(=O)NC2=CC=CC=C2)C(C2=CC=CC(OCCCCC3=CN(CCOCCOCCOCCNC4=CC=C5C(=O)N(C6CCC(=O)NC6=O)C(=O)C5=C4)N=N3)=C2)=C(C2=CC=C(F)C=C2)N1CC[C@@H](O)C[C@@H](O)CC(=O)O,P04035,CRBN,Q96SW2,0,SGYUWZDXRBHEKP,True,True
1611,1132,CC(C)C1=C(C(=O)NC2=CC=CC=C2)C(C2=CC=CC(OCCCCCC3=CN(CCOCCOCCOCCNC4=CC=C5C(=O)N(C6CCC(=O)NC6=O)C(=O)C5=C4)N=N3)=C2)=C(C2=CC=C(F)C=C2)N1CC[C@@H](O)C[C@@H](O)CC(=O)O,P04035,CRBN,Q96SW2,0,XSBGEHVFSGCQMH,True,True
1612,1133,CC(C)C1=C(C(=O)NC2=CC=CC=C2)C(C2=CC=CC(OCCCC3=CN(CCOCCOCCOCCOCCNC4=CC=C5C(=O)N(C6CCC(=O)NC6=O)C(=O)C5=C4)N=N3)=C2)=C(C2=CC=C(F)C=C2)N1CC[C@@H](O)C[C@@H](O)CC(=O)O,P04035,CRBN,Q96SW2,0,FEPLBHREWCSACK,True,True
1613,1134,CC(C)C1=C(C(=O)NC2=CC=CC=C2)C(C2=CC=CC(OCCCCC3=CN(CCOCCOCCOCCOCCNC4=CC=C5C(=O)N(C6CCC(=O)NC6=O)C(=O)C5=C4)N=N3)=C2)=C(C2=CC=C(F)C=C2)N1CC[C@@H](O)C[C@@H](O)CC(=O)O,P04035,CRBN,Q96SW2,0,LKXPCVSVQQEPRK,True,True
1614,1135,CC(C)C1=C(C(=O)NC2=CC=CC=C2)C(C2=CC=CC(OCCCCCC3=CN(CCOCCOCCOCCOCCNC4=CC=C5C(=O)N(C6CCC(=O)NC6=O)C(=O)C5=C4)N=N3)=C2)=C(C2=CC=C(F)C=C2)N1CC[C@@H](O)C[C@@H](O)CC(=O)O,P04035,CRBN,Q96SW2,0,METKOBDLEKDPEQ,True,True
1615,1136,CC(C)C1=C(C(=O)NC2=CC=CC=C2)C(C2=CC=CC(OCCCC3=CN(CCOCC#CC4=CC=CC5=C4CN(C4CCC(=O)NC4=O)C5=O)N=N3)=C2)=C(C2=CC=C(F)C=C2)N1CC[C@@H](O)C[C@@H](O)CC(=O)O,P04035,CRBN,Q96SW2,0,ICDOXFOPMPLNMJ,True,True
1616,1137,CC(C)C1=C(C(=O)NC2=CC=CC=C2)C(C2=CC=CC(OCCCC3=CN(CCCOCC#CC4=CC=CC5=C4CN(C4CCC(=O)NC4=O)C5=O)N=N3)=C2)=C(C2=CC=C(F)C=C2)N1CC[C@@H](O)C[C@@H](O)CC(=O)O,P04035,CRBN,Q96SW2,0,DVLGRXKVQLBKEM,True,True
1617,1138,CC(C)C1=C(C(=O)NC2=CC=CC=C2)C(C2=CC=CC(OCCCC3=CN(CCCCOCC#CC4=CC=CC5=C4CN(C4CCC(=O)NC4=O)C5=O)N=N3)=C2)=C(C2=CC=C(F)C=C2)N1CC[C@@H](O)C[C@@H](O)CC(=O)O,P04035,CRBN,Q96SW2,0,USDKDQYXGONXDX,True,True
1618,1139,CC(C)C1=C(C(=O)NC2=CC=CC=C2)C(C2=CC=CC(OCCCC3=CN(CCCCCOCC#CC4=CC=CC5=C4CN(C4CCC(=O)NC4=O)C5=O)N=N3)=C2)=C(C2=CC=C(F)C=C2)N1CC[C@@H](O)C[C@@H](O)CC(=O)O,P04035,CRBN,Q96SW2,0,RXFBLQWZSSSQDX,True,True
1619,1140,CC(C)C1=C(C(=O)NC2=CC=CC=C2)C(C2=CC=CC(OCCCC3=CN(CCCCCCOCC#CC4=CC=CC5=C4CN(C4CCC(=O)NC4=O)C5=O)N=N3)=C2)=C(C2=CC=C(F)C=C2)N1CC[C@@H](O)C[C@@H](O)CC(=O)O,P04035,CRBN,Q96SW2,0,XENQODBRMXLGFU,True,True
1620,1141,CC(C)C1=C(C(=O)NC2=CC=CC=C2)C(C2=CC=CC(OCCCC3=CN(CCCCCCCOCC#CC4=CC=CC5=C4CN(C4CCC(=O)NC4=O)C5=O)N=N3)=C2)=C(C2=CC=C(F)C=C2)N1CC[C@@H](O)C[C@@H](O)CC(=O)O,P04035,CRBN,Q96SW2,0,UOMHGMSXAWPEFB,True,True
1621,1142,CC(C)C1=C(C(=O)NC2=CC=CC=C2)C(C2=CC=CC(OCCCC3=CN(CCOCCCC4=CC=CC5=C4CN(C4CCC(=O)NC4=O)C5=O)N=N3)=C2)=C(C2=CC=C(F)C=C2)N1CC[C@@H](O)C[C@@H](O)CC(=O)O,P04035,CRBN,Q96SW2,0,DMTQJVYKMUNQSL,True,True
1622,1143,CC(C)C1=C(C(=O)NC2=CC=CC=C2)C(C2=CC=CC(OCCCC3=CN(CCCOCCCC4=CC=CC5=C4CN(C4CCC(=O)NC4=O)C5=O)N=N3)=C2)=C(C2=CC=C(F)C=C2)N1CC[C@@H](O)C[C@@H](O)CC(=O)O,P04035,CRBN,Q96SW2,0,LVXGILNVGOQASY,True,True
1623,1144,CC(C)C1=C(C(=O)NC2=CC=CC=C2)C(C2=CC=CC(OCCCC3=CN(CCCCOCCCC4=CC=CC5=C4CN(C4CCC(=O)NC4=O)C5=O)N=N3)=C2)=C(C2=CC=C(F)C=C2)N1CC[C@@H](O)C[C@@H](O)CC(=O)O,P04035,CRBN,Q96SW2,0,RABCENWFZGJGLY,True,True
1624,1145,CC(C)C1=C(C(=O)NC2=CC=CC=C2)C(C2=CC=CC(OCCCC3=CN(CCCCCOCCCC4=CC=CC5=C4CN(C4CCC(=O)NC4=O)C5=O)N=N3)=C2)=C(C2=CC=C(F)C=C2)N1CC[C@@H](O)C[C@@H](O)CC(=O)O,P04035,CRBN,Q96SW2,0,NRJXEKVOWNZICO,True,True
1625,1146,CC(C)C1=C(C(=O)NC2=CC=CC=C2)C(C2=CC=CC(OCCCC3=CN(CCCCCCOCCCC4=CC=CC5=C4CN(C4CCC(=O)NC4=O)C5=O)N=N3)=C2)=C(C2=CC=C(F)C=C2)N1CC[C@@H](O)C[C@@H](O)CC(=O)O,P04035,CRBN,Q96SW2,0,VFNKLBHQQQAJLL,True,True
1626,1147,CC(C)C1=C(C(=O)NC2=CC=CC=C2)C(C2=CC=CC(OCCCC3=CN(CCCCCCCOCCCC4=CC=CC5=C4CN(C4CCC(=O)NC4=O)C5=O)N=N3)=C2)=C(C2=CC=C(F)C=C2)N1CC[C@@H](O)C[C@@H](O)CC(=O)O,P04035,CRBN,Q96SW2,0,OMYIRPXMDXBYEZ,True,True
1637,1153,CC1=C(C2=CC=C([C@H](C)NC(=O)[C@@H]3C[C@@H](O)CN3C(=O)[C@@H](NC(=O)CCCCCCCCCCNCCCONC(=O)C3=CC=C(F)C(F)=C3NC3=CC=C(I)C=C3F)C(C)(C)C)C=C2)SC=N1,P36507,VHL,P40337,1,KCBAMQOKOLXLOX,True,True
1638,1153,CC1=C(C2=CC=C([C@H](C)NC(=O)[C@@H]3C[C@@H](O)CN3C(=O)[C@@H](NC(=O)CCCCCCCCCCNCCCONC(=O)C3=CC=C(F)C(F)=C3NC3=CC=C(I)C=C3F)C(C)(C)C)C=C2)SC=N1,Q02750,VHL,P40337,1,KCBAMQOKOLXLOX,True,True
1639,1154,CCCCN(CC1=CC=C(C(=O)NO)C=C1)C(=O)NC1=CC=C(OCCN2C=C(CNC3=CC=CC4=C3C(=O)N(C3CCC(=O)NC3=O)C4=O)N=N2)C=C1,Q9UBN7,CRBN,Q96SW2,1,YVMSHPWOPPUCHZ,True,True
1640,1155,CCCCN(CC1=CC=C(C(=O)NO)C=C1)C(=O)NC1=CC=C(OCCCN2C=C(CNC3=CC=CC4=C3C(=O)N(C3CCC(=O)NC3=O)C4=O)N=N2)C=C1,Q9UBN7,CRBN,Q96SW2,1,BCUINMHRBBUKKX,True,True
1641,1156,CCCCN(CC1=CC=C(C(=O)NO)C=C1)C(=O)NC1=CC=C(OCCCCN2C=C(CNC3=CC=CC4=C3C(=O)N(C3CCC(=O)NC3=O)C4=O)N=N2)C=C1,Q9UBN7,CRBN,Q96SW2,1,WTEQNAJWLZRTQJ,True,True
1642,1157,CCCCN(CC1=CC=C(C(=O)NO)C=C1)C(=O)NC1=CC=C(OCCCCCN2C=C(CNC3=CC=CC4=C3C(=O)N(C3CCC(=O)NC3=O)C4=O)N=N2)C=C1,Q9UBN7,CRBN,Q96SW2,1,DQGQXFRCIYCGOE,True,True
1643,1157,CCCCN(CC1=CC=C(C(=O)NO)C=C1)C(=O)NC1=CC=C(OCCCCCN2C=C(CNC3=CC=CC4=C3C(=O)N(C3CCC(=O)NC3=O)C4=O)N=N2)C=C1,Q9UBN7,CRBN,Q96SW2,1,DQGQXFRCIYCGOE,True,True
1644,1158,CCCCN(CC1=CC=C(C(=O)NO)C=C1)C(=O)NC1=CC=C(OCCCCCCN2C=C(CNC3=CC=CC4=C3C(=O)N(C3CCC(=O)NC3=O)C4=O)N=N2)C=C1,Q9UBN7,CRBN,Q96SW2,0,XTVGDZXMUJCKHJ,True,True
1645,1159,CCCCN(CC1=CC=C(C(=O)NO)C=C1)C(=O)NC1=CC=C(OCCN2C=C(CCNC3=CC=CC4=C3C(=O)N(C3CCC(=O)NC3=O)C4=O)N=N2)C=C1,Q9UBN7,CRBN,Q96SW2,1,HNMZDQNWKVLUEV,True,True
1646,1160,CCCCN(CC1=CC=C(C(=O)NO)C=C1)C(=O)NC1=CC=C(OCCCN2C=C(CCNC3=CC=CC4=C3C(=O)N(C3CCC(=O)NC3=O)C4=O)N=N2)C=C1,Q9UBN7,CRBN,Q96SW2,1,OFJLYSWADWFONC,True,True
1647,1161,CCCCN(CC1=CC=C(C(=O)NO)C=C1)C(=O)NC1=CC=C(OCCCCN2C=C(CCNC3=CC=CC4=C3C(=O)N(C3CCC(=O)NC3=O)C4=O)N=N2)C=C1,Q9UBN7,CRBN,Q96SW2,0,WIOFXZIGATYRQF,True,True
1648,1162,CCCCN(CC1=CC=C(C(=O)NO)C=C1)C(=O)NC1=CC=C(OCCN2C=C(CCCNC3=CC=CC4=C3C(=O)N(C3CCC(=O)NC3=O)C4=O)N=N2)C=C1,Q9UBN7,CRBN,Q96SW2,1,HKHMBOOYLKOYAW,True,True
1649,1163,CCCCN(CC1=CC=C(C(=O)NO)C=C1)C(=O)NC1=CC=C(OCCCN2C=C(CCCNC3=CC=CC4=C3C(=O)N(C3CCC(=O)NC3=O)C4=O)N=N2)C=C1,Q9UBN7,CRBN,Q96SW2,0,IOEXOASXZJXISI,True,True
1650,1164,CCCCN(CC1=CC=C(C(=O)NO)C=C1)C(=O)NC1=CC=C(OCCCCN2C=C(CCCNC3=CC=CC4=C3C(=O)N(C3CCC(=O)NC3=O)C4=O)N=N2)C=C1,Q9UBN7,CRBN,Q96SW2,0,BZYXYQCMBVHDMK,True,True
1651,1165,CCCCN(CC1=CC=C(C(=O)NO)C=C1)C(=O)NC1=CC=C(OCCN2C=C(CNC3=CC=C4C(=O)N(C5CCC(=O)NC5=O)C(=O)C4=C3)N=N2)C=C1,Q9UBN7,CRBN,Q96SW2,1,DUCAFNHYXLXMLW,True,True
1652,1166,CCCCN(CC1=CC=C(C(=O)NO)C=C1)C(=O)NC1=CC=C(OCCCN2C=C(CNC3=CC=C4C(=O)N(C5CCC(=O)NC5=O)C(=O)C4=C3)N=N2)C=C1,Q9UBN7,CRBN,Q96SW2,1,BLNDIBWEUOPBJC,True,True
1653,1167,CCCCN(CC1=CC=C(C(=O)NO)C=C1)C(=O)NC1=CC=C(OCCCCN2C=C(CNC3=CC=C4C(=O)N(C5CCC(=O)NC5=O)C(=O)C4=C3)N=N2)C=C1,Q9UBN7,CRBN,Q96SW2,1,WEOZNDRZTWXKJS,True,True
1654,1168,CCCCN(CC1=CC=C(C(=O)NO)C=C1)C(=O)NC1=CC=C(OCCCCCN2C=C(CNC3=CC=C4C(=O)N(C5CCC(=O)NC5=O)C(=O)C4=C3)N=N2)C=C1,Q9UBN7,CRBN,Q96SW2,1,HKZRPMHRNXBXCM,True,True
1655,1169,CCCCN(CC1=CC=C(C(=O)NO)C=C1)C(=O)NC1=CC=C(OCCCCCCN2C=C(CNC3=CC=C4C(=O)N(C5CCC(=O)NC5=O)C(=O)C4=C3)N=N2)C=C1,Q9UBN7,CRBN,Q96SW2,1,PIRPNGRKKIZBLA,True,True
1656,1170,CCCCN(CC1=CC=C(C(=O)NO)C=C1)C(=O)NC1=CC=C(OCCN2C=C(CCCNC3=CC=C4C(=O)N(C5CCC(=O)NC5=O)C(=O)C4=C3)N=N2)C=C1,Q9UBN7,CRBN,Q96SW2,1,DTEKUQMALSPNLM,True,True
1657,1171,CCCCN(CC1=CC=C(C(=O)NO)C=C1)C(=O)NC1=CC=C(OCCCN2C=C(CCCNC3=CC=C4C(=O)N(C5CCC(=O)NC5=O)C(=O)C4=C3)N=N2)C=C1,Q9UBN7,CRBN,Q96SW2,1,DEDYBDJSAMKOLG,True,True
1667,1181,CCCCN(CC1=CC=C(C(=O)NO)C=C1)C(=O)NC1=CC=C(OCCCCCCCCCCCN2C=C(CCCCC(=O)N[C@H](C(=O)N3C[C@H](O)C[C@H]3C(=O)NCC3=CC=C(C4=C(C)N=CS4)C=C3)C(C)(C)C)N=N2)C=C1,Q9UBN7,VHL,P40337,1,QLLXPSZTCLBVQY,True,True
1668,1182,CCCCN(CC1=CC=C(C(=O)NO)C=C1)C(=O)NC1=CC=C(OCCCCCCCCCCCCN2C=C(CCCCC(=O)N[C@H](C(=O)N3C[C@H](O)C[C@H]3C(=O)NCC3=CC=C(C4=C(C)N=CS4)C=C3)C(C)(C)C)N=N2)C=C1,Q9UBN7,VHL,P40337,1,TXQZPPRNSVBETP,True,True
1799,1220,C=CC(=O)NC1=CC(NC2=NC=CC(C3=CN(C)C4=CC=CC=C34)=N2)=C(OC)C=C1N(C)CCN(C)CCOCCOCCOCCOCC(=O)NC1=CC=CC2=C1CN(C1CCC(=O)NC1=O)C2=O,P00533,CRBN,Q96SW2,0,MVXHKLZUALKPTB,True,True
1829,1231,CC(C)(C)C1=CC(NC(=O)NC2=CC=C(C3=CN4C(=N3)SC3=CC(OCCOCCOCCNC(=O)CNC5=CC=CC6=C5C(=O)N(C5CCC(=O)NC5=O)C6=O)=CC=C34)C=C2)=NO1,P36888,CRBN,Q96SW2,0,DTFYQVSKGVENSY,True,True
1831,1233,CC(C)(C)C1=CC(NC(=O)NC2=CC=C(C3=CN4C(=N3)SC3=CC(OCCN5CCN(C(=O)CCC(=O)NCCCCNC(=O)COC6=CC=CC7=C6C(=O)N(C6CCC(=O)NC6=O)C7=O)CC5)=CC=C34)C=C2)=NO1,P36888,CRBN,Q96SW2,0,FEVHTSVLCZULHW,True,True
1832,1234,CC(C)(C)C1=CC(NC(=O)NC2=CC=C(C3=CN4C(=N3)SC3=CC(OCCN5CCN(C(=O)CCC(=O)NCCCCCCCCNC(=O)COC6=CC=CC7=C6C(=O)N(C6CCC(=O)NC6=O)C7=O)CC5)=CC=C34)C=C2)=NO1,P36888,CRBN,Q96SW2,0,YGCOKPHHDANSPA,True,True
1833,1235,CC(C)(C)C1=CC(NC(=O)NC2=CC=C(C3=CN4C(=N3)SC3=CC(OCCN5CCN(C(=O)CCC(=O)NCCCOCCOCCOCCCNC(=O)COC6=CC=CC7=C6C(=O)N(C6CCC(=O)NC6=O)C7=O)CC5)=CC=C34)C=C2)=NO1,P36888,CRBN,Q96SW2,0,FFFYSRKHPOMFIC,True,True
1834,1236,CC(C)(C)C1=CC(NC(=O)NC2=CC=C(C3=CN4C(=N3)SC3=CC(OCCN5CCN(CC(=O)NCCCCNC(=O)COC6=CC=CC7=C6C(=O)N(C6CCC(=O)NC6=O)C7=O)CC5)=CC=C34)C=C2)=NO1,P36888,CRBN,Q96SW2,0,XZOMNUXRQOBEIL,True,True
1835,1237,CC(C)(C)C1=CC(NC(=O)NC2=CC=C(C3=CN4C(=N3)SC3=CC(OCCN5CCN(CC(=O)NCCCCCCCCNC(=O)COC6=CC=CC7=C6C(=O)N(C6CCC(=O)NC6=O)C7=O)CC5)=CC=C34)C=C2)=NO1,P36888,CRBN,Q96SW2,0,XDJIHXDISDCVML,True,True
1836,1238,CC(C)(C)C1=CC(NC(=O)NC2=CC=C(C3=CN4C(=N3)SC3=CC(OCCN5CCN(CC(=O)NCCCOCCOCCOCCCNC(=O)COC6=CC=CC7=C6C(=O)N(C6CCC(=O)NC6=O)C7=O)CC5)=CC=C34)C=C2)=NO1,P36888,CRBN,Q96SW2,0,MYQLUXJPBFXFPT,True,True
1895,1289,CN(CCCCC1=CN(CCOCCNC2=CC=CC3=C2C(=O)N(C2CCC(=O)NC2=O)C3=O)N=N1)CC1=CC=C(C2=C3CCNC(=O)C4=C3C(=CC(F)=C4)[NH]2)C=C1,P09874,CRBN,Q96SW2,0,AZBXJGJVABZWSA,True,True
1896,1290,CN(CCCCC1=CN(CCOCCOCCNC2=CC=CC3=C2C(=O)N(C2CCC(=O)NC2=O)C3=O)N=N1)CC1=CC=C(C2=C3CCNC(=O)C4=C3C(=CC(F)=C4)[NH]2)C=C1,P09874,CRBN,Q96SW2,0,PNTOZYCYTGDKDX,True,True
1899,1293,CN(CCCCC1=CN(CCOCCOCCOCCOCCOCCNC2=CC=CC3=C2C(=O)N(C2CCC(=O)NC2=O)C3=O)N=N1)CC1=CC=C(C2=C3CCNC(=O)C4=C3C(=CC(F)=C4)[NH]2)C=C1,P09874,CRBN,Q96SW2,0,DZUGKZXJLNPGNM,True,True
1900,1294,CN(CCCCC(=O)NCCOCCOCCOCCNC1=CC=CC2=C1C(=O)N(C1CCC(=O)NC1=O)C2=O)CC1=CC=C(C2=C3CCNC(=O)C4=C3C(=CC(F)=C4)[NH]2)C=C1,P09874,CRBN,Q96SW2,0,KHZLTEFXOJNTLA,True,True
1901,1295,CN(CCCCCC(=O)NCCOCCOCCOCCNC1=CC=CC2=C1C(=O)N(C1CCC(=O)NC1=O)C2=O)CC1=CC=C(C2=C3CCNC(=O)C4=C3C(=CC(F)=C4)[NH]2)C=C1,P09874,CRBN,Q96SW2,0,AHTWWIQPWVXFKF,True,True
1906,1299,CN(CCOCCOCCOCCOCCOCCNC1=CC=CC2=C1C(=O)N(C1CCC(=O)NC1=O)C2=O)CC1=CC=C(C2=C3CCNC(=O)C4=C3C(=CC(F)=C4)[NH]2)C=C1,P09874,CRBN,Q96SW2,1,CDKSZVJXSCKNQN,True,True
1908,1300,CN(CCOCCOCCOCCOCCOCCOCCNC1=CC=CC2=C1C(=O)N(C1CCC(=O)NC1=O)C2=O)CC1=CC=C(C2=C3CCNC(=O)C4=C3C(=CC(F)=C4)[NH]2)C=C1,P09874,CRBN,Q96SW2,1,YHMDCINUVWULST,True,True
1912,1304,C[C@]1(C2=NC3=C(C(N)=O)C=CC=C3[NH]2)CCCN1CCOCCOCCOCCOCCNC1=CC=CC2=C1C(=O)N(C1CCC(=O)NC1=O)C2=O,P09874,CRBN,Q96SW2,0,FDVDMOVWKMIYID,True,True
1914,1305,C[C@]1(C2=NC3=C(C(N)=O)C=CC=C3[NH]2)CCCN1CCOCCOCCOCCOCCOCCNC1=CC=CC2=C1C(=O)N(C1CCC(=O)NC1=O)C2=O,P09874,CRBN,Q96SW2,0,NVSQJRYWOGHMPA,True,True
1916,1306,C[C@]1(C2=NC3=C(C(N)=O)C=CC=C3[NH]2)CCCN1CCOCCOCCOCCOCCOCCOCCNC1=CC=CC2=C1C(=O)N(C1CCC(=O)NC1=O)C2=O,Q9UGN5,CRBN,Q96SW2,1,XLGCZZCLPNSQNH,True,True
1920,1308,NC(=O)C1=CC=CC2=CN(C3=CC=C([C@@H]4CCCN(CCOCCOCCOCCOCCNC5=CC=CC6=C5C(=O)N(C5CCC(=O)NC5=O)C6=O)C4)C=C3)N=C12,P09874,CRBN,Q96SW2,0,QCFSOEJKIUSSIG,True,True
1921,1309,NC(=O)C1=CC=CC2=CN(C3=CC=C([C@@H]4CCCN(CCOCCOCCOCCOCCOCCNC5=CC=CC6=C5C(=O)N(C5CCC(=O)NC5=O)C6=O)C4)C=C3)N=C12,P09874,CRBN,Q96SW2,0,MOFKEEMRXXRIRH,True,True
1922,1310,NC(=O)C1=CC=CC2=CN(C3=CC=C([C@@H]4CCCN(CCOCCOCCOCCOCCOCCOCCNC5=CC=CC6=C5C(=O)N(C5CCC(=O)NC5=O)C6=O)C4)C=C3)N=C12,P09874,CRBN,Q96SW2,0,SRRRCLKAANGUEF,True,True
1923,1311,NC(=O)C1=CC=CC2=CN(C3=CC=C([C@@H]4CCCN(CCOCCOCCOCCOCCOCCOCCOCCNC5=CC=CC6=C5C(=O)N(C5CCC(=O)NC5=O)C6=O)C4)C=C3)N=C12,P09874,CRBN,Q96SW2,0,SLPMKCAJABWZME,True,True
1924,1312,O=C1CCC(N2C(=O)C3=CC=CC(NCCOCCOCCOCC(=O)N4CCN(C(=O)C5=CC(CC6=N[NH]C(=O)C7=CC=CC=C67)=CC=C5F)CC4)=C3C2=O)C(=O)N1,P09874,CRBN,Q96SW2,0,KZECCLCVBAHYOC,True,True
1925,1313,O=C1CCC(N2C(=O)C3=CC=CC(NCCOCCOCCOCCOCC(=O)N4CCN(C(=O)C5=CC(CC6=N[NH]C(=O)C7=CC=CC=C67)=CC=C5F)CC4)=C3C2=O)C(=O)N1,P09874,CRBN,Q96SW2,0,WNBBQLBUTHWMKP,True,True
1926,1314,O=C1CCC(N2C(=O)C3=CC=CC(NCCOCCOCCOCCOCCOCC(=O)N4CCN(C(=O)C5=CC(CC6=N[NH]C(=O)C7=CC=CC=C67)=CC=C5F)CC4)=C3C2=O)C(=O)N1,P09874,CRBN,Q96SW2,0,JAPHJGVTGSYQLY,True,True
1935,1323,O=C(CCCCCCC(=O)N/N=C/C1=CC=C(OCCCC#CC2=CC=CC3=C2CN(C2CCC(=O)NC2=O)C3=O)C=C1)NO,Q9UBN7,CRBN,Q96SW2,1,BNOFYYKLSQEOFU,True,True
1936,1324,O=C(CCCCCCC(=O)N/N=C/C1=CC=C(C2=CC=CC3=C2CN(C2CCC(=O)NC2=O)C3=O)C=C1)NO,Q9UBN7,CRBN,Q96SW2,0,LSNACWWAXJMSKC,True,True
1944,1331,CC[C@H](C)[C@@H]([C@@H](CC(=O)N1CCC[C@H]1[C@H](OC)[C@@H](C)C(=O)N[C@H](C)[C@@H](O)C1=CC=CC=C1)OC)N(C)C(=O)[C@@H](NC(=O)[C@H](C(C)C)N(C)CCOCCOCCOCCOCCNC1=CC=CC2=C1C(=O)N(C1CCC(=O)NC1=O)C2=O)C(C)C,P07437,CRBN,Q96SW2,0,SNRKZQWVOKOHTM,True,True
1946,1332,CC[C@H](C)[C@@H]([C@@H](CC(=O)N1CCC[C@H]1[C@H](OC)[C@@H](C)C(=O)N[C@H](C)[C@@H](O)C1=CC=CC=C1)OC)N(C)C(=O)[C@@H](NC(=O)[C@H](C(C)C)N(C)CCCCCCCCCCCCNC1=CC=CC2=C1C(=O)N(C1CCC(=O)NC1=O)C2=O)C(C)C,P07437,CRBN,Q96SW2,0,VCAXDAHGPHVHRX,True,True
1948,1333,CC[C@H](C)[C@@H]([C@@H](CC(=O)N1CCC[C@H]1[C@H](OC)[C@@H](C)C(=O)N[C@H](C)[C@@H](O)C1=CC=CC=C1)OC)N(C)C(=O)[C@@H](NC(=O)[C@H](C(C)C)N(C)C(=O)CCCCCCCCCCCNC1=CC=CC2=C1C(=O)N(C1CCC(=O)NC1=O)C2=O)C(C)C,P07437,CRBN,Q96SW2,0,OXTCTKVCXZYWPJ,True,True
1950,1334,CC[C@H](C)[C@@H]([C@@H](CC(=O)N1CCC[C@H]1[C@H](OC)[C@@H](C)C(=O)N[C@H](C)[C@@H](O)C1=CC=CC=C1)OC)N(C)C(=O)[C@@H](NC(=O)[C@H](C(C)C)N(C)CCOCCOCCNC1=CC=CC2=C1C(=O)N(C1CCC(=O)NC1=O)C2=O)C(C)C,P07437,CRBN,Q96SW2,0,JVINRIYOSSAGQQ,True,True
1952,1335,CC[C@H](C)[C@@H]([C@@H](CC(=O)N1CCC[C@H]1[C@H](OC)[C@@H](C)C(=O)N[C@H](C)[C@@H](O)C1=CC=CC=C1)OC)N(C)C(=O)[C@@H](NC(=O)[C@H](C(C)C)N(C)CCOCCOCCOCCNC1=CC=CC2=C1C(=O)N(C1CCC(=O)NC1=O)C2=O)C(C)C,P07437,CRBN,Q96SW2,0,QRLWEJQTXWHPMO,True,True
1954,1336,CC[C@H](C)[C@@H]([C@@H](CC(=O)N1CCC[C@H]1[C@H](OC)[C@@H](C)C(=O)N[C@H](C)[C@@H](O)C1=CC=CC=C1)OC)N(C)C(=O)[C@@H](NC(=O)[C@H](C(C)C)N(C)CCOCCOCCOCCOCCOCCNC1=CC=CC2=C1C(=O)N(C1CCC(=O)NC1=O)C2=O)C(C)C,P07437,CRBN,Q96SW2,0,WWDSYKAVVVERQX,True,True
1956,1337,CC[C@H](C)[C@@H]([C@@H](CC(=O)N1CCC[C@H]1[C@H](OC)[C@@H](C)C(=O)N[C@H](C)[C@@H](O)C1=CC=CC=C1)OC)N(C)C(=O)[C@@H](NC(=O)[C@H](C(C)C)N(C)CCCOCCOCCOCCOCCOCCOCCOCCOCCNC1=CC=CC2=C1C(=O)N(C1CCC(=O)NC1=O)C2=O)C(C)C,P07437,CRBN,Q96SW2,0,SMPBMEBFSPMGRU,True,True
1958,1338,CC[C@H](C)[C@@H]([C@@H](CC(=O)N1CCC[C@H]1[C@H](OC)[C@@H](C)C(=O)N[C@H](C)[C@@H](O)C1=CC=CC=C1)OC)N(C)C(=O)[C@@H](NC(=O)[C@H](C(C)C)N(C)C(=O)CCCCCCCCCNC1=CC=CC2=C1C(=O)N(C1CCC(=O)NC1=O)C2=O)C(C)C,P07437,CRBN,Q96SW2,0,DVEXOAJPHYJPPM,True,True
1960,1339,COC1=CC=C(/C=C\C2=CC(OC)=C(OC)C(OC)=C2)C=C1OCCOCCOCCNC1=CC=CC2=C1C(=O)N(C1CCC(=O)NC1=O)C2=O,P07437,CRBN,Q96SW2,0,IQNMVISUASHIKH,True,True
1962,1340,COC1=CC=C(/C=C\C2=CC(OC)=C(OC)C(OC)=C2)C=C1OCCOCCOCCOCCNC1=CC=CC2=C1C(=O)N(C1CCC(=O)NC1=O)C2=O,P07437,CRBN,Q96SW2,0,PTQCPYGJDAZZDW,True,True
1964,1341,COC1=CC=C(/C=C\C2=CC(OC)=C(OC)C(OC)=C2)C=C1OCCOCCOCCOCCOCCNC1=CC=CC2=C1C(=O)N(C1CCC(=O)NC1=O)C2=O,P07437,CRBN,Q96SW2,0,NDBWIRIDYPKECW,True,True
1966,1342,COC1=CC=C(/C=C\C2=CC(OC)=C(OC)C(OC)=C2)C=C1OCCOCCOCCOCCOCCOCCNC1=CC=CC2=C1C(=O)N(C1CCC(=O)NC1=O)C2=O,P07437,CRBN,Q96SW2,0,KQUUOYNOWGJXDC,True,True
1968,1343,COC1=CC=C(/C=C\C2=CC(OC)=C(OC)C(OC)=C2)C=C1NCCOCCOCCOCCOCCNC1=CC=CC2=C1C(=O)N(C1CCC(=O)NC1=O)C2=O,P07437,CRBN,Q96SW2,0,WJAYRCUALBRAAI,True,True
1969,1344,O=C(CCC1=CC=C2C(=C1)[NH]C1=CC=NC=C12)NCCOCCOCCNC1=CC=CC2=C1C(=O)N(C1CCC(=O)NC1=O)C2=O,P10636,CRBN,Q96SW2,1,NWTCZTAQSRLSCP,True,True
1970,1345,O=C1CCC(N2C(=O)C3=CC=CC(NCCOCCOCCOCCC(=O)N[C@@H](CC4=CC=CC=C4)C(=O)N4C/C(=C\C5=CC=C(Cl)C(Cl)=C5)C(=O)/C(=C/C5=CC=C(Cl)C(Cl)=C5)C4)=C3C2=O)C(=O)N1,Q16186,CRBN,Q96SW2,1,FCHCFQSKNMEXBI,True,True
1996,1360,CC1(C)CCC(C2=CC=C(Cl)C=C2)=C(CN2CCN(C3=CC=C(C(=O)NS(=O)(=O)C4=CC=C(N[C@H](CCN5CCN(C(=O)CCCN6C=C(COCCOCCNC7=CC=CC8=C7C(=O)N(C7CCC(=O)NC7=O)C8=O)N=N6)CC5)CSC5=CC=CC=C5)C(S(=O)(=O)C(F)(F)F)=C4)C=C3)CC2)C1,Q07817,CRBN,Q96SW2,1,OWEARFNXBBNNKR,True,True
2009,1373,C=CC(=O)N1C[C@@H](N2N=C(C3=CC=C(OC4=CC=CC=C4)C=C3)C3=C(N)N=CN=C32)C[C@H]1C(=O)OCCOCCOCC(=O)N[C@H](C(=O)N1C[C@H](O)C[C@H]1C(=O)NCC1=CC=C(C2=C(C)N=CS2)C=C1)C(C)(C)C,Q06187,VHL,P40337,0,JQIURFOHEWHROK,True,True
2010,1373,C=CC(=O)N1C[C@@H](N2N=C(C3=CC=C(OC4=CC=CC=C4)C=C3)C3=C(N)N=CN=C32)C[C@H]1C(=O)OCCOCCOCC(=O)N[C@H](C(=O)N1C[C@H](O)C[C@H]1C(=O)NCC1=CC=C(C2=C(C)N=CS2)C=C1)C(C)(C)C,P51451,VHL,P40337,0,JQIURFOHEWHROK,True,True
2014,1377,CN(CCCCCCOCCOCCNC1=CC=CC2=C1C(=O)N(C1CCC(=O)NC1=O)C2=O)[C@H]1CC[C@@]2(C)C(CC[C@@H]3C2CC[C@]2(C)[C@@H](C4=CC=C5C=CN=CC5=C4)CC[C@@H]32)C1,P49336,CRBN,Q96SW2,0,SKQVKRNHHYLQNC,True,True
2016,1379,CN(C(=O)CCOCCOCCNC1=CC=CC2=C1C(=O)N(C1CCC(=O)NC1=O)C2=O)[C@H]1CC[C@@]2(C)C(CC[C@@H]3C2CC[C@]2(C)[C@@H](C4=CC=C5C=CN=CC5=C4)CC[C@@H]32)C1,P49336,CRBN,Q96SW2,0,HQBAVLKUBWVLAK,True,True
2017,1380,NC1=NC=NC2=C1C(C1=CC=C(OC3=CC=CC=C3)C=C1)=NN2[C@@H]1CCCN(C(=O)CCCCCCOCCOCCOCCOCCOC2=CC=CC3=C2C(=O)N(C2CCC(=O)NC2=O)C3=O)C1,Q06187,CRBN,Q96SW2,1,QSLUWEWRUWTRBT,True,True
2018,1381,NC1=NC=NC2=C1C(C1=CC=C(OC3=CC=CC=C3)C=C1)=NN2[C@@H]1CCCN(C(=O)/C=C/COCCOCCOCCOCCOCCOC2=CC=CC3=C2C(=O)N(C2CCC(=O)NC2=O)C3=O)C1,Q06187,CRBN,Q96SW2,1,AWOLTJZICWTLFS,True,True
2019,1382,NC1=NC=NC2=C1C(C1=CC=C(OC3=CC=CC=C3)C=C1)=NN2[C@@H]1CCCN(C(=O)/C=C/CCCCOCCOCCOCCOCCOC2=CC=CC3=C2C(=O)N(C2CCC(=O)NC2=O)C3=O)C1,Q06187,CRBN,Q96SW2,1,ZJJZBBBSQKVNHL,True,True
2020,1383,N#C/C(=C/COCCOCCOCCOCCOCCOC1=CC=CC2=C1C(=O)N(C1CCC(=O)NC1=O)C2=O)C(=O)N1CCC[C@@H](N2N=C(C3=CC=C(OC4=CC=CC=C4)C=C3)C3=C(N)N=CN=C32)C1,Q06187,CRBN,Q96SW2,0,PVBBNEIMTQFCAP,True,True
2021,1384,N#C/C(=C/CCCCOCCOCCOCCOCCOC1=CC=CC2=C1C(=O)N(C1CCC(=O)NC1=O)C2=O)C(=O)N1CCC[C@@H](N2N=C(C3=CC=C(OC4=CC=CC=C4)C=C3)C3=C(N)N=CN=C32)C1,Q06187,CRBN,Q96SW2,0,JLHRNNVFNFHLTO,True,True
2022,1385,CC(C)(/C=C(/C#N)C(=O)N1CCC[C@@H](N2N=C(C3=CC=C(OC4=CC=CC=C4)C=C3)C3=C(N)N=CN=C32)C1)CCCOCCOCCOCCOCCOC1=CC=CC2=C1C(=O)N(C1CCC(=O)NC1=O)C2=O,Q06187,CRBN,Q96SW2,1,DEABZGHTSXTNRF,True,True
2034,1397,CC1=C(C(=O)NCCCCNC2=CC=CC3=C2C(=O)N(C2CCC(=O)NC2=O)C3=O)C(C)=C(/C=C2\C(=O)NC3=CC=C(S(=O)(=O)CC4=C(Cl)C=CC=C4Cl)C=C23)[NH]1,P08581,CRBN,Q96SW2,0,FJPAZPYNAOAUBR,True,True
2035,1398,CC1=C(C(=O)NCCCCCNC2=CC=CC3=C2C(=O)N(C2CCC(=O)NC2=O)C3=O)C(C)=C(/C=C2\C(=O)NC3=CC=C(S(=O)(=O)CC4=C(Cl)C=CC=C4Cl)C=C23)[NH]1,P08581,CRBN,Q96SW2,0,OJIFIHZOVWXFKN,True,True
2036,1399,CC1=C(C(=O)NCCCCCCNC2=CC=CC3=C2C(=O)N(C2CCC(=O)NC2=O)C3=O)C(C)=C(/C=C2\C(=O)NC3=CC=C(S(=O)(=O)CC4=C(Cl)C=CC=C4Cl)C=C23)[NH]1,P08581,CRBN,Q96SW2,0,IPUAUTLUOXRXBD,True,True
2037,1400,CC1=C(C(=O)NCCOCCNC2=CC=CC3=C2C(=O)N(C2CCC(=O)NC2=O)C3=O)C(C)=C(/C=C2\C(=O)NC3=CC=C(S(=O)(=O)CC4=C(Cl)C=CC=C4Cl)C=C23)[NH]1,P08581,CRBN,Q96SW2,0,CGIZJKLJZULKRJ,True,True
2038,1401,CC1=C(C(=O)NCCOCCOCCNC2=CC=CC3=C2C(=O)N(C2CCC(=O)NC2=O)C3=O)C(C)=C(/C=C2\C(=O)NC3=CC=C(S(=O)(=O)CC4=C(Cl)C=CC=C4Cl)C=C23)[NH]1,P08581,CRBN,Q96SW2,0,XXOYGYSMONBBSL,True,True
2039,1402,CC1=C(C(=O)NCCCCNC2=CC=C3C(=O)N(C4CCC(=O)NC4=O)C(=O)C3=C2)C(C)=C(/C=C2\C(=O)NC3=CC=C(S(=O)(=O)CC4=C(Cl)C=CC=C4Cl)C=C23)[NH]1,P08581,CRBN,Q96SW2,0,BMGMTYRURVHRCO,True,True
2040,1403,CC1=C(C(=O)NCCCCCNC2=CC=C3C(=O)N(C4CCC(=O)NC4=O)C(=O)C3=C2)C(C)=C(/C=C2\C(=O)NC3=CC=C(S(=O)(=O)CC4=C(Cl)C=CC=C4Cl)C=C23)[NH]1,P08581,CRBN,Q96SW2,0,NEEGBTUUVQFERC,True,True
2041,1404,CC1=C(C(=O)NCCCCCCNC2=CC=C3C(=O)N(C4CCC(=O)NC4=O)C(=O)C3=C2)C(C)=C(/C=C2\C(=O)NC3=CC=C(S(=O)(=O)CC4=C(Cl)C=CC=C4Cl)C=C23)[NH]1,P08581,CRBN,Q96SW2,0,QPKXJIBPFUZACW,True,True
2042,1405,CC1=C(C(=O)NCCCCCCCCNC2=CC=C3C(=O)N(C4CCC(=O)NC4=O)C(=O)C3=C2)C(C)=C(/C=C2\C(=O)NC3=CC=C(S(=O)(=O)CC4=C(Cl)C=CC=C4Cl)C=C23)[NH]1,P08581,CRBN,Q96SW2,0,LQEMUVVPBROAPO,True,True
2043,1406,CC1=C(C(=O)NCCOCCNC2=CC=C3C(=O)N(C4CCC(=O)NC4=O)C(=O)C3=C2)C(C)=C(/C=C2\C(=O)NC3=CC=C(S(=O)(=O)CC4=C(Cl)C=CC=C4Cl)C=C23)[NH]1,P08581,CRBN,Q96SW2,0,ZXRBZDUGWZPILK,True,True
2044,1407,CC1=C(C(=O)NCCOCCOCCNC2=CC=C3C(=O)N(C4CCC(=O)NC4=O)C(=O)C3=C2)C(C)=C(/C=C2\C(=O)NC3=CC=C(S(=O)(=O)CC4=C(Cl)C=CC=C4Cl)C=C23)[NH]1,P08581,CRBN,Q96SW2,0,CKRITRWQMXDFMT,True,True
2045,1408,CC1=C(C(=O)NCCCCNC(=O)COC2=CC=CC3=C2C(=O)N(C2CCC(=O)NC2=O)C3=O)C(C)=C(/C=C2\C(=O)NC3=CC=C(F)C=C23)[NH]1,P10721,CRBN,Q96SW2,0,LOCVJAKDHSYKJE,True,True
2046,1409,CC1=C(C(=O)NCCCCCCCCNC(=O)COC2=CC=CC3=C2C(=O)N(C2CCC(=O)NC2=O)C3=O)C(C)=C(/C=C2\C(=O)NC3=CC=C(F)C=C23)[NH]1,P10721,CRBN,Q96SW2,0,IDASPANZGIUDDY,True,True
2047,1410,CC1=C(C(=O)NCCCOCCOCCOCCCNC(=O)COC2=CC=CC3=C2C(=O)N(C2CCC(=O)NC2=O)C3=O)C(C)=C(/C=C2\C(=O)NC3=CC=C(F)C=C23)[NH]1,P10721,CRBN,Q96SW2,0,UZGXKRBUYVKBEY,True,True
2048,1411,CC1=C(C(=O)NCCCCCCNC2=CC=CC3=C2C(=O)N(C2CCC(=O)NC2=O)C3=O)C(C)=C(/C=C2\C(=O)NC3=CC=C(F)C=C23)[NH]1,P10721,CRBN,Q96SW2,0,VXBLUAKQWQJPAD,True,True
2049,1412,CC1=C(C(=O)NCCCCCCCCNC2=CC=CC3=C2C(=O)N(C2CCC(=O)NC2=O)C3=O)C(C)=C(/C=C2\C(=O)NC3=CC=C(F)C=C23)[NH]1,P10721,CRBN,Q96SW2,0,ITHPDQUNEOFFFC,True,True
2050,1413,CCN(CCCCCCCCNC1=CC=CC2=C1C(=O)N(C1CCC(=O)NC1=O)C2=O)CCNC(=O)C1=C(C)[NH]C(/C=C2\C(=O)NC3=CC=C(F)C=C23)=C1C,P10721,CRBN,Q96SW2,0,FGJBRLKBVFBDNO,True,True
2051,1414,CC1=C(C(=O)NCCCCCCCCNC(=O)C2=CC=C(CNC3=CC=CC4=C3C(=O)N(C3CCC(=O)NC3=O)C4=O)C=C2)C(C)=C(/C=C2\C(=O)NC3=CC=C(F)C=C23)[NH]1,P10721,CRBN,Q96SW2,0,LTOUXIMRKVFBLW,True,True
2052,1415,CC1=C(C(=O)NCCCCCCNC(=O)C2=CC=C3C(=O)N(C4CCC(=O)NC4=O)C(=O)C3=C2)C(C)=C(/C=C2\C(=O)NC3=CC=C(F)C=C23)[NH]1,P10721,CRBN,Q96SW2,0,JKJVDUVIFSWNLW,True,True
2053,1416,CC1=C(C(=O)NCCCCCCCCNC(=O)C2=CC=C3C(=O)N(C4CCC(=O)NC4=O)C(=O)C3=C2)C(C)=C(/C=C2\C(=O)NC3=CC=C(F)C=C23)[NH]1,P10721,CRBN,Q96SW2,0,NVHORQOXCJIZIP,True,True
2054,1417,CC1=C(C(=O)NCCCCCNC2=CC=C3C(=O)N(C4CCC(=O)NC4=O)C(=O)C3=C2)C(C)=C(/C=C2\C(=O)NC3=CC=C(F)C=C23)[NH]1,P10721,CRBN,Q96SW2,0,DRKUZMFKYGOVRX,True,True
2055,1418,CC1=C(C(=O)NCCCCCCNC2=CC=C3C(=O)N(C4CCC(=O)NC4=O)C(=O)C3=C2)C(C)=C(/C=C2\C(=O)NC3=CC=C(F)C=C23)[NH]1,P10721,CRBN,Q96SW2,0,MHYXTNHNIYFMTQ,True,True
2056,1419,CC1=C(C(=O)NCCCCCCCCNC2=CC=C3C(=O)N(C4CCC(=O)NC4=O)C(=O)C3=C2)C(C)=C(/C=C2\C(=O)NC3=CC=C(F)C=C23)[NH]1,P10721,CRBN,Q96SW2,0,XBRQMDPTNOTCOX,True,True
2057,1420,CC1=C(C(=O)NCCCCCCCCNC(=O)C2=CC=C(CNC3=CC=C4C(=O)N(C5CCC(=O)NC5=O)C(=O)C4=C3)C=C2)C(C)=C(/C=C2\C(=O)NC3=CC=C(F)C=C23)[NH]1,P10721,CRBN,Q96SW2,0,NQYMDTVJBQVMJS,True,True
2058,1421,CC1=C(C(=O)NCCOCCNC2=CC=C3C(=O)N(C4CCC(=O)NC4=O)C(=O)C3=C2)C(C)=C(/C=C2\C(=O)NC3=CC=C(F)C=C23)[NH]1,P10721,CRBN,Q96SW2,0,KXNAXDRQLDYTGB,True,True
2059,1422,CC1=C(C(=O)NCCOCCOCCNC2=CC=C3C(=O)N(C4CCC(=O)NC4=O)C(=O)C3=C2)C(C)=C(/C=C2\C(=O)NC3=CC=C(F)C=C23)[NH]1,P10721,CRBN,Q96SW2,0,OOJOCFBXSPWHCW,True,True
2072,1429,CC1=C(C2=CC=C(CNC(=O)[C@@H]3C[C@@H](O)CN3C(=O)[C@@H](NC(=O)COCCCOCCCCCOC3=CC=C(N4C(=O)N(C5=CC=C(C#N)C(C(F)(F)F)=C5)C(=O)C4(C)C)C=C3)C(C)(C)C)C=C2)SC=N1,P10275,VHL,P40337,0,JAJUSXSEHHKCEK,True,True
2073,1430,CC1=C(C2=CC=C(CNC(=O)[C@@H]3C[C@@H](O)CN3C(=O)[C@@H](NC(=O)COCCCOCCN3CCC(C4=CC=C(N5C(=S)N(C6=CC=C(C#N)C(C(F)(F)F)=C6)C(=O)C5(C)C)C=C4)CC3)C(C)(C)C)C=C2)SC=N1,P10275,VHL,P40337,0,FDBSHOXCSNLRGD,True,True
2074,1431,CC(C)(C)[C@H](NC(=O)COCCCCCOC1=CC=C(C(=O)N[C@H]2C(C)(C)[C@H](OC3=CC=C(C#N)C(Cl)=C3)C2(C)C)C=C1)C(=O)N1C[C@H](O)C[C@H]1C(=O)NCC1=CC=C(C2=CN=CS2)C=C1,P10275,VHL,P40337,0,AMPBLCGZRAITTM,True,True
2075,1432,CC1=C(C2=CC=C([C@H](C)NC(=O)[C@@H]3C[C@@H](O)CN3C(=O)[C@@H](NC(=O)COCCCCCNC3=CC=C(C(=O)N[C@H]4C(C)(C)[C@H](OC5=CC=C(C#N)C(Cl)=C5)C4(C)C)C=C3)C(C)(C)C)C=C2)SC=N1,P10275,VHL,P40337,0,JQTRUKZGCBXQDD,True,True
2076,1433,CC1=C(C2=CC=C(CNC(=O)[C@@H]3C[C@@H](O)CN3C(=O)[C@@H](NC(=O)COCCC3=CC=C(C4=CC=C(C(=O)N[C@H]5C(C)(C)[C@H](OC6=CC=C(C#N)C(Cl)=C6)C5(C)C)C=C4)C=C3)C(C)(C)C)C=C2)SC=N1,P10275,VHL,P40337,0,GPLDNHBAUYMIMT,True,True
2077,1434,CC1=C(C2=CC=C(CNC(=O)[C@@H]3C[C@@H](O)CN3C(=O)[C@@H](NC(=O)COCC3=CC=C(OC(=O)N[C@H]4C(C)(C)[C@H](OC5=CC=C(C#N)C(Cl)=C5)C4(C)C)C=C3)C(C)(C)C)C=C2)OC=N1,P10275,VHL,P40337,0,VEFDAFDSPLDCMS,True,True
2094,1451,NCC1=NN(C2=CC=C(C(=O)NCCOCCOCCNC3=CC=CC4=C3C(=O)N(C3CCC(=O)NC3=O)C4=O)C=C2)C=C1NC(=O)C1=COC(C2=CC=NC(NCC(F)(F)F)=C2)=N1,Q9NWZ3,CRBN,Q96SW2,0,GMSYMVWHCWNMPW,True,True
2095,1452,NC(=O)C1=NN(C2=CC=C(C(=O)NCC3CCCCN3CCOCCNC3=CC=CC4=C3C(=O)N(C3CCC(=O)NC3=O)C4=O)C=C2)C=C1NC(=O)C1=COC(C2=CC=NC(NCC(F)(F)F)=C2)=N1,Q9NWZ3,CRBN,Q96SW2,0,XCRTYJKBXRNWFO,True,True
2096,1453,O=C1CCC(N2C(=O)C3=CC=CC(NCCNCCOCCNC(=O)C4=CC=C(N5C=C(NC(=O)C6=COC(C7=CC=NC(NCC8CC8)=C7)=N6)C(C(F)(F)F)=N5)C=C4)=C3C2=O)C(=O)N1,Q9NWZ3,CRBN,Q96SW2,0,RPEVIDOVLHHGCE,True,True
2097,1454,CN(CCOCCOCCCC1=CC=C2C(=O)N(C3CCC(=O)NC3=O)C(=O)C2=C1)C(=O)C1=CC=C(N2C=C(NC(=O)C3=COC(C4=CC=NC(NCC5CC5)=C4)=N3)C(C(N)=O)=N2)C=C1,Q9NWZ3,CRBN,Q96SW2,0,BGKCCQJEDNCIEQ,True,True
2098,1455,O=C1CCC(N2C(=O)OC3=C(CCCOCCOCCNC(=O)C4=CC=C(N5C=C(NC(=O)C6=COC(C7=CC=NC(NCC8CC8)=C7)=N6)C(C(F)F)=N5)C=C4)C=CC=C32)C(=O)N1,Q9NWZ3,CRBN,Q96SW2,0,UTXCNCYBBCDAKV,True,True
2099,1456,O=C1CCC(N2C(=O)C3=CC=CC(NC4CCN(CCOCCOCCNC(=O)C5=CC=C(N6C=C(NC(=O)C7=COC(C8=CC=NC(NCC(F)(F)F)=C8)=N7)C(C(F)F)=N6)C=C5)CC4)=C3C2=O)C(=O)N1,Q9NWZ3,CRBN,Q96SW2,0,NEDLOBIINPJVJR,True,True
2100,1457,NC(=O)C1=NN(C2=CC=C(CNCC3CN(CCOCCNC4=CC=CC5=C4C(=O)N(C4CCC(=O)NC4=O)C5=O)CCO3)C=C2)C=C1NC(=O)C1=COC(C2=CC=NC(NCC(F)(F)F)=C2)=N1,Q9NWZ3,CRBN,Q96SW2,0,LHRPSSVRMZOELN,True,True
2101,1458,CN(CCOCCOCCCC1=CC=C2C(=O)N(C3CCC(=O)NC3=O)C(=O)C2=C1)CC1=CC=C(N2C=C(NC(=O)C3=COC(C4=CC=NC(NCC5CC5)=C4)=N3)C(C(N)=O)=N2)C=C1,Q9NWZ3,CRBN,Q96SW2,0,QHTRGRVSPWMPCL,True,True
2102,1459,CN(CCOCCOCCCC1=CC=C2C(=O)N(C3CCC(=O)NC3=O)C(=O)C2=C1)CC1=CC=C(N2C=C(NC(=O)C3=COC(C4=CC=NC=C4)=N3)C(C(N)=O)=N2)C=C1,Q9NWZ3,CRBN,Q96SW2,0,NDFHKKBPNSXZOS,True,True
2103,1460,CN(CCOCCCC1=CC=CC2=C1C(=O)N(C1CCC(=O)NC1=O)C2=O)CC1=CC=C(N2C=C(NC(=O)C3=COC(C4=CC=NC(NCC5CC5)=C4)=N3)C(C(N)=O)=N2)C=C1,Q9NWZ3,CRBN,Q96SW2,0,XTPZACBHGSKXJI,True,True
2104,1461,O=C1CCC(N2C(=O)C3=CC=C(OCCOCCOCCN4CCN(CC5=CC=C6N=C(NC(=O)C7=CC=CC(C(F)(F)F)=C7)N([C@H]7CC[C@@H](CO)CC7)C6=C5)CC4)C=C3C2=O)C(=O)N1,Q9NWZ3,CRBN,Q96SW2,0,DRSGINHARUFRQE,True,True
2105,1462,O=C1CCC(N2C(=O)C3=CC=C(OCCOCCOCCOCCN4CCN(CC5=CC=C6N=C(NC(=O)C7=CC=CC(C(F)(F)F)=C7)N([C@H]7CC[C@@H](CO)CC7)C6=C5)CC4)C=C3C2=O)C(=O)N1,Q9NWZ3,CRBN,Q96SW2,0,ADNQFJRANZZPKY,True,True
2106,1463,O=C1CCC(N2C(=O)C3=CC=C(N4CCC(CN5CCN(CC6=CC=C7N=C(NC(=O)C8=CC=CC(C(F)(F)F)=C8)N([C@H]8CC[C@@H](CO)CC8)C7=C6)CC5)CC4)C=C3C2=O)C(=O)N1,Q9NWZ3,CRBN,Q96SW2,0,RJDRFOSUZYUZBV,True,True
2107,1464,COC1=CC2=NN(C3CCN(CCOCCOC4=CC=C5C(=O)N(C6CCC(=O)NC6=O)C(=O)C5=C4)CC3)C=C2C=C1NC(=O)C1=CC=CC(C(F)(F)F)=N1,Q9NWZ3,CRBN,Q96SW2,0,XXKSDGIIEAJWCB,True,True
2108,1465,COC1=CC2=NN(C3CCN(CCOCCOC4=CC=C5CN(C6CCC(=O)NC6=O)C(=O)C5=C4)CC3)C=C2C=C1NC(=O)C1=CC=CC(C(F)(F)F)=N1,Q9NWZ3,CRBN,Q96SW2,0,KSDCGXPRMXBENQ,True,True
2109,1466,O=C1CCC(N2C(=O)C3=CC=C(OC4CCC(CN5CCN(CC6=CC=C7N=C(NC(=O)C8=CC=CC(C(F)(F)F)=C8)N([C@H]8CC[C@@H](CO)CC8)C7=C6)CC5)CC4)C=C3C2=O)C(=O)N1,Q9NWZ3,CRBN,Q96SW2,0,LGAMKMQUDXCHFO,True,True
2110,1467,CC1=C(C2=CC=C([C@H](C)NC(=O)[C@@H]3C[C@@H](O)CN3C(=O)[C@@H](NC(=O)COCCOCCOCCOC3=CC(F)=C([C@@H]4C5=C(C[C@@H](C)N4CC(C)(C)F)C4=CC=CC=C4[NH]5)C(F)=C3)C(C)(C)C)C=C2)SC=N1,P03372,VHL,P40337,1,WNWBHGDKGOSOKU,True,True
2111,1468,CC1=C(C2=CC=C(CNC(=O)[C@@H]3C[C@@H](O)CN3C(=O)[C@@H](NC(=O)COCCCOCCOC3=CC(F)=C([C@@H]4C5=C(C[C@@H](C)N4CC(C)(C)F)C4=CC=CC=C4[NH]5)C(F)=C3)C(C)(C)C)C=C2)SC=N1,P03372,VHL,P40337,1,WNJYGPJDJPCRJH,True,True
2112,1469,CC1=C(C2=CC=C(CNC(=O)[C@@H]3C[C@@H](O)CN3C(=O)[C@@H](NC(=O)COCCOCCOCCOC3=CC(F)=C([C@@H]4C5=C(C[C@@H](C)N4CC(C)(C)F)C4=CC=CC=C4[NH]5)C(F)=C3)C(C)(C)C)C=C2)SC=N1,P03372,VHL,P40337,1,WWSBSFVKXFRDJO,True,True
2113,1470,CC1=C(C2=CC=C(CNC(=O)[C@@H]3C[C@@H](O)CN3C(=O)[C@@H](NC(=O)COCCCOCCCOC3=CC(F)=C([C@@H]4C5=C(C[C@@H](C)N4CC(C)(C)F)C4=CC=CC=C4[NH]5)C(F)=C3)C(C)(C)C)C=C2)SC=N1,P03372,VHL,P40337,1,PMXVLCRRMGVGJX,True,True
2114,1471,CC1=C(C2=CC=C(CNC(=O)[C@@H]3C[C@@H](O)CN3C(=O)[C@@H](NC(=O)COCCOCCC(F)(F)CCOC3=CC(F)=C([C@@H]4C5=C(C[C@@H](C)N4CC(C)(C)F)C4=CC=CC=C4[NH]5)C(F)=C3)C(C)(C)C)C=C2)SC=N1,P03372,VHL,P40337,1,KEOMTDRIBPAOQE,True,True
2115,1472,CC1=C(C2=CC=C([C@H](C)NC(=O)[C@@H]3C[C@@H](O)CN3C(=O)[C@@H](NC(=O)COCCOCCCCCOC3=CC(F)=C([C@@H]4C5=C(C[C@@H](C)N4CC(C)(C)F)C4=CC=CC=C4[NH]5)C(F)=C3)C(C)(C)C)C=C2)SC=N1,P03372,VHL,P40337,1,KCIXKNDPNDCWMB,True,True
2126,1480,C=CC(=O)N1CCN(C2=NC(NCCC(=O)N(C)CCOCCOCCOCCOCC(=O)N[C@H](C(=O)N3C[C@H](O)C[C@H]3C(=O)N[C@@H](C)C3=CC=C(C4=C(C)N=CS4)C=C3)C(C)(C)C)=NC3=C(F)C(C4=CC(O)=CC5=CC=CC=C45)=C(Cl)C=C23)CC1,P01116,VHL,P40337,0,SZXPSAFGLXHHHB,True,True
2127,1481,C=CC(=O)N1CCN(C2=NC(NCCC(=O)N(C)CCOCCOCCOCCOCCOCC(=O)N[C@H](C(=O)N3C[C@H](O)C[C@H]3C(=O)N[C@@H](C)C3=CC=C(C4=C(C)N=CS4)C=C3)C(C)(C)C)=NC3=C(F)C(C4=CC(O)=CC5=CC=CC=C45)=C(Cl)C=C23)CC1,P01116,VHL,P40337,0,FIFSEXYOESMAAZ,True,True
2128,1482,C=CC(=O)N1CCN(C2=NC(NCCC(=O)N(C)CCOCCOCCOCCNC3=CC=CC4=C3C(=O)N(C3CCC(=O)NC3=O)C4=O)=NC3=C(F)C(C4=CC(O)=CC5=CC=CC=C45)=C(Cl)C=C23)CC1,P01116,CRBN,Q96SW2,0,LBWOFJWPPVDIKM,True,True
2129,1483,C=CC(=O)N1CCN(C2=NC(NCCC(=O)N(C)CCOCCOCCOCCC(=O)N[C@H](C(=O)N3C[C@H](O)C[C@H]3C(=O)N[C@@H](C)C3=CC=C(C4=C(C)N=CS4)C=C3)C(C)(C)C)=NC3=C(F)C(C4=CC(O)=CC5=CC=CC=C45)=C(Cl)C=C23)CC1,P01116,VHL,P40337,0,KYNLICKDOYXLDI,True,True
2130,1484,CCC(=O)N1CCN(C2=NC(NCCC(=O)N(C)CCOCCOCCOCCOCCOC3=CC=C4C(=O)N(C5CCC(=O)NC5=O)CC4=C3)=NC3=C(F)C(C4=CC(O)=CC5=CC=CC=C45)=C(Cl)C=C23)CC1,P01116,CRBN,Q96SW2,0,WDEFLCUOWXEZNQ,True,True
2131,1485,CCC(=O)N1CCN(C2=NC(NCCC(=O)N(C)CCOCCOCCOCCOCC(=O)N[C@H](C(=O)N3C[C@H](O)C[C@H]3C(=O)N[C@@H](C)C3=CC=C(C4=C(C)N=CS4)C=C3)C(C)(C)C)=NC3=C(F)C(C4=CC(O)=CC5=CC=CC=C45)=C(Cl)C=C23)CC1,P01116,VHL,P40337,0,LLQQVMLZWGPUJC,True,True
2132,1486,CC1=C(C2=CC=C([C@H](C)NC(=O)[C@@H]3C[C@@H](O)CN3C(=O)[C@@H](NC(=O)CCNC(=O)CC(=O)NC3=CC=CC(SC4=NC=C(N5CCC(C)(N)CC5)N=C4N)=C3Cl)C(C)(C)C)C=C2)SC=N1,Q06124,VHL,P40337,0,IUEGADZTGLSZDJ,True,True
2133,1487,CC1=C(C2=CC=C([C@H](C)NC(=O)[C@@H]3C[C@@H](O)CN3C(=O)[C@@H](NC(=O)CCCNC(=O)CC(=O)NC3=CC=CC(SC4=NC=C(N5CCC(C)(N)CC5)N=C4N)=C3Cl)C(C)(C)C)C=C2)SC=N1,Q06124,VHL,P40337,0,BSUPZQFUKPWPOE,True,True
2134,1488,CC1=C(C2=CC=C([C@H](C)NC(=O)[C@@H]3C[C@@H](O)CN3C(=O)[C@@H](NC(=O)CCCCNC(=O)CC(=O)NC3=CC=CC(SC4=NC=C(N5CCC(C)(N)CC5)N=C4N)=C3Cl)C(C)(C)C)C=C2)SC=N1,Q06124,VHL,P40337,0,OCFFPCZLJBIURT,True,True
2135,1489,CC1=C(C2=CC=C([C@H](C)NC(=O)[C@@H]3C[C@@H](O)CN3C(=O)[C@@H](NC(=O)CCCCCNC(=O)CC(=O)NC3=CC=CC(SC4=NC=C(N5CCC(C)(N)CC5)N=C4N)=C3Cl)C(C)(C)C)C=C2)SC=N1,Q06124,VHL,P40337,0,LYNHJTOOUICSOZ,True,True
2136,1490,CC1=C(C2=CC=C([C@H](C)NC(=O)[C@@H]3C[C@@H](O)CN3C(=O)[C@@H](NC(=O)CCCCCCNC(=O)CC(=O)NC3=CC=CC(SC4=NC=C(N5CCC(C)(N)CC5)N=C4N)=C3Cl)C(C)(C)C)C=C2)SC=N1,Q06124,VHL,P40337,0,MYBHAEJFKMYUTJ,True,True
2137,1491,CC1=C(C2=CC=C([C@H](C)NC(=O)[C@@H]3C[C@@H](O)CN3C(=O)[C@@H](NC(=O)CCCCCCCNC(=O)CC(=O)NC3=CC=CC(SC4=NC=C(N5CCC(C)(N)CC5)N=C4N)=C3Cl)C(C)(C)C)C=C2)SC=N1,Q06124,VHL,P40337,0,RFEUYCHUHZJDIJ,True,True
2138,1492,CC1=C(C2=CC=C([C@H](C)NC(=O)[C@@H]3C[C@@H](O)CN3C(=O)[C@@H](NC(=O)CCCCCCCCNC(=O)CC(=O)NC3=CC=CC(SC4=NC=C(N5CCC(C)(N)CC5)N=C4N)=C3Cl)C(C)(C)C)C=C2)SC=N1,Q06124,VHL,P40337,1,YFSTWJMDUBQIPP,True,True
2139,1493,CC1=C(C2=CC=C([C@H](C)NC(=O)[C@@H]3C[C@@H](O)CN3C(=O)[C@@H](NC(=O)CCCCCCCCCNC(=O)CC(=O)NC3=CC=CC(SC4=NC=C(N5CCC(C)(N)CC5)N=C4N)=C3Cl)C(C)(C)C)C=C2)SC=N1,Q06124,VHL,P40337,1,GPRBATDTNWJZKP,True,True
2140,1494,CC1=C(C2=CC=C([C@H](C)NC(=O)[C@@H]3C[C@@H](O)CN3C(=O)[C@@H](NC(=O)CCCCCCCCCCNC(=O)CC(=O)NC3=CC=CC(SC4=NC=C(N5CCC(C)(N)CC5)N=C4N)=C3Cl)C(C)(C)C)C=C2)SC=N1,Q06124,VHL,P40337,1,BAAPXKIFXITYMU,True,True
2141,1495,CC1=C(C2=CC=C([C@H](C)NC(=O)[C@@H]3C[C@@H](O)CN3C(=O)[C@@H](NC(=O)CCCCCCCCCCCNC(=O)CC(=O)NC3=CC=CC(SC4=NC=C(N5CCC(C)(N)CC5)N=C4N)=C3Cl)C(C)(C)C)C=C2)SC=N1,Q06124,VHL,P40337,1,CIOBPXATFROPAB,True,True
2142,1496,CC1=C(C2=CC=C([C@H](C)NC(=O)[C@@H]3C[C@@H](O)CN3C(=O)[C@@H](NC(=O)CCCCCCCCCCNC(=O)CCC(=O)NC3=CC=CC(SC4=NC=C(N5CCC(C)(N)CC5)N=C4N)=C3Cl)C(C)(C)C)C=C2)SC=N1,Q06124,VHL,P40337,1,WMKAYLVXHJOUAH,True,True
2143,1497,CC1=C(C2=CC=C([C@H](C)NC(=O)[C@@H]3C[C@@H](O)CN3C(=O)[C@@H](NC(=O)CCCCCCCCCCCNC(=O)CCC(=O)NC3=CC=CC(SC4=NC=C(N5CCC(C)(N)CC5)N=C4N)=C3Cl)C(C)(C)C)C=C2)SC=N1,Q06124,VHL,P40337,1,WCYILWGVRFKHNJ,True,True
2144,1498,CC1=C(C2=CC=C([C@H](C)NC(=O)[C@@H]3C[C@@H](O)CN3C(=O)[C@@H](NC(=O)CCCCCCCCCCCNC(=O)CCCC(=O)NC3=CC=CC(SC4=NC=C(N5CCC(C)(N)CC5)N=C4N)=C3Cl)C(C)(C)C)C=C2)SC=N1,Q06124,VHL,P40337,1,HHTDPKNXGUKAHR,True,True
2145,1499,CC1=C(C2=CC=C([C@H](C)NC(=O)[C@@H]3C[C@@H](O)CN3C(=O)[C@@H](NC(=O)COCCOCCOCCNC(=O)CCC(=O)NC3=CC=CC(SC4=NC=C(N5CCC(C)(N)CC5)N=C4N)=C3Cl)C(C)(C)C)C=C2)SC=N1,Q06124,VHL,P40337,1,NKCAYORTFFXZIT,True,True
2146,1500,CC1=C(C2=CC=C([C@H](C)NC(=O)[C@@H]3C[C@@H](O)CN3C(=O)[C@@H](NC(=O)CCOCCOCCOCCNC(=O)CCC(=O)NC3=CC=CC(SC4=NC=C(N5CCC(C)(N)CC5)N=C4N)=C3Cl)C(C)(C)C)C=C2)SC=N1,Q06124,VHL,P40337,0,WTLCMZCJJKANHP,True,True
2147,1501,CC1=C(C2=CC=C([C@H](C)NC(=O)[C@@H]3C[C@@H](O)CN3C(=O)[C@@H](NC(=O)CCOCCOCCOCCOCCNC(=O)CCC(=O)NC3=CC=CC(SC4=NC=C(N5CCC(C)(N)CC5)N=C4N)=C3Cl)C(C)(C)C)C=C2)SC=N1,Q06124,VHL,P40337,0,LHLMBOONNIHUQA,True,True
2148,1502,CC1=C(C2=CC=C([C@H](C)NC(=O)[C@@H]3C[C@@H](O)CN3C(=O)[C@@H](NC(=O)CCCCCCCCCCN3CCN(CC(=O)NC4=CC=CC(SC5=NC=C(N6CCC(C)(N)CC6)N=C5N)=C4Cl)CC3)C(C)(C)C)C=C2)SC=N1,Q06124,VHL,P40337,1,KIPZFAMCWADNHW,True,True
2149,1503,CC1=C(C2=CC=C([C@H](C)NC(=O)[C@@H]3C[C@@H](O)CN3C(=O)[C@@H](NC(=O)CCCCCCCCCCCN3CCN(CC(=O)NC4=CC=CC(SC5=NC=C(N6CCC(C)(N)CC6)N=C5N)=C4Cl)CC3)C(C)(C)C)C=C2)SC=N1,Q06124,VHL,P40337,1,BHZJIXQENKLQJI,True,True
2150,1504,CC1=C(C2=CC=C([C@H](C)NC(=O)[C@@H]3C[C@@H](O)CN3C(=O)[C@@H](NC(=O)CCCCCCCCCCCCCCC(=O)NC3=CC=CC(SC4=NC=C(N5CCC(C)(N)CC5)N=C4N)=C3Cl)C(C)(C)C)C=C2)SC=N1,Q06124,VHL,P40337,0,GCZODTDGXUMZAE,True,True
2151,1505,CC1=C(C2=CC=C([C@H](C)NC(=O)[C@@H]3C[C@@H](O)CN3C(=O)[C@@H](NC(=O)CCCCCCCCN3CCN(C(=O)CCC(=O)NC4=CC=CC(SC5=NC=C(N6CCC(C)(N)CC6)N=C5N)=C4Cl)CC3)C(C)(C)C)C=C2)SC=N1,Q06124,VHL,P40337,1,XJSPAQRZSJUBLB,True,True
2152,1506,CC1=C(C2=CC=C([C@H](C)NC(=O)[C@@H]3C[C@@H](O)CN3C(=O)[C@@H](NC(=O)CCCCCCCCCN3CCN(C(=O)CCC(=O)NC4=CC=CC(SC5=NC=C(N6CCC(C)(N)CC6)N=C5N)=C4Cl)CC3)C(C)(C)C)C=C2)SC=N1,Q06124,VHL,P40337,1,BXQHTANMKACEKS,True,True
2153,1507,CC1=C(C2=CC=C([C@H](C)NC(=O)[C@@H]3C[C@@H](O)CN3C(=O)[C@@H](NC(=O)CCCCCCCOC3=CC=C(NC(=O)CCC(=O)NC4=CC=CC(SC5=NC=C(N6CCC(C)(N)CC6)N=C5N)=C4Cl)C=C3)C(C)(C)C)C=C2)SC=N1,Q06124,VHL,P40337,1,CPTKIRPFOIQTHG,True,True
2154,1508,CC1=C(C2=CC=C([C@H](C)NC(=O)[C@@H]3C[C@@H](O)CN3C(=O)[C@@H](NC(=O)CCCCN3CCN(CCCCNC(=O)CCC(=O)NC4=CC=CC(SC5=NC=C(N6CCC(C)(N)CC6)N=C5N)=C4Cl)CC3)C(C)(C)C)C=C2)SC=N1,Q06124,VHL,P40337,0,UCRQERODCAEDKT,True,True
2155,1509,CN(C1=NC=CC=C1CNC1=NC(NC2=CC=C(NC(=O)C3=CN(CCOCCOCCNC4=CC=CC5=C4C(=O)N(C4CCC(=O)NC4=O)C5=O)N=N3)C=C2)=NC=C1C(F)(F)F)S(C)(=O)=O,Q05397,CRBN,Q96SW2,1,RZKZQCHSKWKOAJ,True,True
2156,1509,CN(C1=NC=CC=C1CNC1=NC(NC2=CC=C(NC(=O)C3=CN(CCOCCOCCNC4=CC=CC5=C4C(=O)N(C4CCC(=O)NC4=O)C5=O)N=N3)C=C2)=NC=C1C(F)(F)F)S(C)(=O)=O,Q05397,CRBN,Q96SW2,1,RZKZQCHSKWKOAJ,True,True
2157,1509,CN(C1=NC=CC=C1CNC1=NC(NC2=CC=C(NC(=O)C3=CN(CCOCCOCCNC4=CC=CC5=C4C(=O)N(C4CCC(=O)NC4=O)C5=O)N=N3)C=C2)=NC=C1C(F)(F)F)S(C)(=O)=O,Q05397,CRBN,Q96SW2,1,RZKZQCHSKWKOAJ,True,True
2209,1535,CC1=C(C2=CC=C3CNC(=O)[C@@H]4C[C@@H](O)CN4C(=O)[C@H](C(C)(C)C)NC(=O)COCCOCCOC[C@H](NC(=O)C[C@@H]4N=C(C5=CC=C(Cl)C=C5)C5=C(SC(C)=C5C)N5C(C)=NN=C45)COCCOCCOC3=C2)SC=N1,O60885,VHL,P40337,1,GMEHQGWGMMKWAX,True,True
2210,1535,CC1=C(C2=CC=C3CNC(=O)[C@@H]4C[C@@H](O)CN4C(=O)[C@H](C(C)(C)C)NC(=O)COCCOCCOC[C@H](NC(=O)C[C@@H]4N=C(C5=CC=C(Cl)C=C5)C5=C(SC(C)=C5C)N5C(C)=NN=C45)COCCOCCOC3=C2)SC=N1,P25440,VHL,P40337,0,GMEHQGWGMMKWAX,True,True
2211,1535,CC1=C(C2=CC=C3CNC(=O)[C@@H]4C[C@@H](O)CN4C(=O)[C@H](C(C)(C)C)NC(=O)COCCOCCOC[C@H](NC(=O)C[C@@H]4N=C(C5=CC=C(Cl)C=C5)C5=C(SC(C)=C5C)N5C(C)=NN=C45)COCCOCCOC3=C2)SC=N1,Q15059,VHL,P40337,0,GMEHQGWGMMKWAX,True,True
2215,1537,NC1=NC=NC2=C1C(C1=CC=C(OC3=CC=CC=C3)C=C1)=NN2C1CCN(CCOCCOCC(=O)NC2=CC=CC3=C2C(=O)N(C2CCC(=O)NC2=O)C3=O)CC1,Q06187,CRBN,Q96SW2,0,VIHNRRRMTAYCFU,True,True
2217,1539,NC1=NC=NC2=C1C(C1=CC=C(OC3=CC=CC=C3)C=C1)=NN2C1CCN(CCOCC(=O)NC2=CC=CC3=C2C(=O)N(C2CCC(=O)NC2=O)C3=O)CC1,Q06187,CRBN,Q96SW2,0,MCJQJGRMVWSQFS,True,True
2238,1560,CC1(C)C(=O)N(C2=CC=C(C#N)C(C(F)(F)F)=C2)C(=S)N1C1=CC=C(OCCOCCOCCOCCOC2=CC=CC3=C2C(=O)N(C2CCC(=O)NC2=O)C3=O)C=C1,P10275,CRBN,Q96SW2,0,AWZDAIQLULBEES,True,True
2239,1561,CC1(C)C(=O)N(C2=CC=C(C#N)C(C(F)(F)F)=C2)C(=S)N1C1=CC=C(OCCOCCOCCOCCOC2=CC=CC3=C2CN([C@H]2CCC(=O)NC2=O)C3=O)C=C1,P10275,CRBN,Q96SW2,0,OHIHMSVOYVOFIW,True,True
2278,1584,CC1=C(C2=CC=C(CNC(=O)[C@@H]3C[C@@H](O)CN3C(=O)[C@@H](NC(=O)COCCCOCCCCCOC3=CC=C(N4C(=S)N(C5=CN=C(C#N)C(C(F)(F)F)=C5)C(=O)C4(C)C)C=C3)C(C)(C)C)C=C2)SC=N1,P10275,VHL,P40337,0,SGTVGCRQPJCKNZ,True,True
2279,1585,CC1=C(C2=CC=C([C@H](C)NC(=O)[C@@H]3C[C@@H](O)CN3C(=O)[C@@H](NC(=O)COCCCOCCCCCOC3=CC=C(N4C(=S)N(C5=CC=C(C#N)C(C(F)(F)F)=C5)C(=O)C4(C)C)C=C3F)C(C)(C)C)C=C2)SC=N1,P10275,VHL,P40337,0,FLLKKIZFEMVEEL,True,True
2280,1586,CC1=C(C2=CC=C([C@H](C)NC(=O)[C@@H]3C[C@@H](O)CN3C(=O)[C@@H](NC(=O)COCCCOCCCCCOC3=C(F)C=C(N4C(=S)N(C5=CC=C(C#N)C(C(F)(F)F)=C5)C(=O)C4(C)C)C=C3F)C(C)(C)C)C=C2)SC=N1,P10275,VHL,P40337,0,DKNBVZGJLBYCQJ,True,True
2281,1587,CC1=C(C2=CC=C(CNC(=O)[C@@H]3C[C@@H](O)CN3C(=O)[C@@H](NC(=O)COCCCOCCCCOC3=CC=C(N4C(=S)N(C5=CC=C(C#N)C(C(F)(F)F)=C5)C(=O)C4(C)C)C=C3F)C(C)(C)C)C=C2)SC=N1,P10275,VHL,P40337,0,HVIFXYXSTAVNJM,True,True
2282,1588,CC1=C(C2=CC=C(CNC(=O)[C@@H]3C[C@@H](O)CN3C(=O)[C@@H](NC(=O)COCCCOCCCCOC3=CC=C(N4C(=S)N(C5=CN=C(C#N)C(C(F)(F)F)=C5)C(=O)C4(C)C)C=C3)C(C)(C)C)C=C2)SC=N1,P10275,VHL,P40337,0,QRYUVTSBJUTMOL,True,True
2283,1589,CC1=C(C2=CC=C(CNC(=O)[C@@H]3C[C@@H](O)CN3C(=O)[C@@H](NC(=O)COCCCOCCCCOC3=CC=C(N4C(=S)N(C5=CC=C(C#N)C(Cl)=C5)C(=O)C4(C)C)C=C3)C(C)(C)C)C=C2)SC=N1,P10275,VHL,P40337,0,HTGWWWOBPGTSLC,True,True
2284,1590,CC1=C(C2=CC=C(CNC(=O)[C@@H]3C[C@@H](O)CN3C(=O)[C@@H](NC(=O)COCCCOCCCCOC3=CC=C(C4=CC=C(N5C(=S)N(C6=CC=C(C#N)C(C(F)(F)F)=C6)C(=O)C5(C)C)C=C4)C=C3)C(C)(C)C)C=C2)SC=N1,P10275,VHL,P40337,0,IACCNUDTPQOEHL,True,True
2287,1593,CC1=CC=C(N2N=C3C(=O)N(CCCC(=O)NCCCNC4=CC=CC5=C4C(=O)N(C4CCC(=O)NC4=O)C5=O)N=C(C)C3=C2C)C=C1,O43924,CRBN,Q96SW2,0,JEEWMQSGYNEVAR,True,True
2288,1594,CC1=CC=C(N2N=C3C(=O)N(CCCC(=O)NCCCCNC4=CC=CC5=C4C(=O)N(C4CCC(=O)NC4=O)C5=O)N=C(C)C3=C2C)C=C1,O43924,CRBN,Q96SW2,0,QAIXUYJWVALFLV,True,True
2289,1595,CC1=CC=C(N2N=C3C(=O)N(CCCC(=O)NCCCCCNC4=CC=CC5=C4C(=O)N(C4CCC(=O)NC4=O)C5=O)N=C(C)C3=C2C)C=C1,O43924,CRBN,Q96SW2,0,JJAOWBPHOQZIJX,True,True
2290,1596,CC1=CC=C(N2N=C3C(=O)N(CCCC(=O)NCCCCCCNC4=CC=CC5=C4C(=O)N(C4CCC(=O)NC4=O)C5=O)N=C(C)C3=C2C)C=C1,O43924,CRBN,Q96SW2,0,KVPIXXSMHHXIPO,True,True
2291,1597,CC1=CC=C(N2N=C3C(=O)N(CCCC(=O)NCCCCCCCNC4=CC=CC5=C4C(=O)N(C4CCC(=O)NC4=O)C5=O)N=C(C)C3=C2C)C=C1,O43924,CRBN,Q96SW2,0,ASYJUBLYCMRVHZ,True,True
2292,1598,CC1=CC=C(N2N=C3C(=O)N(CCCC(=O)NCCCCCCCCNC4=CC=CC5=C4C(=O)N(C4CCC(=O)NC4=O)C5=O)N=C(C)C3=C2C)C=C1,O43924,CRBN,Q96SW2,0,UETAXZPCBATLJC,True,True
2293,1599,CC1=CC=C(N2N=C3C(=O)N(CCCC(=O)NCCOCCOCCNC4=CC=CC5=C4C(=O)N(C4CCC(=O)NC4=O)C5=O)N=C(C)C3=C2C)C=C1,O43924,CRBN,Q96SW2,0,CSOBFSQKJUVRAA,True,True
2294,1600,CC1=CC=C(N2N=C3C(=O)N(CCCC(=O)NCCCOCCOCCOCCCNC4=CC=CC5=C4C(=O)N(C4CCC(=O)NC4=O)C5=O)N=C(C)C3=C2C)C=C1,O43924,CRBN,Q96SW2,0,GIFCUWIWLNHZIP,True,True
2295,1601,CC1=CC=C(N2N=C3C(=O)N(CCCC(=O)NCCCCCCCCNC4=CC=C5C(=O)N(C6CCC(=O)NC6=O)C(=O)C5=C4)N=C(C)C3=C2C)C=C1,O43924,CRBN,Q96SW2,0,OBUJFXGGFPXSOS,True,True
2335,1636,CC1=CC=C(C(=O)NCCCCC2=CN(CCCC(=O)NCCCCCCC3=CC=CC4=C3CN(C3CCC(=O)NC3=O)C4=O)N=N2)C=C1N1C(C)=CC(OCC2=CC=C(F)C=C2F)=C(Br)C1=O,Q15759,CRBN,Q96SW2,1,DYERNVOWSSIIQF,True,True
2336,1636,CC1=CC=C(C(=O)NCCCCC2=CN(CCCC(=O)NCCCCCCC3=CC=CC4=C3CN(C3CCC(=O)NC3=O)C4=O)N=N2)C=C1N1C(C)=CC(OCC2=CC=C(F)C=C2F)=C(Br)C1=O,Q16539,CRBN,Q96SW2,1,DYERNVOWSSIIQF,True,True
2345,1645,CC1=CC=C(C(=O)NCCCCC2=CN(CCCC(=O)NCCCCNC3=CC=CC4=C3C(=O)N(C3CCC(=O)NC3=O)C4=O)N=N2)C=C1N1C(C)=CC(OCC2=CC=C(F)C=C2F)=C(Br)C1=O,Q15759,CRBN,Q96SW2,1,BEMLUUUHZPFCBS,True,True
2346,1645,CC1=CC=C(C(=O)NCCCCC2=CN(CCCC(=O)NCCCCNC3=CC=CC4=C3C(=O)N(C3CCC(=O)NC3=O)C4=O)N=N2)C=C1N1C(C)=CC(OCC2=CC=C(F)C=C2F)=C(Br)C1=O,Q16539,CRBN,Q96SW2,1,BEMLUUUHZPFCBS,True,True
2350,1649,CC1=C(C2=CC=C(CNC(=O)[C@@H]3C[C@@H](O)CN3C(=O)[C@@H](NC(=O)CCOCCOCCOCCOCCOCCOCC#CC3=CC=C(OCCCC4=C(C(=O)O)N=C(N5CCC6=CC=CC(C(=O)NC7=NC8=CC=CC=C8S7)=C6C5)S4)C=C3)C(C)(C)C)C=C2)SC=N1,Q07817,VHL,P40337,0,LOJJAKUNUJJOKC,True,True
2351,1650,NC(=O)C1=C(N)N([C@@H]2CCCN(C(=O)OCCOCCOCCOCCOCCOCCOCCOCCOCCNC3=CC=CC4=C3C(=O)N(C3CCC(=O)NC3=O)C4=O)C2)N=C1C1=CC=C(OC2=CC=C(F)C=C2F)C=C1,Q06187,CRBN,Q96SW2,1,YOXZTCCVXQIAMP,True,True
2352,1651,CC(=O)N1C2=CC=C(C3=CC=C(C(=O)NCCOCCOCC(=O)N[C@H](C(=O)N4C[C@H](O)C[C@H]4C(=O)NCC4=CC=C(C5=C(C)N=CS5)C=C4)C(C)(C)C)C=C3)C=C2[C@H](NC2=CC=C(Cl)C=C2)C[C@@H]1C,P25440,VHL,P40337,0,AIFXAXRMMBWMAG,True,True
2356,1651,CC(=O)N1C2=CC=C(C3=CC=C(C(=O)NCCOCCOCC(=O)N[C@H](C(=O)N4C[C@H](O)C[C@H]4C(=O)NCC4=CC=C(C5=C(C)N=CS5)C=C4)C(C)(C)C)C=C3)C=C2[C@H](NC2=CC=C(Cl)C=C2)C[C@@H]1C,Q15059,VHL,P40337,0,AIFXAXRMMBWMAG,True,True
2357,1651,CC(=O)N1C2=CC=C(C3=CC=C(C(=O)NCCOCCOCC(=O)N[C@H](C(=O)N4C[C@H](O)C[C@H]4C(=O)NCC4=CC=C(C5=C(C)N=CS5)C=C4)C(C)(C)C)C=C3)C=C2[C@H](NC2=CC=C(Cl)C=C2)C[C@@H]1C,O60885,VHL,P40337,0,AIFXAXRMMBWMAG,True,True
2358,1652,CC(=O)N1C2=CC=C(C3=CC=C(C(=O)NCCOCCOCCOCC(=O)N[C@H](C(=O)N4C[C@H](O)C[C@H]4C(=O)NCC4=CC=C(C5=C(C)N=CS5)C=C4)C(C)(C)C)C=C3)C=C2[C@H](NC2=CC=C(Cl)C=C2)C[C@@H]1C,P25440,VHL,P40337,0,FYSWLIFIYIVHPI,True,True
2359,1652,CC(=O)N1C2=CC=C(C3=CC=C(C(=O)NCCOCCOCCOCC(=O)N[C@H](C(=O)N4C[C@H](O)C[C@H]4C(=O)NCC4=CC=C(C5=C(C)N=CS5)C=C4)C(C)(C)C)C=C3)C=C2[C@H](NC2=CC=C(Cl)C=C2)C[C@@H]1C,Q15059,VHL,P40337,1,FYSWLIFIYIVHPI,True,True
2360,1652,CC(=O)N1C2=CC=C(C3=CC=C(C(=O)NCCOCCOCCOCC(=O)N[C@H](C(=O)N4C[C@H](O)C[C@H]4C(=O)NCC4=CC=C(C5=C(C)N=CS5)C=C4)C(C)(C)C)C=C3)C=C2[C@H](NC2=CC=C(Cl)C=C2)C[C@@H]1C,O60885,VHL,P40337,1,FYSWLIFIYIVHPI,True,True
2361,1653,CC(=O)N1C2=CC=C(C3=CC=C(C(=O)NCCOCCOCCOCCOCC(=O)N[C@H](C(=O)N4C[C@H](O)C[C@H]4C(=O)NCC4=CC=C(C5=C(C)N=CS5)C=C4)C(C)(C)C)C=C3)C=C2[C@H](NC2=CC=C(Cl)C=C2)C[C@@H]1C,P25440,VHL,P40337,0,UHWNJFZTYJNBAN,True,True
2365,1653,CC(=O)N1C2=CC=C(C3=CC=C(C(=O)NCCOCCOCCOCCOCC(=O)N[C@H](C(=O)N4C[C@H](O)C[C@H]4C(=O)NCC4=CC=C(C5=C(C)N=CS5)C=C4)C(C)(C)C)C=C3)C=C2[C@H](NC2=CC=C(Cl)C=C2)C[C@@H]1C,Q15059,VHL,P40337,1,UHWNJFZTYJNBAN,True,True
2366,1653,CC(=O)N1C2=CC=C(C3=CC=C(C(=O)NCCOCCOCCOCCOCC(=O)N[C@H](C(=O)N4C[C@H](O)C[C@H]4C(=O)NCC4=CC=C(C5=C(C)N=CS5)C=C4)C(C)(C)C)C=C3)C=C2[C@H](NC2=CC=C(Cl)C=C2)C[C@@H]1C,O60885,VHL,P40337,1,UHWNJFZTYJNBAN,True,True
2367,1654,CC1=C(C2=CC=C(CNC(=O)[C@@H]3C[C@@H](O)CN3C(=O)[C@@H](NC(=O)COCCOCCNC(=O)C[C@@H]3N=C(C4=CC=C(Cl)C=C4)C4=C(SC(C)=C4C)N4C(C)=NN=C34)C(C)(C)C)C=C2)SC=N1,P25440,VHL,P40337,0,UAQDCZFGBBSHLT,True,True
2368,1654,CC1=C(C2=CC=C(CNC(=O)[C@@H]3C[C@@H](O)CN3C(=O)[C@@H](NC(=O)COCCOCCNC(=O)C[C@@H]3N=C(C4=CC=C(Cl)C=C4)C4=C(SC(C)=C4C)N4C(C)=NN=C34)C(C)(C)C)C=C2)SC=N1,Q15059,VHL,P40337,0,UAQDCZFGBBSHLT,True,True
2369,1654,CC1=C(C2=CC=C(CNC(=O)[C@@H]3C[C@@H](O)CN3C(=O)[C@@H](NC(=O)COCCOCCNC(=O)C[C@@H]3N=C(C4=CC=C(Cl)C=C4)C4=C(SC(C)=C4C)N4C(C)=NN=C34)C(C)(C)C)C=C2)SC=N1,O60885,VHL,P40337,0,UAQDCZFGBBSHLT,True,True
2370,1655,COC1=CC(C(=O)NCCOCCOCCOCCC(=O)NC2=CC=CC3=C2C(=O)N(C2CCC(=O)NC2=O)C3=O)=CC=C1NC1=NC=C(C(F)(F)F)C(OC2=CC=CC3=C2C(=O)CC3)=N1,Q05397,CRBN,Q96SW2,1,ADTXLFJKQHYGPM,True,True
2371,1655,COC1=CC(C(=O)NCCOCCOCCOCCC(=O)NC2=CC=CC3=C2C(=O)N(C2CCC(=O)NC2=O)C3=O)=CC=C1NC1=NC=C(C(F)(F)F)C(OC2=CC=CC3=C2C(=O)CC3)=N1,Q05397,CRBN,Q96SW2,1,ADTXLFJKQHYGPM,True,True
2372,1655,COC1=CC(C(=O)NCCOCCOCCOCCC(=O)NC2=CC=CC3=C2C(=O)N(C2CCC(=O)NC2=O)C3=O)=CC=C1NC1=NC=C(C(F)(F)F)C(OC2=CC=CC3=C2C(=O)CC3)=N1,Q05397,CRBN,Q96SW2,1,ADTXLFJKQHYGPM,True,True
2373,1655,COC1=CC(C(=O)NCCOCCOCCOCCC(=O)NC2=CC=CC3=C2C(=O)N(C2CCC(=O)NC2=O)C3=O)=CC=C1NC1=NC=C(C(F)(F)F)C(OC2=CC=CC3=C2C(=O)CC3)=N1,Q05397,CRBN,Q96SW2,1,ADTXLFJKQHYGPM,True,True
2374,1656,COC1=CC(C(=O)NCCOCCOCCOCC(=O)N[C@H](C(=O)N2C[C@H](O)C[C@H]2C(=O)NCC2=CC=C(C3=C(C)N=CS3)C=C2)C(C)(C)C)=CC=C1NC1=NC=C(C(F)(F)F)C(OC2=CC=CC3=C2C(=O)CC3)=N1,Q05397,VHL,P40337,1,UVVQLQQNGHYTOL,True,True
2375,1656,COC1=CC(C(=O)NCCOCCOCCOCC(=O)N[C@H](C(=O)N2C[C@H](O)C[C@H]2C(=O)NCC2=CC=C(C3=C(C)N=CS3)C=C2)C(C)(C)C)=CC=C1NC1=NC=C(C(F)(F)F)C(OC2=CC=CC3=C2C(=O)CC3)=N1,Q05397,VHL,P40337,1,UVVQLQQNGHYTOL,True,True
2376,1656,COC1=CC(C(=O)NCCOCCOCCOCC(=O)N[C@H](C(=O)N2C[C@H](O)C[C@H]2C(=O)NCC2=CC=C(C3=C(C)N=CS3)C=C2)C(C)(C)C)=CC=C1NC1=NC=C(C(F)(F)F)C(OC2=CC=CC3=C2C(=O)CC3)=N1,Q05397,VHL,P40337,1,UVVQLQQNGHYTOL,True,True
2377,1656,COC1=CC(C(=O)NCCOCCOCCOCC(=O)N[C@H](C(=O)N2C[C@H](O)C[C@H]2C(=O)NCC2=CC=C(C3=C(C)N=CS3)C=C2)C(C)(C)C)=CC=C1NC1=NC=C(C(F)(F)F)C(OC2=CC=CC3=C2C(=O)CC3)=N1,Q05397,VHL,P40337,1,UVVQLQQNGHYTOL,True,True
2378,1657,C=C(F)C(=O)N1CCN(C2=NC(OC[C@@H]3CCCN3CCC(=O)NCCOCCOCCC(=O)N[C@H](C(=O)N3C[C@H](O)C[C@H]3C(=O)NCC3=CC=C(C4=C(C)N=CS4)C=C3)C(C)(C)C)=NC3=C2CCN(C2=CC=CC4=CC=CC(Cl)=C24)C3)C[C@@H]1CC#N,P01116,VHL,P40337,0,AQGODMPACFJSJH,True,True
2379,1658,C=C(F)C(=O)N1CCN(C2=NC(OC[C@@H]3CCCN3CCCOCCC(=O)N[C@H](C(=O)N3C[C@H](O)C[C@H]3C(=O)NCC3=CC=C(C4=C(C)N=CS4)C=C3)C(C)(C)C)=NC3=C2CCN(C2=CC=CC4=CC=CC(Cl)=C24)C3)C[C@@H]1CC#N,P01116,VHL,P40337,0,ZCGQZLKPUVGCBQ,True,True
2380,1658,C=C(F)C(=O)N1CCN(C2=NC(OC[C@@H]3CCCN3CCCOCCC(=O)N[C@H](C(=O)N3C[C@H](O)C[C@H]3C(=O)NCC3=CC=C(C4=C(C)N=CS4)C=C3)C(C)(C)C)=NC3=C2CCN(C2=CC=CC4=CC=CC(Cl)=C24)C3)C[C@@H]1CC#N,P01116,VHL,P40337,0,ZCGQZLKPUVGCBQ,True,True
2381,1659,C=C(F)C(=O)N1CCN(C2=NC(OC[C@@H]3CCCN3CCC(=O)NCCC(=O)N[C@H](C(=O)N3C[C@H](O)C[C@H]3C(=O)NCC3=CC=C(C4=C(C)N=CS4)C=C3)C(C)(C)C)=NC3=C2CCN(C2=CC=CC4=CC=CC(Cl)=C24)C3)C[C@@H]1CC#N,P01116,VHL,P40337,0,QSJKPPVXARILLJ,True,True
2382,1660,C=C(F)C(=O)N1CCN(C2=NC(OC[C@@H]3CCCN3CCCCOCCC(=O)N[C@H](C(=O)N3C[C@H](O)C[C@H]3C(=O)NCC3=CC=C(C4=C(C)N=CS4)C=C3)C(C)(C)C)=NC3=C2CCN(C2=CC=CC4=CC=CC(Cl)=C24)C3)C[C@@H]1CC#N,P01116,VHL,P40337,0,ZTFKFELOBVAACZ,True,True
2383,1661,C=C(F)C(=O)N1CCN(C2=NC(OC[C@@H]3CCCN3CCOCCOCCC(=O)N[C@H](C(=O)N3C[C@H](O)C[C@H]3C(=O)NCC3=CC=C(C4=C(C)N=CS4)C=C3)C(C)(C)C)=NC3=C2CCN(C2=CC=CC4=CC=CC(Cl)=C24)C3)C[C@@H]1CC#N,P01116,VHL,P40337,0,LHQBPRGJSOSPMT,True,True
2384,1662,C=C(F)C(=O)N1CCN(C2=NC(OC[C@@H]3CCCN3CCC(=O)NCCOCCC(=O)N[C@H](C(=O)N3C[C@H](O)C[C@H]3C(=O)NCC3=CC=C(C4=C(C)N=CS4)C=C3)C(C)(C)C)=NC3=C2CCN(C2=CC=CC4=CC=CC(Cl)=C24)C3)C[C@@H]1CC#N,P01116,VHL,P40337,0,ATYRLOQATKCPHD,True,True
2397,1675,O=C(CCCCCCCCCCC(=O)N1CCN(C(=O)C2=CC(CC3=N[NH]C(=O)C4=CC=CC=C34)=CC=C2F)CC1)NCCNC1=CC=CC2=C1C(=O)N(C1CCC(=O)NC1=O)C2=O,P09874,CRBN,Q96SW2,1,HPBWDZVXFSTVMR,True,True
2398,1675,O=C(CCCCCCCCCCC(=O)N1CCN(C(=O)C2=CC(CC3=N[NH]C(=O)C4=CC=CC=C34)=CC=C2F)CC1)NCCNC1=CC=CC2=C1C(=O)N(C1CCC(=O)NC1=O)C2=O,P09874,CRBN,Q96SW2,1,HPBWDZVXFSTVMR,True,True
2399,1675,O=C(CCCCCCCCCCC(=O)N1CCN(C(=O)C2=CC(CC3=N[NH]C(=O)C4=CC=CC=C34)=CC=C2F)CC1)NCCNC1=CC=CC2=C1C(=O)N(C1CCC(=O)NC1=O)C2=O,P09874,CRBN,Q96SW2,1,HPBWDZVXFSTVMR,True,True
2414,1689,O=C1CCC(N2C(=O)C3=CC=CC(NCC(=O)N4CCN(C5=CC=CC(C6=CN=C7C=CC(N8CCC[C@@H]8C8=CC=CC(F)=C8)=NN67)=N5)CC4)=C3C2=O)C(=O)N1,P04629,CRBN,Q96SW2,1,FPRAOLVAUXBFAM,True,True
2415,1690,O=C1CCC(N2C(=O)C3=CC=CC(NCCC(=O)N4CCN(C5=CC=CC(C6=CN=C7C=CC(N8CCC[C@@H]8C8=CC=CC(F)=C8)=NN67)=N5)CC4)=C3C2=O)C(=O)N1,P04629,CRBN,Q96SW2,1,YICPFQIGJSEBNS,True,True
2416,1691,O=C1CCC(N2C(=O)C3=CC=CC(NCCCC(=O)N4CCN(C5=CC=CC(C6=CN=C7C=CC(N8CCC[C@@H]8C8=CC=CC(F)=C8)=NN67)=N5)CC4)=C3C2=O)C(=O)N1,P04629,CRBN,Q96SW2,1,PQXMLGVMAGAZND,True,True
2417,1692,O=C1CCC(N2C(=O)C3=CC=CC(NCCCCC(=O)N4CCN(C5=CC=CC(C6=CN=C7C=CC(N8CCC[C@@H]8C8=CC=CC(F)=C8)=NN67)=N5)CC4)=C3C2=O)C(=O)N1,P04629,CRBN,Q96SW2,1,FRMFOBIMNHXGPY,True,True
2418,1693,O=C1CCC(N2C(=O)C3=CC=CC(NCCCCCC(=O)N4CCN(C5=CC=CC(C6=CN=C7C=CC(N8CCC[C@@H]8C8=CC=CC(F)=C8)=NN67)=N5)CC4)=C3C2=O)C(=O)N1,P04629,CRBN,Q96SW2,1,YTPXNCADDOOFPA,True,True
2421,1694,O=C1CCC(N2C(=O)C3=CC=CC(NCCCCCCC(=O)N4CCN(C5=CC=CC(C6=CN=C7C=CC(N8CCC[C@@H]8C8=CC=CC(F)=C8)=NN67)=N5)CC4)=C3C2=O)C(=O)N1,P04629,CRBN,Q96SW2,1,FUIPOZKPQFMWHV,True,True
2422,1695,O=C1CCC(N2C(=O)C3=CC=CC(NCCCCCCCC(=O)N4CCN(C5=CC=CC(C6=CN=C7C=CC(N8CCC[C@@H]8C8=CC=CC(F)=C8)=NN67)=N5)CC4)=C3C2=O)C(=O)N1,P04629,CRBN,Q96SW2,1,UUXJQTJKYDQCKR,True,True
2423,1696,O=C1CCC(N2C(=O)C3=CC=CC(NCCOCCC(=O)N4CCN(C5=CC=CC(C6=CN=C7C=CC(N8CCC[C@@H]8C8=CC=CC(F)=C8)=NN67)=N5)CC4)=C3C2=O)C(=O)N1,P04629,CRBN,Q96SW2,1,FWANKJAOTQAHHR,True,True
2426,1697,O=C1CCC(N2C(=O)C3=CC=CC(NCCOCCOCCC(=O)N4CCN(C5=CC=CC(C6=CN=C7C=CC(N8CCC[C@@H]8C8=CC=CC(F)=C8)=NN67)=N5)CC4)=C3C2=O)C(=O)N1,P04629,CRBN,Q96SW2,1,IQQDXLBSPZWBKO,True,True
2427,1698,O=C1CCC(N2C(=O)C3=CC=CC(NCCOCCOCCOCCC(=O)N4CCN(C5=CC=CC(C6=CN=C7C=CC(N8CCC[C@@H]8C8=CC=CC(F)=C8)=NN67)=N5)CC4)=C3C2=O)C(=O)N1,P04629,CRBN,Q96SW2,1,LYOSHDFVUGOVCI,True,True
2428,1699,O=C1CCC(N2C(=O)C3=CC=CC(NCCOCCOCCOCCOCCC(=O)N4CCN(C5=CC=CC(C6=CN=C7C=CC(N8CCC[C@@H]8C8=CC=CC(F)=C8)=NN67)=N5)CC4)=C3C2=O)C(=O)N1,P04629,CRBN,Q96SW2,1,CXNAYSUWWHDMPE,True,True
2445,1716,CC(C)C1=C2C(N[C@H]3CC[C@@H](N4CCN(C(=O)CCC(=O)N5CCC(CN6CCN(C7=CC=C8C(=O)N(C9CCC(=O)NC9=O)C(=O)C8=C7)CC6)CC5)CC4)CC3)=NC=NN2C=C1,Q9Y616,CRBN,Q96SW2,0,PVLXFMAKABZOPF,True,True
2446,1717,CC(C)C1=C2C(N[C@H]3CC[C@@H](N4CCN(C(=O)CCC(=O)N5CCC(CCN6CCN(C7=CC=C8C(=O)N(C9CCC(=O)NC9=O)C(=O)C8=C7)CC6)CC5)CC4)CC3)=NC=NN2C=C1,Q9Y616,CRBN,Q96SW2,1,ZUODKONSNNHSAJ,True,True
2479,1734,CC1=C(C2=CC=C([C@H](C)NC(=O)[C@@H]3C[C@@H](O)CN3C(=O)[C@@H](NC(=O)CCCCCCCCCCN(C)CCCONC(=O)C3=CC=C(F)C(F)=C3NC3=CC=C(I)C=C3F)C(C)(C)C)C=C2)SC=N1,P36507,VHL,P40337,1,DXMOVGRUXPNRRX,True,True
2480,1734,CC1=C(C2=CC=C([C@H](C)NC(=O)[C@@H]3C[C@@H](O)CN3C(=O)[C@@H](NC(=O)CCCCCCCCCCN(C)CCCONC(=O)C3=CC=C(F)C(F)=C3NC3=CC=C(I)C=C3F)C(C)(C)C)C=C2)SC=N1,Q02750,VHL,P40337,1,DXMOVGRUXPNRRX,True,True
2485,1737,CC1=C(C2=CC=C([C@H](C)NC(=O)[C@@H]3C[C@@H](O)CN3C(=O)[C@@H](NC(=O)CCCCCCCCCCCNCCCCONC(=O)C3=CC=C(F)C(F)=C3NC3=CC=C(I)C=C3F)C(C)(C)C)C=C2)SC=N1,P36507,VHL,P40337,1,DYLGPTDXXUWFMK,True,True
2486,1737,CC1=C(C2=CC=C([C@H](C)NC(=O)[C@@H]3C[C@@H](O)CN3C(=O)[C@@H](NC(=O)CCCCCCCCCCCNCCCCONC(=O)C3=CC=C(F)C(F)=C3NC3=CC=C(I)C=C3F)C(C)(C)C)C=C2)SC=N1,Q02750,VHL,P40337,1,DYLGPTDXXUWFMK,True,True
2527,1758,O=C1CCC(N2C(=O)C3=CC=C(NCCOCCOCCOCCOCCOCCNCCCONC(=O)C4=CC=C(F)C(F)=C4NC4=CC=C(I)C=C4F)C=C3C2=O)C(=O)N1,P36507,CRBN,Q96SW2,1,OWWBODSADLTRAR,True,True
2528,1758,O=C1CCC(N2C(=O)C3=CC=C(NCCOCCOCCOCCOCCOCCNCCCONC(=O)C4=CC=C(F)C(F)=C4NC4=CC=C(I)C=C4F)C=C3C2=O)C(=O)N1,Q02750,CRBN,Q96SW2,1,OWWBODSADLTRAR,True,True
2552,1782,CC1=C(C2=CC=C([C@H](C)NC(=O)[C@@H]3C[C@@H](O)CN3C(=O)[C@@H](NC(=O)COCCOCCOCCOCCOCC(=O)N3CC(NC4=CC(C(=O)NC[C@H](O)CN5CCC6=CC=CC=C6C5)=NC=N4)C3)C(C)(C)C)C=C2)SC=N1,O14744,VHL,P40337,0,XUJMNOQMXWVXQE,True,True
2553,1783,CC1=C(C2=CC=C(CNC(=O)[C@@H]3C[C@@H](O)CN3C(=O)[C@@H](NC(=O)COCCOCCOCCNC(=O)C3=CC4=C(C=C3CS(C)(=O)=O)C3=CN(C)C(=O)C5=C3C(=C[NH]5)CN4C3=NC=C(F)C=C3F)C(C)(C)C)C=C2)SC=N1,O60885,VHL,P40337,1,GPZQCKOJSPAJES,True,True
2554,1784,CC1=C(C2=CC=C(CNC(=O)[C@@H]3C[C@@H](O)CN3C(=O)[C@@H](NC(=O)CCCCCCCCCCNC(=O)C3=CC4=C(C=C3CS(C)(=O)=O)C3=CN(C)C(=O)C5=C3C(=C[NH]5)CN4C3=NC=C(F)C=C3F)C(C)(C)C)C=C2)SC=N1,O60885,VHL,P40337,1,VTPSYVSGGUUAFN,True,True
2555,1785,CC1=C(C2=CC=C(CNC(=O)[C@@H]3C[C@@H](O)CN3C(=O)[C@@H](NC(=O)COCCOCCOCCNC(=O)C3=CC4=C(C=C3CS(C)(=O)=O)C3=CN(C)C(=O)C5=C3C(=C[NH]5)CN4C3=NC=C(F)C=C3F)C(C)(C)C)C(OC3CCNCC3)=C2)SC=N1,O60885,VHL,P40337,0,QZSIUKWWOMOSBP,True,True
2556,1786,CC1=C(C2=CC=C(CNC(=O)[C@@H]3C[C@@H](O)CN3C(=O)[C@@H](NC(=O)CCCCCCCCCCNC(=O)C3=CC4=C(C=C3CS(C)(=O)=O)C3=CN(C)C(=O)C5=C3C(=C[NH]5)CN4C3=NC=C(F)C=C3F)C(C)(C)C)C(OC3CCNCC3)=C2)SC=N1,O60885,VHL,P40337,1,QJBZJBJONOIDIV,True,True
2557,1787,CC1=C(C2=CC=C(CNC(=O)[C@@H]3C[C@@H](O)CN3C(=O)[C@@H](NC(=O)COCCC3=CC(N)=CC(OCCNC(=O)C4=CC5=C(C=C4CS(C)(=O)=O)C4=CN(C)C(=O)C6=C4C(=C[NH]6)CN5C4=NC=C(F)C=C4F)=C3)C(C)(C)C)C=C2)SC=N1,O60885,VHL,P40337,1,UNADZUGJDDCVKE,True,True
2558,1788,CC1=C(C2=CC=C(CNC(=O)[C@@H]3C[C@@H](O)CN3C(=O)[C@@H](NC(=O)COCCC3=CC(O)=CC(OCCNC(=O)C4=CC5=C(C=C4CS(C)(=O)=O)C4=CN(C)C(=O)C6=C4C(=C[NH]6)CN5C4=NC=C(F)C=C4F)=C3)C(C)(C)C)C=C2)SC=N1,O60885,VHL,P40337,1,JQHNOZDZLLPAJF,True,True
2559,1789,CC1=C(C2=CC=C(CNC(=O)[C@@H]3C[C@@H](O)CN3C(=O)[C@@H](NC(=O)COCCOCCOCCNC(=O)C[C@@H]3N=C(C4=CC=C(N)C=C4)C4=C(SC(C)=C4C)N4C(C)=NN=C34)C(C)(C)C)C=C2)SC=N1,O60885,VHL,P40337,0,XCXZOGOAQQLALD,True,True
2560,1790,CC1=C(C2=CC=C(CNC(=O)[C@@H]3C[C@@H](O)CN3C(=O)[C@@H](NC(=O)COCCOCCOCCNC(=O)C[C@@H]3N=C(C4=CC=C(C#CCN)C=C4)C4=C(SC(C)=C4C)N4C(C)=NN=C34)C(C)(C)C)C=C2)SC=N1,O60885,VHL,P40337,0,RJYPXJLNNMXFMD,True,True
2561,1791,CNCCOC1=CC(C2=C(C)N=CS2)=CC=C1CNC(=O)[C@@H]1C[C@@H](O)CN1C(=O)[C@@H](NC(=O)COCCOCCOCCNC(=O)C[C@@H]1N=C(C2=CC=C(Cl)C=C2)C2=C(SC(C)=C2C)N2C(C)=NN=C12)C(C)(C)C,O60885,VHL,P40337,0,AFQYUHBTQNKWIU,True,True
2562,1792,CC1=C(C2=CC=C(CNC(=O)[C@@H]3C[C@@H](O)CN3C(=O)[C@@H](NC(=O)COCCOCCOCCNC(=O)C[C@@H]3N=C(C4=CC=C(Cl)C=C4)C4=C(SC(C)=C4C)N4C(C)=NN=C34)C(C)(C)C)C(OC3CCNCC3)=C2)SC=N1,O60885,VHL,P40337,0,FOJOYRKGPBBUCX,True,True
2563,1793,CC1=C(C2=CC=C(CNC(=O)[C@@H]3C[C@@H](O)CN3C(=O)[C@@H](NC(=O)COCCC3=CC(N)=CC(OCCNC(=O)C[C@@H]4N=C(C5=CC=C(Cl)C=C5)C5=C(SC(C)=C5C)N5C(C)=NN=C45)=C3)C(C)(C)C)C=C2)SC=N1,O60885,VHL,P40337,1,BVEMTZIKXNJFIM,True,True
2564,1794,CC1=C(C2=CC=C(CNC(=O)[C@@H]3C[C@@H](O)CN3C(=O)[C@@H](NC(=O)COC[C@@H]3CNC[C@H](COCCNC(=O)C[C@@H]4N=C(C5=CC=C(Cl)C=C5)C5=C(SC(C)=C5C)N5C(C)=NN=C45)C3)C(C)(C)C)C=C2)SC=N1,O60885,VHL,P40337,0,XYRCFJBQFAIJBP,True,True
2565,1795,CC1=C(C2=CC=C(CNC(=O)[C@@H]3C[C@@H](O)CN3C(=O)[C@@H](NC(=O)CCC3=CC(N)=CC(CCOCCOCC#CC4=CC=C(C5=N[C@@H](CC6=NC=CS6)C6=NN=C(C)N6C6=C5C(C)=C(C)S6)C=C4)=C3)C(C)(C)C)C=C2)SC=N1,O60885,VHL,P40337,1,MXYBZGJJYHQKSU,True,True
2566,1796,CC1=C(C2=CC=C(CNC(=O)[C@@H]3C[C@@H](O)CN3C(=O)[C@@H](NC(=O)CCC3=CC(N)=CC(CCOCCOCC#CC4=CC=C(C5=N[C@@H](CC(=O)NCCS(=O)(=O)O)C6=NN=C(C)N6C6=C5C(C)=C(C)S6)C=C4)=C3)C(C)(C)C)C=C2)SC=N1,O60885,VHL,P40337,0,JSCBAQVBPQZYHJ,True,True
2567,1797,CC1=C(C2=CC=C(CNC(=O)[C@@H]3C[C@@H](O)CN3C(=O)[C@@H](NC(=O)COCC#CC#CCNC(=O)C[C@@H]3N=C(C4=CC=C(Cl)C=C4)C4=C(SC(C)=C4C)N4C(C)=NN=C34)C(C)(C)C)C=C2)SC=N1,O60885,VHL,P40337,1,FXEIENSZGMCCEE,True,True
2576,1806,CN(C1=NC=CN=C1CNC1=NC(NC2=CC=C(C(=O)NCC3=CN(CCOCCNC4=CC=CC5=C4C(=O)N(C4CCC(=O)NC4=O)C5=O)N=N3)C=C2)=NC=C1C(F)(F)F)S(C)(=O)=O,Q05397,CRBN,Q96SW2,1,ZCIGAWLQIQHALM,True,True
2577,1807,CN(C1=NC=CN=C1CNC1=NC(NC2=CC=C(C(=O)NCC3=CN(CCOCCOCCNC4=CC=CC5=C4C(=O)N(C4CCC(=O)NC4=O)C5=O)N=N3)C=C2)=NC=C1C(F)(F)F)S(C)(=O)=O,Q05397,CRBN,Q96SW2,1,HFHJPCGVORVJEM,True,True
2578,1808,CN(C1=NC=CN=C1CNC1=NC(NC2=CC=C(C(=O)NCC3=CN(CCOCCOCCOCCNC4=CC=CC5=C4C(=O)N(C4CCC(=O)NC4=O)C5=O)N=N3)C=C2)=NC=C1C(F)(F)F)S(C)(=O)=O,Q05397,CRBN,Q96SW2,1,SWVYRPQUTONQRV,True,True
2579,1809,CN(C1=NC=CC=C1CNC1=NC(NC2=CC=C(C(=O)NCC3=CN(CCOCCNC4=CC=CC5=C4C(=O)N(C4CCC(=O)NC4=O)C5=O)N=N3)C=C2)=NC=C1C(F)(F)F)S(C)(=O)=O,Q05397,CRBN,Q96SW2,1,YKYLBDUVVSFNHK,True,True
2580,1810,CN(C1=NC=CC=C1CNC1=NC(NC2=CC=C(C(=O)NCC3=CN(CCOCCOCCNC4=CC=CC5=C4C(=O)N(C4CCC(=O)NC4=O)C5=O)N=N3)C=C2)=NC=C1C(F)(F)F)S(C)(=O)=O,Q05397,CRBN,Q96SW2,1,PKVORWUTBARDDH,True,True
2581,1811,CN(C1=NC=CC=C1CNC1=NC(NC2=CC=C(C(=O)NCC3=CN(CCOCCOCCOCCNC4=CC=CC5=C4C(=O)N(C4CCC(=O)NC4=O)C5=O)N=N3)C=C2)=NC=C1C(F)(F)F)S(C)(=O)=O,Q05397,CRBN,Q96SW2,1,LCIKYUVWQAEKNS,True,True
2582,1812,CN(C1=NC=CN=C1CNC1=NC(NC2=CC=C(NC(=O)C3=CN(CCOCCNC4=CC=CC5=C4C(=O)N(C4CCC(=O)NC4=O)C5=O)N=N3)C=C2)=NC=C1C(F)(F)F)S(C)(=O)=O,Q05397,CRBN,Q96SW2,1,ZYXULQSSGRJULY,True,True
2583,1813,CN(C1=NC=CN=C1CNC1=NC(NC2=CC=C(NC(=O)C3=CN(CCOCCOCCNC4=CC=CC5=C4C(=O)N(C4CCC(=O)NC4=O)C5=O)N=N3)C=C2)=NC=C1C(F)(F)F)S(C)(=O)=O,Q05397,CRBN,Q96SW2,1,WSSLMXUFNPNQOC,True,True
2584,1814,CN(C1=NC=CN=C1CNC1=NC(NC2=CC=C(NC(=O)C3=CN(CCOCCOCCOCCNC4=CC=CC5=C4C(=O)N(C4CCC(=O)NC4=O)C5=O)N=N3)C=C2)=NC=C1C(F)(F)F)S(C)(=O)=O,Q05397,CRBN,Q96SW2,1,HJCPWLDOKFFNBA,True,True
2585,1815,CN(C1=NC=CC=C1CNC1=NC(NC2=CC=C(NC(=O)C3=CN(CCOCCNC4=CC=CC5=C4C(=O)N(C4CCC(=O)NC4=O)C5=O)N=N3)C=C2)=NC=C1C(F)(F)F)S(C)(=O)=O,Q05397,CRBN,Q96SW2,1,OMFFNJHWWMOLMP,True,True
2586,1816,CN(C1=NC=CC=C1CNC1=NC(NC2=CC=C(NC(=O)C3=CN(CCOCCOCCOCCNC4=CC=CC5=C4C(=O)N(C4CCC(=O)NC4=O)C5=O)N=N3)C=C2)=NC=C1C(F)(F)F)S(C)(=O)=O,Q05397,CRBN,Q96SW2,1,YBMPYUQIBZJXCZ,True,True
2587,1817,CN(C1=NC=CC=C1CNC1=NC(NC2=CC=C(NC(=O)C3=CN(CCOCCOCCOCCOCCNC4=CC=CC5=C4C(=O)N(C4CCC(=O)NC4=O)C5=O)N=N3)C=C2)=NC=C1C(F)(F)F)S(C)(=O)=O,Q05397,CRBN,Q96SW2,1,SDUQBXCEGLRTPJ,True,True
2588,1818,CN(C1=NC=CC=C1CNC1=NC(NC2=CC=C(NC(=O)C3=CN(CCCCCCCCNC4=CC=CC5=C4C(=O)N(C4CCC(=O)NC4=O)C5=O)N=N3)C=C2)=NC=C1C(F)(F)F)S(C)(=O)=O,Q05397,CRBN,Q96SW2,1,TYDQETWWOPRUFW,True,True
2589,1819,CN(C1=NC=CC=C1CNC1=NC(NC2=CC=C(NC(=O)C3=CN(CCOCCOCC#CC4=CC=CC5=C4C(=O)N(C4CCC(=O)NC4=O)C5=O)N=N3)C=C2)=NC=C1C(F)(F)F)S(C)(=O)=O,Q05397,CRBN,Q96SW2,1,AEQCSXCPHFZTNV,True,True
2590,1820,CN(C1=NC=CC=C1CNC1=NC(NC2=CC=C(NC(=O)C3=CN(CCCCCOCC#CC4=CC=CC5=C4C(=O)N(C4CCC(=O)NC4=O)C5=O)N=N3)C=C2)=NC=C1C(F)(F)F)S(C)(=O)=O,Q05397,CRBN,Q96SW2,1,FEZJNHIIMHWZTF,True,True
2591,1821,CN(C1=NC=CC=C1CNC1=NC(NC2=CC=C(NC(=O)C3=CN(CCCCCCCC#CC4=CC=CC5=C4C(=O)N(C4CCC(=O)NC4=O)C5=O)N=N3)C=C2)=NC=C1C(F)(F)F)S(C)(=O)=O,Q05397,CRBN,Q96SW2,1,PBHLTZUVDXLJQZ,True,True
2592,1822,CN(C1=NC=CC=C1CNC1=NC(NC2=CC=C(NC(=O)C3=CN(CCOCCOCCCC4=CC=CC5=C4C(=O)N(C4CCC(=O)NC4=O)C5=O)N=N3)C=C2)=NC=C1C(F)(F)F)S(C)(=O)=O,Q05397,CRBN,Q96SW2,1,GNTSSXPDCUGXDV,True,True
2593,1823,CN(C1=NC=CC=C1CNC1=NC(NC2=CC=C(NC(=O)C3=CN(CCCCCOCCCC4=CC=CC5=C4C(=O)N(C4CCC(=O)NC4=O)C5=O)N=N3)C=C2)=NC=C1C(F)(F)F)S(C)(=O)=O,Q05397,CRBN,Q96SW2,1,DRKWCHHTECNTEC,True,True
2594,1824,CN(C1=NC=CC=C1CNC1=NC(NC2=CC=C(NC(=O)C3=CN(CCCCCCCCCC4=CC=CC5=C4C(=O)N(C4CCC(=O)NC4=O)C5=O)N=N3)C=C2)=NC=C1C(F)(F)F)S(C)(=O)=O,Q05397,CRBN,Q96SW2,1,WWPUSLMSNQTZNH,True,True
2598,1828,CN[C@@H](C)C(=O)N[C@H](C(=O)N1CCC[C@H]1C1=NC(C(=O)C2=CC=CC(OCCOCCOCC(=O)N3CCN(C(=O)C4CCN(C5=CC=C(NC(=O)C6=CN=C(OC7=CC=CC=C7)N=C6)C=C5)CC4)CC3)=C2)=CS1)C1CCCCC1,O60760,cIAP1,Q13490,0,SXXOFFJATGUTIT,True,True
2599,1829,O=C1CCC(N2CC3=C(NC(=O)COCCOCCNCCNC4=NON=C4/C(=N\O)NC4=CC=C(F)C(Br)=C4)C=CC=C3C2=O)C(=O)N1,P14902,CRBN,Q96SW2,0,DAEHHDDUURMTNL,True,True
2600,1830,O=C1CCC(N2CC3=C(NC(=O)COCCOCCOCCNCCNC4=NON=C4/C(=N\O)NC4=CC=C(F)C(Br)=C4)C=CC=C3C2=O)C(=O)N1,P14902,CRBN,Q96SW2,0,KDFPOECSAQSOFF,True,True
2601,1831,O=C1CCC(N2CC3=C(NC(=O)COCCOCCOCCOCCNCCNC4=NON=C4/C(=N\O)NC4=CC=C(F)C(Br)=C4)C=CC=C3C2=O)C(=O)N1,P14902,CRBN,Q96SW2,0,VIACJOIWGKKFOO,True,True
2602,1832,O=C1CCC(N2C(=O)C3=CC=CC(NCCOCCOCCOCCNCCNC4=NON=C4/C(=N\O)NC4=CC=C(F)C(Br)=C4)=C3C2=O)C(=O)N1,P14902,CRBN,Q96SW2,0,YGDPNFCJJZXQCF,True,True
2603,1833,O=C1CCC(N2C(=O)C3=CC=CC(NCCOCCOCCOCCOCCOCCNCCNC4=NON=C4/C(=N\O)NC4=CC=C(F)C(Br)=C4)=C3C2=O)C(=O)N1,P14902,CRBN,Q96SW2,0,YDEQEGICAMJAIK,True,True
2604,1834,O=C1CCC(N2C(=O)C3=CC=CC(NCCOCCOCCOCCOCCOCCOCCOCCNCCNC4=NON=C4/C(=N\O)NC4=CC=C(F)C(Br)=C4)=C3C2=O)C(=O)N1,P14902,CRBN,Q96SW2,0,BVQZWOPTIZSOAW,True,True
2605,1835,O=C1CCC(N2C(=O)C3=CC=CC(NCCOCCOCCOCCOCCOCCOCCOCCOCCOCCNCCNC4=NON=C4/C(=N\O)NC4=CC=C(F)C(Br)=C4)=C3C2=O)C(=O)N1,P14902,CRBN,Q96SW2,0,WUUYWUDYFMUNCU,True,True
2610,1840,COC1=CC2=NC(N3CCN(C(=O)C4=CN(CCOCC(=O)NC5=CC=CC6=C5C(=O)N(C5CCC(=O)NC5=O)C6=O)N=N4)CC3)=NC(N)=C2C=C1OC,P35348,CRBN,Q96SW2,0,BMEBWCUDRJFZGZ,True,True
2612,1842,COC1=CC2=NC(N3CCN(C(=O)C4=CN(CCOCCOCCOCC(=O)NC5=CC=CC6=C5C(=O)N(C5CCC(=O)NC5=O)C6=O)N=N4)CC3)=NC(N)=C2C=C1OC,P35348,CRBN,Q96SW2,0,SFODRSARUJDQSA,True,True
2619,1844,COC(=O)C1=CC[C@]23CC[C@@H]([C@@]2(OC(C)=O)CC1)[C@@](C)(/C=C/C=C(\C)C(=O)OC1=CC=CC2=C1C(=O)N(C1CCC(=O)NC1=O)C2=O)OC3=O,P35613,CRBN,Q96SW2,0,UGAAQMHZRGBKQI,True,True
2620,1845,COC(=O)C1=CC[C@]23CC[C@@H]([C@@]2(OC(C)=O)CC1)[C@@](C)(/C=C/C=C(\C)C(=O)OCOC1=CC=CC2=C1C(=O)N(C1CCC(=O)NC1=O)C2=O)OC3=O,P35613,CRBN,Q96SW2,0,LACKEONNEGURRH,True,True
2621,1846,COC(=O)C1=CC[C@]23CC[C@@H]([C@@]2(OC(C)=O)CC1)[C@@](C)(/C=C/C=C(\C)C(=O)OCCOC1=CC=CC2=C1C(=O)N(C1CCC(=O)NC1=O)C2=O)OC3=O,P35613,CRBN,Q96SW2,0,WHUXRYAADPSZDQ,True,True
2622,1847,COC(=O)C1=CC[C@]23CC[C@@H]([C@@]2(OC(C)=O)CC1)[C@@](C)(/C=C/C=C(\C)C(=O)OCCCOC1=CC=CC2=C1C(=O)N(C1CCC(=O)NC1=O)C2=O)OC3=O,P35613,CRBN,Q96SW2,0,YPWCKSJHFDZUNO,True,True
2623,1848,COC(=O)C1=CC[C@]23CC[C@@H]([C@@]2(OC(C)=O)CC1)[C@@](C)(/C=C/C=C(\C)C(=O)OCCCCCOC1=CC=CC2=C1C(=O)N(C1CCC(=O)NC1=O)C2=O)OC3=O,P35613,CRBN,Q96SW2,0,NPCDHHICMMZLER,True,True
2624,1849,COC(=O)C1=CC[C@]23CC[C@@H]([C@@]2(OC(C)=O)CC1)[C@@](C)(/C=C/C=C(\C)C(=O)OCCCCCCCOC1=CC=CC2=C1C(=O)N(C1CCC(=O)NC1=O)C2=O)OC3=O,P35613,CRBN,Q96SW2,0,DHWXVGHEJBGGBG,True,True
2625,1850,COC(=O)C1=CC[C@]23CC[C@@H]([C@@]2(OC(C)=O)CC1)[C@@](C)(/C=C/C=C(\C)C(=O)OCCOCCOCCOC1=CC=CC2=C1C(=O)N(C1CCC(=O)NC1=O)C2=O)OC3=O,P35613,CRBN,Q96SW2,0,LIIPDGRRJYPSAT,True,True
2626,1851,COC(=O)C1=CC[C@]23CC[C@@H]([C@@]2(OC(C)=O)CC1)[C@@](C)(/C=C/C=C(\C)C(=O)OCCOCCOCCOCCOC1=CC=CC2=C1C(=O)N(C1CCC(=O)NC1=O)C2=O)OC3=O,P35613,CRBN,Q96SW2,0,KIKGYQSXBONTRB,True,True
2627,1852,COC(=O)C1=CC[C@]23CC[C@@H]([C@@]2(OC(C)=O)CC1)[C@@](C)(/C=C/C=C(\C)C(=O)NCCNC1=CC=CC2=C1C(=O)N(C1CCC(=O)NC1=O)C2=O)OC3=O,P35613,CRBN,Q96SW2,0,HXOYUWKUTDAHIM,True,True
2628,1853,COC(=O)C1=CC[C@]23CC[C@@H]([C@@]2(OC(C)=O)CC1)[C@@](C)(/C=C/C=C(\C)C(=O)NCCCNC1=CC=CC2=C1C(=O)N(C1CCC(=O)NC1=O)C2=O)OC3=O,P35613,CRBN,Q96SW2,0,FINCIBVFPLIQGI,True,True
2629,1854,COC(=O)C1=CC[C@]23CC[C@@H]([C@@]2(OC(C)=O)CC1)[C@@](C)(/C=C/C=C(\C)C(=O)NCCCCNC1=CC=CC2=C1C(=O)N(C1CCC(=O)NC1=O)C2=O)OC3=O,P35613,CRBN,Q96SW2,0,MBFRJWUVWQWPIJ,True,True
2630,1855,COC(=O)C1=CC[C@]23CC[C@@H]([C@@]2(OC(C)=O)CC1)[C@@](C)(/C=C/C=C(\C)C(=O)NCCCCCCNC1=CC=CC2=C1C(=O)N(C1CCC(=O)NC1=O)C2=O)OC3=O,P35613,CRBN,Q96SW2,0,JGEQPCIHUWDGBZ,True,True
2631,1856,COC(=O)C1=CC[C@]23CC[C@@H]([C@@]2(OC(C)=O)CC1)[C@@](C)(/C=C/C=C(\C)C(=O)N1CCN(C2=CC=CC4=C2C(=O)N(C2CCC(=O)NC2=O)C4=O)CC1)OC3=O,P35613,CRBN,Q96SW2,0,UGEBDJFVWGYGBO,True,True
2632,1857,COC(=O)C1=CC[C@]23CC[C@@H]([C@@]2(OC(C)=O)CC1)[C@@](C)(/C=C/C=C(\C)C(=O)NC1CCN(C2=CC=CC4=C2C(=O)N(C2CCC(=O)NC2=O)C4=O)CC1)OC3=O,P35613,CRBN,Q96SW2,0,LMIYKUREKRMWNT,True,True
2633,1858,COC(=O)C1=CC[C@]23CC[C@@H]([C@@]2(OC(C)=O)CC1)[C@@](C)(/C=C/C=C(\C)C(=O)N1CCC(NC2=CC=CC4=C2C(=O)N(C2CCC(=O)NC2=O)C4=O)CC1)OC3=O,P35613,CRBN,Q96SW2,0,JRWNCELYFXURRI,True,True
2641,1865,NC1=CC(F)=CC=C1NC(=O)C1=CC=C(NC(=O)CCCCNC(=O)CNC2=CC=CC3=C2C(=O)N(C2CCC(=O)NC2=O)C3=O)C=C1,O15379,CRBN,Q96SW2,0,AMBNMDIPGZXRRW,True,True
2718,1942,CCN1C(=O)N(CC(=O)NCCOCCNC(=O)COC2=CC=CC3=C2C(=O)N(C2CCC(=O)NC2=O)C3=O)C(=O)C2=CC(C(N)=O)=C(N)N=C21,O00418,CRBN,Q96SW2,0,WEFNUHQNBKXKGD,True,True
2817,1995,CC1=C(C2=CC=C(CNC(=O)[C@@H]3C[C@@H](O)CN3C(=O)[C@@H](NC(=O)CCCCCCN3CCN(C4=CC=C(NC5=NC=C6N=C(NC7=CC=CC=C7)N(C7CCCC7)C6=N5)C=C4)CC3)C(C)(C)C)C=C2)SC=N1,P00533,VHL,P40337,0,MCPFQJKJCFMAIH,True,True
2818,1995,CC1=C(C2=CC=C(CNC(=O)[C@@H]3C[C@@H](O)CN3C(=O)[C@@H](NC(=O)CCCCCCN3CCN(C4=CC=C(NC5=NC=C6N=C(NC7=CC=CC=C7)N(C7CCCC7)C6=N5)C=C4)CC3)C(C)(C)C)C=C2)SC=N1,P00533,VHL,P40337,0,MCPFQJKJCFMAIH,True,True
2819,1995,CC1=C(C2=CC=C(CNC(=O)[C@@H]3C[C@@H](O)CN3C(=O)[C@@H](NC(=O)CCCCCCN3CCN(C4=CC=C(NC5=NC=C6N=C(NC7=CC=CC=C7)N(C7CCCC7)C6=N5)C=C4)CC3)C(C)(C)C)C=C2)SC=N1,P00533,VHL,P40337,1,MCPFQJKJCFMAIH,True,True
2821,1996,CC1=C(C2=CC=C(CNC(=O)[C@@H]3C[C@@H](O)CN3C(=O)[C@@H](NC(=O)CCCCCCCN3CCN(C4=CC=C(NC5=NC=C6N=C(NC7=CC=CC=C7)N(C7CCCC7)C6=N5)C=C4)CC3)C(C)(C)C)C=C2)SC=N1,P00533,VHL,P40337,0,OAEOAAWVWTZNON,True,True
2822,1996,CC1=C(C2=CC=C(CNC(=O)[C@@H]3C[C@@H](O)CN3C(=O)[C@@H](NC(=O)CCCCCCCN3CCN(C4=CC=C(NC5=NC=C6N=C(NC7=CC=CC=C7)N(C7CCCC7)C6=N5)C=C4)CC3)C(C)(C)C)C=C2)SC=N1,P00533,VHL,P40337,0,OAEOAAWVWTZNON,True,True
2826,1998,CN(CCOCCOCCOCCN1CCN(C2=CC=C(NC3=NC=C4N=C(NC5=CC=CC=C5)N(C5CCCC5)C4=N3)C=C2)CC1)CC(=O)NC1=CC=CC2=C1CN(C1CCC(=O)NC1=O)C2=O,P00533,CRBN,Q96SW2,1,YTBOHZLAPNSENZ,True,True
2827,1998,CN(CCOCCOCCOCCN1CCN(C2=CC=C(NC3=NC=C4N=C(NC5=CC=CC=C5)N(C5CCCC5)C4=N3)C=C2)CC1)CC(=O)NC1=CC=CC2=C1CN(C1CCC(=O)NC1=O)C2=O,P00533,CRBN,Q96SW2,0,YTBOHZLAPNSENZ,True,True
2845,2004,CC(C)NC1=CC(N2C=CC3=CC(C#N)=CN=C32)=NC=C1C(=O)N[C@H]1CC[C@H](C(=O)NCCNC(=O)COC2=CC=CC3=C2C(=O)N(C2CCC(=O)NC2=O)C3=O)CC1,Q9NWZ3,CRBN,Q96SW2,0,YMXWKCAXGFLWAH,True,True
2846,2005,CC(C)NC1=CC(N2C=CC3=CC(C#N)=CN=C32)=NC=C1C(=O)N[C@H]1CC[C@H](C(=O)NCCCNC(=O)COC2=CC=CC3=C2C(=O)N(C2CCC(=O)NC2=O)C3=O)CC1,Q9NWZ3,CRBN,Q96SW2,0,DHVQDOJINANBTP,True,True
2847,2006,CC(C)NC1=CC(N2C=CC3=CC(C#N)=CN=C32)=NC=C1C(=O)N[C@H]1CC[C@H](C(=O)NCCCCNC(=O)COC2=CC=CC3=C2C(=O)N(C2CCC(=O)NC2=O)C3=O)CC1,Q9NWZ3,CRBN,Q96SW2,0,HTWBTPRKNVRYHW,True,True
2848,2007,CC(C)NC1=CC(N2C=CC3=CC(C#N)=CN=C32)=NC=C1C(=O)N[C@H]1CC[C@H](C(=O)NCCCCCNC(=O)COC2=CC=CC3=C2C(=O)N(C2CCC(=O)NC2=O)C3=O)CC1,Q9NWZ3,CRBN,Q96SW2,0,NOGGUZVPDPKPMG,True,True
2849,2008,CC(C)NC1=CC(N2C=CC3=CC(C#N)=CN=C32)=NC=C1C(=O)N[C@H]1CC[C@H](C(=O)NCCOCCNC(=O)COC2=CC=CC3=C2C(=O)N(C2CCC(=O)NC2=O)C3=O)CC1,Q9NWZ3,CRBN,Q96SW2,0,YNNBDJQWDDDBRU,True,True
2850,2009,CC(C)NC1=CC(N2C=CC3=CC(C#N)=CN=C32)=NC=C1C(=O)N[C@H]1CC[C@H](C(=O)NCCOCCOCCNC(=O)COC2=CC=CC3=C2C(=O)N(C2CCC(=O)NC2=O)C3=O)CC1,Q9NWZ3,CRBN,Q96SW2,0,OLRLOHZCSMMOCS,True,True
2851,2010,CC(C)NC1=CC(N2C=CC3=CC(C#N)=CN=C32)=NC=C1C(=O)N[C@H]1CC[C@H](C(=O)NCCOCCOCCOCCNC(=O)COC2=CC=CC3=C2C(=O)N(C2CCC(=O)NC2=O)C3=O)CC1,Q9NWZ3,CRBN,Q96SW2,0,GCYQSLZQVIWPNR,True,True
2852,2011,CC(C)NC1=CC(N2C=CC3=CC(C#N)=CN=C32)=NC=C1C(=O)N[C@H]1CC[C@H](C(=O)NCCOCCOCCOCCOCCNC(=O)COC2=CC=CC3=C2C(=O)N(C2CCC(=O)NC2=O)C3=O)CC1,Q9NWZ3,CRBN,Q96SW2,0,TXUGEBSJIQYPRD,True,True
2858,2017,CCCNNC(=O)C1=CC=C(C2=CC=C(NC(=O)CCCCCCC(=O)N[C@H](C(=O)N3C[C@H](O)C[C@H]3C(=O)N[C@@H](C)C3=CC=C(C4=C(C)N=CS4)C=C3)C(C)(C)C)C=C2)C=C1,O15379,VHL,P40337,1,INXGMIWEZJNJOA,True,True
2880,2029,CC(=O)C1=C(C)C2=CN=C(NC3=CC=C(N4CCN(CCCCCCCC(=O)N[C@H](C(=O)N5C[C@H](O)C[C@H]5C(=O)NCC5=CC=C(C6=C(C)N=CS6)C=C5)C(C)(C)C)CC4)C=N3)N=C2N(C2CCCC2)C1=O,Q00534,VHL,P40337,1,IKUFCSGURQJEKV,True,True
2898,2038,CC(=O)C1=C(C)C2=CN=C(NC3=CC=C(N4CCN(CCOCCOCCOC5=CC(C6=C(C)N=CS6)=CC=C5CNC(=O)[C@@H]5C[C@@H](O)CN5C(=O)[C@@H](NC(=O)C5(F)CC5)C(C)(C)C)CC4)C=N3)N=C2N(C2CCCC2)C1=O,P11802,VHL,P40337,1,WYPMPGWHIPETEB,True,True
2899,2038,CC(=O)C1=C(C)C2=CN=C(NC3=CC=C(N4CCN(CCOCCOCCOC5=CC(C6=C(C)N=CS6)=CC=C5CNC(=O)[C@@H]5C[C@@H](O)CN5C(=O)[C@@H](NC(=O)C5(F)CC5)C(C)(C)C)CC4)C=N3)N=C2N(C2CCCC2)C1=O,Q00534,VHL,P40337,1,WYPMPGWHIPETEB,True,True
2900,2039,CN[C@@H](C)C(=O)N[C@H](C(=O)N1C[C@@H](OC2=CC=CC(OCCOCCOCCOCCN3CCN(C4=CC=C(NC5=NC=C6C(C)=C(C(C)=O)C(=O)N(C7CCCC7)C6=N5)N=C4)CC3)=C2)C[C@H]1C(=O)N[C@@H]1CCCC2=CC=CC=C21)C1CCCCC1,Q00534,XIAP,P98170,0,ZGJRSUQTJKRDJL,True,True
2902,2040,COC1=CC(C(=O)NCCOCCOCCOCCN2CCN(C3=CC=C(NC4=NC=C5C(C)=C(C(C)=O)C(=O)N(C6CCCC6)C5=N4)N=C3)CC2)=CC=C1NC(=O)[C@@H]1N[C@@H](CC(C)(C)C)[C@](C#N)(C2=CC=C(Cl)C=C2F)[C@H]1C1=CC=CC(Cl)=C1F,Q00534,MDM2,Q00987,0,XRGFJEIUSASXRL,True,True
2903,2040,COC1=CC(C(=O)NCCOCCOCCOCCN2CCN(C3=CC=C(NC4=NC=C5C(C)=C(C(C)=O)C(=O)N(C6CCCC6)C5=N4)N=C3)CC2)=CC=C1NC(=O)[C@@H]1N[C@@H](CC(C)(C)C)[C@](C#N)(C2=CC=C(Cl)C=C2F)[C@H]1C1=CC=CC(Cl)=C1F,P11802,MDM2,Q00987,0,XRGFJEIUSASXRL,True,True
2909,2044,COC1=CC(NC2=NC=C3CN=C(C4=C(F)C=CC=C4OC)C4=CC(Cl)=CC=C4C3=N2)=CC=C1C(=O)NCCOCCOCCNC(=O)COC1=CC=CC2=C1C(=O)N(C1CCC(=O)NC1=O)C2=O,O14965,CRBN,Q96SW2,1,GYKNPXCQINZRLL,True,True
2915,2048,CCCS(=O)(=O)NC1=CC=C(F)C(N2C=C(C3=CN=CN=C3)C3=NC(N(C)C4CCN(C(=O)CCOCCOCCOCCOCCOCCOCCNC5=CC=CC6=C5C(=O)N(C5CCC(=O)NC5=O)C6=O)CC4)=CC=C32)=C1F,P15056,CRBN,Q96SW2,1,PHBHADRVFSMQAN,True,True
2916,2049,CCCS(=O)(=O)NC1=CC=C(F)C(N2C=C(C3=CN=CN=C3)C3=NC(N(C)C4CCN(C(=O)CCOCCOCCOCCOCCOCCOCCOCCOCCNC5=CC=CC6=C5C(=O)N(C5CCC(=O)NC5=O)C6=O)CC4)=CC=C32)=C1F,P15056,CRBN,Q96SW2,0,UGQUDUNSDGAZIO,True,True
2917,2050,CCCS(=O)(=O)NC1=CC=C(F)C(N2C=C(C3=CN=CN=C3)C3=NC(N(C)C4CCN(C(=O)CCC(=O)NCCCOCCOCCOCCCNC5=CC=CC6=C5C(=O)N(C5CCC(=O)NC5=O)C6=O)CC4)=CC=C32)=C1F,P15056,CRBN,Q96SW2,0,GVOFKFUVWFBDKE,True,True
2926,2059,NC1=NC=CC(C2=C(C3=CC=CC(NS(=O)(=O)C4=C(F)C=CC=C4F)=C3F)N=C(C3CCN(C(=O)CCOCCOCCOCCNC4=CC=CC5=C4C(=O)N(C4CCC(=O)NC4=O)C5=O)CC3)S2)=N1,P15056,CRBN,Q96SW2,0,TTXCLAHYGSGCRI,True,True
2927,2060,CCCS(=O)(=O)NC1=CC=C(F)C(N2C=C(C3=CN=CN=C3)C3=NC(N(C)C4CCN(CC5CN(C(=O)CCOCCOCCOCCNC6=CC=CC7=C6C(=O)N(C6CCC(=O)NC6=O)C7=O)C5)CC4)=CC=C32)=C1F,P15056,CRBN,Q96SW2,0,LCDUHYBKQVDAET,True,True
2928,2061,CCCS(=O)(=O)NC1=CC=C(F)C(N2C=C(C3=CN=CN=C3)C3=NC(N(C)C4CCN(CCCCCCCCCC(=O)N5CCN(CC6=CC=C(CNC7=CC=CC8=C7C(=O)N(C7CCC(=O)NC7=O)C8=O)C=C6)CC5)CC4)=CC=C32)=C1F,P15056,CRBN,Q96SW2,0,CKYMSWCSFSXJQJ,True,True
2929,2062,CCCS(=O)(=O)NC1=CC=C(F)C(N2C=C(C3=CN=CN=C3)C3=NC(N(C)C4CCN(CCCCCCCCCC(=O)N5CCN(C6=CC=CC7=C6C(=O)N(C6CCC(=O)NC6=O)C7=O)CC5)CC4)=CC=C32)=C1F,P15056,CRBN,Q96SW2,0,KHDFCYGRSVDYNO,True,True
2930,2063,CCCS(=O)(=O)NC1=CC=C(F)C(N2C=C(C3=CN=CN=C3)C3=NC(N(C)C4CCN(CC(=O)NCCCOCCCCOCCCNC5=CC=CC6=C5C(=O)N(C5CCC(=O)NC5=O)C6=O)CC4)=CC=C32)=C1F,P15056,CRBN,Q96SW2,0,DAQQIWJQNSGFLU,True,True
2931,2064,CCCS(=O)(=O)NC1=CC=C(F)C(N2C=C(C3=CN=CN=C3)C3=NC(N(C)C4CCN(C(=O)CCOCCOCCN5C=C(COCCNC6=CC=CC7=C6C(=O)N(C6CCC(=O)NC6=O)C7=O)N=N5)CC4)=CC=C32)=C1F,P15056,CRBN,Q96SW2,0,VFSRJJPNEQKSQQ,True,True
2932,2065,CCCS(=O)(=O)NC1=CC=C(F)C(N2C=C(C3=CN=CN=C3)C3=NC(N(C)C4CCN(C(=O)CCOCCOCCOCCOCC#CC5=CC=CC6=C5CN(C5CCC(=O)NC5=O)C6=O)CC4)=CC=C32)=C1F,P15056,CRBN,Q96SW2,0,OURGGRRMESLKOS,True,True
2934,2067,CN[C@@H](C)C(=O)N[C@H](C(=O)N1CC2=CC(OCC3=CN=C(COC(=O)N4CCC[C@@H](N5N=C(C6=CC=C(OC7=CC=C(F)C=C7F)C=C6)C(C(N)=O)=C5N)C4)C=N3)=CC=C2C[C@H]1C(=O)N[C@@H]1CCCC2=CC=CC=C21)C(C)(C)C,Q06187,cIAP1,Q13490,0,PTEVOZUKHQQUNI,True,True
2938,2071,CC1=C(C(=O)N2N=C(NC3=CC=C(S(=O)(=O)NCCOCC4=CN(CCOCCOCCNC5=CC=CC6=C5C(=O)N(C5CCC(=O)NC5=O)C6=O)N=N4)C=C3)N=C2N)SC=C1,P24941,CRBN,Q96SW2,1,BXCPYBFBMAWDDY,True,True
2939,2071,CC1=C(C(=O)N2N=C(NC3=CC=C(S(=O)(=O)NCCOCC4=CN(CCOCCOCCNC5=CC=CC6=C5C(=O)N(C5CCC(=O)NC5=O)C6=O)N=N4)C=C3)N=C2N)SC=C1,P24941,CRBN,Q96SW2,1,BXCPYBFBMAWDDY,True,True
2940,2071,CC1=C(C(=O)N2N=C(NC3=CC=C(S(=O)(=O)NCCOCC4=CN(CCOCCOCCNC5=CC=CC6=C5C(=O)N(C5CCC(=O)NC5=O)C6=O)N=N4)C=C3)N=C2N)SC=C1,P24941,CRBN,Q96SW2,1,BXCPYBFBMAWDDY,True,True
2941,2071,CC1=C(C(=O)N2N=C(NC3=CC=C(S(=O)(=O)NCCOCC4=CN(CCOCCOCCNC5=CC=CC6=C5C(=O)N(C5CCC(=O)NC5=O)C6=O)N=N4)C=C3)N=C2N)SC=C1,P24941,CRBN,Q96SW2,1,BXCPYBFBMAWDDY,True,True
2942,2071,CC1=C(C(=O)N2N=C(NC3=CC=C(S(=O)(=O)NCCOCC4=CN(CCOCCOCCNC5=CC=CC6=C5C(=O)N(C5CCC(=O)NC5=O)C6=O)N=N4)C=C3)N=C2N)SC=C1,P24941,CRBN,Q96SW2,1,BXCPYBFBMAWDDY,True,True
2943,2071,CC1=C(C(=O)N2N=C(NC3=CC=C(S(=O)(=O)NCCOCC4=CN(CCOCCOCCNC5=CC=CC6=C5C(=O)N(C5CCC(=O)NC5=O)C6=O)N=N4)C=C3)N=C2N)SC=C1,P24941,CRBN,Q96SW2,1,BXCPYBFBMAWDDY,True,True
2950,2073,CCCS(=O)(=O)NC1=CC=C(F)C(C(=O)C2=C[NH]C3=NC=C(C4=CC=C(N5CCN(CC(=O)N[C@H](C(=O)N6C[C@H](O)C[C@H]6C(=O)NCC6=CC=C(C7=C(C)N=CS7)C=C6)C(C)(C)C)CC5)C=C4)C=C23)=C1F,P15056,VHL,P40337,1,MBCAVOCJJAQHHT,True,True
2951,2073,CCCS(=O)(=O)NC1=CC=C(F)C(C(=O)C2=C[NH]C3=NC=C(C4=CC=C(N5CCN(CC(=O)N[C@H](C(=O)N6C[C@H](O)C[C@H]6C(=O)NCC6=CC=C(C7=C(C)N=CS7)C=C6)C(C)(C)C)CC5)C=C4)C=C23)=C1F,P15056,VHL,P40337,1,MBCAVOCJJAQHHT,True,True
2952,2073,CCCS(=O)(=O)NC1=CC=C(F)C(C(=O)C2=C[NH]C3=NC=C(C4=CC=C(N5CCN(CC(=O)N[C@H](C(=O)N6C[C@H](O)C[C@H]6C(=O)NCC6=CC=C(C7=C(C)N=CS7)C=C6)C(C)(C)C)CC5)C=C4)C=C23)=C1F,P15056,VHL,P40337,1,MBCAVOCJJAQHHT,True,True
2969,2076,CN(CCCNC(=O)CNC1=CC=CC2=C1C(=O)N(C1CCC(=O)NC1=O)C2=O)C(C)(C)/C=C(\C#N)C(=O)N1CCC[C@@H](N2N=C(C3=CC=C(OC4=CC=CC=C4)C=C3)C3=C(N)N=CN=C32)C1,Q06187,CRBN,Q96SW2,1,TXZDWTVEZQSZKM,True,True
2993,2100,O=C1CCC(N2CC3=C(NC(=O)CCCCCCCCCCNC(=O)C4=CC(CC5=N[NH]C(=O)C6=CC=CC=C56)=CC=C4F)C=CC=C3C2=O)C(=O)N1,P09874,CRBN,Q96SW2,0,QFFHUSYJWPTYGI,True,True
2994,2101,O=C1CCC(N2CC3=C(NC(=O)CCCCCCCCCCCNC(=O)C4=CC(CC5=N[NH]C(=O)C6=CC=CC=C56)=CC=C4F)C=CC=C3C2=O)C(=O)N1,P09874,CRBN,Q96SW2,0,ILGXZNUUIJTUAT,True,True
2995,2102,CC1=C(C2=CC=C([C@H](C)NC(=O)[C@@H]3C[C@@H](O)CN3C(=O)[C@@H](NC(=O)CCCCNC(=O)COC3=C(F)C(F)=CC=C3C3=CSC(N4CCOCC4)=N3)C(C)(C)C)C=C2)SC=N1,P10275,VHL,P40337,0,JOZGICGAZBMCJF,True,True
2996,2102,CC1=C(C2=CC=C([C@H](C)NC(=O)[C@@H]3C[C@@H](O)CN3C(=O)[C@@H](NC(=O)CCCCNC(=O)COC3=C(F)C(F)=CC=C3C3=CSC(N4CCOCC4)=N3)C(C)(C)C)C=C2)SC=N1,P10275,VHL,P40337,0,JOZGICGAZBMCJF,True,True
2997,2103,N#CC1=CC=CC(C2=C[NH]C3=NC=NC(N4CCOC(CNC(=O)CCCC(=O)NC5=CC=CC6=C5C(=O)N(C5CCC(=O)NC5=O)C6=O)C4)=C23)=C1,Q5S007,CRBN,Q96SW2,0,UDYJPOTUXDFZCN,True,True
2998,2104,N#CC1=CC=CC(C2=C[NH]C3=NC=NC(N4CCOC(CC(=O)NCCCNC5=CC=CC6=C5C(=O)N(C5CCC(=O)NC5=O)C6=O)C4)=C23)=C1,Q5S007,CRBN,Q96SW2,0,NVQXUHMTYDPLRQ,True,True
2999,2105,N#CC1=CC=CC(C2=C[NH]C3=NC=NC(N4CCOC(C(=O)NCC5CCN(CC(=O)NC6=CC=CC7=C6C(=O)N(C6CCC(=O)NC6=O)C7=O)CC5)C4)=C23)=C1,Q5S007,CRBN,Q96SW2,0,SDBHLHNOMSXRIY,True,True
3000,2106,N#CC1=CC=CC(C2=C[NH]C3=NC=NC(N4CCN(C(=O)CCCC(=O)NC5=CC=CC6=C5C(=O)N(C5CCC(=O)NC5=O)C6=O)CC4)=C23)=C1,Q5S007,CRBN,Q96SW2,0,ABQYIRMSMUIEPF,True,True
3001,2107,CCNC1=NC(NC2=CC(F)=C(C(=O)N3CCOC(CNC(=O)CCCC(=O)NC4=CC=CC5=C4C(=O)N(C4CCC(=O)NC4=O)C5=O)C3)C=C2OC)=NC=C1C(F)(F)F,Q5S007,CRBN,Q96SW2,0,FMKJLSALAKADSF,True,True
3002,2108,CCNC1=NC(NC2=CC(F)=C(C(=O)NCC3CCN(C(=O)NC4=CC=CC5=C4C(=O)N(C4CCC(=O)NC4=O)C5=O)CC3)C=C2OC)=NC=C1C(F)(F)F,Q5S007,CRBN,Q96SW2,0,SNOZHFUVGZIHHA,True,True
3003,2109,CCNC1=NC(NC2=CC(F)=C(C(=O)NCCCCNC3=CC=CC4=C3C(=O)N(C3CCC(=O)NC3=O)C4=O)C=C2OC)=NC=C1C(F)(F)F,Q5S007,CRBN,Q96SW2,0,NHYGUXAZZSSUPD,True,True
3013,2113,CNC(=O)C1=CC=CC=C1NC1=CC(NC2=CC=C(N3CCN(CCCCCCNC(=O)COC4=CC=CC5=C4C(=O)N(C4CCC(=O)NC4=O)C5=O)CC3)C=C2OC)=NC=C1C(F)(F)F,Q05397,CRBN,Q96SW2,1,PNWQOAJYGQFEQU,True,True
3014,2114,CNC(=O)C1=CC=CC=C1NC1=CC(NC2=CC=C(N3CCN(CCOCCOCCNC(=O)CNC4=CC=CC5=C4C(=O)N(C4CCC(=O)NC4=O)C5=O)CC3)C=C2OC)=NC=C1C(F)(F)F,Q05397,CRBN,Q96SW2,1,CWHOUYZVKBUYQS,True,True
3024,2115,CNC(=O)C1=CC=CC=C1NC1=CC(NC2=CC=C(N3CCN(CCCCCCCCNC(=O)CNC4=CC=CC5=C4C(=O)N(C4CCC(=O)NC4=O)C5=O)CC3)C=C2OC)=NC=C1C(F)(F)F,Q05397,CRBN,Q96SW2,1,HCAIFMPFSRAOSK,True,True
3025,2116,CNC(=O)C1=CC=CC=C1NC1=CC(NC2=CC=C(N3CCN(CCCCCCCCNC4=CC=CC5=C4C(=O)N(C4CCC(=O)NC4=O)C5=O)CC3)C=C2OC)=NC=C1C(F)(F)F,Q05397,CRBN,Q96SW2,1,DWHLPTIPTXJNCX,True,True
3033,2117,CS(=O)(=O)C1=CC=CC(CNC2=NC(NC3=CC=C(C(=O)NCCCCCCCCNC(=O)COC4=CC=CC5=C4C(=O)N(C4CCC(=O)NC4=O)C5=O)C=C3)=NC=C2C(F)(F)F)=C1,Q05397,CRBN,Q96SW2,1,WWPRKSXCVFQZRY,True,True
3034,2118,CNC(=O)C1=CC=CC=C1NC1=CC(NC2=CC(C)=C(C3CCN(CCCCCCNC(=O)COC4=CC=CC5=C4C(=O)N(C4CCC(=O)NC4=O)C5=O)CC3)C=C2OC(C)C)=NC=C1C(F)(F)F,Q05397,CRBN,Q96SW2,1,KYOUGFMQWHDXIB,True,True
3037,2119,C[C@@H]1CC2=C([NH]C3=CC=CC=C23)[C@@H](C2=CN=C(N3CCC(CCN4CCN(C5=CC=C6C(=O)N(C7CCC(=O)NC7=O)CC6=C5)CC4)CC3)N=C2)N1CC(C)(C)F,P03372,CRBN,Q96SW2,1,IJEJPRVUJLKGAE,True,True
3038,2120,C[C@@H]1CC2=C([NH]C3=CC=CC=C23)[C@@H](C2=CN=C(N3CCC(OCCN4CCN(C5=CC=C6C(=O)N(C7CCC(=O)NC7=O)CC6=C5)CC4)CC3)N=C2)N1CC(C)(C)F,P03372,CRBN,Q96SW2,1,BHDSLVZMGDLJHY,True,True
3039,2121,C[C@@H]1CC2=C([NH]C3=CC=CC=C23)[C@@H](C2=C(F)C=C(OCCCCCN3CCN(C4=CC=C5C(=O)N(C6CCC(=O)NC6=O)CC5=C4)CC3)C=C2F)N1CC(C)(C)F,P03372,CRBN,Q96SW2,1,WORXJAUBQRKOSP,True,True
3040,2122,C[C@@H]1CC2=C([NH]C3=CC=CC=C23)[C@@H](C2=CN=C(N3CCC(CN4CCN(CC5CCN(C6=CC=C7C(=O)N(C8CCC(=O)NC8=O)CC7=C6)CC5)CC4)CC3)N=C2)N1CC(C)(C)F,P03372,CRBN,Q96SW2,1,YPOGTJVZKIJFOH,True,True
3041,2123,C[C@@H]1CC2=C([NH]C3=CC=CC=C23)[C@@H](C2=CN=C(N3CCC4(CCN(CCC5CCN(C6=CC=C7C(=O)N(C8CCC(=O)NC8=O)CC7=C6)CC5)CC4)CC3)N=C2)N1CC(C)(C)F,P03372,CRBN,Q96SW2,1,KTYXNZWFRVLYAQ,True,True
3042,2124,C[C@@H]1CC2=C([NH]C3=CC=CC=C23)[C@@H](C2=CN=C(N3CCC(CCN4CCC5(CC4)CCN(C4=CC=C6C(=O)N(C7CCC(=O)NC7=O)CC6=C4)CC5)CC3)N=C2)N1CC(C)(C)F,P03372,CRBN,Q96SW2,1,VYWJZVLGTNXMPM,True,True
3043,2125,COC1=CC(N2CCN(CCC3CCN(C4=NC=C([C@@H]5C6=C(C[C@@H](C)N5CC(C)(C)F)C5=CC=CC=C5[NH]6)C=N4)CC3)CC2)=CC2=C1C(=O)N(C1CCC(=O)NC1=O)C2,P03372,CRBN,Q96SW2,1,UVOLQWHYZGQCTM,True,True
3044,2126,C[C@@H]1CC2=C([NH]C3=CC=CC=C23)[C@@H](C2=CN=C(N3CCC(CN4CCOC5(CC4)CCN(C4=CC=C6C(=O)N(C7CCC(=O)NC7=O)CC6=C4)CC5)CC3)N=C2)N1CC(C)(C)F,P03372,CRBN,Q96SW2,1,ZDKSTADPBFKRTK,True,True
3045,2127,C[C@@H]1CC2=C([NH]C3=CC=CC=C23)[C@@H](C2=CN=C(N3CCC(CCN4CCOC5(CC4)CCN(C4=CC=C6C(=O)N(C7CCC(=O)NC7=O)CC6=C4)CC5)CC3)N=C2)N1CC(C)(C)F,P03372,CRBN,Q96SW2,1,LRCKXZMRGJWXQI,True,True
3046,2128,C[C@@H]1CC2=C([NH]C3=CC=CC=C23)[C@@H](C2=CN=C(N3CCC4(CC3)CC(CN3CC5(CCN(C6=CC=C7C(=O)N(C8CCC(=O)NC8=O)CC7=C6)CC5)C3)C4)N=C2)N1CC(C)(C)F,P03372,CRBN,Q96SW2,1,QFRXPTNFPOHCTQ,True,True
3047,2129,COC1=CC(N2CCN(CC3CCN(C4=NC=C([C@@H]5C6=C(C[C@@H](C)N5CC(C)(C)F)C5=CC=CC=C5[NH]6)C=N4)CC3)CC2)=CC2=C1C(=O)N(C1CCC(=O)NC1=O)C2,P03372,CRBN,Q96SW2,1,HWCUOPSCISMUJK,True,True
3048,2130,C[C@@H]1CC2=C([NH]C3=CC=CC=C23)[C@@H](C2=CN=C(OC3CCC4(CC3)CCN(CC3CCN(C5=CC=C6C(=O)N(C7CCC(=O)NC7=O)CC6=C5)CC3)CC4)N=C2)N1CC(C)(C)F,P03372,CRBN,Q96SW2,1,YVQDCQVRYNZDBP,True,True
3049,2131,CC1=C(C2=CC=C(CNC(=O)[C@@H]3C[C@@H](O)CN3C(=O)[C@@H](NC(=O)C3(F)CC3)C(C)(C)C)C(OCCC3=CC=C(OCCN4CCN(C5=CC(C6=CC=CC=C6O)=NN=C5N)CC4)C=C3)=C2)SC=N1,P51531,VHL,P40337,1,CVBRBVVZZZJXQO,True,True
3050,2131,CC1=C(C2=CC=C(CNC(=O)[C@@H]3C[C@@H](O)CN3C(=O)[C@@H](NC(=O)C3(F)CC3)C(C)(C)C)C(OCCC3=CC=C(OCCN4CCN(C5=CC(C6=CC=CC=C6O)=NN=C5N)CC4)C=C3)=C2)SC=N1,P51532,VHL,P40337,1,CVBRBVVZZZJXQO,True,True
3051,2132,CC1=C(C2=CC=C(CNC(=O)[C@@H]3C[C@@H](O)CN3C(=O)[C@@H](NC(=O)C3(F)CC3)C(C)(C)C)C(OCCCOC3=CC=C(CN4CCN(C5=CC(C6=CC=CC=C6O)=NN=C5N)CC4)C=C3)=C2)SC=N1,P51531,VHL,P40337,1,LPYXXDVKMQAWIP,True,True
3052,2132,CC1=C(C2=CC=C(CNC(=O)[C@@H]3C[C@@H](O)CN3C(=O)[C@@H](NC(=O)C3(F)CC3)C(C)(C)C)C(OCCCOC3=CC=C(CN4CCN(C5=CC(C6=CC=CC=C6O)=NN=C5N)CC4)C=C3)=C2)SC=N1,P51532,VHL,P40337,1,LPYXXDVKMQAWIP,True,True
3053,2133,CC1=C(C2=CC=C(CNC(=O)[C@@H]3C[C@@H](O)CN3C(=O)[C@@H](NC(=O)C3(F)CC3)C(C)(C)C)C(OCCCC3=CC=C(CN4CCN(C5=CC(C6=CC=CC=C6O)=NN=C5N)CC4)C=C3)=C2)SC=N1,P51531,VHL,P40337,1,KKFAKGWHXAANIL,True,True
3054,2133,CC1=C(C2=CC=C(CNC(=O)[C@@H]3C[C@@H](O)CN3C(=O)[C@@H](NC(=O)C3(F)CC3)C(C)(C)C)C(OCCCC3=CC=C(CN4CCN(C5=CC(C6=CC=CC=C6O)=NN=C5N)CC4)C=C3)=C2)SC=N1,P51532,VHL,P40337,1,KKFAKGWHXAANIL,True,True
3055,2134,CC1=C(C2=CC=C(CNC(=O)[C@@H]3C[C@@H](O)CN3C(=O)[C@@H](NC(=O)C3(F)CC3)C(C)(C)C)C(OCCC3=CC=C(CN4CCN(C5=CC(C6=CC=CC=C6O)=NN=C5N)CC4)C(F)=C3)=C2)SC=N1,P51531,VHL,P40337,1,TWFCHBNLUUPMHG,True,True
3056,2134,CC1=C(C2=CC=C(CNC(=O)[C@@H]3C[C@@H](O)CN3C(=O)[C@@H](NC(=O)C3(F)CC3)C(C)(C)C)C(OCCC3=CC=C(CN4CCN(C5=CC(C6=CC=CC=C6O)=NN=C5N)CC4)C(F)=C3)=C2)SC=N1,P51532,VHL,P40337,1,TWFCHBNLUUPMHG,True,True
3057,2135,CC1=C(C)C(NC2=CC(NCCCNC(=O)CCCCCCNC(=O)COC3=CC=CC4=C3C(=O)N(C3CCC(=O)NC3=O)C4=O)=NC(NC3=CC=C(CC#N)C=C3)=N2)=N[NH]1,P49840,CRBN,Q96SW2,0,GYYUTVJCZHOBQP,True,True
3058,2135,CC1=C(C)C(NC2=CC(NCCCNC(=O)CCCCCCNC(=O)COC3=CC=CC4=C3C(=O)N(C3CCC(=O)NC3=O)C4=O)=NC(NC3=CC=C(CC#N)C=C3)=N2)=N[NH]1,P49841,CRBN,Q96SW2,0,GYYUTVJCZHOBQP,True,True
3059,2136,CCC1=C[NH]N=C1NC1=CC(NCCCNC(=O)CCCCCCNC(=O)COC2=CC=CC3=C2C(=O)N(C2CCC(=O)NC2=O)C3=O)=NC(NC2=CC=C(CC#N)C=C2)=N1,P49840,CRBN,Q96SW2,0,GGSCUGYUNPVLRY,True,True
3060,2136,CCC1=C[NH]N=C1NC1=CC(NCCCNC(=O)CCCCCCNC(=O)COC2=CC=CC3=C2C(=O)N(C2CCC(=O)NC2=O)C3=O)=NC(NC2=CC=C(CC#N)C=C2)=N1,P49841,CRBN,Q96SW2,0,GGSCUGYUNPVLRY,True,True
3075,2138,CC1=C(C2=CC=C([C@H](C)NC(=O)[C@@H]3C[C@@H](O)CN3C(=O)[C@@H](NC(=O)CCCCCCCC(=O)N3CC[C@H](NC4=NC5=CC(F)=CC=C5N(CC(F)F)C5=CC=C(Cl)C=C45)C3)C(C)(C)C)C=C2)SC=N1,Q13153,VHL,P40337,0,YXOUAEYBXMZEFV,True,True
3079,2139,O=C1CCC(N2C(=O)C3=CC=CC(NCCCCN4C=C(C5=CC=C(C6=CN=CC(Cl)=C6N6CCC7(CCNC7=O)CC6)C=C5)C=N4)=C3C2=O)C(=O)N1,P49336,CRBN,Q96SW2,0,YSXDVUXVDABBBG,True,True
3080,2139,O=C1CCC(N2C(=O)C3=CC=CC(NCCCCN4C=C(C5=CC=C(C6=CN=CC(Cl)=C6N6CCC7(CCNC7=O)CC6)C=C5)C=N4)=C3C2=O)C(=O)N1,Q9BWU1,CRBN,Q96SW2,0,YSXDVUXVDABBBG,True,True
3110,2142,O=C(CNC(=O)C1=CC=CC(C2=CC(NC3=CC=C(OC(F)(F)F)C=C3)=NC=N2)=C1)NCCCOCCOCCOCCCNC(=O)COC1=CC=CC2=C1C(=O)N(C1CCC(=O)NC1=O)C2=O,P00519,CRBN,Q96SW2,0,ZXZFPMWMKMRHMV,True,True
3368,2157,CC1=C(C2=CC=C([C@H](C)NC(=O)[C@@H]3C[C@@H](O)CN3C(=O)[C@@H](NC(=O)COCCOCCOCCNC(=O)C3=CC=C(NC(=O)C4(C(=O)NC5=CC(F)=C(OC6=CC=NC(C7=CN(C)N=C7)=C6)C=C5F)CC4)C=C3)C(C)(C)C)C=C2)SC=N1,P10721,VHL,P40337,0,DODGFSCGJUTMII,True,True
3425,2162,CC1=CC=C(NC(=O)C2=CC=C(CN3CCN(C(=O)CCC(=O)NCCCCCCCCNC(=O)COC4=CC=CC5=C4C(=O)N(C4CCC(=O)NC4=O)C5=O)CC3)C=C2)C=C1NC1=NC=CC(C2=CC=CN=C2)=N1,P00519,CRBN,Q96SW2,0,VBWUACIVWCKNBI,True,True
3426,2163,CC1=CC=C(NC(=O)C2=CC=C(CN3CCN(CC(=O)NCCCCCCCCNC(=O)COC4=CC=CC5=C4C(=O)N(C4CCC(=O)NC4=O)C5=O)CC3)C=C2)C=C1NC1=NC=CC(C2=CC=CN=C2)=N1,P00519,CRBN,Q96SW2,0,VQUPCLPBXNZZKO,True,True
3430,2165,CC1=C(C2=CC=C([C@H](C)NC(=O)[C@@H]3C[C@@H](O)CN3C(=O)[C@@H](NC(=O)CCCCCCCCCOC3=CC=CC(C4=CC=C5N=C(C6=CC=CN=C6N)N(C6=CC=C(CN)C=C6)C5=N4)=C3)C(C)(C)C)C=C2)SC=N1,P31749,VHL,P40337,0,FJPFQABHJIRCGO,True,True
3431,2165,CC1=C(C2=CC=C([C@H](C)NC(=O)[C@@H]3C[C@@H](O)CN3C(=O)[C@@H](NC(=O)CCCCCCCCCOC3=CC=CC(C4=CC=C5N=C(C6=CC=CN=C6N)N(C6=CC=C(CN)C=C6)C5=N4)=C3)C(C)(C)C)C=C2)SC=N1,P31751,VHL,P40337,0,FJPFQABHJIRCGO,True,True
3432,2165,CC1=C(C2=CC=C([C@H](C)NC(=O)[C@@H]3C[C@@H](O)CN3C(=O)[C@@H](NC(=O)CCCCCCCCCOC3=CC=CC(C4=CC=C5N=C(C6=CC=CN=C6N)N(C6=CC=C(CN)C=C6)C5=N4)=C3)C(C)(C)C)C=C2)SC=N1,Q9Y243,VHL,P40337,0,FJPFQABHJIRCGO,True,True
3433,2166,CC1=C(C2=CC=C([C@H](C)NC(=O)[C@@H]3C[C@@H](O)CN3C(=O)[C@@H](NC(=O)CCOCCCNC[C@@H](C(=O)N3CCN(C4=NC=NC5=C4[C@H](C)CC5)CC3)C3=CC=C(Cl)C=C3)C(C)(C)C)C=C2)SC=N1,P31749,VHL,P40337,0,QRZFNIKXZKNNGY,True,True
3434,2166,CC1=C(C2=CC=C([C@H](C)NC(=O)[C@@H]3C[C@@H](O)CN3C(=O)[C@@H](NC(=O)CCOCCCNC[C@@H](C(=O)N3CCN(C4=NC=NC5=C4[C@H](C)CC5)CC3)C3=CC=C(Cl)C=C3)C(C)(C)C)C=C2)SC=N1,P31751,VHL,P40337,0,QRZFNIKXZKNNGY,True,True
3435,2166,CC1=C(C2=CC=C([C@H](C)NC(=O)[C@@H]3C[C@@H](O)CN3C(=O)[C@@H](NC(=O)CCOCCCNC[C@@H](C(=O)N3CCN(C4=NC=NC5=C4[C@H](C)CC5)CC3)C3=CC=C(Cl)C=C3)C(C)(C)C)C=C2)SC=N1,Q9Y243,VHL,P40337,0,QRZFNIKXZKNNGY,True,True
3441,2168,CNC1=CC(NC2=CC(C)=CC(OCCOCCOCCOCCC(=O)N[C@H](C(=O)N3C[C@H](O)C[C@H]3C(=O)N[C@@H](C)C3=CC=C(C4=C(C)N=CS4)C=C3)C(C)(C)C)=C2)=NN2C(C(N)=O)=CN=C12,P31749,VHL,P40337,0,DRPKOAJBBGKJRW,True,True
3442,2168,CNC1=CC(NC2=CC(C)=CC(OCCOCCOCCOCCC(=O)N[C@H](C(=O)N3C[C@H](O)C[C@H]3C(=O)N[C@@H](C)C3=CC=C(C4=C(C)N=CS4)C=C3)C(C)(C)C)=C2)=NN2C(C(N)=O)=CN=C12,P31751,VHL,P40337,0,DRPKOAJBBGKJRW,True,True
3443,2168,CNC1=CC(NC2=CC(C)=CC(OCCOCCOCCOCCC(=O)N[C@H](C(=O)N3C[C@H](O)C[C@H]3C(=O)N[C@@H](C)C3=CC=C(C4=C(C)N=CS4)C=C3)C(C)(C)C)=C2)=NN2C(C(N)=O)=CN=C12,Q9Y243,VHL,P40337,0,DRPKOAJBBGKJRW,True,True
3444,2169,CC1=C(C2=CC=C([C@H](C)NC(=O)[C@@H]3C[C@@H](O)CN3C(=O)[C@@H](NC(=O)CCOCCOCCNC[C@H](CC3=CC=CC(F)=C3)NC(=O)C3=CC(C4=C(Cl)C=NN4C)=C(Cl)S3)C(C)(C)C)C=C2)SC=N1,P31749,VHL,P40337,0,CYPKZTLZBHAONG,True,True
3445,2169,CC1=C(C2=CC=C([C@H](C)NC(=O)[C@@H]3C[C@@H](O)CN3C(=O)[C@@H](NC(=O)CCOCCOCCNC[C@H](CC3=CC=CC(F)=C3)NC(=O)C3=CC(C4=C(Cl)C=NN4C)=C(Cl)S3)C(C)(C)C)C=C2)SC=N1,P31751,VHL,P40337,0,CYPKZTLZBHAONG,True,True
3446,2169,CC1=C(C2=CC=C([C@H](C)NC(=O)[C@@H]3C[C@@H](O)CN3C(=O)[C@@H](NC(=O)CCOCCOCCNC[C@H](CC3=CC=CC(F)=C3)NC(=O)C3=CC(C4=C(Cl)C=NN4C)=C(Cl)S3)C(C)(C)C)C=C2)SC=N1,Q9Y243,VHL,P40337,0,CYPKZTLZBHAONG,True,True
3470,2175,CC1=C(C2=CC=C([C@H](C)NC(=O)[C@@H]3C[C@@H](O)CN3C(=O)[C@@H](NC(=O)CCCCCCN3CCN(C4=CC=CC(NC5=NN6C=CC=C(C7=CC=C(S(C)(=O)=O)C=C7)C6=N5)=C4)CC3)C(C)(C)C)C=C2)SC=N1,O60674,VHL,P40337,0,WNAAAXBWJZHFHV,True,True
3906,2195,O=C(COC1=CC=CC2=C1C(=O)N(C1CCC(=O)NC1=O)C2=O)NCCC(=O)NC1=CC=C(C(=O)NC2=CC=CC(NC3=CC(C4=C[NH]C5=CC=CC=C45)=NC=N3)=C2)C=C1,P48426,CRBN,Q96SW2,0,HOISUMPGDHVJQI,True,True
3907,2195,O=C(COC1=CC=CC2=C1C(=O)N(C1CCC(=O)NC1=O)C2=O)NCCC(=O)NC1=CC=C(C(=O)NC2=CC=CC(NC3=CC(C4=C[NH]C5=CC=CC=C45)=NC=N3)=C2)C=C1,P78356,CRBN,Q96SW2,0,HOISUMPGDHVJQI,True,True
3908,2195,O=C(COC1=CC=CC2=C1C(=O)N(C1CCC(=O)NC1=O)C2=O)NCCC(=O)NC1=CC=C(C(=O)NC2=CC=CC(NC3=CC(C4=C[NH]C5=CC=CC=C45)=NC=N3)=C2)C=C1,Q8TBX8,CRBN,Q96SW2,0,HOISUMPGDHVJQI,True,True
3939,2202,CCC1=CC2=C(C=C1N1CCC(N3CCN(C(=O)CNC4=CC=CC5=C4C(=O)N(C4CCC(=O)NC4=O)C5=O)CC3)CC1)C(C)(C)C1=C(C2=O)C2=CC=C(C#N)C=C2[NH]1,Q9UM73,CRBN,Q96SW2,0,VYAVALFZAUHAMN,True,True
3947,2209,CCC1=CC2=C(C=C1N1CCN(C(=O)CNC3=CC=CC4=C3C(=O)N(C3CCC(=O)NC3=O)C4=O)CC1)C(C)(C)C1=C(C2=O)C2=CC=C(C#N)C=C2[NH]1,Q9UM73,CRBN,Q96SW2,1,UMEMOEKJTJMMJN,True,True
3949,2210,CCC1=CC2=C(C=C1N1CCN(C(=O)CCCNC3=CC=CC4=C3C(=O)N(C3CCC(=O)NC3=O)C4=O)CC1)C(C)(C)C1=C(C2=O)C2=CC=C(C#N)C=C2[NH]1,Q9UM73,CRBN,Q96SW2,0,CTTFKCVPGPPVQB,True,True
3951,2211,CCC1=CC2=C(C=C1N1CCN(C(=O)CCCCCNC3=CC=CC4=C3C(=O)N(C3CCC(=O)NC3=O)C4=O)CC1)C(C)(C)C1=C(C2=O)C2=CC=C(C#N)C=C2[NH]1,Q9UM73,CRBN,Q96SW2,0,HPWASJPVHGPZEW,True,True
3958,2217,CCC1=CC2=C(C=C1N1CCC(N3CCN(C(=O)CNC4=CC=CC5=C4CN(C4CCC(=O)NC4=O)C5=O)CC3)CC1)C(C)(C)C1=C(C2=O)C2=CC=C(C#N)C=C2[NH]1,Q9UM73,CRBN,Q96SW2,1,BWJIJVUAQRLZRJ,True,True
3964,2222,CCC1=CC2=C(C=C1N1CCC(N3CCN(CCCC#CC4=CC=CC5=C4CN(C4CCC(=O)NC4=O)C5=O)CC3)CC1)C(C)(C)C1=C(C2=O)C2=CC=C(C#N)C=C2[NH]1,Q9UM73,CRBN,Q96SW2,0,OGAOHACYLUBWJQ,True,True
3965,2222,CCC1=CC2=C(C=C1N1CCC(N3CCN(CCCC#CC4=CC=CC5=C4CN(C4CCC(=O)NC4=O)C5=O)CC3)CC1)C(C)(C)C1=C(C2=O)C2=CC=C(C#N)C=C2[NH]1,Q9UM73,CRBN,Q96SW2,0,OGAOHACYLUBWJQ,True,True
3978,2231,C=CC(=O)NC1=CC2=C(NC3=CC=C(F)C(Cl)=C3)N=CN=C2C=C1OCCCN1CCN(C(=O)CCCCCNC2=CC=CC3=C2C(=O)N(C2CCC(=O)NC2=O)C3=O)CC1,P00533,CRBN,Q96SW2,1,UFVWZVUFBJDPFK,True,True
3979,2231,C=CC(=O)NC1=CC2=C(NC3=CC=C(F)C(Cl)=C3)N=CN=C2C=C1OCCCN1CCN(C(=O)CCCCCNC2=CC=CC3=C2C(=O)N(C2CCC(=O)NC2=O)C3=O)CC1,P00533,CRBN,Q96SW2,0,UFVWZVUFBJDPFK,True,True
3980,2232,C=CC(=O)NC1=CC2=C(NC3=CC=C(F)C(Cl)=C3)N=CN=C2C=C1OCCCN1CCN(C(=O)CCCCCCNC2=CC=CC3=C2C(=O)N(C2CCC(=O)NC2=O)C3=O)CC1,P00533,CRBN,Q96SW2,1,YTNYTUGBAXJPBN,True,True
3981,2232,C=CC(=O)NC1=CC2=C(NC3=CC=C(F)C(Cl)=C3)N=CN=C2C=C1OCCCN1CCN(C(=O)CCCCCCNC2=CC=CC3=C2C(=O)N(C2CCC(=O)NC2=O)C3=O)CC1,P00533,CRBN,Q96SW2,1,YTNYTUGBAXJPBN,True,True
3985,2236,C[C@@H]1OCC2(CCN(C3=CN=C(SC4=CC=CC(NC(=O)CCC(=O)NCCCOCCOCCOCCCNC5=CC=CC6=C5C(=O)N(C5CCC(=O)NC5=O)C6=O)=C4Cl)C(N)=N3)CC2)[C@@H]1N,Q06124,CRBN,Q96SW2,1,GOEFYTZABOPTQD,True,True
3996,2247,O=C(CN1CCC(SCC2=NC3=CC(NC4CCCC4)=CC(F)=C3C(=O)[NH]2)CC1)NCCCCCCNC1=CC=CC2=C1C(=O)N(C1CCC(=O)NC1=O)C2=O,Q460N5,CRBN,Q96SW2,1,HTRNIXWEXIRUMI,True,True
4011,2259,NC1=C(C2=NC3=CC(N4CCN(C(=O)CCCCNC5=CC=CC6=C5C(=O)N(C5CCC(=O)NC5=O)C6=O)CC4)=CC=C3[NH]2)C(=O)[NH]C2=CC=CC(F)=C12,P36888,CRBN,Q96SW2,1,MSGCDHXTWFWAJI,True,True
4012,2260,NC1=C(C2=NC3=CC(N4CCN(C(=O)CCCCCNC5=CC=CC6=C5C(=O)N(C5CCC(=O)NC5=O)C6=O)CC4)=CC=C3[NH]2)C(=O)[NH]C2=CC=CC(F)=C12,P36888,CRBN,Q96SW2,1,LOZMISVXTOAAHE,True,True
4027,2275,CN1CCN(C2=CC=C(C3=CC=C(C(=O)NCCOCCNC4=CC=CC5=C4C(=O)N(C4CCC(=O)NC4=O)C5=O)C=C3)C=C2NC(=O)C2=C[NH]C(=O)C=C2C(F)(F)F)CC1,P61964,CRBN,Q96SW2,0,CCAKBASGLWLWPO,True,True
4028,2276,CN1CCN(C2=CC=C(C3=CC=C(C(=O)NCCOCCOCCOCCNC4=CC=CC5=C4C(=O)N(C4CCC(=O)NC4=O)C5=O)C=C3)C=C2NC(=O)C2=CN=C(O)C=C2C(F)(F)F)CC1,P61964,CRBN,Q96SW2,0,MPVUSWCQRFACNA,True,True
4029,2277,CN1CCN(C2=CC=C(C3=CC=C(C(=O)NCCOCCOCCOCCOCCOCCNC4=CC=CC5=C4C(=O)N(C4CCC(=O)NC4=O)C5=O)C=C3)C=C2NC(=O)C2=C[NH]C(=O)C=C2C(F)(F)F)CC1,P61964,CRBN,Q96SW2,0,DHDXVQJEEHRETI,True,True
4030,2278,CN1CCN(C2=CC=C(C3=CC=C(C(=O)NCCOCCOCCOCCOCCOCCOCCOCCNC4=CC=CC5=C4C(=O)N(C4CCC(=O)NC4=O)C5=O)C=C3)C=C2NC(=O)C2=C[NH]C(=O)C=C2C(F)(F)F)CC1,P61964,CRBN,Q96SW2,0,OPZUCPBYLOKUIE,True,True
4031,2279,CN1CCN(C2=CC=C(C3=CC=C(C(=O)NCC4=CC=C(CNC5=CC=CC6=C5C(=O)N(C5CCC(=O)NC5=O)C6=O)C=C4)C=C3)C=C2NC(=O)C2=C[NH]C(=O)C=C2C(F)(F)F)CC1,P61964,CRBN,Q96SW2,0,YRFBQBWDKSHTTB,True,True
4032,2280,CC1=C(C2=CC=C(CNC(=O)[C@@H]3C[C@@H](O)CN3C(=O)[C@@H](NC(=O)CCOCCNC(=O)C3=CC=C(C4=CC=C(N5CCN(C)CC5)C(NC(=O)C5=C[NH]C(=O)C=C5C(F)(F)F)=C4)C=C3)C(C)(C)C)C=C2)SC=N1,P61964,VHL,P40337,0,WZJUOFSNOKPRHG,True,True
4033,2281,CC1=C(C2=CC=C(CNC(=O)[C@@H]3C[C@@H](O)CN3C(=O)[C@@H](NC(=O)CCOCCOCCNC(=O)C3=CC=C(C4=CC=C(N5CCN(C)CC5)C(NC(=O)C5=C[NH]C(=O)C=C5C(F)(F)F)=C4)C=C3)C(C)(C)C)C=C2)SC=N1,P61964,VHL,P40337,0,CTQDFWAQIJZIMB,True,True
4034,2282,CC1=C(C2=CC=C(CNC(=O)[C@@H]3C[C@@H](O)CN3C(=O)[C@@H](NC(=O)CCOCCOCCOCCOCCNC(=O)C3=CC=C(C4=CC=C(N5CCN(C)CC5)C(NC(=O)C5=C[NH]C(=O)C=C5C(F)(F)F)=C4)C=C3)C(C)(C)C)C=C2)SC=N1,P61964,VHL,P40337,0,MZOFELXFRDGDBN,True,True
4035,2283,CC1=C(C2=CC=C(CNC(=O)[C@@H]3C[C@@H](O)CN3C(=O)[C@@H](NC(=O)C3=CC=C(C4=CC=C(N5CCN(C)CC5)C(NC(=O)C5=C[NH]C(=O)C=C5C(F)(F)F)=C4)C=C3)C(C)(C)C)C=C2)SC=N1,P61964,VHL,P40337,0,QAANVDJLUGLPQA,True,True
4036,2284,CC1=C(C2=CC=C(CNC(=O)[C@@H]3C[C@@H](O)CN3C(=O)[C@@H](NC(=O)CCNC(=O)C3=CC=C(C4=CC=C(N5CCN(C)CC5)C(NC(=O)C5=C[NH]C(=O)C=C5C(F)(F)F)=C4)C=C3)C(C)(C)C)C=C2)SC=N1,P61964,VHL,P40337,0,YOILXXMNXUOXLA,True,True
4037,2285,CC1=C(C2=CC=C(CNC(=O)[C@@H]3C[C@@H](O)CN3C(=O)[C@@H](NC(=O)CCCNC(=O)C3=CC=C(C4=CC=C(N5CCN(C)CC5)C(NC(=O)C5=C[NH]C(=O)C=C5C(F)(F)F)=C4)C=C3)C(C)(C)C)C=C2)SC=N1,P61964,VHL,P40337,0,KFCLTULBYCCZBG,True,True
4038,2286,CC1=C(C2=CC=C(CNC(=O)[C@@H]3C[C@@H](O)CN3C(=O)[C@@H](NC(=O)CCCCNC(=O)C3=CC=C(C4=CC=C(N5CCN(C)CC5)C(NC(=O)C5=C[NH]C(=O)C=C5C(F)(F)F)=C4)C=C3)C(C)(C)C)C=C2)SC=N1,P61964,VHL,P40337,1,OFNZESNEBSQKSE,True,True
4039,2287,CC1=C(C2=CC=C(CNC(=O)[C@@H]3C[C@@H](O)CN3C(=O)[C@@H](NC(=O)CCCCCNC(=O)C3=CC=C(C4=CC=C(N5CCN(C)CC5)C(NC(=O)C5=C[NH]C(=O)C=C5C(F)(F)F)=C4)C=C3)C(C)(C)C)C=C2)SC=N1,P61964,VHL,P40337,0,UPLJFUHLGRAYID,True,True
4040,2288,CC1=C(C2=CC=C(CNC(=O)[C@@H]3C[C@@H](O)CN3C(=O)[C@@H](NC(=O)CCCCCCNC(=O)C3=CC=C(C4=CC=C(N5CCN(C)CC5)C(NC(=O)C5=C[NH]C(=O)C=C5C(F)(F)F)=C4)C=C3)C(C)(C)C)C=C2)SC=N1,P61964,VHL,P40337,0,BXKFHYMDHAHJSX,True,True
4045,2293,CC1=C(C2=CC=C(CNC(=O)[C@@H]3C[C@@H](O)CN3C(=O)[C@@H](NC(=O)CCOCCOC3=CC=C(C4=CN5CCCC5=N4)C=C3CNC(=O)CC3=CC=C(Cl)C(Cl)=C3)C(C)(C)C)C=C2)SC=N1,P61964,VHL,P40337,0,HXWVYVXJBYTQQT,True,True
4046,2294,CC1=C(C2=CC=C(CNC(=O)[C@@H]3C[C@@H](O)CN3C(=O)[C@@H](NC(=O)CCOCCOCCOC3=CC=C(C4=CN5CCCC5=N4)C=C3CNC(=O)CC3=CC=C(Cl)C(Cl)=C3)C(C)(C)C)C=C2)SC=N1,P61964,VHL,P40337,0,KUOHKJIOVPXKOP,True,True
4047,2295,CC1=C(C2=CC=C(CNC(=O)[C@@H]3C[C@@H](O)CN3C(=O)[C@@H](NC(=O)CCOCCOCCOCCOC3=CC=C(C4=CN5CCCC5=N4)C=C3CNC(=O)CC3=CC=C(Cl)C(Cl)=C3)C(C)(C)C)C=C2)SC=N1,P61964,VHL,P40337,0,LDNZZSMPSRDFMJ,True,True
4048,2296,CC1=C(C2=CC=C(CNC(=O)[C@@H]3C[C@@H](O)CN3C(=O)[C@@H](NC(=O)CCOCCOCCOCCOCCOC3=CC=C(C4=CN5CCCC5=N4)C=C3CNC(=O)CC3=CC=C(Cl)C(Cl)=C3)C(C)(C)C)C=C2)SC=N1,P61964,VHL,P40337,0,KYOGCLYFWYQCRH,True,True
4049,2297,CC1=C(C2=CC=C(CNC(=O)[C@@H]3C[C@@H](O)CN3C(=O)[C@@H](NC(=O)CCOCCOCCOCCOCCOCCOC3=CC=C(C4=CN5CCCC5=N4)C=C3CNC(=O)CC3=CC=C(Cl)C(Cl)=C3)C(C)(C)C)C=C2)SC=N1,P61964,VHL,P40337,0,BWKMAVVUNCRRQL,True,True
4050,2298,CC1=C(C2=CC=C(CNC(=O)[C@@H]3C[C@@H](O)CN3C(=O)[C@@H](NC(=O)CCOCCOCCOCCOCCOCCOCCOC3=CC=C(C4=CN5CCCC5=N4)C=C3CNC(=O)CC3=CC=C(Cl)C(Cl)=C3)C(C)(C)C)C=C2)SC=N1,P61964,VHL,P40337,0,BKYWMROBTBIDEK,True,True
4051,2299,CC1=C(C2=CC=C(CNC(=O)[C@@H]3C[C@@H](O)CN3C(=O)[C@@H](NC(=O)CCOCCOCCOCCOCCOCCOCCOCCOC3=CC=C(C4=CN5CCCC5=N4)C=C3CNC(=O)CC3=CC=C(Cl)C(Cl)=C3)C(C)(C)C)C=C2)SC=N1,P61964,VHL,P40337,0,CUEHDGXRMAWGBL,True,True
4052,2300,CC1(C)[C@H](NC(=O)C2=CC=C(NCCCNC3=CC=C4C(=O)N(C5CCC(=O)NC5=O)C(=O)C4=C3)C=C2)C(C)(C)[C@H]1OC1=CC=C(C#N)C(Cl)=C1,P10275,CRBN,Q96SW2,0,AQYGZJMNWBCYPQ,True,True
4053,2301,CC1(C)[C@H](NC(=O)C2=CC=C(NCCCCNC3=CC=C4C(=O)N(C5CCC(=O)NC5=O)C(=O)C4=C3)C=C2)C(C)(C)[C@H]1OC1=CC=C(C#N)C(Cl)=C1,P10275,CRBN,Q96SW2,0,SKJNZPCXKUNTAH,True,True
4054,2302,CC1(C)[C@H](NC(=O)C2=CC=C(NCCCCCNC3=CC=C4C(=O)N(C5CCC(=O)NC5=O)C(=O)C4=C3)C=C2)C(C)(C)[C@H]1OC1=CC=C(C#N)C(Cl)=C1,P10275,CRBN,Q96SW2,1,HTQHVCIFHNZERG,True,True
4055,2303,CC1(C)[C@H](NC(=O)C2=CC=C(NCCCCCCNC3=CC=C4C(=O)N(C5CCC(=O)NC5=O)C(=O)C4=C3)C=C2)C(C)(C)[C@H]1OC1=CC=C(C#N)C(Cl)=C1,P10275,CRBN,Q96SW2,0,URFCUOCEARNOFL,True,True
4056,2304,CC1(C)[C@H](NC(=O)C2=CC=C(NCCCCCCCNC3=CC=C4C(=O)N(C5CCC(=O)NC5=O)C(=O)C4=C3)C=C2)C(C)(C)[C@H]1OC1=CC=C(C#N)C(Cl)=C1,P10275,CRBN,Q96SW2,0,FJEXQQXJFDIPKV,True,True
4057,2305,CC1(C)[C@H](NC(=O)C2=CC=C(NCCCCCCCCNC3=CC=C4C(=O)N(C5CCC(=O)NC5=O)C(=O)C4=C3)C=C2)C(C)(C)[C@H]1OC1=CC=C(C#N)C(Cl)=C1,P10275,CRBN,Q96SW2,1,FHHWNWZNSVDUKE,True,True
4058,2306,CC1(C)[C@H](NC(=O)C2=CC=C(N3CCN(CCNC4=CC=C5C(=O)N(C6CCC(=O)NC6=O)C(=O)C5=C4)CC3)C=C2)C(C)(C)[C@H]1OC1=CC=C(C#N)C(Cl)=C1,P10275,CRBN,Q96SW2,0,UPRYTOIAZTWNPQ,True,True
4059,2307,CC1(C)[C@H](NC(=O)C2=CC=C(N3CCN(CCCNC4=CC=C5C(=O)N(C6CCC(=O)NC6=O)C(=O)C5=C4)CC3)C=C2)C(C)(C)[C@H]1OC1=CC=C(C#N)C(Cl)=C1,P10275,CRBN,Q96SW2,0,FBYCVTUXHOLVFB,True,True
4060,2308,CC1(C)[C@H](NC(=O)C2=CC=C(N3CCN(CCCCNC4=CC=C5C(=O)N(C6CCC(=O)NC6=O)C(=O)C5=C4)CC3)C=C2)C(C)(C)[C@H]1OC1=CC=C(C#N)C(Cl)=C1,P10275,CRBN,Q96SW2,1,USRBELPDGYYQCZ,True,True
4061,2309,CC1(C)[C@H](NC(=O)C2=CC=C(N3CCN(CCCCCNC4=CC=C5C(=O)N(C6CCC(=O)NC6=O)C(=O)C5=C4)CC3)C=C2)C(C)(C)[C@H]1OC1=CC=C(C#N)C(Cl)=C1,P10275,CRBN,Q96SW2,1,WJJVJSVWKAKNNP,True,True
4062,2310,CC1(C)[C@H](NC(=O)C2=CC=C(NCCCCCNC3=CC=CC4=C3C(=O)N(C3CCC(=O)NC3=O)C4=O)C=C2)C(C)(C)[C@H]1OC1=CC=C(C#N)C(Cl)=C1,P10275,CRBN,Q96SW2,0,KMDMGCNLBWJTNV,True,True
4063,2311,CC1(C)[C@H](NC(=O)C2=CC=C(NCCCCCCNC3=CC=CC4=C3C(=O)N(C3CCC(=O)NC3=O)C4=O)C=C2)C(C)(C)[C@H]1OC1=CC=C(C#N)C(Cl)=C1,P10275,CRBN,Q96SW2,0,DGSOAPVEBIOAIM,True,True
4064,2312,CC1(C)[C@H](NC(=O)C2=CC=C(N3CCN(CCNC4=CC=CC5=C4C(=O)N(C4CCC(=O)NC4=O)C5=O)CC3)C=C2)C(C)(C)[C@H]1OC1=CC=C(C#N)C(Cl)=C1,P10275,CRBN,Q96SW2,0,YAVZMCDVNXQJID,True,True
4065,2313,CC1(C)[C@H](NC(=O)C2=CC=C(N3CCN(CCCNC4=CC=CC5=C4C(=O)N(C4CCC(=O)NC4=O)C5=O)CC3)C=C2)C(C)(C)[C@H]1OC1=CC=C(C#N)C(Cl)=C1,P10275,CRBN,Q96SW2,0,JYSCBQWRAQKZNR,True,True
4066,2314,CC1(C)[C@H](NC(=O)C2=CC=C(N3CCN(CCCCCNC4=CC=CC5=C4C(=O)N(C4CCC(=O)NC4=O)C5=O)CC3)C=C2)C(C)(C)[C@H]1OC1=CC=C(C#N)C(Cl)=C1,P10275,CRBN,Q96SW2,0,BCKKOFRJGPPGFK,True,True
4067,2315,CC1(C)[C@H](NC(=O)C2=CC=C(N3CCN(C4CN(C5=CC=C6C(=O)N(C7CCC(=O)NC7=O)C(=O)C6=C5)C4)CC3)C=C2)C(C)(C)[C@H]1OC1=CC=C(C#N)C(Cl)=C1,P10275,CRBN,Q96SW2,1,TVNUXMHVPSQCNZ,True,True
4068,2316,CC1(C)[C@H](NC(=O)C2=CC=C(N3CCN(CC4CN(C5=CC=C6C(=O)N(C7CCC(=O)NC7=O)C(=O)C6=C5)C4)CC3)C=C2)C(C)(C)[C@H]1OC1=CC=C(C#N)C(Cl)=C1,P10275,CRBN,Q96SW2,1,NYTQWRHXSYHGSP,True,True
4069,2317,CC1(C)[C@H](NC(=O)C2=CC=C(N3CCN(C4CCN(C5=CC=C6C(=O)N(C7CCC(=O)NC7=O)C(=O)C6=C5)CC4)CC3)C=C2)C(C)(C)[C@H]1OC1=CC=C(C#N)C(Cl)=C1,P10275,CRBN,Q96SW2,1,GOJVIZZNCNOPSJ,True,True
4070,2318,CC1(C)[C@H](NC(=O)C2=CC=C(N3CCN(CC4CCN(C5=CC=C6C(=O)N(C7CCC(=O)NC7=O)C(=O)C6=C5)CC4)CC3)C=C2)C(C)(C)[C@H]1OC1=CC=C(C#N)C(Cl)=C1,P10275,CRBN,Q96SW2,1,BWDWHHAZFQBJQL,True,True
4071,2319,CC1(C)[C@H](NC(=O)C2=CC=C(C(=O)N3CCN(C4CN(C5=CC=C6C(=O)N(C7CCC(=O)NC7=O)C(=O)C6=C5)C4)CC3)C=C2)C(C)(C)[C@H]1OC1=CC=C(C#N)C(Cl)=C1,P10275,CRBN,Q96SW2,1,GSBDPSRAZIBNMI,True,True
4072,2320,CC1(C)[C@H](NC(=O)C2=CC=C(C(=O)N3CCN(CC4CN(C5=CC=C6C(=O)N(C7CCC(=O)NC7=O)C(=O)C6=C5)C4)CC3)C=C2)C(C)(C)[C@H]1OC1=CC=C(C#N)C(Cl)=C1,P10275,CRBN,Q96SW2,1,PMCUCRVADOBCSR,True,True
4073,2321,CC1(C)[C@H](NC(=O)C2=CC=C(C(=O)N3CCN(C4CCN(C5=CC=C6C(=O)N(C7CCC(=O)NC7=O)C(=O)C6=C5)CC4)CC3)C=C2)C(C)(C)[C@H]1OC1=CC=C(C#N)C(Cl)=C1,P10275,CRBN,Q96SW2,1,IFHFBUGVHCIJNP,True,True
4074,2322,CC1(C)[C@H](NC(=O)C2=CC=C(C(=O)N3CCN(CC4CCN(C5=CC=C6C(=O)N(C7CCC(=O)NC7=O)C(=O)C6=C5)CC4)CC3)C=C2)C(C)(C)[C@H]1OC1=CC=C(C#N)C(Cl)=C1,P10275,CRBN,Q96SW2,1,DHRLIGMURBNFBV,True,True
4075,2323,CC1(C)[C@H](NC(=O)C2=CC=C(N3CCC(N4CCN(C5=CC=C6C(=O)N(C7CCC(=O)NC7=O)C(=O)C6=C5)CC4)CC3)C=C2)C(C)(C)[C@H]1OC1=CC=C(C#N)C(Cl)=C1,P10275,CRBN,Q96SW2,1,IBPGCZDPTQXMHO,True,True
4076,2324,CC1(C)[C@H](NC(=O)C2=CC=C(N3CCC(CN4CCN(C5=CC=C6C(=O)N(C7CCC(=O)NC7=O)C(=O)C6=C5)CC4)CC3)C=C2)C(C)(C)[C@H]1OC1=CC=C(C#N)C(Cl)=C1,P10275,CRBN,Q96SW2,1,ARVBJCZQRUZZDE,True,True
4077,2325,CC1(C)[C@H](NC(=O)C2=CC=C(N3CCN(C4CC5(C4)CN(C4=CC=C6C(=O)N(C7CCC(=O)NC7=O)C(=O)C6=C4)C5)CC3)C=C2)C(C)(C)[C@H]1OC1=CC=C(C#N)C(Cl)=C1,P10275,CRBN,Q96SW2,1,GXQKKLUWLOIBAM,True,True
4078,2326,CC1(C)[C@H](NC(=O)C2=CC=C(N3CCN(CC4CC5(C4)CN(C4=CC=C6C(=O)N(C7CCC(=O)NC7=O)C(=O)C6=C4)C5)CC3)C=C2)C(C)(C)[C@H]1OC1=CC=C(C#N)C(Cl)=C1,P10275,CRBN,Q96SW2,1,DMBURQWZRJNBLX,True,True
4079,2327,CC1(C)[C@H](NC(=O)C2=CC=C(N3CCN(C4CC5(CCN(C6=CC=C7C(=O)N(C8CCC(=O)NC8=O)C(=O)C7=C6)C5)C4)CC3)C=C2)C(C)(C)[C@H]1OC1=CC=C(C#N)C(Cl)=C1,P10275,CRBN,Q96SW2,1,UHARXTYMRNQSKR,True,True
4080,2328,CC1(C)[C@H](NC(=O)C2=CC=C(N3CCN(CC4CC5(CCN(C6=CC=C7C(=O)N(C8CCC(=O)NC8=O)C(=O)C7=C6)C5)C4)CC3)C=C2)C(C)(C)[C@H]1OC1=CC=C(C#N)C(Cl)=C1,P10275,CRBN,Q96SW2,0,DCOGPZJUOQBADY,True,True
4081,2329,CC1(C)[C@H](NC(=O)C2=CC=C(N3CCN(C4CCC5(CC4)CCN(C4=CC=C6C(=O)N(C7CCC(=O)NC7=O)C(=O)C6=C4)CC5)CC3)C=C2)C(C)(C)[C@H]1OC1=CC=C(C#N)C(Cl)=C1,P10275,CRBN,Q96SW2,0,YSPGTJUSEGQJII,True,True
4082,2330,CC1(C)[C@H](NC(=O)C2=CC=C(N3CCN(C4CCC5(CC4)CN(C4=CC=C6C(=O)N(C7CCC(=O)NC7=O)C(=O)C6=C4)C5)CC3)C=C2)C(C)(C)[C@H]1OC1=CC=C(C#N)C(Cl)=C1,P10275,CRBN,Q96SW2,0,NTTPTYCXQDIWQW,True,True
4083,2331,CC1(C)[C@H](NC(=O)C2=CC=C(N3CCC4(CC3)CC(NC3=CC=C5C(=O)N(C6CCC(=O)NC6=O)C(=O)C5=C3)C4)C=C2)C(C)(C)[C@H]1OC1=CC=C(C#N)C(Cl)=C1,P10275,CRBN,Q96SW2,1,BSJZNQXMKMMAHE,True,True
4084,2332,CC1(C)[C@H](NC(=O)C2=CC=C(N3CCC4(CCC(NC5=CC=C6C(=O)N(C7CCC(=O)NC7=O)C(=O)C6=C5)CC4)CC3)C=C2)C(C)(C)[C@H]1OC1=CC=C(C#N)C(Cl)=C1,P10275,CRBN,Q96SW2,0,GOPLBBMERRSJEP,True,True
4085,2333,CC1(C)[C@@H](NC(=O)C2=CC=C(N3CCN(CC4CCN(C5=CC=C6C(=O)N(C7CCC(=O)NC7=O)C(=O)C6=C5)CC4)CC3)C=C2)C[C@@H]1OC1=CC=C(C#N)C(Cl)=C1,P10275,CRBN,Q96SW2,0,OPOHRULPDHWIMA,True,True
4086,2334,N#CC1=CC=C(O[C@H]2C[C@H](NC(=O)C3=CC=C(N4CCN(CC5CCN(C6=CC=C7C(=O)N(C8CCC(=O)NC8=O)C(=O)C7=C6)CC5)CC4)C=C3)C2)C=C1Cl,P10275,CRBN,Q96SW2,0,KZBHLBPCXLIZLA,True,True
4087,2335,CC1(C)[C@H](NC(=O)C2=CC=C(N3CCN(CC4CCN(C5=CC=C6C(=O)N(C7CCC(=O)NC7=O)C(=O)C6=C5)CC4)CC3)C=C2)C(C)(C)[C@H]1OC1=CC=C(C#N)C(F)=C1,P10275,CRBN,Q96SW2,0,VNIUIQUONIMGCZ,True,True
4088,2336,CC1(C)[C@H](NC(=O)C2=CC=C(N3CCN(CC4CCN(C5=CC=C6C(=O)N(C7CCC(=O)NC7=O)C(=O)C6=C5)CC4)CC3)C=C2)C(C)(C)[C@H]1OC1=CC=C(C#N)C(C(F)(F)F)=C1,P10275,CRBN,Q96SW2,1,SKXRXOCDOMSQPQ,True,True
4089,2337,CC1(C)[C@H](NC(=O)C2=CC=C(N3CCN(CC4CCN(C5=CC=C6C(=O)N(C7CCC(=O)NC7=O)C(=O)C6=C5)CC4)CC3)C=C2)C(C)(C)[C@H]1OC1=CN=C(C#N)C(C(F)(F)F)=C1,P10275,CRBN,Q96SW2,0,ABSBBQRJBGJPAQ,True,True
4090,2338,CC1=C(C2=CC=C(CNC(=O)[C@@H]3C[C@@H](O)CN3C(=O)[C@@H](NC(=O)COCCCCCOCCNC(=O)C[C@@H]3N=C(C4=CC=C(Cl)C=C4)C4=C(SC(C)=C4C)N4C(C)=NN=C34)C(C)(C)C)C=C2)SC=N1,P25440,VHL,P40337,0,PWFGHENEZLVBOP,True,True
4091,2338,CC1=C(C2=CC=C(CNC(=O)[C@@H]3C[C@@H](O)CN3C(=O)[C@@H](NC(=O)COCCCCCOCCNC(=O)C[C@@H]3N=C(C4=CC=C(Cl)C=C4)C4=C(SC(C)=C4C)N4C(C)=NN=C34)C(C)(C)C)C=C2)SC=N1,Q15059,VHL,P40337,0,PWFGHENEZLVBOP,True,True
4092,2338,CC1=C(C2=CC=C(CNC(=O)[C@@H]3C[C@@H](O)CN3C(=O)[C@@H](NC(=O)COCCCCCOCCNC(=O)C[C@@H]3N=C(C4=CC=C(Cl)C=C4)C4=C(SC(C)=C4C)N4C(C)=NN=C34)C(C)(C)C)C=C2)SC=N1,O60885,VHL,P40337,0,PWFGHENEZLVBOP,True,True
4093,2339,CC1=C(C2=CC=C(CNC(=O)[C@@H]3C[C@@H](O)CN3C(=O)[C@@H](NC(=O)COCCCOCCNC(=O)C[C@@H]3N=C(C4=CC=C(Cl)C=C4)C4=C(SC(C)=C4C)N4C(C)=NN=C34)C(C)(C)C)C=C2)SC=N1,P25440,VHL,P40337,0,MJCKFIWZHNIKPQ,True,True
4094,2339,CC1=C(C2=CC=C(CNC(=O)[C@@H]3C[C@@H](O)CN3C(=O)[C@@H](NC(=O)COCCCOCCNC(=O)C[C@@H]3N=C(C4=CC=C(Cl)C=C4)C4=C(SC(C)=C4C)N4C(C)=NN=C34)C(C)(C)C)C=C2)SC=N1,Q15059,VHL,P40337,0,MJCKFIWZHNIKPQ,True,True
4095,2339,CC1=C(C2=CC=C(CNC(=O)[C@@H]3C[C@@H](O)CN3C(=O)[C@@H](NC(=O)COCCCOCCNC(=O)C[C@@H]3N=C(C4=CC=C(Cl)C=C4)C4=C(SC(C)=C4C)N4C(C)=NN=C34)C(C)(C)C)C=C2)SC=N1,O60885,VHL,P40337,0,MJCKFIWZHNIKPQ,True,True
4096,2340,CC1=C(C2=CC=C(CNC(=O)[C@@H]3C[C@@H](O)CN3C(=O)[C@@H](NC(=O)COCCOCCOCCOC(=O)C[C@@H]3N=C(C4=CC=C(Cl)C=C4)C4=C(SC(C)=C4C)N4C(C)=NN=C34)C(C)(C)C)C=C2)SC=N1,P25440,VHL,P40337,0,HZTRWCKQNKXISW,True,True
4097,2340,CC1=C(C2=CC=C(CNC(=O)[C@@H]3C[C@@H](O)CN3C(=O)[C@@H](NC(=O)COCCOCCOCCOC(=O)C[C@@H]3N=C(C4=CC=C(Cl)C=C4)C4=C(SC(C)=C4C)N4C(C)=NN=C34)C(C)(C)C)C=C2)SC=N1,Q15059,VHL,P40337,0,HZTRWCKQNKXISW,True,True
4098,2340,CC1=C(C2=CC=C(CNC(=O)[C@@H]3C[C@@H](O)CN3C(=O)[C@@H](NC(=O)COCCOCCOCCOC(=O)C[C@@H]3N=C(C4=CC=C(Cl)C=C4)C4=C(SC(C)=C4C)N4C(C)=NN=C34)C(C)(C)C)C=C2)SC=N1,O60885,VHL,P40337,1,HZTRWCKQNKXISW,True,True
4099,2341,CC1=C(C2=CC=C([C@H](C)NC(=O)[C@@H]3C[C@@H](O)CN3C(=O)[C@@H](NC(=O)COCCCOCCOC(=O)C[C@@H]3N=C(C4=CC=C(Cl)C=C4)C4=C(SC(C)=C4C)N4C(C)=NN=C34)C(C)(C)C)C=C2)SC=N1,P25440,VHL,P40337,1,CWTFXHWWWKKEQI,True,True
4100,2341,CC1=C(C2=CC=C([C@H](C)NC(=O)[C@@H]3C[C@@H](O)CN3C(=O)[C@@H](NC(=O)COCCCOCCOC(=O)C[C@@H]3N=C(C4=CC=C(Cl)C=C4)C4=C(SC(C)=C4C)N4C(C)=NN=C34)C(C)(C)C)C=C2)SC=N1,Q15059,VHL,P40337,1,CWTFXHWWWKKEQI,True,True
4101,2341,CC1=C(C2=CC=C([C@H](C)NC(=O)[C@@H]3C[C@@H](O)CN3C(=O)[C@@H](NC(=O)COCCCOCCOC(=O)C[C@@H]3N=C(C4=CC=C(Cl)C=C4)C4=C(SC(C)=C4C)N4C(C)=NN=C34)C(C)(C)C)C=C2)SC=N1,O60885,VHL,P40337,1,CWTFXHWWWKKEQI,True,True
4102,2342,CC1=C(C2=CC=C(CNC(=O)[C@@H]3C[C@@H](O)CN3C(=O)[C@@H](NC(=O)COCCCCCOCCOC(=O)C[C@@H]3N=C(C4=CC=C(Cl)C=C4)C4=C(SC(C)=C4C)N4C(C)=NN=C34)C(C)(C)C)C=C2)SC=N1,P25440,VHL,P40337,1,VRVWHAZIBGEPEK,True,True
4103,2342,CC1=C(C2=CC=C(CNC(=O)[C@@H]3C[C@@H](O)CN3C(=O)[C@@H](NC(=O)COCCCCCOCCOC(=O)C[C@@H]3N=C(C4=CC=C(Cl)C=C4)C4=C(SC(C)=C4C)N4C(C)=NN=C34)C(C)(C)C)C=C2)SC=N1,Q15059,VHL,P40337,0,VRVWHAZIBGEPEK,True,True
4104,2342,CC1=C(C2=CC=C(CNC(=O)[C@@H]3C[C@@H](O)CN3C(=O)[C@@H](NC(=O)COCCCCCOCCOC(=O)C[C@@H]3N=C(C4=CC=C(Cl)C=C4)C4=C(SC(C)=C4C)N4C(C)=NN=C34)C(C)(C)C)C=C2)SC=N1,O60885,VHL,P40337,1,VRVWHAZIBGEPEK,True,True
4105,2343,CC1=C(C2=CC=C(CNC(=O)[C@@H]3C[C@@H](O)CN3C(=O)[C@@H](NC(=O)COCCCOCCOC(=O)C[C@@H]3N=C(C4=CC=C(Cl)C=C4)C4=C(SC(C)=C4C)N4C(C)=NN=C34)C(C)(C)C)C=C2)SC=N1,P25440,VHL,P40337,1,SZLZPTHXIDWXLS,True,True
4106,2343,CC1=C(C2=CC=C(CNC(=O)[C@@H]3C[C@@H](O)CN3C(=O)[C@@H](NC(=O)COCCCOCCOC(=O)C[C@@H]3N=C(C4=CC=C(Cl)C=C4)C4=C(SC(C)=C4C)N4C(C)=NN=C34)C(C)(C)C)C=C2)SC=N1,Q15059,VHL,P40337,1,SZLZPTHXIDWXLS,True,True
4107,2343,CC1=C(C2=CC=C(CNC(=O)[C@@H]3C[C@@H](O)CN3C(=O)[C@@H](NC(=O)COCCCOCCOC(=O)C[C@@H]3N=C(C4=CC=C(Cl)C=C4)C4=C(SC(C)=C4C)N4C(C)=NN=C34)C(C)(C)C)C=C2)SC=N1,O60885,VHL,P40337,1,SZLZPTHXIDWXLS,True,True
4108,2344,CCC(=O)N[C@H]1CC[C@@H](N2C(=O)C=C(C)C3=CN=C(NC4=CC=C(N5CCN(CCOCCC(=O)N[C@@H](C(=O)N6C[C@H](O)C[C@H]6C(=O)NCC6=CC=C(C7=C(C)N=CS7)C=C6)C(C)(C)C)CC5)C=C4OC)N=C32)CC1,P33981,VHL,P40337,0,SUUSSNMSFOIMTM,True,True
4109,2345,CCC(=O)N[C@H]1CC[C@@H](N2C(=O)C=C(C)C3=CN=C(NC4=CC=C(N5CCN(CCCCOCCC(=O)N[C@@H](C(=O)N6C[C@H](O)C[C@H]6C(=O)NCC6=CC=C(C7=C(C)N=CS7)C=C6)C(C)(C)C)CC5)C=C4OC)N=C32)CC1,P33981,VHL,P40337,0,MPXCMWJVCZZWNP,True,True
4110,2346,CCC(=O)N[C@H]1CC[C@@H](N2C(=O)C=C(C)C3=CN=C(NC4=CC=C(N5CCN(CCCCCCOCCC(=O)N[C@@H](C(=O)N6C[C@H](O)C[C@H]6C(=O)NCC6=CC=C(C7=C(C)N=CS7)C=C6)C(C)(C)C)CC5)C=C4OC)N=C32)CC1,P33981,VHL,P40337,0,MKPDBPCFJYIBSR,True,True
4111,2347,CCC(=O)N[C@H]1CC[C@@H](N2C(=O)C=C(C)C3=CN=C(NC4=CC=C(N5CCN(CCCCCCCCOCCC(=O)N[C@@H](C(=O)N6C[C@H](O)C[C@H]6C(=O)NCC6=CC=C(C7=C(C)N=CS7)C=C6)C(C)(C)C)CC5)C=C4OC)N=C32)CC1,P33981,VHL,P40337,0,HGGXUMRGGKLPIH,True,True
4112,2348,CCC(=O)N[C@H]1CC[C@@H](N2C(=O)C=C(C)C3=CN=C(NC4=CC=C(N5CCN(C(=O)CCCC#CC6=CC=CC7=C6CN(C6CCC(=O)NC6=O)C7=O)CC5)C=C4OC)N=C32)CC1,P33981,CRBN,Q96SW2,0,ILIHAEQFLUWMRH,True,True
4113,2349,CCC(=O)N[C@H]1CC[C@@H](N2C(=O)C=C(C)C3=CN=C(NC4=CC=C(N5CCN(C(=O)CCCCCC#CC6=CC=CC7=C6CN(C6CCC(=O)NC6=O)C7=O)CC5)C=C4OC)N=C32)CC1,P33981,CRBN,Q96SW2,0,QEDFXQXPBXHVGU,True,True
4114,2350,CCC(=O)N[C@H]1CC[C@@H](N2C(=O)C=C(C)C3=CN=C(NC4=CC=C(N5CCN(C(=O)CCCCCCCC#CC6=CC=CC7=C6CN(C6CCC(=O)NC6=O)C7=O)CC5)C=C4OC)N=C32)CC1,P33981,CRBN,Q96SW2,1,OEMAZTSGRNBCPF,True,True
4115,2351,CCC(=O)N[C@H]1CC[C@@H](N2C(=O)C=C(C)C3=CN=C(NC4=CC=C(N5CCN(C(=O)CCCCCCCCCC#CC6=CC=CC7=C6CN(C6CCC(=O)NC6=O)C7=O)CC5)C=C4OC)N=C32)CC1,P33981,CRBN,Q96SW2,1,LUPSPQQYVRGZLI,True,True
4116,2352,CCC(=O)N[C@H]1CC[C@@H](N2C(=O)C=C(C)C3=CN=C(NC4=CC=C(N5CCN(C(=O)CCCC#CC6=CC=C7C(=O)N(C8CCC(=O)NC8=O)CC7=C6)CC5)C=C4OC)N=C32)CC1,P33981,CRBN,Q96SW2,1,LWHJKWAUKAHIGC,True,True
4117,2353,CCC(=O)N[C@H]1CC[C@@H](N2C(=O)C=C(C)C3=CN=C(NC4=CC=C(N5CCN(C(=O)CCCCCC#CC6=CC=C7C(=O)N(C8CCC(=O)NC8=O)CC7=C6)CC5)C=C4OC)N=C32)CC1,P33981,CRBN,Q96SW2,1,WLMZSJVDMUNOHX,True,True
4118,2354,CCC(=O)N[C@H]1CC[C@@H](N2C(=O)C=C(C)C3=CN=C(NC4=CC=C(N5CCN(C(=O)CCCCCCCC#CC6=CC=C7C(=O)N(C8CCC(=O)NC8=O)CC7=C6)CC5)C=C4OC)N=C32)CC1,P33981,CRBN,Q96SW2,1,VGMBSGNGVRXDBY,True,True
4119,2355,CCC(=O)N[C@H]1CC[C@@H](N2C(=O)C=C(C)C3=CN=C(NC4=CC=C(N5CCN(C(=O)CCCCCCCCCC#CC6=CC=C7C(=O)N(C8CCC(=O)NC8=O)CC7=C6)CC5)C=C4OC)N=C32)CC1,P33981,CRBN,Q96SW2,1,WNBZJWHJHXEDEO,True,True
4120,2356,CCC(=O)N[C@H]1CC[C@@H](N2C(=O)C=C(C)C3=CN=C(NC4=CC=C(N5CCN(C(=O)CCCC#CC6=CC=C7CN(C8CCC(=O)NC8=O)C(=O)C7=C6)CC5)C=C4OC)N=C32)CC1,P33981,CRBN,Q96SW2,0,IJOXNAXACYQBRL,True,True
4121,2357,CCC(=O)N[C@H]1CC[C@@H](N2C(=O)C=C(C)C3=CN=C(NC4=CC=C(N5CCN(C(=O)CCCCCC#CC6=CC=C7CN(C8CCC(=O)NC8=O)C(=O)C7=C6)CC5)C=C4OC)N=C32)CC1,P33981,CRBN,Q96SW2,1,XWOZFCIASHOPCP,True,True
4122,2358,CCC(=O)N[C@H]1CC[C@@H](N2C(=O)C=C(C)C3=CN=C(NC4=CC=C(N5CCN(C(=O)CCCCCCCC#CC6=CC=C7CN(C8CCC(=O)NC8=O)C(=O)C7=C6)CC5)C=C4OC)N=C32)CC1,P33981,CRBN,Q96SW2,1,ILQRGGWQVGLOSJ,True,True
4123,2359,CCC(=O)N[C@H]1CC[C@@H](N2C(=O)C=C(C)C3=CN=C(NC4=CC=C(N5CCN(C(=O)CCCCCCCCCC#CC6=CC=C7CN(C8CCC(=O)NC8=O)C(=O)C7=C6)CC5)C=C4OC)N=C32)CC1,P33981,CRBN,Q96SW2,1,DTEBXQFNWWUSPH,True,True
4124,2360,CCC(=O)N[C@H]1CC[C@@H](N2C(=O)C=C(C)C3=CN=C(NC4=CC=C(N5CCN(C(=O)CCCC#CC6=CC=CC7=C6C(=O)N(C6CCC(=O)NC6=O)C7)CC5)C=C4OC)N=C32)CC1,P33981,CRBN,Q96SW2,0,RPGBSIRPMJGXHN,True,True
4125,2361,CCC(=O)N[C@H]1CC[C@@H](N2C(=O)C=C(C)C3=CN=C(NC4=CC=C(N5CCN(C(=O)CCCCCC#CC6=CC=CC7=C6C(=O)N(C6CCC(=O)NC6=O)C7)CC5)C=C4OC)N=C32)CC1,P33981,CRBN,Q96SW2,0,QKBCJYTUWJPJPK,True,True
4126,2362,CCC(=O)N[C@H]1CC[C@@H](N2C(=O)C=C(C)C3=CN=C(NC4=CC=C(N5CCN(C(=O)CCCCCCCC#CC6=CC=CC7=C6C(=O)N(C6CCC(=O)NC6=O)C7)CC5)C=C4OC)N=C32)CC1,P33981,CRBN,Q96SW2,0,ZPUBDTHTIYULJM,True,True
4127,2363,CCC(=O)N[C@H]1CC[C@@H](N2C(=O)C=C(C)C3=CN=C(NC4=CC=C(N5CCN(C(=O)CCCCCCCCCC#CC6=CC=CC7=C6C(=O)N(C6CCC(=O)NC6=O)C7)CC5)C=C4OC)N=C32)CC1,P33981,CRBN,Q96SW2,1,RFDZITCLUUJECZ,True,True
4149,2385,CC1=C(C2=CC=C([C@H](C)NC(=O)[C@@H]3C[C@@H](O)CN3C(=O)[C@@H](NC(=O)CCCCCCCCC(=O)NCC3(C)CCC(C4=CC=C(Cl)C=C4)=C(CN4CCN(C5=CC=C(C(=O)NS(=O)(=O)C6=CC=C(N[C@H](CCN7CCOCC7)CSC7=CC=CC=C7)C(S(=O)(=O)C(F)(F)F)=C6)C=C5)CC4)C3)C(C)(C)C)C=C2)SC=N1,Q07817,VHL,P40337,1,CWIUDSZQDVZITQ,True,True
4153,2389,CC1=C(C2=CC=C([C@H](C)NC(=O)[C@@H]3C[C@@H](O)CN3C(=O)[C@@H](NC(=O)CCCCCCCCC(=O)NC[C@@]3(C)CCC(C4=CC=C(Cl)C=C4)=C(CN4CCN(C5=CC=C(C(=O)NS(=O)(=O)C6=CC=C(N[C@H](CCN7CCOCC7)CSC7=CC=CC=C7)C(S(=O)(=O)C(F)(F)F)=C6)C=C5)CC4)C3)C(C)(C)C)C=C2)SC=N1,Q07817,VHL,P40337,1,CWIUDSZQDVZITQ,True,True
4154,2390,CC1=C(C2=CC=C([C@H](C)NC(=O)[C@@H]3C[C@@H](O)CN3C(=O)[C@@H](NC(=O)CCCCCCCCC(=O)NC[C@]3(C)CCC(C4=CC=C(Cl)C=C4)=C(CN4CCN(C5=CC=C(C(=O)NS(=O)(=O)C6=CC=C(N[C@H](CCN7CCOCC7)CSC7=CC=CC=C7)C(S(=O)(=O)C(F)(F)F)=C6)C=C5)CC4)C3)C(C)(C)C)C=C2)SC=N1,Q07817,VHL,P40337,1,CWIUDSZQDVZITQ,True,True
4160,2396,COC1=CC(N2CCC(N3CCN(C(=O)CNC4=CC=CC5=C4C(=O)N(C4CCC(=O)NC4=O)C5=O)CC3)CC2)=CC=C1NC1=NC=C(Cl)C(NC2=CC=CC=C2P(C)(C)=O)=N1,Q05397,CRBN,Q96SW2,1,AQGLXXCBEXDRNS,True,True
4161,2396,COC1=CC(N2CCC(N3CCN(C(=O)CNC4=CC=CC5=C4C(=O)N(C4CCC(=O)NC4=O)C5=O)CC3)CC2)=CC=C1NC1=NC=C(Cl)C(NC2=CC=CC=C2P(C)(C)=O)=N1,Q9UM73,CRBN,Q96SW2,1,AQGLXXCBEXDRNS,True,True
4162,2396,COC1=CC(N2CCC(N3CCN(C(=O)CNC4=CC=CC5=C4C(=O)N(C4CCC(=O)NC4=O)C5=O)CC3)CC2)=CC=C1NC1=NC=C(Cl)C(NC2=CC=CC=C2P(C)(C)=O)=N1,Q9UM73,CRBN,Q96SW2,0,AQGLXXCBEXDRNS,True,True
4163,2396,COC1=CC(N2CCC(N3CCN(C(=O)CNC4=CC=CC5=C4C(=O)N(C4CCC(=O)NC4=O)C5=O)CC3)CC2)=CC=C1NC1=NC=C(Cl)C(NC2=CC=CC=C2P(C)(C)=O)=N1,Q14289,CRBN,Q96SW2,1,AQGLXXCBEXDRNS,True,True
4164,2396,COC1=CC(N2CCC(N3CCN(C(=O)CNC4=CC=CC5=C4C(=O)N(C4CCC(=O)NC4=O)C5=O)CC3)CC2)=CC=C1NC1=NC=C(Cl)C(NC2=CC=CC=C2P(C)(C)=O)=N1,Q13882,CRBN,Q96SW2,1,AQGLXXCBEXDRNS,True,True
4165,2396,COC1=CC(N2CCC(N3CCN(C(=O)CNC4=CC=CC5=C4C(=O)N(C4CCC(=O)NC4=O)C5=O)CC3)CC2)=CC=C1NC1=NC=C(Cl)C(NC2=CC=CC=C2P(C)(C)=O)=N1,P00533,CRBN,Q96SW2,0,AQGLXXCBEXDRNS,True,True
4166,2396,COC1=CC(N2CCC(N3CCN(C(=O)CNC4=CC=CC5=C4C(=O)N(C4CCC(=O)NC4=O)C5=O)CC3)CC2)=CC=C1NC1=NC=C(Cl)C(NC2=CC=CC=C2P(C)(C)=O)=N1,P16591,CRBN,Q96SW2,1,AQGLXXCBEXDRNS,True,True
4167,2396,COC1=CC(N2CCC(N3CCN(C(=O)CNC4=CC=CC5=C4C(=O)N(C4CCC(=O)NC4=O)C5=O)CC3)CC2)=CC=C1NC1=NC=C(Cl)C(NC2=CC=CC=C2P(C)(C)=O)=N1,Q15418,CRBN,Q96SW2,0,AQGLXXCBEXDRNS,True,True
4182,2411,CC1=C(C2=CC=C(CNC(=O)[C@@H]3C[C@@H](O)CN3C(=O)[C@@H](NC(=O)CCCCCCCN3C=C(COC4=CC5=NC=NC(NC6=CC=C(F)C(Cl)=C6)=C5C=C4NC(=O)/C=C/CN4CCCCC4)N=N3)C(C)(C)C)C=C2)SC=N1,P00533,VHL,P40337,1,BUDQKNIUFHYJQZ,True,True
4185,2414,CC1=C(C2=CC=C(CNC(=O)[C@@H]3C[C@@H](O)CN3C(=O)[C@@H](NC(=O)CCCCCCCCCCN3C=C(COC4=CC5=NC=NC(NC6=CC=C(F)C(Cl)=C6)=C5C=C4NC(=O)/C=C/CN4CCCCC4)N=N3)C(C)(C)C)C=C2)SC=N1,P00533,VHL,P40337,1,RBUUUIFZYMVDPT,True,True
4188,2417,CC1=C(C2=CC=C(CNC(=O)[C@@H]3C[C@@H](O)CN3C(=O)[C@@H](NC(=O)COCCOCCOCCN3C=C(COC4=CC5=NC=NC(NC6=CC=C(F)C(Cl)=C6)=C5C=C4NC(=O)/C=C/CN4CCCCC4)N=N3)C(C)(C)C)C=C2)SC=N1,P00533,VHL,P40337,0,VQDITZKUBYFBHD,True,True
4189,2418,CC1=C(C2=CC=C(CNC(=O)[C@@H]3C[C@@H](O)CN3C(=O)[C@@H](NC(=O)COCCOCCN3C=C(CCCCCOC4=CC5=NC=NC(NC6=CC=C(F)C(Cl)=C6)=C5C=C4NC(=O)/C=C/CN4CCCCC4)N=N3)C(C)(C)C)C=C2)SC=N1,P00533,VHL,P40337,1,PXQHEFZTJMGFAP,True,True
4190,2419,CC1=C(C2=CC=C(CNC(=O)[C@@H]3C[C@@H](O)CN3C(=O)[C@@H](NC(=O)CCCCCCCC(=O)NC3=CC=C(C(=O)NC4=CC=CC=C4N)C=C3)C(C)(C)C)C=C2)SC=N1,Q13547,VHL,P40337,0,XXPSDQVUSUURLT,True,True
4191,2419,CC1=C(C2=CC=C(CNC(=O)[C@@H]3C[C@@H](O)CN3C(=O)[C@@H](NC(=O)CCCCCCCC(=O)NC3=CC=C(C(=O)NC4=CC=CC=C4N)C=C3)C(C)(C)C)C=C2)SC=N1,Q92769,VHL,P40337,0,XXPSDQVUSUURLT,True,True
4192,2419,CC1=C(C2=CC=C(CNC(=O)[C@@H]3C[C@@H](O)CN3C(=O)[C@@H](NC(=O)CCCCCCCC(=O)NC3=CC=C(C(=O)NC4=CC=CC=C4N)C=C3)C(C)(C)C)C=C2)SC=N1,O15379,VHL,P40337,0,XXPSDQVUSUURLT,True,True
4193,2420,CC1=C(C2=CC=C(CNC(=O)[C@@H]3C[C@@H](O)CN3C(=O)[C@@H](NC(=O)CCCCCCCCC(=O)NC3=CC=C(C(=O)NC4=CC=CC=C4N)C=C3)C(C)(C)C)C=C2)SC=N1,Q13547,VHL,P40337,0,UAWAGYHWPQELMG,True,True
4194,2420,CC1=C(C2=CC=C(CNC(=O)[C@@H]3C[C@@H](O)CN3C(=O)[C@@H](NC(=O)CCCCCCCCC(=O)NC3=CC=C(C(=O)NC4=CC=CC=C4N)C=C3)C(C)(C)C)C=C2)SC=N1,Q92769,VHL,P40337,0,UAWAGYHWPQELMG,True,True
4195,2420,CC1=C(C2=CC=C(CNC(=O)[C@@H]3C[C@@H](O)CN3C(=O)[C@@H](NC(=O)CCCCCCCCC(=O)NC3=CC=C(C(=O)NC4=CC=CC=C4N)C=C3)C(C)(C)C)C=C2)SC=N1,O15379,VHL,P40337,0,UAWAGYHWPQELMG,True,True
4196,2421,CC1=C(C2=CC=C(CNC(=O)[C@@H]3C[C@@H](O)CN3C(=O)[C@@H](NC(=O)CCCCCCCCCC(=O)NC3=CC=C(C(=O)NC4=CC=CC=C4N)C=C3)C(C)(C)C)C=C2)SC=N1,Q13547,VHL,P40337,0,LNVRDNANRZUWIH,True,True
4197,2421,CC1=C(C2=CC=C(CNC(=O)[C@@H]3C[C@@H](O)CN3C(=O)[C@@H](NC(=O)CCCCCCCCCC(=O)NC3=CC=C(C(=O)NC4=CC=CC=C4N)C=C3)C(C)(C)C)C=C2)SC=N1,Q92769,VHL,P40337,0,LNVRDNANRZUWIH,True,True
4198,2421,CC1=C(C2=CC=C(CNC(=O)[C@@H]3C[C@@H](O)CN3C(=O)[C@@H](NC(=O)CCCCCCCCCC(=O)NC3=CC=C(C(=O)NC4=CC=CC=C4N)C=C3)C(C)(C)C)C=C2)SC=N1,O15379,VHL,P40337,0,LNVRDNANRZUWIH,True,True
4202,2422,CC1=C(C2=CC=C(CNC(=O)[C@@H]3C[C@@H](O)CN3C(=O)[C@@H](NC(=O)CCCCCCCCCCCCC(=O)NC3=CC=C(C(=O)NC4=CC=CC=C4N)C=C3)C(C)(C)C)C=C2)SC=N1,Q13547,VHL,P40337,0,AHURBROGQUEMLW,True,True
4203,2422,CC1=C(C2=CC=C(CNC(=O)[C@@H]3C[C@@H](O)CN3C(=O)[C@@H](NC(=O)CCCCCCCCCCCCC(=O)NC3=CC=C(C(=O)NC4=CC=CC=C4N)C=C3)C(C)(C)C)C=C2)SC=N1,Q92769,VHL,P40337,0,AHURBROGQUEMLW,True,True
4204,2422,CC1=C(C2=CC=C(CNC(=O)[C@@H]3C[C@@H](O)CN3C(=O)[C@@H](NC(=O)CCCCCCCCCCCCC(=O)NC3=CC=C(C(=O)NC4=CC=CC=C4N)C=C3)C(C)(C)C)C=C2)SC=N1,O15379,VHL,P40337,0,AHURBROGQUEMLW,True,True
4205,2423,CC1=C(C2=CC=C(CNC(=O)[C@@H]3C[C@@H](O)CN3C(=O)[C@@H](NC(=O)COCCCCCCCCC(=O)NC3=CC=C(C(=O)NC4=CC=CC=C4N)C=C3)C(C)(C)C)C=C2)SC=N1,Q13547,VHL,P40337,0,GNWRYRVABIRHOP,True,True
4206,2423,CC1=C(C2=CC=C(CNC(=O)[C@@H]3C[C@@H](O)CN3C(=O)[C@@H](NC(=O)COCCCCCCCCC(=O)NC3=CC=C(C(=O)NC4=CC=CC=C4N)C=C3)C(C)(C)C)C=C2)SC=N1,Q92769,VHL,P40337,0,GNWRYRVABIRHOP,True,True
4207,2423,CC1=C(C2=CC=C(CNC(=O)[C@@H]3C[C@@H](O)CN3C(=O)[C@@H](NC(=O)COCCCCCCCCC(=O)NC3=CC=C(C(=O)NC4=CC=CC=C4N)C=C3)C(C)(C)C)C=C2)SC=N1,O15379,VHL,P40337,0,GNWRYRVABIRHOP,True,True
4208,2424,CC1=C(C2=CC=C(CNC(=O)[C@@H]3C[C@@H](O)CN3C(=O)[C@@H](NC(=O)CCCCCCCCOCC(=O)NC3=CC=C(C(=O)NC4=CC=CC=C4N)C=C3)C(C)(C)C)C=C2)SC=N1,O15379,VHL,P40337,0,QANLZMZKZIPVPD,True,True
4209,2424,CC1=C(C2=CC=C(CNC(=O)[C@@H]3C[C@@H](O)CN3C(=O)[C@@H](NC(=O)CCCCCCCCOCC(=O)NC3=CC=C(C(=O)NC4=CC=CC=C4N)C=C3)C(C)(C)C)C=C2)SC=N1,Q13547,VHL,P40337,0,QANLZMZKZIPVPD,True,True
4210,2424,CC1=C(C2=CC=C(CNC(=O)[C@@H]3C[C@@H](O)CN3C(=O)[C@@H](NC(=O)CCCCCCCCOCC(=O)NC3=CC=C(C(=O)NC4=CC=CC=C4N)C=C3)C(C)(C)C)C=C2)SC=N1,Q92769,VHL,P40337,0,QANLZMZKZIPVPD,True,True
4214,2425,CC1=C(C2=CC=C(CNC(=O)[C@@H]3C[C@@H](O)CN3C(=O)[C@@H](NC(=O)COCCCCCCOCC(=O)NC3=CC=C(C(=O)NC4=CC=CC=C4N)C=C3)C(C)(C)C)C=C2)SC=N1,Q13547,VHL,P40337,0,XBGNSTADRHNHPM,True,True
4215,2425,CC1=C(C2=CC=C(CNC(=O)[C@@H]3C[C@@H](O)CN3C(=O)[C@@H](NC(=O)COCCCCCCOCC(=O)NC3=CC=C(C(=O)NC4=CC=CC=C4N)C=C3)C(C)(C)C)C=C2)SC=N1,Q92769,VHL,P40337,0,XBGNSTADRHNHPM,True,True
4216,2425,CC1=C(C2=CC=C(CNC(=O)[C@@H]3C[C@@H](O)CN3C(=O)[C@@H](NC(=O)COCCCCCCOCC(=O)NC3=CC=C(C(=O)NC4=CC=CC=C4N)C=C3)C(C)(C)C)C=C2)SC=N1,O15379,VHL,P40337,0,XBGNSTADRHNHPM,True,True
4217,2426,CC1=C(C2=CC=C(CNC(=O)[C@@H]3C[C@@H](O)CN3C(=O)[C@@H](NC(=O)COCCCCCCCCCOCC(=O)NC3=CC=C(C(=O)NC4=CC=CC=C4N)C=C3)C(C)(C)C)C=C2)SC=N1,O15379,VHL,P40337,0,BOXZMOCGSKLDAH,True,True
4218,2426,CC1=C(C2=CC=C(CNC(=O)[C@@H]3C[C@@H](O)CN3C(=O)[C@@H](NC(=O)COCCCCCCCCCOCC(=O)NC3=CC=C(C(=O)NC4=CC=CC=C4N)C=C3)C(C)(C)C)C=C2)SC=N1,Q13547,VHL,P40337,0,BOXZMOCGSKLDAH,True,True
4219,2426,CC1=C(C2=CC=C(CNC(=O)[C@@H]3C[C@@H](O)CN3C(=O)[C@@H](NC(=O)COCCCCCCCCCOCC(=O)NC3=CC=C(C(=O)NC4=CC=CC=C4N)C=C3)C(C)(C)C)C=C2)SC=N1,Q92769,VHL,P40337,0,BOXZMOCGSKLDAH,True,True
4223,2427,CC1=C(C2=CC=C(CNC(=O)[C@@H]3C[C@@H](O)CN3C(=O)[C@@H](NC(=O)COCCOCC(=O)NC3=CC=C(C(=O)NC4=CC=CC=C4N)C=C3)C(C)(C)C)C=C2)SC=N1,Q13547,VHL,P40337,0,LDFNYUSMNVVOAO,True,True
4224,2427,CC1=C(C2=CC=C(CNC(=O)[C@@H]3C[C@@H](O)CN3C(=O)[C@@H](NC(=O)COCCOCC(=O)NC3=CC=C(C(=O)NC4=CC=CC=C4N)C=C3)C(C)(C)C)C=C2)SC=N1,Q92769,VHL,P40337,0,LDFNYUSMNVVOAO,True,True
4225,2427,CC1=C(C2=CC=C(CNC(=O)[C@@H]3C[C@@H](O)CN3C(=O)[C@@H](NC(=O)COCCOCC(=O)NC3=CC=C(C(=O)NC4=CC=CC=C4N)C=C3)C(C)(C)C)C=C2)SC=N1,O15379,VHL,P40337,0,LDFNYUSMNVVOAO,True,True
4226,2428,CC1=C(C2=CC=C(CNC(=O)[C@@H]3C[C@@H](O)CN3C(=O)[C@@H](NC(=O)COCCOCCOCC(=O)NC3=CC=C(C(=O)NC4=CC=CC=C4N)C=C3)C(C)(C)C)C=C2)SC=N1,Q13547,VHL,P40337,0,MNUQUYIPHCWRAK,True,True
4227,2428,CC1=C(C2=CC=C(CNC(=O)[C@@H]3C[C@@H](O)CN3C(=O)[C@@H](NC(=O)COCCOCCOCC(=O)NC3=CC=C(C(=O)NC4=CC=CC=C4N)C=C3)C(C)(C)C)C=C2)SC=N1,Q92769,VHL,P40337,0,MNUQUYIPHCWRAK,True,True
4228,2428,CC1=C(C2=CC=C(CNC(=O)[C@@H]3C[C@@H](O)CN3C(=O)[C@@H](NC(=O)COCCOCCOCC(=O)NC3=CC=C(C(=O)NC4=CC=CC=C4N)C=C3)C(C)(C)C)C=C2)SC=N1,O15379,VHL,P40337,0,MNUQUYIPHCWRAK,True,True
4229,2429,CC1=C(C2=CC=C(CNC(=O)[C@@H]3C[C@@H](O)CN3C(=O)[C@@H](NC(=O)COCCOCCOCCOCC(=O)NC3=CC=C(C(=O)NC4=CC=CC=C4N)C=C3)C(C)(C)C)C=C2)SC=N1,Q13547,VHL,P40337,0,CJLCITMDOZXVCN,True,True
4230,2429,CC1=C(C2=CC=C(CNC(=O)[C@@H]3C[C@@H](O)CN3C(=O)[C@@H](NC(=O)COCCOCCOCCOCC(=O)NC3=CC=C(C(=O)NC4=CC=CC=C4N)C=C3)C(C)(C)C)C=C2)SC=N1,Q92769,VHL,P40337,0,CJLCITMDOZXVCN,True,True
4231,2429,CC1=C(C2=CC=C(CNC(=O)[C@@H]3C[C@@H](O)CN3C(=O)[C@@H](NC(=O)COCCOCCOCCOCC(=O)NC3=CC=C(C(=O)NC4=CC=CC=C4N)C=C3)C(C)(C)C)C=C2)SC=N1,O15379,VHL,P40337,0,CJLCITMDOZXVCN,True,True
4232,2430,CC1=C(C2=CC=C(CNC(=O)[C@@H]3C[C@@H](O)CN3C(=O)[C@@H](NC(=O)CCCN3CCN(CCCC(=O)NC4=CC=C(C(=O)NC5=CC=CC=C5N)C=C4)CC3)C(C)(C)C)C=C2)SC=N1,Q13547,VHL,P40337,0,BTSROZKIJVUHNO,True,True
4233,2430,CC1=C(C2=CC=C(CNC(=O)[C@@H]3C[C@@H](O)CN3C(=O)[C@@H](NC(=O)CCCN3CCN(CCCC(=O)NC4=CC=C(C(=O)NC5=CC=CC=C5N)C=C4)CC3)C(C)(C)C)C=C2)SC=N1,Q92769,VHL,P40337,0,BTSROZKIJVUHNO,True,True
4234,2430,CC1=C(C2=CC=C(CNC(=O)[C@@H]3C[C@@H](O)CN3C(=O)[C@@H](NC(=O)CCCN3CCN(CCCC(=O)NC4=CC=C(C(=O)NC5=CC=CC=C5N)C=C4)CC3)C(C)(C)C)C=C2)SC=N1,O15379,VHL,P40337,0,BTSROZKIJVUHNO,True,True
4235,2431,CC1=C(C2=CC=C(CNC(=O)[C@@H]3C[C@@H](O)CN3C(=O)[C@@H](NC(=O)CCCCCCCC(=O)NC3=CC=C(C(=O)NC4=CC=C(F)C=C4N)C=C3)C(C)(C)C)C=C2)SC=N1,Q13547,VHL,P40337,0,ZMQIQFPWRGOCBN,True,True
4236,2431,CC1=C(C2=CC=C(CNC(=O)[C@@H]3C[C@@H](O)CN3C(=O)[C@@H](NC(=O)CCCCCCCC(=O)NC3=CC=C(C(=O)NC4=CC=C(F)C=C4N)C=C3)C(C)(C)C)C=C2)SC=N1,Q92769,VHL,P40337,0,ZMQIQFPWRGOCBN,True,True
4237,2431,CC1=C(C2=CC=C(CNC(=O)[C@@H]3C[C@@H](O)CN3C(=O)[C@@H](NC(=O)CCCCCCCC(=O)NC3=CC=C(C(=O)NC4=CC=C(F)C=C4N)C=C3)C(C)(C)C)C=C2)SC=N1,O15379,VHL,P40337,0,ZMQIQFPWRGOCBN,True,True
4238,2432,CC1=C(C2=CC=C(CNC(=O)[C@@H]3C[C@@H](O)CN3C(=O)[C@@H](NC(=O)CCCCCCCCCCC(=O)NC3=CC=C(C(=O)NC4=CC=C(F)C=C4N)C=C3)C(C)(C)C)C=C2)SC=N1,Q13547,VHL,P40337,0,NEDMKPKINQQVSY,True,True
4239,2432,CC1=C(C2=CC=C(CNC(=O)[C@@H]3C[C@@H](O)CN3C(=O)[C@@H](NC(=O)CCCCCCCCCCC(=O)NC3=CC=C(C(=O)NC4=CC=C(F)C=C4N)C=C3)C(C)(C)C)C=C2)SC=N1,Q92769,VHL,P40337,0,NEDMKPKINQQVSY,True,True
4240,2432,CC1=C(C2=CC=C(CNC(=O)[C@@H]3C[C@@H](O)CN3C(=O)[C@@H](NC(=O)CCCCCCCCCCC(=O)NC3=CC=C(C(=O)NC4=CC=C(F)C=C4N)C=C3)C(C)(C)C)C=C2)SC=N1,O15379,VHL,P40337,0,NEDMKPKINQQVSY,True,True
4241,2433,CC1=C(C2=CC=C(CNC(=O)[C@@H]3C[C@@H](O)CN3C(=O)[C@@H](NC(=O)COCCOCCOCC(=O)NC3=CC=C(C(=O)NC4=CC=C(F)C=C4N)C=C3)C(C)(C)C)C=C2)SC=N1,Q13547,VHL,P40337,0,PZHPXXZQHPOAGY,True,True
4242,2433,CC1=C(C2=CC=C(CNC(=O)[C@@H]3C[C@@H](O)CN3C(=O)[C@@H](NC(=O)COCCOCCOCC(=O)NC3=CC=C(C(=O)NC4=CC=C(F)C=C4N)C=C3)C(C)(C)C)C=C2)SC=N1,Q92769,VHL,P40337,0,PZHPXXZQHPOAGY,True,True
4243,2433,CC1=C(C2=CC=C(CNC(=O)[C@@H]3C[C@@H](O)CN3C(=O)[C@@H](NC(=O)COCCOCCOCC(=O)NC3=CC=C(C(=O)NC4=CC=C(F)C=C4N)C=C3)C(C)(C)C)C=C2)SC=N1,O15379,VHL,P40337,0,PZHPXXZQHPOAGY,True,True
4244,2434,CC1=C(C2=CC=C(CNC(=O)[C@@H]3C[C@@H](O)CN3C(=O)[C@@H](NC(=O)COCCCCCCCCCOCC(=O)NC3=CC=C(C(=O)NC4=CC=C(F)C=C4N)C=C3)C(C)(C)C)C=C2)SC=N1,Q13547,VHL,P40337,0,AGMBKWPLZPKEGR,True,True
4245,2434,CC1=C(C2=CC=C(CNC(=O)[C@@H]3C[C@@H](O)CN3C(=O)[C@@H](NC(=O)COCCCCCCCCCOCC(=O)NC3=CC=C(C(=O)NC4=CC=C(F)C=C4N)C=C3)C(C)(C)C)C=C2)SC=N1,Q92769,VHL,P40337,0,AGMBKWPLZPKEGR,True,True
4246,2434,CC1=C(C2=CC=C(CNC(=O)[C@@H]3C[C@@H](O)CN3C(=O)[C@@H](NC(=O)COCCCCCCCCCOCC(=O)NC3=CC=C(C(=O)NC4=CC=C(F)C=C4N)C=C3)C(C)(C)C)C=C2)SC=N1,O15379,VHL,P40337,0,AGMBKWPLZPKEGR,True,True
4247,2435,CC1=C(C2=CC=C(CNC(=O)[C@@H]3C[C@@H](O)CN3C(=O)[C@@H](NC(=O)CCCCCCCC(=O)NC3=CC=C(C(=O)NC4=CC(C5=CC=CS5)=CC=C4N)C=C3)C(C)(C)C)C=C2)SC=N1,Q13547,VHL,P40337,0,SLSLECNMOKDWNA,True,True
4248,2435,CC1=C(C2=CC=C(CNC(=O)[C@@H]3C[C@@H](O)CN3C(=O)[C@@H](NC(=O)CCCCCCCC(=O)NC3=CC=C(C(=O)NC4=CC(C5=CC=CS5)=CC=C4N)C=C3)C(C)(C)C)C=C2)SC=N1,Q92769,VHL,P40337,0,SLSLECNMOKDWNA,True,True
4249,2435,CC1=C(C2=CC=C(CNC(=O)[C@@H]3C[C@@H](O)CN3C(=O)[C@@H](NC(=O)CCCCCCCC(=O)NC3=CC=C(C(=O)NC4=CC(C5=CC=CS5)=CC=C4N)C=C3)C(C)(C)C)C=C2)SC=N1,O15379,VHL,P40337,0,SLSLECNMOKDWNA,True,True
4250,2436,CC1=C(C2=CC=C(CNC(=O)[C@@H]3C[C@@H](O)CN3C(=O)[C@@H](NC(=O)CCCCCCCCCCC(=O)NC3=CC=C(C(=O)NC4=CC(C5=CC=CS5)=CC=C4N)C=C3)C(C)(C)C)C=C2)SC=N1,Q13547,VHL,P40337,0,PYFJRWPCHWNACA,True,True
4251,2436,CC1=C(C2=CC=C(CNC(=O)[C@@H]3C[C@@H](O)CN3C(=O)[C@@H](NC(=O)CCCCCCCCCCC(=O)NC3=CC=C(C(=O)NC4=CC(C5=CC=CS5)=CC=C4N)C=C3)C(C)(C)C)C=C2)SC=N1,Q92769,VHL,P40337,0,PYFJRWPCHWNACA,True,True
4252,2436,CC1=C(C2=CC=C(CNC(=O)[C@@H]3C[C@@H](O)CN3C(=O)[C@@H](NC(=O)CCCCCCCCCCC(=O)NC3=CC=C(C(=O)NC4=CC(C5=CC=CS5)=CC=C4N)C=C3)C(C)(C)C)C=C2)SC=N1,O15379,VHL,P40337,0,PYFJRWPCHWNACA,True,True
4253,2437,CC1=C(C2=CC=C(CNC(=O)[C@@H]3C[C@@H](O)CN3C(=O)[C@@H](NC(=O)COCCOCCOCC(=O)NC3=CC=C(C(=O)NC4=CC(C5=CC=CS5)=CC=C4N)C=C3)C(C)(C)C)C=C2)SC=N1,Q13547,VHL,P40337,0,DMWWBSQOUPHWCN,True,True
4254,2437,CC1=C(C2=CC=C(CNC(=O)[C@@H]3C[C@@H](O)CN3C(=O)[C@@H](NC(=O)COCCOCCOCC(=O)NC3=CC=C(C(=O)NC4=CC(C5=CC=CS5)=CC=C4N)C=C3)C(C)(C)C)C=C2)SC=N1,Q92769,VHL,P40337,0,DMWWBSQOUPHWCN,True,True
4255,2437,CC1=C(C2=CC=C(CNC(=O)[C@@H]3C[C@@H](O)CN3C(=O)[C@@H](NC(=O)COCCOCCOCC(=O)NC3=CC=C(C(=O)NC4=CC(C5=CC=CS5)=CC=C4N)C=C3)C(C)(C)C)C=C2)SC=N1,O15379,VHL,P40337,0,DMWWBSQOUPHWCN,True,True
4256,2438,CC(=O)N[C@H](C(=O)N1C[C@H](O)C[C@H]1C(=O)NCC1=CC=C(C2=C(C)N=CS2)C=C1OCCCCCCCCCCCC(=O)NC1=CC=C(C(=O)NC2=CC=CC=C2N)C=C1)C(C)(C)C,O15379,VHL,P40337,0,XPJGKIYHVFVWKJ,True,True
4257,2438,CC(=O)N[C@H](C(=O)N1C[C@H](O)C[C@H]1C(=O)NCC1=CC=C(C2=C(C)N=CS2)C=C1OCCCCCCCCCCCC(=O)NC1=CC=C(C(=O)NC2=CC=CC=C2N)C=C1)C(C)(C)C,Q13547,VHL,P40337,0,XPJGKIYHVFVWKJ,True,True
4258,2438,CC(=O)N[C@H](C(=O)N1C[C@H](O)C[C@H]1C(=O)NCC1=CC=C(C2=C(C)N=CS2)C=C1OCCCCCCCCCCCC(=O)NC1=CC=C(C(=O)NC2=CC=CC=C2N)C=C1)C(C)(C)C,Q92769,VHL,P40337,0,XPJGKIYHVFVWKJ,True,True
4259,2439,CC1=C(C2=CC=C(CNC(=O)[C@@H]3C[C@@H](O)CN3C(=O)[C@@H](NC(=O)C3(F)CC3)C(C)(C)C)C(OCCCCCCCCCCCC(=O)NC3=CC=C(C(=O)NC4=CC=CC=C4N)C=C3)=C2)SC=N1,O15379,VHL,P40337,0,NAADBQUVFJWCFU,True,True
4260,2439,CC1=C(C2=CC=C(CNC(=O)[C@@H]3C[C@@H](O)CN3C(=O)[C@@H](NC(=O)C3(F)CC3)C(C)(C)C)C(OCCCCCCCCCCCC(=O)NC3=CC=C(C(=O)NC4=CC=CC=C4N)C=C3)=C2)SC=N1,Q13547,VHL,P40337,0,NAADBQUVFJWCFU,True,True
4261,2439,CC1=C(C2=CC=C(CNC(=O)[C@@H]3C[C@@H](O)CN3C(=O)[C@@H](NC(=O)C3(F)CC3)C(C)(C)C)C(OCCCCCCCCCCCC(=O)NC3=CC=C(C(=O)NC4=CC=CC=C4N)C=C3)=C2)SC=N1,Q92769,VHL,P40337,0,NAADBQUVFJWCFU,True,True
4265,2440,CC(=O)N[C@H](C(=O)N1C[C@H](O)C[C@H]1C(=O)NCC1=CC=C(C2=C(C)N=CS2)C=C1OCCCCNC(=O)CCCCC(=O)NC1=CC=C(C(=O)NC2=CC=CC=C2N)C=C1)C(C)(C)C,Q13547,VHL,P40337,0,DMMLGYWZMDZZME,True,True
4266,2440,CC(=O)N[C@H](C(=O)N1C[C@H](O)C[C@H]1C(=O)NCC1=CC=C(C2=C(C)N=CS2)C=C1OCCCCNC(=O)CCCCC(=O)NC1=CC=C(C(=O)NC2=CC=CC=C2N)C=C1)C(C)(C)C,Q92769,VHL,P40337,0,DMMLGYWZMDZZME,True,True
4267,2440,CC(=O)N[C@H](C(=O)N1C[C@H](O)C[C@H]1C(=O)NCC1=CC=C(C2=C(C)N=CS2)C=C1OCCCCNC(=O)CCCCC(=O)NC1=CC=C(C(=O)NC2=CC=CC=C2N)C=C1)C(C)(C)C,O15379,VHL,P40337,0,DMMLGYWZMDZZME,True,True
4268,2441,CC(=O)N[C@H](C(=O)N1C[C@H](O)C[C@H]1C(=O)NCC1=CC=C(C2=C(C)N=CS2)C=C1OCCCCNC(=O)CCCCCCCC(=O)NC1=CC=C(C(=O)NC2=CC=CC=C2N)C=C1)C(C)(C)C,Q13547,VHL,P40337,0,XEWSKARQBANKDD,True,True
4269,2441,CC(=O)N[C@H](C(=O)N1C[C@H](O)C[C@H]1C(=O)NCC1=CC=C(C2=C(C)N=CS2)C=C1OCCCCNC(=O)CCCCCCCC(=O)NC1=CC=C(C(=O)NC2=CC=CC=C2N)C=C1)C(C)(C)C,Q92769,VHL,P40337,0,XEWSKARQBANKDD,True,True
4270,2441,CC(=O)N[C@H](C(=O)N1C[C@H](O)C[C@H]1C(=O)NCC1=CC=C(C2=C(C)N=CS2)C=C1OCCCCNC(=O)CCCCCCCC(=O)NC1=CC=C(C(=O)NC2=CC=CC=C2N)C=C1)C(C)(C)C,O15379,VHL,P40337,0,XEWSKARQBANKDD,True,True
4324,2495,N#CC1=CC=C(O[C@H]2CC[C@H](NC(=O)C3=CC=C(NCCCNC4=CC=C5C(=O)N(C6CCC(=O)NC6=O)C(=O)C5=C4)C=C3)CC2)C=C1Cl,P10275,CRBN,Q96SW2,1,XLWFMSWFAKUJON,True,True
4325,2496,N#CC1=CC=C(O[C@H]2CC[C@H](NC(=O)C3=CC=C(NCCCCNC4=CC=C5C(=O)N(C6CCC(=O)NC6=O)C(=O)C5=C4)C=C3)CC2)C=C1Cl,P10275,CRBN,Q96SW2,1,SEKBVYVWYRALIG,True,True
4326,2497,N#CC1=CC=C(O[C@H]2CC[C@H](NC(=O)C3=CC=C(NCCCCCNC4=CC=C5C(=O)N(C6CCC(=O)NC6=O)C(=O)C5=C4)C=C3)CC2)C=C1Cl,P10275,CRBN,Q96SW2,1,FZVBQSWNRMPEHR,True,True
4327,2498,N#CC1=CC=C(O[C@H]2CC[C@H](NC(=O)C3=CC=C(NCCCCCCNC4=CC=C5C(=O)N(C6CCC(=O)NC6=O)C(=O)C5=C4)C=C3)CC2)C=C1Cl,P10275,CRBN,Q96SW2,1,SLYLTYLJUFVQPH,True,True
4328,2499,N#CC1=CC=C(O[C@H]2CC[C@H](NC(=O)C3=CC=C(NCCCCCCCNC4=CC=C5C(=O)N(C6CCC(=O)NC6=O)C(=O)C5=C4)C=C3)CC2)C=C1Cl,P10275,CRBN,Q96SW2,1,KLUHWCISGKYNHH,True,True
4329,2500,N#CC1=CC=C(O[C@H]2CC[C@H](NC(=O)C3=CC=C(NCCCCCCCCNC4=CC=C5C(=O)N(C6CCC(=O)NC6=O)C(=O)C5=C4)C=C3)CC2)C=C1Cl,P10275,CRBN,Q96SW2,1,LIAPRZHHMHGLCS,True,True
4330,2501,N#CC1=CC=C(O[C@H]2CC[C@H](NC(=O)C3=CC=C(NCCCCCCCCCNC4=CC=C5C(=O)N(C6CCC(=O)NC6=O)C(=O)C5=C4)C=C3)CC2)C=C1Cl,P10275,CRBN,Q96SW2,1,VSYZSMLAOKWORE,True,True
4331,2502,N#CC1=CC=C(O[C@H]2CC[C@H](NC(=O)C3=CC=C(NCCCCCCCCCCNC4=CC=C5C(=O)N(C6CCC(=O)NC6=O)C(=O)C5=C4)C=C3)CC2)C=C1Cl,P10275,CRBN,Q96SW2,0,RJFFRTWDHINENB,True,True
4332,2503,N#CC1=CC=C(O[C@H]2CC[C@H](NC(=O)C3=CC=C(NCCCCCCCCCCCNC4=CC=C5C(=O)N(C6CCC(=O)NC6=O)C(=O)C5=C4)C=C3)CC2)C=C1Cl,P10275,CRBN,Q96SW2,0,KPYLNSRIYNAOJF,True,True
4333,2504,N#CC1=CC=C(O[C@H]2CC[C@H](NC(=O)C3=CC=C(N4CCN(CCNC5=CC=C6C(=O)N(C7CCC(=O)NC7=O)C(=O)C6=C5)CC4)C=C3)CC2)C=C1Cl,P10275,CRBN,Q96SW2,0,KUCKATJPXILIRH,True,True
4334,2505,N#CC1=CC=C(O[C@H]2CC[C@H](NC(=O)C3=CC=C(N4CCN(CCCNC5=CC=C6C(=O)N(C7CCC(=O)NC7=O)C(=O)C6=C5)CC4)C=C3)CC2)C=C1Cl,P10275,CRBN,Q96SW2,1,IOIPLMHHWKGICH,True,True
4335,2506,N#CC1=CC=C(O[C@H]2CC[C@H](NC(=O)C3=CC=C(N4CCN(CCCCNC5=CC=C6C(=O)N(C7CCC(=O)NC7=O)C(=O)C6=C5)CC4)C=C3)CC2)C=C1Cl,P10275,CRBN,Q96SW2,0,QFBDIBRAVHTJHW,True,True
4336,2507,N#CC1=CC=C(O[C@H]2CC[C@H](NC(=O)C3=CC=C(N4CCN(CCCCCNC5=CC=C6C(=O)N(C7CCC(=O)NC7=O)C(=O)C6=C5)CC4)C=C3)CC2)C=C1Cl,P10275,CRBN,Q96SW2,1,RIBBYHBSLKRREX,True,True
4337,2508,N#CC1=CC=C(O[C@H]2CC[C@H](NC(=O)C3=CC=C(N4CCN(CC5CCN(C6=CC=C7C(=O)N(C8CCC(=O)NC8=O)C(=O)C7=C6)CC5)CC4)C=C3)CC2)C=C1Cl,P10275,CRBN,Q96SW2,1,QJZUVOHJKPMREF,True,True
4339,2509,N#CC1=CC=C(O[C@H]2CC[C@H](NC(=O)C3=CC=C(N4CCN(C5CCN(C6=CC=C7C(=O)N(C8CCC(=O)NC8=O)C(=O)C7=C6)CC5)CC4)C=C3)CC2)C=C1Cl,P10275,CRBN,Q96SW2,1,SRMKEEIRTHASLG,True,True
4341,2510,N#CC1=CC=C(O[C@H]2CC[C@H](NC(=O)C3=CC=C(N4CCC(N5CCN(C6=CC=C7C(=O)N(C8CCC(=O)NC8=O)C(=O)C7=C6)CC5)CC4)C=C3)CC2)C=C1Cl,P10275,CRBN,Q96SW2,1,ZEEFAZNIKLZENT,True,True
4343,2511,N#CC1=CC=C(O[C@H]2CC[C@H](NC(=O)C3=CC=C(N4CCN(CC5CN(C6=CC=C7C(=O)N(C8CCC(=O)NC8=O)C(=O)C7=C6)C5)CC4)C=C3)CC2)C=C1Cl,P10275,CRBN,Q96SW2,1,ZXOIALMBAAMQKG,True,True
4344,2512,N#CC1=CC=C(O[C@H]2CC[C@H](NC(=O)C3=CC=C(N4CCN(C5CN(C6=CC=C7C(=O)N(C8CCC(=O)NC8=O)C(=O)C7=C6)C5)CC4)C=C3)CC2)C=C1Cl,P10275,CRBN,Q96SW2,0,IFCKDGNCNVHZTM,True,True
4345,2513,N#CC1=CC=C(O[C@H]2CC[C@H](NC(=O)C3=CC=C(N4CCC(N5CCN(C6=CC=C7C(=O)N(C8CCC(=O)NC8=O)C(=O)C7=C6)CC5)CC4)C=C3)C2)C=C1Cl,P10275,CRBN,Q96SW2,0,GXUBCAYGWJGCKT,True,True
4346,2514,N#CC1=CC=C(O[C@@H]2CCC[C@@H](NC(=O)C3=CC=C(N4CCC(N5CCN(C6=CC=C7C(=O)N(C8CCC(=O)NC8=O)C(=O)C7=C6)CC5)CC4)C=C3)CC2)C=C1Cl,P10275,CRBN,Q96SW2,0,VGXZUMFEKIFIQW,True,True
4347,2515,N#CC1=CC=C(O[C@H]2CCC[C@@H](NC(=O)C3=CC=C(N4CCC(N5CCN(C6=CC=C7C(=O)N(C8CCC(=O)NC8=O)C(=O)C7=C6)CC5)CC4)C=C3)CCC2)C=C1Cl,P10275,CRBN,Q96SW2,0,LOWACICYXXELEY,True,True
4348,2516,N#CC1=CC=C(OC2CCN(C(=O)C3=CC=C(N4CCC(N5CCN(C6=CC=C7C(=O)N(C8CCC(=O)NC8=O)C(=O)C7=C6)CC5)CC4)C=C3)CC2)C=C1Cl,P10275,CRBN,Q96SW2,0,RACWFSYZHXHUJV,True,True
4349,2517,N#CC1=CC=C(OC2CCCN(C(=O)C3=CC=C(N4CCC(N5CCN(C6=CC=C7C(=O)N(C8CCC(=O)NC8=O)C(=O)C7=C6)CC5)CC4)C=C3)CC2)C=C1Cl,P10275,CRBN,Q96SW2,0,SWYBGHSSRFVKQG,True,True
4350,2518,N#CC1=CC=C(N[C@H]2CC[C@H](NC(=O)C3=CC=C(N4CCC(N5CCN(C6=CC=C7C(=O)N(C8CCC(=O)NC8=O)C(=O)C7=C6)CC5)CC4)C=C3)CC2)C=C1Cl,P10275,CRBN,Q96SW2,0,IRDHCECVXOCRLY,True,True
4351,2519,CN(C1=CC=C(C#N)C(Cl)=C1)[C@H]1CC[C@H](NC(=O)C2=CC=C(N3CCC(N4CCN(C5=CC=C6C(=O)N(C7CCC(=O)NC7=O)C(=O)C6=C5)CC4)CC3)C=C2)CC1,P10275,CRBN,Q96SW2,1,BEEAHZAQHFFDHP,True,True
4352,2519,CN(C1=CC=C(C#N)C(Cl)=C1)[C@H]1CC[C@H](NC(=O)C2=CC=C(N3CCC(N4CCN(C5=CC=C6C(=O)N(C7CCC(=O)NC7=O)C(=O)C6=C5)CC4)CC3)C=C2)CC1,P10275,CRBN,Q96SW2,1,BEEAHZAQHFFDHP,True,True
4353,2520,CCN(C1=CC=C(C#N)C(Cl)=C1)[C@H]1CC[C@H](NC(=O)C2=CC=C(N3CCC(N4CCN(C5=CC=C6C(=O)N(C7CCC(=O)NC7=O)C(=O)C6=C5)CC4)CC3)C=C2)CC1,P10275,CRBN,Q96SW2,1,VZVAWYNZTBXESG,True,True
4354,2521,CCCN(C1=CC=C(C#N)C(Cl)=C1)[C@H]1CC[C@H](NC(=O)C2=CC=C(N3CCC(N4CCN(C5=CC=C6C(=O)N(C7CCC(=O)NC7=O)C(=O)C6=C5)CC4)CC3)C=C2)CC1,P10275,CRBN,Q96SW2,1,FVEFTVCRDXCSLR,True,True
4355,2522,CN(C1=CC=C(C#N)C(Cl)=C1)[C@H]1CC[C@H](NC(=O)C2=CC=C(N3CCN(CC4CCN(C5=CC=C6C(=O)N(C7CCC(=O)NC7=O)C(=O)C6=C5)CC4)CC3)C=C2)CC1,P10275,CRBN,Q96SW2,1,FSMCKEYFGVIYBM,True,True
4356,2523,CN(C1=CC=C(C#N)C(Cl)=C1)[C@H]1CC[C@H](NC(=O)C2=CC=C(N3CCC(CN4CCN(C5=CC=C6C(=O)N(C7CCC(=O)NC7=O)C(=O)C6=C5)CC4)CC3)C=C2)CC1,P10275,CRBN,Q96SW2,1,XLQOXOVXCNIRJP,True,True
4357,2524,CN(C1=CC=C(C#N)C(Cl)=C1)[C@H]1CC[C@H](NC(=O)C2=CC=C(N3CCN(C4CCN(C5=CC=C6C(=O)N(C7CCC(=O)NC7=O)C(=O)C6=C5)CC4)CC3)C=C2)CC1,P10275,CRBN,Q96SW2,1,WHJVBMNCPUFBSX,True,True
4358,2524,CN(C1=CC=C(C#N)C(Cl)=C1)[C@H]1CC[C@H](NC(=O)C2=CC=C(N3CCN(C4CCN(C5=CC=C6C(=O)N(C7CCC(=O)NC7=O)C(=O)C6=C5)CC4)CC3)C=C2)CC1,P10275,CRBN,Q96SW2,1,WHJVBMNCPUFBSX,True,True
4359,2525,CN(C1=CC=C(C#N)C(Cl)=C1)[C@H]1CC[C@H](NC(=O)C2=CC=C(N3CCN(CC4CN(C5=CC=C6C(=O)N(C7CCC(=O)NC7=O)C(=O)C6=C5)C4)CC3)C=C2)CC1,P10275,CRBN,Q96SW2,1,YYULHFDWXXZSRM,True,True
4360,2525,CN(C1=CC=C(C#N)C(Cl)=C1)[C@H]1CC[C@H](NC(=O)C2=CC=C(N3CCN(CC4CN(C5=CC=C6C(=O)N(C7CCC(=O)NC7=O)C(=O)C6=C5)C4)CC3)C=C2)CC1,P10275,CRBN,Q96SW2,1,YYULHFDWXXZSRM,True,True
4361,2526,CN(C1=CC=C(C#N)C(Cl)=C1)[C@H]1CC[C@H](NC(=O)C2=CC=C(N3CCN(C4CN(C5=CC=C6C(=O)N(C7CCC(=O)NC7=O)C(=O)C6=C5)C4)CC3)C=C2)CC1,P10275,CRBN,Q96SW2,1,LUCHABJUYSYJAT,True,True
4362,2526,CN(C1=CC=C(C#N)C(Cl)=C1)[C@H]1CC[C@H](NC(=O)C2=CC=C(N3CCN(C4CN(C5=CC=C6C(=O)N(C7CCC(=O)NC7=O)C(=O)C6=C5)C4)CC3)C=C2)CC1,P10275,CRBN,Q96SW2,1,LUCHABJUYSYJAT,True,True
4363,2527,CN(C1=CC=C(C#N)C(Cl)=C1)[C@H]1CC[C@H](NC(=O)C2=CC=C(N3CC(CN4CCN(C5=CC=C6C(=O)N(C7CCC(=O)NC7=O)C(=O)C6=C5)CC4)C3)C=C2)CC1,P10275,CRBN,Q96SW2,1,LOFIFWMXRZZLIL,True,True
4364,2527,CN(C1=CC=C(C#N)C(Cl)=C1)[C@H]1CC[C@H](NC(=O)C2=CC=C(N3CC(CN4CCN(C5=CC=C6C(=O)N(C7CCC(=O)NC7=O)C(=O)C6=C5)CC4)C3)C=C2)CC1,P10275,CRBN,Q96SW2,1,LOFIFWMXRZZLIL,True,True
4365,2528,CN(C1=CC=C(C#N)C(Cl)=C1)[C@H]1CC[C@H](NC(=O)C2=CC=C(N3CC(N4CCN(C5=CC=C6C(=O)N(C7CCC(=O)NC7=O)C(=O)C6=C5)CC4)C3)C=C2)CC1,P10275,CRBN,Q96SW2,1,RNZSZCNUPQYOIX,True,True
4366,2528,CN(C1=CC=C(C#N)C(Cl)=C1)[C@H]1CC[C@H](NC(=O)C2=CC=C(N3CC(N4CCN(C5=CC=C6C(=O)N(C7CCC(=O)NC7=O)C(=O)C6=C5)CC4)C3)C=C2)CC1,P10275,CRBN,Q96SW2,0,RNZSZCNUPQYOIX,True,True
4367,2529,CC(O)(CS(=O)(=O)C1=CC=C(N2CCN(C3CCN(C4=CC=C5C(=O)N(C6CCC(=O)NC6=O)C(=O)C5=C4)CC3)CC2)C=C1)C(=O)NC1=CC=C(C#N)C(C(F)(F)F)=C1,P10275,CRBN,Q96SW2,0,RDTWXYREPJFRLJ,True,True
4368,2530,CC1(C)C(=O)N(C2=CC=C(C#N)C(C(F)(F)F)=C2)C(=S)N1C1=CC=C(C(=O)N2CCN(C3CCN(C4=CC=C5C(=O)N(C6CCC(=O)NC6=O)C(=O)C5=C4)CC3)CC2)C(F)=C1,P10275,CRBN,Q96SW2,0,GPZDKLVDAYMWLZ,True,True
4369,2531,N#CC1=NC=C(N2C(=O)C3(CCC3)N(C3=CC=C(C(=O)N4CCN(C5CCN(C6=CC=C7C(=O)N(C8CCC(=O)NC8=O)C(=O)C7=C6)CC5)CC4)C(F)=C3)C2=S)C=C1C(F)(F)F,P10275,CRBN,Q96SW2,0,DTFBEQQOOYQAKH,True,True
4370,2532,CCC1=CC2=C(C=C1N1CCN(C3=CC=CC4=C3C(=O)N(C3CCC(=O)NC3=O)C4=O)CC1)C(C)(C)C1=C(C2=O)C2=CC=C(C#N)C=C2[NH]1,Q9UM73,CRBN,Q96SW2,0,YVMDSBSVEFRUNQ,True,True
4371,2533,CCC1=CC2=C(C=C1N1CCN(CC(=O)NCCNC3=CC=CC4=C3C(=O)N(C3CCC(=O)NC3=O)C4=O)CC1)C(C)(C)C1=C(C2=O)C2=CC=C(C#N)C=C2[NH]1,Q9UM73,CRBN,Q96SW2,0,RKODSCPRYMAXPY,True,True
4372,2534,CCC1=CC2=C(C=C1N1CCN(CC(=O)NCCCCNC3=CC=CC4=C3C(=O)N(C3CCC(=O)NC3=O)C4=O)CC1)C(C)(C)C1=C(C2=O)C2=CC=C(C#N)C=C2[NH]1,Q9UM73,CRBN,Q96SW2,0,CLQXJOQUTRXAJD,True,True
4373,2535,CCC1=CC2=C(C=C1N1CCN(CC(=O)NCCCCCCNC3=CC=CC4=C3C(=O)N(C3CCC(=O)NC3=O)C4=O)CC1)C(C)(C)C1=C(C2=O)C2=CC=C(C#N)C=C2[NH]1,Q9UM73,CRBN,Q96SW2,0,BGYJVKQWMFAWEA,True,True
4374,2536,CCC1=CC2=C(C=C1N1CCC(N3CCN(C4=CC=CC5=C4C(=O)N(C4CCC(=O)NC4=O)C5=O)CC3)CC1)C(C)(C)C1=C(C2=O)C2=CC=C(C#N)C=C2[NH]1,Q9UM73,CRBN,Q96SW2,0,IAUCKZOLLOTUCZ,True,True
4375,2537,CCC1=CC2=C(C=C1N1CCC(N3CCN(CC(=O)NCCNC4=CC=CC5=C4C(=O)N(C4CCC(=O)NC4=O)C5=O)CC3)CC1)C(C)(C)C1=C(C2=O)C2=CC=C(C#N)C=C2[NH]1,Q9UM73,CRBN,Q96SW2,0,VZMZARQMQAUZAY,True,True
4376,2538,CCC1=CC2=C(C=C1N1CCC(N3CCN(CC(=O)NCCCCNC4=CC=CC5=C4C(=O)N(C4CCC(=O)NC4=O)C5=O)CC3)CC1)C(C)(C)C1=C(C2=O)C2=CC=C(C#N)C=C2[NH]1,Q9UM73,CRBN,Q96SW2,0,NEPFHFUEULTHSK,True,True
4377,2539,CCC1=CC2=C(C=C1N1CCC(N3CCN(CC(=O)NCCCCCCNC4=CC=CC5=C4C(=O)N(C4CCC(=O)NC4=O)C5=O)CC3)CC1)C(C)(C)C1=C(C2=O)C2=CC=C(C#N)C=C2[NH]1,Q9UM73,CRBN,Q96SW2,0,XGKYUMNEOGWSOG,True,True
4382,2544,O=C1CCC(N2C(=O)C3=CC=CC(N4CCN(C(=O)C5CCN(C6=CC=C(NC(=O)C7=CN=C(OC8=CC=CC=C8)N=C7)C=C6)CC5)CC4)=C3C2=O)C(=O)N1,O60760,CRBN,Q96SW2,1,KQNXUQJGOJWQGL,True,True
4385,2545,CN1C(=O)CCC(N2C(=O)C3=CC=CC(N4CCN(C(=O)C5CCN(C6=CC=C(NC(=O)C7=CN=C(OC8=CC=CC=C8)N=C7)C=C6)CC5)CC4)=C3C2=O)C1=O,O60760,CRBN,Q96SW2,0,UUILKUWMNHXPIN,True,True
4387,2547,CC1=C(C2=CC=C(CNC(=O)[C@@H]3C[C@@H](O)CN3C(=O)[C@@H](NC(=O)CNC(=O)C3CCN(C4=CC=C(NC(=O)C5=CN=C(OC6=CC=CC=C6)N=C5)C=C4)CC3)C(C)(C)C)C=C2)SC=N1,O60760,VHL,P40337,0,ZTZZWBWDZLZUKQ,True,True
4418,2558,CC1=C(C2=CC=C([C@H](C)NC(=O)[C@@H]3C[C@@H](O)CN3C(=O)[C@@H](NC(=O)CCCCCCCCCCC(=O)NCCNC[C@@H](C(=O)N3CCN(C4=NC=NC5=C4[C@H](C)C[C@H]5O)CC3)C3=CC=C(Cl)C=C3)C(C)(C)C)C=C2)SC=N1,P31751,VHL,P40337,1,QUWWUNJGSUEYJK,True,True
4419,2558,CC1=C(C2=CC=C([C@H](C)NC(=O)[C@@H]3C[C@@H](O)CN3C(=O)[C@@H](NC(=O)CCCCCCCCCCC(=O)NCCNC[C@@H](C(=O)N3CCN(C4=NC=NC5=C4[C@H](C)C[C@H]5O)CC3)C3=CC=C(Cl)C=C3)C(C)(C)C)C=C2)SC=N1,P31749,VHL,P40337,1,QUWWUNJGSUEYJK,True,True
4420,2558,CC1=C(C2=CC=C([C@H](C)NC(=O)[C@@H]3C[C@@H](O)CN3C(=O)[C@@H](NC(=O)CCCCCCCCCCC(=O)NCCNC[C@@H](C(=O)N3CCN(C4=NC=NC5=C4[C@H](C)C[C@H]5O)CC3)C3=CC=C(Cl)C=C3)C(C)(C)C)C=C2)SC=N1,Q9Y243,VHL,P40337,1,QUWWUNJGSUEYJK,True,True
4454,2570,C[C@@H]1C[C@@H](O)C2=NC=NC(N3CCN(C(=O)[C@H](CNCCC(=O)NCCCCCCCCNC4=CC=CC5=C4C(=O)N(C4CCC(=O)NC4=O)C5=O)C4=CC=C(Cl)C=C4)CC3)=C21,P31751,CRBN,Q96SW2,1,QMLFGZYEQAMKRK,True,True
4455,2570,C[C@@H]1C[C@@H](O)C2=NC=NC(N3CCN(C(=O)[C@H](CNCCC(=O)NCCCCCCCCNC4=CC=CC5=C4C(=O)N(C4CCC(=O)NC4=O)C5=O)C4=CC=C(Cl)C=C4)CC3)=C21,P31749,CRBN,Q96SW2,1,QMLFGZYEQAMKRK,True,True
4456,2570,C[C@@H]1C[C@@H](O)C2=NC=NC(N3CCN(C(=O)[C@H](CNCCC(=O)NCCCCCCCCNC4=CC=CC5=C4C(=O)N(C4CCC(=O)NC4=O)C5=O)C4=CC=C(Cl)C=C4)CC3)=C21,Q9Y243,CRBN,Q96SW2,1,QMLFGZYEQAMKRK,True,True
4559,2605,COC1=CC(N(C)CCN(C)C)=C(NC(=O)/C=C/CN(C)CCN(C)C(=O)CCCC(=O)N[C@H](C(=O)N2C[C@H](O)C[C@H]2C(=O)NCC2=CC=C(C3=C(C)N=CS3)C=C2)C(C)(C)C)C=C1NC1=NC=CC(C2=CN(C)C3=CC=CC=C23)=N1,P00533,VHL,P40337,0,NLHHAISQIXLYLK,True,True
4561,2606,COC1=CC(N(C)CCN(C)C)=C(NC(=O)/C=C/CN(C)CCN(C)C(=O)CCCCCC(=O)N[C@H](C(=O)N2C[C@H](O)C[C@H]2C(=O)NCC2=CC=C(C3=C(C)N=CS3)C=C2)C(C)(C)C)C=C1NC1=NC=CC(C2=CN(C)C3=CC=CC=C23)=N1,P00533,VHL,P40337,0,AUDHLQVDQXAEMW,True,True
4562,2606,COC1=CC(N(C)CCN(C)C)=C(NC(=O)/C=C/CN(C)CCN(C)C(=O)CCCCCC(=O)N[C@H](C(=O)N2C[C@H](O)C[C@H]2C(=O)NCC2=CC=C(C3=C(C)N=CS3)C=C2)C(C)(C)C)C=C1NC1=NC=CC(C2=CN(C)C3=CC=CC=C23)=N1,P00533,VHL,P40337,0,AUDHLQVDQXAEMW,True,True
4563,2607,COC1=CC(N(C)CCN(C)C)=C(NC(=O)/C=C/CN(C)CCN(C)C(=O)CCCCCCC(=O)N[C@H](C(=O)N2C[C@H](O)C[C@H]2C(=O)NCC2=CC=C(C3=C(C)N=CS3)C=C2)C(C)(C)C)C=C1NC1=NC=CC(C2=CN(C)C3=CC=CC=C23)=N1,P00533,VHL,P40337,0,BHWDRQOZBAXOIL,True,True
4564,2607,COC1=CC(N(C)CCN(C)C)=C(NC(=O)/C=C/CN(C)CCN(C)C(=O)CCCCCCC(=O)N[C@H](C(=O)N2C[C@H](O)C[C@H]2C(=O)NCC2=CC=C(C3=C(C)N=CS3)C=C2)C(C)(C)C)C=C1NC1=NC=CC(C2=CN(C)C3=CC=CC=C23)=N1,P00533,VHL,P40337,0,BHWDRQOZBAXOIL,True,True
4565,2608,COC1=CC(N(C)CCN(C)C)=C(NC(=O)/C=C/CN(C)CCCCCCCC(=O)N[C@H](C(=O)N2C[C@H](O)C[C@H]2C(=O)NCC2=CC=C(C3=C(C)N=CS3)C=C2)C(C)(C)C)C=C1NC1=NC=CC(C2=CN(C)C3=CC=CC=C23)=N1,P00533,VHL,P40337,0,UOILNJUDFXJYIX,True,True
4566,2608,COC1=CC(N(C)CCN(C)C)=C(NC(=O)/C=C/CN(C)CCCCCCCC(=O)N[C@H](C(=O)N2C[C@H](O)C[C@H]2C(=O)NCC2=CC=C(C3=C(C)N=CS3)C=C2)C(C)(C)C)C=C1NC1=NC=CC(C2=CN(C)C3=CC=CC=C23)=N1,P00533,VHL,P40337,0,UOILNJUDFXJYIX,True,True
4567,2609,COC1=CC(N(C)CCN(C)C)=C(NC(=O)/C=C/CN(C)CCCCCCCCCC(=O)N[C@H](C(=O)N2C[C@H](O)C[C@H]2C(=O)NCC2=CC=C(C3=C(C)N=CS3)C=C2)C(C)(C)C)C=C1NC1=NC=CC(C2=CN(C)C3=CC=CC=C23)=N1,P00533,VHL,P40337,0,BDPJWTWTFREFOU,True,True
4568,2609,COC1=CC(N(C)CCN(C)C)=C(NC(=O)/C=C/CN(C)CCCCCCCCCC(=O)N[C@H](C(=O)N2C[C@H](O)C[C@H]2C(=O)NCC2=CC=C(C3=C(C)N=CS3)C=C2)C(C)(C)C)C=C1NC1=NC=CC(C2=CN(C)C3=CC=CC=C23)=N1,P00533,VHL,P40337,0,BDPJWTWTFREFOU,True,True
4569,2610,C=CC(=O)NC1=CC(NC2=NC=CC(C3=CN(C)C4=CC=CC=C34)=N2)=C(OC)C=C1N(CCCCCCC(=O)N[C@H](C(=O)N1C[C@H](O)C[C@H]1C(=O)NCC1=CC=C(C2=C(C)N=CS2)C=C1)C(C)(C)C)CCN(C)C,P00533,VHL,P40337,0,RLLCZBYYTSDTJQ,True,True
4570,2610,C=CC(=O)NC1=CC(NC2=NC=CC(C3=CN(C)C4=CC=CC=C34)=N2)=C(OC)C=C1N(CCCCCCC(=O)N[C@H](C(=O)N1C[C@H](O)C[C@H]1C(=O)NCC1=CC=C(C2=C(C)N=CS2)C=C1)C(C)(C)C)CCN(C)C,P00533,VHL,P40337,0,RLLCZBYYTSDTJQ,True,True
4571,2611,C=CC(=O)NC1=CC(NC2=NC=CC(C3=CN(C)C4=CC=CC=C34)=N2)=C(OC)C=C1N(CCCCCCC(=O)NCCOCCOCC(=O)N[C@H](C(=O)N1C[C@H](O)C[C@H]1C(=O)NCC1=CC=C(C2=C(C)N=CS2)C=C1)C(C)(C)C)CCN(C)C,P00533,VHL,P40337,0,ALUNGNVSILUROK,True,True
4572,2611,C=CC(=O)NC1=CC(NC2=NC=CC(C3=CN(C)C4=CC=CC=C34)=N2)=C(OC)C=C1N(CCCCCCC(=O)NCCOCCOCC(=O)N[C@H](C(=O)N1C[C@H](O)C[C@H]1C(=O)NCC1=CC=C(C2=C(C)N=CS2)C=C1)C(C)(C)C)CCN(C)C,P00533,VHL,P40337,0,ALUNGNVSILUROK,True,True
4573,2612,C=CC(=O)NC1=CC(NC2=NC=CC(C3=CN(C)C4=CC=CC=C34)=N2)=C(OC)C=C1N(CCCCCCC(=O)NCCCCCCC(=O)N[C@H](C(=O)N1C[C@H](O)C[C@H]1C(=O)NCC1=CC=C(C2=C(C)N=CS2)C=C1)C(C)(C)C)CCN(C)C,P00533,VHL,P40337,0,UWPKPQXGEGLODQ,True,True
4574,2612,C=CC(=O)NC1=CC(NC2=NC=CC(C3=CN(C)C4=CC=CC=C34)=N2)=C(OC)C=C1N(CCCCCCC(=O)NCCCCCCC(=O)N[C@H](C(=O)N1C[C@H](O)C[C@H]1C(=O)NCC1=CC=C(C2=C(C)N=CS2)C=C1)C(C)(C)C)CCN(C)C,P00533,VHL,P40337,0,UWPKPQXGEGLODQ,True,True
4575,2613,C=CC(=O)NC1=CC(NC2=NC=CC(C3=CN(C)C4=CC=CC=C34)=N2)=C(OC)C=C1N(C)CCN(C)CCCCCCCC(=O)N[C@H](C(=O)N1C[C@H](O)C[C@H]1C(=O)NCC1=CC=C(C2=C(C)N=CS2)C=C1)C(C)(C)C,P00533,VHL,P40337,0,ZSAWNDDMNMQIIJ,True,True
4576,2613,C=CC(=O)NC1=CC(NC2=NC=CC(C3=CN(C)C4=CC=CC=C34)=N2)=C(OC)C=C1N(C)CCN(C)CCCCCCCC(=O)N[C@H](C(=O)N1C[C@H](O)C[C@H]1C(=O)NCC1=CC=C(C2=C(C)N=CS2)C=C1)C(C)(C)C,P00533,VHL,P40337,0,ZSAWNDDMNMQIIJ,True,True
4585,2618,COC1=CC(N(C)CCN(C)C)=C(NC(=O)/C(C#N)=C/C(C)(C)NC(=O)CCCCCCC(=O)N[C@H](C(=O)N2C[C@H](O)C[C@H]2C(=O)NCC2=CC=C(C3=C(C)N=CS3)C=C2)C(C)(C)C)C=C1NC1=NC=CC(C2=CN(C)C3=CC=CC=C23)=N1,P00533,VHL,P40337,0,PLSIZPKPMOPGBN,True,True
4586,2618,COC1=CC(N(C)CCN(C)C)=C(NC(=O)/C(C#N)=C/C(C)(C)NC(=O)CCCCCCC(=O)N[C@H](C(=O)N2C[C@H](O)C[C@H]2C(=O)NCC2=CC=C(C3=C(C)N=CS3)C=C2)C(C)(C)C)C=C1NC1=NC=CC(C2=CN(C)C3=CC=CC=C23)=N1,P00533,VHL,P40337,0,PLSIZPKPMOPGBN,True,True
4587,2619,C=CC(=O)N1CC[C@H](N2C(NC3=CC=CC=C3)=NC3=CN=C(NC4=CC=C(N5CCN(CCCCCCC(=O)N[C@H](C(=O)N6C[C@H](O)C[C@H]6C(=O)NCC6=CC=C(C7=C(C)N=CS7)C=C6)C(C)(C)C)CC5)C=C4)N=C32)C1,P00533,VHL,P40337,0,FXWJQZDZCXGXTI,True,True
4588,2619,C=CC(=O)N1CC[C@H](N2C(NC3=CC=CC=C3)=NC3=CN=C(NC4=CC=C(N5CCN(CCCCCCC(=O)N[C@H](C(=O)N6C[C@H](O)C[C@H]6C(=O)NCC6=CC=C(C7=C(C)N=CS7)C=C6)C(C)(C)C)CC5)C=C4)N=C32)C1,P00533,VHL,P40337,1,FXWJQZDZCXGXTI,True,True
4589,2620,C=CC(=O)N1CCC[C@H](N2C(NC3=CC=CC=C3)=NC3=CN=C(NC4=CC=C(N5CCN(CCCCCCC(=O)N[C@H](C(=O)N6C[C@H](O)C[C@H]6C(=O)NCC6=CC=C(C7=C(C)N=CS7)C=C6)C(C)(C)C)CC5)C=C4)N=C32)C1,P00533,VHL,P40337,0,CSQRGDCIFDELOJ,True,True
4590,2620,C=CC(=O)N1CCC[C@H](N2C(NC3=CC=CC=C3)=NC3=CN=C(NC4=CC=C(N5CCN(CCCCCCC(=O)N[C@H](C(=O)N6C[C@H](O)C[C@H]6C(=O)NCC6=CC=C(C7=C(C)N=CS7)C=C6)C(C)(C)C)CC5)C=C4)N=C32)C1,P00533,VHL,P40337,1,CSQRGDCIFDELOJ,True,True
4591,2621,C=CC(=O)N1CCC[C@H](N2C(NC3=CC=CC=C3)=NC3=CN=C(NC4=CC=C(N5CCN(CCCCCCCC(=O)N[C@H](C(=O)N6C[C@H](O)C[C@H]6C(=O)NCC6=CC=C(C7=C(C)N=CS7)C=C6)C(C)(C)C)CC5)C=C4)N=C32)C1,P00533,VHL,P40337,0,WSSNDQVXHFXMID,True,True
4592,2621,C=CC(=O)N1CCC[C@H](N2C(NC3=CC=CC=C3)=NC3=CN=C(NC4=CC=C(N5CCN(CCCCCCCC(=O)N[C@H](C(=O)N6C[C@H](O)C[C@H]6C(=O)NCC6=CC=C(C7=C(C)N=CS7)C=C6)C(C)(C)C)CC5)C=C4)N=C32)C1,P00533,VHL,P40337,1,WSSNDQVXHFXMID,True,True
4593,2622,C=CC(=O)N1CCC[C@H](N2C(NC3=CC=CC=C3)=NC3=CN=C(NC4=CC=C(N5CCN(CC(=O)NCCCCCC(=O)N[C@H](C(=O)N6C[C@H](O)C[C@H]6C(=O)NCC6=CC=C(C7=C(C)N=CS7)C=C6)C(C)(C)C)CC5)C=C4)N=C32)C1,P00533,VHL,P40337,0,GKMLWAGLQFDOKQ,True,True
4594,2622,C=CC(=O)N1CCC[C@H](N2C(NC3=CC=CC=C3)=NC3=CN=C(NC4=CC=C(N5CCN(CC(=O)NCCCCCC(=O)N[C@H](C(=O)N6C[C@H](O)C[C@H]6C(=O)NCC6=CC=C(C7=C(C)N=CS7)C=C6)C(C)(C)C)CC5)C=C4)N=C32)C1,P00533,VHL,P40337,1,GKMLWAGLQFDOKQ,True,True
4595,2623,C=CC(=O)N1CCC[C@H](N2C(NC3=CC=CC=C3)=NC3=CN=C(NC4=CC=C(N5CCN(CC(=O)NCCCCCCC(=O)N[C@H](C(=O)N6C[C@H](O)C[C@H]6C(=O)NCC6=CC=C(C7=C(C)N=CS7)C=C6)C(C)(C)C)CC5)C=C4)N=C32)C1,P00533,VHL,P40337,0,IROOQIWNFFCZLN,True,True
4596,2623,C=CC(=O)N1CCC[C@H](N2C(NC3=CC=CC=C3)=NC3=CN=C(NC4=CC=C(N5CCN(CC(=O)NCCCCCCC(=O)N[C@H](C(=O)N6C[C@H](O)C[C@H]6C(=O)NCC6=CC=C(C7=C(C)N=CS7)C=C6)C(C)(C)C)CC5)C=C4)N=C32)C1,P00533,VHL,P40337,1,IROOQIWNFFCZLN,True,True
4597,2624,C=CC(=O)N1CCC[C@H](N2C(NC3=CC=CC=C3)=NC3=CN=C(NC4=CC=C(N5CCN(CC(=O)NCCOCCOCC(=O)N[C@H](C(=O)N6C[C@H](O)C[C@H]6C(=O)NCC6=CC=C(C7=C(C)N=CS7)C=C6)C(C)(C)C)CC5)C=C4)N=C32)C1,P00533,VHL,P40337,0,HTDTVBXASZKIHM,True,True
4598,2624,C=CC(=O)N1CCC[C@H](N2C(NC3=CC=CC=C3)=NC3=CN=C(NC4=CC=C(N5CCN(CC(=O)NCCOCCOCC(=O)N[C@H](C(=O)N6C[C@H](O)C[C@H]6C(=O)NCC6=CC=C(C7=C(C)N=CS7)C=C6)C(C)(C)C)CC5)C=C4)N=C32)C1,P00533,VHL,P40337,1,HTDTVBXASZKIHM,True,True
4599,2625,C=CC(=O)N1CCC[C@H](N2C(NC3=CC=CC=C3)=NC3=CN=C(NC4=CC=C(N5CCN(CCCCCCCC(=O)N[C@H](C(=O)N6C[C@H](O)C[C@H]6C(=O)N[C@@H](C)C6=CC=C(C7=C(C)N=CS7)C=C6)C(C)(C)C)CC5)C=C4)N=C32)C1,P00533,VHL,P40337,1,RYXQXEGTLNBKEC,True,True
4600,2625,C=CC(=O)N1CCC[C@H](N2C(NC3=CC=CC=C3)=NC3=CN=C(NC4=CC=C(N5CCN(CCCCCCCC(=O)N[C@H](C(=O)N6C[C@H](O)C[C@H]6C(=O)N[C@@H](C)C6=CC=C(C7=C(C)N=CS7)C=C6)C(C)(C)C)CC5)C=C4)N=C32)C1,P00533,VHL,P40337,1,RYXQXEGTLNBKEC,True,True
4601,2626,CCC(=O)N1CCC[C@H](N2C(NC3=CC=CC=C3)=NC3=CN=C(NC4=CC=C(N5CCN(CCCCCCCC(=O)N[C@H](C(=O)N6C[C@H](O)C[C@H]6C(=O)N[C@@H](C)C6=CC=C(C7=C(C)N=CS7)C=C6)C(C)(C)C)CC5)C=C4)N=C32)C1,P00533,VHL,P40337,0,NEBQLCJXQCQWAT,True,True
4602,2626,CCC(=O)N1CCC[C@H](N2C(NC3=CC=CC=C3)=NC3=CN=C(NC4=CC=C(N5CCN(CCCCCCCC(=O)N[C@H](C(=O)N6C[C@H](O)C[C@H]6C(=O)N[C@@H](C)C6=CC=C(C7=C(C)N=CS7)C=C6)C(C)(C)C)CC5)C=C4)N=C32)C1,P00533,VHL,P40337,1,NEBQLCJXQCQWAT,True,True
4603,2627,CC1=CC(CN2C(N3CC4(CNC4)C3)=NC3=C(N4CCN(CCCCCC(=O)N[C@H](C(=O)N5C[C@H](O)C[C@H]5C(=O)N[C@@H](C)C5=CC=C(C6=C(C)N=CS6)C=C5)C(C)(C)C)CC4)C=C(Cl)C=C32)=CC(C)=C1F,Q07889,VHL,P40337,0,KRTXNKFNVDUMFW,True,True
4604,2628,CC1=CC(CN2C(N3CC4(CNC4)C3)=NC3=C(N4CCN(CCCCCCC(=O)N[C@H](C(=O)N5C[C@H](O)C[C@H]5C(=O)N[C@@H](C)C5=CC=C(C6=C(C)N=CS6)C=C5)C(C)(C)C)CC4)C=C(Cl)C=C32)=CC(C)=C1F,Q07889,VHL,P40337,0,RWXRMOUTGNDVRG,True,True
4605,2629,CC1=CC(CN2C(N3CC4(CNC4)C3)=NC3=C(N4CCN(CCCCCCCC(=O)N[C@H](C(=O)N5C[C@H](O)C[C@H]5C(=O)N[C@@H](C)C5=CC=C(C6=C(C)N=CS6)C=C5)C(C)(C)C)CC4)C=C(Cl)C=C32)=CC(C)=C1F,Q07889,VHL,P40337,0,BQACEOFNSGFSPA,True,True
4606,2630,CC1=CC(CN2C(N3CC4(CNC4)C3)=NC3=C(N4CCN(CCCCCCCCC(=O)N[C@H](C(=O)N5C[C@H](O)C[C@H]5C(=O)N[C@@H](C)C5=CC=C(C6=C(C)N=CS6)C=C5)C(C)(C)C)CC4)C=C(Cl)C=C32)=CC(C)=C1F,Q07889,VHL,P40337,1,AZBRWXRYNYEDKG,True,True
4607,2630,CC1=CC(CN2C(N3CC4(CNC4)C3)=NC3=C(N4CCN(CCCCCCCCC(=O)N[C@H](C(=O)N5C[C@H](O)C[C@H]5C(=O)N[C@@H](C)C5=CC=C(C6=C(C)N=CS6)C=C5)C(C)(C)C)CC4)C=C(Cl)C=C32)=CC(C)=C1F,Q07889,VHL,P40337,1,AZBRWXRYNYEDKG,True,True
4608,2631,CC1=CC(CN2C(N3CC4(CNC4)C3)=NC3=C(N4CCN(CCCCCCCCCC(=O)N[C@H](C(=O)N5C[C@H](O)C[C@H]5C(=O)N[C@@H](C)C5=CC=C(C6=C(C)N=CS6)C=C5)C(C)(C)C)CC4)C=C(Cl)C=C32)=CC(C)=C1F,Q07889,VHL,P40337,0,BKHFNIAHQPHQNG,True,True
4609,2632,CC1=CC(CN2C(N3CC4(CNC4)C3)=NC3=C(N4CCN(CCCCCCCCCCC(=O)N[C@H](C(=O)N5C[C@H](O)C[C@H]5C(=O)N[C@@H](C)C5=CC=C(C6=C(C)N=CS6)C=C5)C(C)(C)C)CC4)C=C(Cl)C=C32)=CC(C)=C1F,Q07889,VHL,P40337,0,YIHJSSOOZVRPGE,True,True
4610,2633,CC1=CC(CN2C(N3CC4(CNC4)C3)=NC3=C(N4CCN(CCCCCCCCCCCC(=O)N[C@H](C(=O)N5C[C@H](O)C[C@H]5C(=O)N[C@@H](C)C5=CC=C(C6=C(C)N=CS6)C=C5)C(C)(C)C)CC4)C=C(Cl)C=C32)=CC(C)=C1F,Q07889,VHL,P40337,0,KMPZNMUJYMSUSI,True,True
4611,2634,CC1=CC(CN2C(N3CC4(CNC4)C3)=NC3=C(N4CCN(CCOCCOCC(=O)N[C@H](C(=O)N5C[C@H](O)C[C@H]5C(=O)N[C@@H](C)C5=CC=C(C6=C(C)N=CS6)C=C5)C(C)(C)C)CC4)C=C(Cl)C=C32)=CC(C)=C1F,Q07889,VHL,P40337,0,OEOJRBFVJBZNNH,True,True
4612,2635,CC1=CC(CN2C(N3CC4(CNC4)C3)=NC3=C(N4CCN(CCOCCOCCC(=O)N[C@H](C(=O)N5C[C@H](O)C[C@H]5C(=O)N[C@@H](C)C5=CC=C(C6=C(C)N=CS6)C=C5)C(C)(C)C)CC4)C=C(Cl)C=C32)=CC(C)=C1F,Q07889,VHL,P40337,0,HNWMZIJESIXUPN,True,True
4613,2636,CC1=CC(CN2C(N3CC4(CNC4)C3)=NC3=C(N4CCN(CCOCCOCCOCCC(=O)N[C@H](C(=O)N5C[C@H](O)C[C@H]5C(=O)N[C@@H](C)C5=CC=C(C6=C(C)N=CS6)C=C5)C(C)(C)C)CC4)C=C(Cl)C=C32)=CC(C)=C1F,Q07889,VHL,P40337,0,JVXPJYDGYNFLML,True,True
4614,2637,CC1=CC(CN2C(N3CC4(CNC4)C3)=NC3=C(N4CCN(CCC(=O)NCCCC(=O)N[C@H](C(=O)N5C[C@H](O)C[C@H]5C(=O)N[C@@H](C)C5=CC=C(C6=C(C)N=CS6)C=C5)C(C)(C)C)CC4)C=C(Cl)C=C32)=CC(C)=C1F,Q07889,VHL,P40337,0,KEAIJOOOCCVKLN,True,True
4615,2638,CC1=CC(CN2C(N3CC4(CNC4)C3)=NC3=C(N4CCN(CCCC(=O)NCCCC(=O)N[C@H](C(=O)N5C[C@H](O)C[C@H]5C(=O)N[C@@H](C)C5=CC=C(C6=C(C)N=CS6)C=C5)C(C)(C)C)CC4)C=C(Cl)C=C32)=CC(C)=C1F,Q07889,VHL,P40337,0,GGQNUIQRAOZHGV,True,True
4616,2639,CC1=CC(CN2C(N3CC4(CNC4)C3)=NC3=C(N4CCN(CCCCC(=O)NCCCC(=O)N[C@H](C(=O)N5C[C@H](O)C[C@H]5C(=O)N[C@@H](C)C5=CC=C(C6=C(C)N=CS6)C=C5)C(C)(C)C)CC4)C=C(Cl)C=C32)=CC(C)=C1F,Q07889,VHL,P40337,0,AIYOQVDTDVIWSY,True,True
4617,2640,CC1=CC(CN2C(N3CC4(CNC4)C3)=NC3=C(N4CCN(CC5CCN(CC(=O)N[C@H](C(=O)N6C[C@H](O)C[C@H]6C(=O)N[C@@H](C)C6=CC=C(C7=C(C)N=CS7)C=C6)C(C)(C)C)CC5)CC4)C=C(Cl)C=C32)=CC(C)=C1F,Q07889,VHL,P40337,0,QIUKMSWZQUPCKX,True,True
4618,2641,CC1=CC(CN2C(N3CC4(CNC4)C3)=NC3=C(N4CCN(CC5CCN(CCC(=O)N[C@H](C(=O)N6C[C@H](O)C[C@H]6C(=O)N[C@@H](C)C6=CC=C(C7=C(C)N=CS7)C=C6)C(C)(C)C)CC5)CC4)C=C(Cl)C=C32)=CC(C)=C1F,Q07889,VHL,P40337,0,VGSNFIXQGOYMDO,True,True
4619,2642,CC1=CC(CN2C(N3CC4(CNC4)C3)=NC3=C(N4CCN(CC5CCN(CCCC(=O)N[C@H](C(=O)N6C[C@H](O)C[C@H]6C(=O)N[C@@H](C)C6=CC=C(C7=C(C)N=CS7)C=C6)C(C)(C)C)CC5)CC4)C=C(Cl)C=C32)=CC(C)=C1F,Q07889,VHL,P40337,0,KGZDQGZDFMGWIY,True,True
4665,2658,O=C(COC1=CC=CC2=C1C(=O)N(C1CCC(=O)NC1=O)C2=O)NCCCCNC(=O)CC1=C(C2=CC=C(Cl)C(Cl)=C2)N=C(N/N=C(\CC2=CC=CC=C2[N+](=O)[O-])C(=O)O)S1,P06730,CRBN,Q96SW2,0,KJSOPWPRPNOFCQ,True,True
4666,2659,C/C(=N\NC1=NC(C2=CC=C(C3=CC=CC=C3)C=C2)=CS1)C(=O)NCCCCNC1=CC=CC2=C1C(=O)N(C1CCC(=O)NC1=O)C2=O,P06730,CRBN,Q96SW2,0,NGIBNEVPRVRVCR,True,True
4667,2660,O=C1CCC(N2C(=O)C3=CC=CC(NCCCCNC(=O)/C(CC4=CC=CC=C4[N+](=O)[O-])=N/NC4=NC(C5=CC=C(C6=CC=CC=C6)C=C5)=CS4)=C3C2=O)C(=O)N1,P06730,CRBN,Q96SW2,0,SIZOLXLQEPVTOK,True,True
4668,2661,C/C(=N\NC1=NC(C2=CC=C(C3=CC=CC=C3)C=C2)=CS1)C(=O)NCCNC1=CC=CC2=C1C(=O)N(C1CCC(=O)NC1=O)C2=O,P06730,CRBN,Q96SW2,0,GPJNFMRIVNCEFF,True,True
4669,2662,C/C(=N\NC1=NC(C2=CC=C(C3=CC=CC=C3)C=C2)=CS1)C(=O)NCCCNC1=CC=CC2=C1C(=O)N(C1CCC(=O)NC1=O)C2=O,P06730,CRBN,Q96SW2,0,HGSSHSLVOZGCKV,True,True
4670,2663,C/C(=N\NC1=NC(C2=CC=C(Cl)C(Cl)=C2)=C(CC(=O)NCCNC2=CC=CC3=C2C(=O)N(C2CCC(=O)NC2=O)C3=O)S1)C(=O)OCOC(=O)C(C)(C)C,P06730,CRBN,Q96SW2,0,OUHYRQKOYDLKET,True,True
4671,2664,O=C1CCC(N2C(=O)C3=CC=CC(NCCCCCC(=O)OCC4=CC(=O)C(O)=CO4)=C3C2=O)C(=O)N1,P14679,CRBN,Q96SW2,0,VVPAYWVSEZULNU,True,True
4672,2665,O=C1CCC(N2C(=O)C3=CC=CC(NCCCCCCCC(=O)OCC4=CC(=O)C(O)=CO4)=C3C2=O)C(=O)N1,P14679,CRBN,Q96SW2,0,WNZPMDBPOIDSBB,True,True
4673,2666,O=C1CCC(N2C(=O)C3=CC=CC(NCCCCCCCCC(=O)OCC4=CC(=O)C(O)=CO4)=C3C2=O)C(=O)N1,P14679,CRBN,Q96SW2,0,BZYYBKJDUOWQDR,True,True
4674,2667,O=C1CCC(N2C(=O)C3=CC=CC(NCCCCCCCCCCC(=O)OCC4=CC(=O)C(O)=CO4)=C3C2=O)C(=O)N1,P14679,CRBN,Q96SW2,0,AAYBTCSHQQGPRU,True,True
4679,2672,N[C@@H](CC1=CC=C(O)C(O)=C1)C(=O)NCCCCCNC1=CC=CC2=C1C(=O)N(C1CCC(=O)NC1=O)C2=O,P14679,CRBN,Q96SW2,0,GTUJRUVNUQLCDT,True,True
4686,2679,CC1=C(C2=CC=C(CNC(=O)[C@@H]3C[C@@H](O)CN3C(=O)[C@@H](NC(=O)COCCN3C=C(CCCS(=O)(=O)C4=CC=C(NC5=NC=CC(C6=CN=C(C)N6C(C)C)=N5)C=C4)N=N3)C(C)(C)C)C=C2)SC=N1,P24941,VHL,P40337,0,XVCGNRHPFMMQTF,True,True
4697,2690,CC[C@@H]1C2=NN=C(C)N2C2=CN=C(NC3=CC=C(C(=O)NC4CCN(C(=O)COC5=CC=CC6=C5C(=O)N(C5CCC(=O)NC5=O)C6=O)CC4)C=C3OC)N=C2N1CC1CCCCC1,O60885,CRBN,Q96SW2,1,AORZPRLVKUMTOJ,True,True
4753,2740,CC(C)N1C=NC2=C(NCC3=NC4=CC(F)=C(NCCCCCCCCNC(=O)COC5=CC=CC6=C5C(=O)N(C5CCC(=O)NC5=O)C6=O)C=C4[NH]3)N=C(N3CCOCC3)N=C21,Q9NYV4,CRBN,Q96SW2,0,XZMGOWQHLJWQJN,True,True
4756,2743,NC1=NC=C(C2=CC=C(S(=O)(=O)N3CCN(CC4=CN(CCOCCOCCOCCNC(=O)CNC5=CC=CC6=C5CN(C5CCC(=O)NC5=O)C6=O)N=N4)CC3)C=C2)N=C1C(=O)NC1=CC=CN=C1,P49840,CRBN,Q96SW2,0,LBFRBZBJTSKGIW,True,True
4757,2743,NC1=NC=C(C2=CC=C(S(=O)(=O)N3CCN(CC4=CN(CCOCCOCCOCCNC(=O)CNC5=CC=CC6=C5CN(C5CCC(=O)NC5=O)C6=O)N=N4)CC3)C=C2)N=C1C(=O)NC1=CC=CN=C1,P49841,CRBN,Q96SW2,0,LBFRBZBJTSKGIW,True,True
4758,2744,COC1=CC=C(C2=C(C(=O)NCCCC3=CN(CCOCCOCCOCCNC(=O)CNC4=CC=CC5=C4CN(C4CCC(=O)NC4=O)C5=O)N=N3)N=CO2)C=C1Cl,P49840,CRBN,Q96SW2,0,GAEXVYPDSWYWEL,True,True
4759,2744,COC1=CC=C(C2=C(C(=O)NCCCC3=CN(CCOCCOCCOCCNC(=O)CNC4=CC=CC5=C4CN(C4CCC(=O)NC4=O)C5=O)N=N3)N=CO2)C=C1Cl,P49841,CRBN,Q96SW2,0,GAEXVYPDSWYWEL,True,True
4760,2745,COC1=CC=C(C2=C(C(=O)NCCCN3C=C(COCCOCCOCCOC4=CC=CC5=C4C(=O)N(C4CCC(=O)NC4=O)C5=O)N=N3)N=CO2)C=C1Cl,P49840,CRBN,Q96SW2,0,LQWQMXZHKPRTOM,True,True
4761,2745,COC1=CC=C(C2=C(C(=O)NCCCN3C=C(COCCOCCOCCOC4=CC=CC5=C4C(=O)N(C4CCC(=O)NC4=O)C5=O)N=N3)N=CO2)C=C1Cl,P49841,CRBN,Q96SW2,0,LQWQMXZHKPRTOM,True,True
4762,2746,COC1=CC=C(C2=C(C(=O)NCCCN3C=C(CCCCC(=O)N[C@@H](C(=O)N4C[C@H](O)C[C@H]4C(=O)NCC4=CC=C(C5=C(C)N=CS5)C=C4)C(C)(C)C)N=N3)N=CO2)C=C1Cl,P49840,VHL,P40337,0,YLHOZWVXEUSDRF,True,True
4763,2746,COC1=CC=C(C2=C(C(=O)NCCCN3C=C(CCCCC(=O)N[C@@H](C(=O)N4C[C@H](O)C[C@H]4C(=O)NCC4=CC=C(C5=C(C)N=CS5)C=C4)C(C)(C)C)N=N3)N=CO2)C=C1Cl,P49841,VHL,P40337,0,YLHOZWVXEUSDRF,True,True
4764,2747,COC1=CC=C(C2=C(C(=O)NCCCN3C=C(COCCOCCOCCOCC(=O)N[C@@H](C(=O)N4C[C@H](O)C[C@H]4C(=O)NCC4=CC=C(C5=C(C)N=CS5)C=C4)C(C)(C)C)N=N3)N=CO2)C=C1Cl,P49840,VHL,P40337,0,UGFBBKMBFHLSDU,True,True
4765,2747,COC1=CC=C(C2=C(C(=O)NCCCN3C=C(COCCOCCOCCOCC(=O)N[C@@H](C(=O)N4C[C@H](O)C[C@H]4C(=O)NCC4=CC=C(C5=C(C)N=CS5)C=C4)C(C)(C)C)N=N3)N=CO2)C=C1Cl,P49841,VHL,P40337,0,UGFBBKMBFHLSDU,True,True
4766,2748,NC1=NC=C(C2=CC=C(S(=O)(=O)N3CCN(CC4=CN(CCOCCOCCNC5=CC=CC6=C5C(=O)N(C5CCC(=O)NC5=O)C6=O)N=N4)CC3)C=C2)N=C1C(=O)NC1=CC=CN=C1,P49840,CRBN,Q96SW2,0,NPHVGHZMOBTTNX,True,True
4767,2748,NC1=NC=C(C2=CC=C(S(=O)(=O)N3CCN(CC4=CN(CCOCCOCCNC5=CC=CC6=C5C(=O)N(C5CCC(=O)NC5=O)C6=O)N=N4)CC3)C=C2)N=C1C(=O)NC1=CC=CN=C1,P49841,CRBN,Q96SW2,0,NPHVGHZMOBTTNX,True,True
4768,2749,NC1=NC=C(C2=CC=C(S(=O)(=O)N3CCN(CC4=CN(CCOCCOCCOCCNC5=CC=CC6=C5C(=O)N(C5CCC(=O)NC5=O)C6=O)N=N4)CC3)C=C2)N=C1C(=O)NC1=CC=CN=C1,P49840,CRBN,Q96SW2,0,RCVAZYOLQQIQJE,True,True
4769,2749,NC1=NC=C(C2=CC=C(S(=O)(=O)N3CCN(CC4=CN(CCOCCOCCOCCNC5=CC=CC6=C5C(=O)N(C5CCC(=O)NC5=O)C6=O)N=N4)CC3)C=C2)N=C1C(=O)NC1=CC=CN=C1,P49841,CRBN,Q96SW2,0,RCVAZYOLQQIQJE,True,True
4770,2750,NC1=NC=C(C2=CC=C(S(=O)(=O)N3CCN(CC4=CN(CCOCCOCCOCCOCCNC5=CC=CC6=C5C(=O)N(C5CCC(=O)NC5=O)C6=O)N=N4)CC3)C=C2)N=C1C(=O)NC1=CC=CN=C1,P49840,CRBN,Q96SW2,0,DDQDFURXLHREJI,True,True
4771,2750,NC1=NC=C(C2=CC=C(S(=O)(=O)N3CCN(CC4=CN(CCOCCOCCOCCOCCNC5=CC=CC6=C5C(=O)N(C5CCC(=O)NC5=O)C6=O)N=N4)CC3)C=C2)N=C1C(=O)NC1=CC=CN=C1,P49841,CRBN,Q96SW2,0,DDQDFURXLHREJI,True,True
4772,2751,NC1=NC=C(C2=CC=C(S(=O)(=O)N3CCN(CC4=CN(CCOCCOCCOCCOCCOCCNC5=CC=CC6=C5C(=O)N(C5CCC(=O)NC5=O)C6=O)N=N4)CC3)C=C2)N=C1C(=O)NC1=CC=CN=C1,P49840,CRBN,Q96SW2,0,ALKXFMAFDABCFF,True,True
4773,2751,NC1=NC=C(C2=CC=C(S(=O)(=O)N3CCN(CC4=CN(CCOCCOCCOCCOCCOCCNC5=CC=CC6=C5C(=O)N(C5CCC(=O)NC5=O)C6=O)N=N4)CC3)C=C2)N=C1C(=O)NC1=CC=CN=C1,P49841,CRBN,Q96SW2,0,ALKXFMAFDABCFF,True,True
4774,2752,NC1=NC=C(C2=CC=C(S(=O)(=O)N3CCN(CC4=CN(CCOCCOCCOCCOCCOCCOCCNC5=CC=CC6=C5C(=O)N(C5CCC(=O)NC5=O)C6=O)N=N4)CC3)C=C2)N=C1C(=O)NC1=CC=CN=C1,P49840,CRBN,Q96SW2,0,QVFPGOOSKWKGHK,True,True
4775,2752,NC1=NC=C(C2=CC=C(S(=O)(=O)N3CCN(CC4=CN(CCOCCOCCOCCOCCOCCOCCNC5=CC=CC6=C5C(=O)N(C5CCC(=O)NC5=O)C6=O)N=N4)CC3)C=C2)N=C1C(=O)NC1=CC=CN=C1,P49841,CRBN,Q96SW2,0,QVFPGOOSKWKGHK,True,True
4776,2753,NC1=NC=C(C2=CC=C(S(=O)(=O)N3CCN(CCC4=CN(CCOCCOCCNC5=CC=CC6=C5C(=O)N(C5CCC(=O)NC5=O)C6=O)N=N4)CC3)C=C2)N=C1C(=O)NC1=CC=CN=C1,P49840,CRBN,Q96SW2,0,NPUQFBMJXLMXKF,True,True
4777,2753,NC1=NC=C(C2=CC=C(S(=O)(=O)N3CCN(CCC4=CN(CCOCCOCCNC5=CC=CC6=C5C(=O)N(C5CCC(=O)NC5=O)C6=O)N=N4)CC3)C=C2)N=C1C(=O)NC1=CC=CN=C1,P49841,CRBN,Q96SW2,0,NPUQFBMJXLMXKF,True,True
4778,2754,NC1=NC=C(C2=CC=C(S(=O)(=O)N3CCN(CCC4=CN(CCOCCOCCOCCNC5=CC=CC6=C5C(=O)N(C5CCC(=O)NC5=O)C6=O)N=N4)CC3)C=C2)N=C1C(=O)NC1=CC=CN=C1,P49840,CRBN,Q96SW2,0,UUYDOKHIGLKZEB,True,True
4779,2754,NC1=NC=C(C2=CC=C(S(=O)(=O)N3CCN(CCC4=CN(CCOCCOCCOCCNC5=CC=CC6=C5C(=O)N(C5CCC(=O)NC5=O)C6=O)N=N4)CC3)C=C2)N=C1C(=O)NC1=CC=CN=C1,P49841,CRBN,Q96SW2,0,UUYDOKHIGLKZEB,True,True
4780,2755,NC1=NC=C(C2=CC=C(S(=O)(=O)N3CCN(CCC4=CN(CCOCCOCCOCCOCCNC5=CC=CC6=C5C(=O)N(C5CCC(=O)NC5=O)C6=O)N=N4)CC3)C=C2)N=C1C(=O)NC1=CC=CN=C1,P49840,CRBN,Q96SW2,0,PHKJXNMSYVMZFD,True,True
4781,2755,NC1=NC=C(C2=CC=C(S(=O)(=O)N3CCN(CCC4=CN(CCOCCOCCOCCOCCNC5=CC=CC6=C5C(=O)N(C5CCC(=O)NC5=O)C6=O)N=N4)CC3)C=C2)N=C1C(=O)NC1=CC=CN=C1,P49841,CRBN,Q96SW2,0,PHKJXNMSYVMZFD,True,True
4782,2756,NC1=NC=C(C2=CC=C(S(=O)(=O)N3CCN(CCC4=CN(CCOCCOCCOCCOCCOCCNC5=CC=CC6=C5C(=O)N(C5CCC(=O)NC5=O)C6=O)N=N4)CC3)C=C2)N=C1C(=O)NC1=CC=CN=C1,P49840,CRBN,Q96SW2,0,YSSYSNAJBZMOSQ,True,True
4783,2756,NC1=NC=C(C2=CC=C(S(=O)(=O)N3CCN(CCC4=CN(CCOCCOCCOCCOCCOCCNC5=CC=CC6=C5C(=O)N(C5CCC(=O)NC5=O)C6=O)N=N4)CC3)C=C2)N=C1C(=O)NC1=CC=CN=C1,P49841,CRBN,Q96SW2,0,YSSYSNAJBZMOSQ,True,True
4784,2757,NC1=NC=C(C2=CC=C(S(=O)(=O)N3CCN(CCC4=CN(CCOCCOCCOCCOCCOCCOCCNC5=CC=CC6=C5C(=O)N(C5CCC(=O)NC5=O)C6=O)N=N4)CC3)C=C2)N=C1C(=O)NC1=CC=CN=C1,P49840,CRBN,Q96SW2,0,JJGALSSJVYZYHC,True,True
4785,2757,NC1=NC=C(C2=CC=C(S(=O)(=O)N3CCN(CCC4=CN(CCOCCOCCOCCOCCOCCOCCNC5=CC=CC6=C5C(=O)N(C5CCC(=O)NC5=O)C6=O)N=N4)CC3)C=C2)N=C1C(=O)NC1=CC=CN=C1,P49841,CRBN,Q96SW2,0,JJGALSSJVYZYHC,True,True
4786,2758,NC1=NC=C(C2=CC=C(S(=O)(=O)N3CCN(CCCCC4=CN(CCOCCOCCNC5=CC=CC6=C5C(=O)N(C5CCC(=O)NC5=O)C6=O)N=N4)CC3)C=C2)N=C1C(=O)NC1=CC=CN=C1,P49840,CRBN,Q96SW2,0,POEDIMKQYSDVSE,True,True
4787,2758,NC1=NC=C(C2=CC=C(S(=O)(=O)N3CCN(CCCCC4=CN(CCOCCOCCNC5=CC=CC6=C5C(=O)N(C5CCC(=O)NC5=O)C6=O)N=N4)CC3)C=C2)N=C1C(=O)NC1=CC=CN=C1,P49841,CRBN,Q96SW2,0,POEDIMKQYSDVSE,True,True
4788,2759,NC1=NC=C(C2=CC=C(S(=O)(=O)N3CCN(CCCCC4=CN(CCOCCOCCOCCNC5=CC=CC6=C5C(=O)N(C5CCC(=O)NC5=O)C6=O)N=N4)CC3)C=C2)N=C1C(=O)NC1=CC=CN=C1,P49840,CRBN,Q96SW2,0,LFQJJPPCBLKJNQ,True,True
4789,2759,NC1=NC=C(C2=CC=C(S(=O)(=O)N3CCN(CCCCC4=CN(CCOCCOCCOCCNC5=CC=CC6=C5C(=O)N(C5CCC(=O)NC5=O)C6=O)N=N4)CC3)C=C2)N=C1C(=O)NC1=CC=CN=C1,P49841,CRBN,Q96SW2,0,LFQJJPPCBLKJNQ,True,True
4790,2760,NC1=NC=C(C2=CC=C(S(=O)(=O)N3CCN(CCCCC4=CN(CCOCCOCCOCCOCCNC5=CC=CC6=C5C(=O)N(C5CCC(=O)NC5=O)C6=O)N=N4)CC3)C=C2)N=C1C(=O)NC1=CC=CN=C1,P49841,CRBN,Q96SW2,0,MMDZUELMJKLTTR,True,True
4791,2760,NC1=NC=C(C2=CC=C(S(=O)(=O)N3CCN(CCCCC4=CN(CCOCCOCCOCCOCCNC5=CC=CC6=C5C(=O)N(C5CCC(=O)NC5=O)C6=O)N=N4)CC3)C=C2)N=C1C(=O)NC1=CC=CN=C1,P49840,CRBN,Q96SW2,1,MMDZUELMJKLTTR,True,True
4792,2761,NC1=NC=C(C2=CC=C(S(=O)(=O)N3CCN(CCCCC4=CN(CCOCCOCCOCCOCCOCCNC5=CC=CC6=C5C(=O)N(C5CCC(=O)NC5=O)C6=O)N=N4)CC3)C=C2)N=C1C(=O)NC1=CC=CN=C1,P49840,CRBN,Q96SW2,1,QJSFLEBIQZMJQF,True,True
4793,2761,NC1=NC=C(C2=CC=C(S(=O)(=O)N3CCN(CCCCC4=CN(CCOCCOCCOCCOCCOCCNC5=CC=CC6=C5C(=O)N(C5CCC(=O)NC5=O)C6=O)N=N4)CC3)C=C2)N=C1C(=O)NC1=CC=CN=C1,P49841,CRBN,Q96SW2,1,QJSFLEBIQZMJQF,True,True
4794,2762,NC1=NC=C(C2=CC=C(S(=O)(=O)N3CCN(CCCCC4=CN(CCOCCOCCOCCOCCOCCOCCNC5=CC=CC6=C5C(=O)N(C5CCC(=O)NC5=O)C6=O)N=N4)CC3)C=C2)N=C1C(=O)NC1=CC=CN=C1,P49840,CRBN,Q96SW2,1,ZHGGZYWCROVTRI,True,True
4795,2762,NC1=NC=C(C2=CC=C(S(=O)(=O)N3CCN(CCCCC4=CN(CCOCCOCCOCCOCCOCCOCCNC5=CC=CC6=C5C(=O)N(C5CCC(=O)NC5=O)C6=O)N=N4)CC3)C=C2)N=C1C(=O)NC1=CC=CN=C1,P49841,CRBN,Q96SW2,1,ZHGGZYWCROVTRI,True,True
4844,2801,CCOC(=O)C1=C(C(C(=O)NC(C)(C)C)N(CC2=CC(F)=C(F)C(F)=C2)C(=O)CCCCC#CC2=CC=CC3=C2CN(C2CCC(=O)NC2=O)C3=O)C2=CC=C(Cl)C=C2[NH]1,Q00987,CRBN,Q96SW2,1,WGGGBWUFPMJXRU,True,True
4872,2829,CC1=C(C2=CC=C(CNC(=O)[C@@H]3C[C@@H](O)CN3C(=O)[C@@H](NC(=O)CCOCCCN3CCC[C@H]3COC3=NC4=C(CCN(C5=CC=CC6=CC=CC(Cl)=C56)C4)C(N4CCN(C(=O)/C(C#N)=C\C5CC5)[C@@H](CC#N)C4)=N3)C(C)(C)C)C=C2)SC=N1,P01116,VHL,P40337,0,VJEBOMJUVXOGQI,True,True
4879,2833,O=C(CNC1=NC=NC2=C1C(C(=O)C1=CC=C(OC3=CC=CC=C3)C=C1Cl)=C[NH]2)NCCOCCOCCOCCNC1=CC=CC2=C1C(=O)N(C1CCC(=O)NC1=O)C2=O,Q06187,CRBN,Q96SW2,0,YUNXARYSBTUJHY,True,True
4881,2834,O=C(CNC1=NC=NC2=C1C(C(=O)C1=CC=C(OC3=CC=CC=C3)C=C1Cl)=C[NH]2)NCCOCCOCCOCCOCCNC1=CC=CC2=C1C(=O)N(C1CCC(=O)NC1=O)C2=O,Q06187,CRBN,Q96SW2,0,IVICRPGKKOLGDE,True,True
4882,2834,O=C(CNC1=NC=NC2=C1C(C(=O)C1=CC=C(OC3=CC=CC=C3)C=C1Cl)=C[NH]2)NCCOCCOCCOCCOCCNC1=CC=CC2=C1C(=O)N(C1CCC(=O)NC1=O)C2=O,Q06187,CRBN,Q96SW2,0,IVICRPGKKOLGDE,True,True
4883,2835,O=C(CNC1=NC=NC2=C1C(C(=O)C1=CC=C(OC3=CC=CC=C3)C=C1Cl)=C[NH]2)NCCOCCOCCOCCOCCOCCNC1=CC=CC2=C1C(=O)N(C1CCC(=O)NC1=O)C2=O,Q06187,CRBN,Q96SW2,0,SVBNVWQRLLLMHI,True,True
4884,2835,O=C(CNC1=NC=NC2=C1C(C(=O)C1=CC=C(OC3=CC=CC=C3)C=C1Cl)=C[NH]2)NCCOCCOCCOCCOCCOCCNC1=CC=CC2=C1C(=O)N(C1CCC(=O)NC1=O)C2=O,Q06187,CRBN,Q96SW2,1,SVBNVWQRLLLMHI,True,True
4885,2836,O=C(CNC1=NC=NC2=C1C(C(=O)C1=CC=C(OC3=CC=CC=C3)C=C1Cl)=C[NH]2)NCCOCCOCCOCCOCCOCCOCCNC1=CC=CC2=C1C(=O)N(C1CCC(=O)NC1=O)C2=O,Q06187,CRBN,Q96SW2,1,WJQKJTMVUALADJ,True,True
4886,2836,O=C(CNC1=NC=NC2=C1C(C(=O)C1=CC=C(OC3=CC=CC=C3)C=C1Cl)=C[NH]2)NCCOCCOCCOCCOCCOCCOCCNC1=CC=CC2=C1C(=O)N(C1CCC(=O)NC1=O)C2=O,Q06187,CRBN,Q96SW2,1,WJQKJTMVUALADJ,True,True
4893,2840,O=C1CCC(N2C(=O)C3=CC=CC(NCCOCCOCCOCCNC(=O)N[C@H]4CC[C@@H](NC5=NC=NC6=C5C(C(=O)C5=CC=C(OC7=CC=CC=C7)C=C5Cl)=C[NH]6)CC4)=C3C2=O)C(=O)N1,Q06187,CRBN,Q96SW2,0,HTWXOMYINZDUGN,True,True
4894,2840,O=C1CCC(N2C(=O)C3=CC=CC(NCCOCCOCCOCCNC(=O)N[C@H]4CC[C@@H](NC5=NC=NC6=C5C(C(=O)C5=CC=C(OC7=CC=CC=C7)C=C5Cl)=C[NH]6)CC4)=C3C2=O)C(=O)N1,Q06187,CRBN,Q96SW2,1,HTWXOMYINZDUGN,True,True
4895,2841,O=C1CCC(N2C(=O)C3=CC=CC(NCCOCCOCCOCCOCCNC(=O)N[C@H]4CC[C@@H](NC5=NC=NC6=C5C(C(=O)C5=CC=C(OC7=CC=CC=C7)C=C5Cl)=C[NH]6)CC4)=C3C2=O)C(=O)N1,Q06187,CRBN,Q96SW2,0,QJZSKXPDZKWNIF,True,True
4896,2841,O=C1CCC(N2C(=O)C3=CC=CC(NCCOCCOCCOCCOCCNC(=O)N[C@H]4CC[C@@H](NC5=NC=NC6=C5C(C(=O)C5=CC=C(OC7=CC=CC=C7)C=C5Cl)=C[NH]6)CC4)=C3C2=O)C(=O)N1,Q06187,CRBN,Q96SW2,1,QJZSKXPDZKWNIF,True,True
4897,2842,O=C1CCC(N2C(=O)C3=CC=CC(NCCOCCOCCOCCOCCOCCNC(=O)N[C@H]4CC[C@@H](NC5=NC=NC6=C5C(C(=O)C5=CC=C(OC7=CC=CC=C7)C=C5Cl)=C[NH]6)CC4)=C3C2=O)C(=O)N1,Q06187,CRBN,Q96SW2,1,OIAOFDRZXBDDRR,True,True
4898,2842,O=C1CCC(N2C(=O)C3=CC=CC(NCCOCCOCCOCCOCCOCCNC(=O)N[C@H]4CC[C@@H](NC5=NC=NC6=C5C(C(=O)C5=CC=C(OC7=CC=CC=C7)C=C5Cl)=C[NH]6)CC4)=C3C2=O)C(=O)N1,Q06187,CRBN,Q96SW2,1,OIAOFDRZXBDDRR,True,True
4900,2843,O=C(CCCO/N=C1C(=C2/C(=O)N(CC3=CN(CCOCCNC4=CC=CC5=C4C(=O)N(C4CCC(=O)NC4=O)C5=O)N=N3)C3=CC=CC=C23)/NC2=CC=CC=C/12)NO,Q9UBN7,CRBN,Q96SW2,0,DLBCMVGHLAVPJQ,True,True
4901,2844,O=C(CCCO/N=C1C(=C2/C(=O)N(CC3=CN(CCOCCOCCNC4=CC=CC5=C4C(=O)N(C4CCC(=O)NC4=O)C5=O)N=N3)C3=CC=CC=C23)/NC2=CC=CC=C/12)NO,Q9UBN7,CRBN,Q96SW2,0,MPFMOTZSJQYYCE,True,True
4902,2845,O=C(CCCO/N=C1C(=C2/C(=O)N(CC3=CN(CCOCCOCCOCCNC4=CC=CC5=C4C(=O)N(C4CCC(=O)NC4=O)C5=O)N=N3)C3=CC=CC=C23)/NC2=CC=CC=C/12)NO,Q9UBN7,CRBN,Q96SW2,0,VSESTTCSINIKPR,True,True
4903,2846,O=C(CCCO/N=C1C(=C2/C(=O)N(CC3=CN(CCOCCOCCOCCOCCNC4=CC=CC5=C4C(=O)N(C4CCC(=O)NC4=O)C5=O)N=N3)C3=CC=CC=C23)/NC2=CC=CC=C/12)NO,Q9UBN7,CRBN,Q96SW2,0,URAWSEZNADEPFF,True,True
4904,2847,O=C(CCCO/N=C1C(=C2/C(=O)N(CC3=CN(CCOCCOCCOCCOCCOCCNC4=CC=CC5=C4C(=O)N(C4CCC(=O)NC4=O)C5=O)N=N3)C3=CC=CC=C23)/NC2=CC=CC=C/12)NO,Q9UBN7,CRBN,Q96SW2,0,SVVSCTXCDCJYGB,True,True
4910,2850,CCS(=O)(=O)N1CC(CC#N)(N2C=C(C3=NC(NC4=CC=C(C(=O)NC5CCN(C6=CC=C7C(=O)N(C8CCC(=O)NC8=O)C(=O)C7=C6)CC5)C=C4)=NC4=C3C=C[NH]4)C=N2)C1,O60674,CRBN,Q96SW2,1,QENXNFNQQOSOIZ,True,True
4915,2852,CCS(=O)(=O)N1CC(CC#N)(N2C=C(C3=NC(NC4=CC=C(C(=O)NCCCCNC5=CC=CC(C6CCC(=O)NC6=O)=C5)C=C4)=NC4=C3C=C[NH]4)C=N2)C1,O60674,CRBN,Q96SW2,1,YMDKCHNRIDZCIK,True,True
4917,2853,CCS(=O)(=O)N1CC(CC#N)(N2C=C(C3=NC(NC4=CC=C(C(=O)NCCCCOC5=CC=C(C6CCC(=O)NC6=O)C=C5)C=C4)=NC4=C3C=C[NH]4)C=N2)C1,O60674,CRBN,Q96SW2,1,JQXUGPKGNONGRJ,True,True
4921,2855,CCS(=O)(=O)N1CC(CC#N)(N2C=C(C3=NC(NC4=CC=C(C(=O)NC5CCN(C6=CC=C(C7CCC(=O)NC7=O)C=C6)CC5)C=C4)=NC4=C3C=C[NH]4)C=N2)C1,O60674,CRBN,Q96SW2,1,XKYDUBODDYBCNZ,True,True
4925,2857,CCS(=O)(=O)N1CC(CC#N)(N2C=C(C3=NC(NC4=CC=C(C(=O)NCCCN5CCN(C6=CC=C(C7CCC(=O)NC7=O)C=C6)CC5)C=C4)=NC4=C3C=C[NH]4)C=N2)C1,P52333,CRBN,Q96SW2,1,WBEBZVDAHMXWJN,True,True
4926,2857,CCS(=O)(=O)N1CC(CC#N)(N2C=C(C3=NC(NC4=CC=C(C(=O)NCCCN5CCN(C6=CC=C(C7CCC(=O)NC7=O)C=C6)CC5)C=C4)=NC4=C3C=C[NH]4)C=N2)C1,O60674,CRBN,Q96SW2,1,WBEBZVDAHMXWJN,True,True
4927,2857,CCS(=O)(=O)N1CC(CC#N)(N2C=C(C3=NC(NC4=CC=C(C(=O)NCCCN5CCN(C6=CC=C(C7CCC(=O)NC7=O)C=C6)CC5)C=C4)=NC4=C3C=C[NH]4)C=N2)C1,O60674,CRBN,Q96SW2,1,WBEBZVDAHMXWJN,True,True
4939,2867,COC1=CC(N2CCN(CCCCCCCC(=O)N[C@H](C(=O)N3C[C@H](O)C[C@H]3C(=O)N[C@@H](C)C3=CC=C(C4=C(C)N=CS4)C=C3)C(C)(C)C)CC2)=CC=C1NC1=NC=C(Cl)C(NC2=CC=CC=C2P(C)(C)=O)=N1,P00533,VHL,P40337,1,KSHZFKVXGRVRTM,True,True
4943,2869,NC(=O)CC[C@H](NC(=O)[C@@H]1CC[C@@H]2CCN(C(=O)CCCCCC#CC3=CC=CC4=C3CN(C3CCC(=O)NC3=O)C4=O)C[C@H](NC(=O)C3=CC4=CC(C(=O)P(=O)(O)O)=CC=C4[NH]3)C(=O)N12)C(=O)NC(C1=CC=CC=C1)C1=CC=CC=C1,P40763,CRBN,Q96SW2,1,OHDMEJTVYXXZNQ,True,True
4952,2878,COC1=CC(OC)=C(Cl)C(NC(=O)N(C)C2=CC(NC3=CC=C(N4CCN(CC(=O)N[C@H](C(=O)N5C[C@H](O)C[C@H]5C(=O)N[C@@H](C)C5=CC=C(C6=C(C)N=CS6)C=C5)C(C)(C)C)CC4)C=C3)=NC=N2)=C1Cl,P11362,VHL,P40337,1,WDBUEMWHXKHQNB,True,True
4953,2878,COC1=CC(OC)=C(Cl)C(NC(=O)N(C)C2=CC(NC3=CC=C(N4CCN(CC(=O)N[C@H](C(=O)N5C[C@H](O)C[C@H]5C(=O)N[C@@H](C)C5=CC=C(C6=C(C)N=CS6)C=C5)C(C)(C)C)CC4)C=C3)=NC=N2)=C1Cl,P21802,VHL,P40337,0,WDBUEMWHXKHQNB,True,True
4962,2887,CNC(=O)C1=CC=CC=C1NC1=CC(NC2=CC=C(N3CCN(CCOCCOCCOCCOCC(=O)N[C@H](C(=O)N4C[C@H](O)C[C@H]4C(=O)N[C@@H](C)C4=CC=C(C5=C(C)N=CS5)C=C4)C(C)(C)C)CC3)C=C2OC)=NC=C1C(F)(F)F,Q05397,VHL,P40337,0,FOOHAGZPIHCYKX,True,True
4963,2888,CNC(=O)C1=CC=CC=C1NC1=CC(NC2=CC=C(N3CCN(CCCCCCCCCCC(=O)N[C@H](C(=O)N4C[C@H](O)C[C@H]4C(=O)N[C@@H](C)C4=CC=C(C5=C(C)N=CS5)C=C4)C(C)(C)C)CC3)C=C2OC)=NC=C1C(F)(F)F,Q05397,VHL,P40337,1,LCSUSCWWBGDOAP,True,True
4964,2889,CNC(=O)C1=CC=CC=C1NC1=CC(NC2=CC=C(N3CCN(CCOCCOCC(=O)N[C@H](C(=O)N4C[C@H](O)C[C@H]4C(=O)N[C@@H](C)C4=CC=C(C5=C(C)N=CS5)C=C4)C(C)(C)C)CC3)C=C2OC)=NC=C1C(F)(F)F,Q05397,VHL,P40337,0,RDCVMTUYWQXPEC,True,True
4965,2890,CNC(=O)C1=CC=CC=C1NC1=CC(NC2=CC=C(N3CCN(CCOCC(=O)N[C@H](C(=O)N4C[C@H](O)C[C@H]4C(=O)N[C@@H](C)C4=CC=C(C5=C(C)N=CS5)C=C4)C(C)(C)C)CC3)C=C2OC)=NC=C1C(F)(F)F,Q05397,VHL,P40337,1,SLSLLSIRBMAERC,True,True
4966,2891,CNC(=O)C1=CC=CC=C1NC1=CC(NC2=CC=C(N3CCN(CCC(=O)N[C@H](C(=O)N4C[C@H](O)C[C@H]4C(=O)N[C@@H](C)C4=CC=C(C5=C(C)N=CS5)C=C4)C(C)(C)C)CC3)C=C2OC)=NC=C1C(F)(F)F,Q05397,VHL,P40337,1,ASRIXACKPXMNKY,True,True
4967,2892,CNC(=O)C1=CC=CC=C1NC1=CC(NC2=CC=C(N3CCN(CC(=O)N[C@H](C(=O)N4C[C@H](O)C[C@H]4C(=O)N[C@@H](C)C4=CC=C(C5=C(C)N=CS5)C=C4)C(C)(C)C)CC3)C=C2OC)=NC=C1C(F)(F)F,Q05397,VHL,P40337,1,ZGSWGXNEXAXEGV,True,True
4978,2898,CC1=C(C)C2=C(S1)N1C(C)=NN=C1[C@H](CC(=O)NCCCCCNC(=O)COC1=CC=C(C3CCC(=O)NC3=O)C=C1)N=C2C1=CC=C(Cl)C=C1,O60885,CRBN,Q96SW2,1,VVRONDSUSMJAEI,True,True
4979,2898,CC1=C(C)C2=C(S1)N1C(C)=NN=C1[C@H](CC(=O)NCCCCCNC(=O)COC1=CC=C(C3CCC(=O)NC3=O)C=C1)N=C2C1=CC=C(Cl)C=C1,O60885,CRBN,Q96SW2,1,VVRONDSUSMJAEI,True,True
4985,2901,O=C1CCC(N2C(=O)C3=CC=CC(NCC4=CN(CC(=O)NC5=CC=C(C6=CC7=CC=C(O)C=C7OC6=O)C=C5)N=N4)=C3C2=O)C(=O)N1,P14174,CRBN,Q96SW2,0,KMBWGAMCGFNXMV,True,True
4986,2902,O=C1CCC(N2C(=O)C3=CC=CC(NC(=O)CCC4=CN(CC(=O)NC5=CC=C(C6=CC7=CC=C(O)C=C7OC6=O)C=C5)N=N4)=C3C2=O)C(=O)N1,P14174,CRBN,Q96SW2,0,IEUQMEXKEZSPAJ,True,True
4987,2903,O=C1CCC(N2C(=O)C3=CC=CC(NC(=O)CCCC4=CN(CC(=O)NC5=CC=C(C6=CC7=CC=C(O)C=C7OC6=O)C=C5)N=N4)=C3C2=O)C(=O)N1,P14174,CRBN,Q96SW2,0,PUYCLWKAXZSAKE,True,True
4988,2904,O=C1CCC(N2C(=O)C3=CC=CC(NC(=O)CCCCC4=CN(CC(=O)NC5=CC=C(C6=CC7=CC=C(O)C=C7OC6=O)C=C5)N=N4)=C3C2=O)C(=O)N1,P14174,CRBN,Q96SW2,0,AQABLWIOALJCAJ,True,True
4989,2905,O=C1CCC(N2C(=O)C3=CC=CC(NC(=O)CCCCC4=CN(CCC(=O)NC5=CC=C(C6=CC7=CC=C(O)C=C7OC6=O)C=C5)N=N4)=C3C2=O)C(=O)N1,P14174,CRBN,Q96SW2,0,KSBWNBZEAMKBAF,True,True
4990,2906,O=C1CCC(N2C(=O)C3=CC=CC(NC(=O)CC4=CC=C(N5C=C(CCCC(=O)NC6=CC=C(C7=CC8=CC=C(O)C=C8OC7=O)C=C6)N=N5)C=C4)=C3C2=O)C(=O)N1,P14174,CRBN,Q96SW2,0,PJJPCIPYTHBDMV,True,True
4991,2907,O=C1CCC(N2C(=O)C3=CC=CC(NCCCCC(=O)NC4=CC=C(N5CC6=CC=C(O)C=C6OC5=O)C=C4)=C3C2=O)C(=O)N1,P14174,CRBN,Q96SW2,0,KLHUIDHIWSXXQJ,True,True
4992,2908,O=C(CCCCNC1=CC=CC2=C1C(=O)N(C1CCC(=O)NC1=O)C2=O)NCC1=CC=C(N2CC3=CC=C(O)C=C3OC2=O)C=C1,P14174,CRBN,Q96SW2,0,OFSICBPDCRHEFY,True,True
4993,2909,O=C1CCC(N2C(=O)C3=CC=CC(NCCCCCCC(=O)NC4=CC=C(N5CC6=CC=C(O)C=C6OC5=O)C=C4)=C3C2=O)C(=O)N1,P14174,CRBN,Q96SW2,0,NQPSGZCAWSOJJH,True,True
4994,2910,O=C1CCC(N2C(=O)C3=CC=CC(NCC4=CN(CCC(=O)NC5=CC=C(N6CC7=CC=C(O)C=C7OC6=O)C=C5)N=N4)=C3C2=O)C(=O)N1,P14174,CRBN,Q96SW2,0,OYSUXNRBBHEVNQ,True,True
4995,2911,O=C1CCC(N2C(=O)C3=CC=CC(NC(=O)CCCC4=CN(CCC(=O)NC5=CC=C(N6CC7=CC=C(O)C=C7OC6=O)C=C5)N=N4)=C3C2=O)C(=O)N1,P14174,CRBN,Q96SW2,0,DBUPAZUPJOJWJN,True,True
4996,2912,O=C(CC1=CC=C(N2CC3=CC=C(O)C=C3OC2=O)C=C1)NCC1=CN(C2=CC=C(CC(=O)NC3=CC=CC4=C3C(=O)N(C3CCC(=O)NC3=O)C4=O)C=C2)N=N1,P14174,CRBN,Q96SW2,0,MWRAVXWSTHBDDB,True,True
4997,2913,O=C1CCC(N2C(=O)C3=CC=CC(NCCCCCCCC(=O)NC4=CC=C(N5CC6=CC=C(O)C=C6OC5=O)C=C4)=C3C2=O)C(=O)N1,P14174,CRBN,Q96SW2,0,HAHDZDUOFHMMEA,True,True
4998,2914,O=C1CCC(N2C(=O)C3=CC=CC(NCCCCCCCCCC(=O)NC4=CC=C(N5CC6=CC=C(O)C=C6OC5=O)C=C4)=C3C2=O)C(=O)N1,P14174,CRBN,Q96SW2,0,CIGMKYGNUVZASF,True,True
5068,2942,CC(C)(C)C1=CC(NC(=O)NC2=CC=C(C3=CN(CCCCC4=CN(CCCCC(=O)NC5=CC=CC6=C5CN(C5CCC(=O)NC5=O)C6=O)N=N4)C4=NC=NC(N)=C34)C=C2)=NO1,P36888,CRBN,Q96SW2,1,BQDQZCCNJKVYDD,True,True
5110,2972,COC1=CC(Cl)=C(C2=CC(Cl)=CC=C2Cl)C=C1C(=O)N1CCN(C(=O)CCC(=O)NCCNC2=CC=CC3=C2C(=O)N(C2CCC(=O)NC2=O)C3=O)CC1,P01116,CRBN,Q96SW2,0,HLMVQXVIXGMRRQ,True,True
5111,2973,COC1=CC(Cl)=C(C2=CC(Cl)=CC=C2Cl)C=C1C(=O)N1CCN(C(=O)CCC(=O)NCCCNC2=CC=CC3=C2C(=O)N(C2CCC(=O)NC2=O)C3=O)CC1,P01116,CRBN,Q96SW2,0,UZRJYIZUCPZYJI,True,True
5112,2974,COC1=CC(Cl)=C(C2=CC(Cl)=CC=C2Cl)C=C1C(=O)N1CCN(C(=O)CCC(=O)NCCCCNC2=CC=CC3=C2C(=O)N(C2CCC(=O)NC2=O)C3=O)CC1,P01116,CRBN,Q96SW2,0,UAXZTIJCPPOETM,True,True
5113,2975,COC1=CC(Cl)=C(C2=CC(Cl)=CC=C2Cl)C=C1C(=O)N1CCN(C(=O)CCC(=O)NCCCCCNC2=CC=CC3=C2C(=O)N(C2CCC(=O)NC2=O)C3=O)CC1,P01116,CRBN,Q96SW2,0,YSYCCNJLCNOVCE,True,True
5114,2976,COC1=CC(Cl)=C(C2=CC(Cl)=CC=C2Cl)C=C1C(=O)N1CCN(C(=O)CCC(=O)NCCCCCCNC2=CC=CC3=C2C(=O)N(C2CCC(=O)NC2=O)C3=O)CC1,P01116,CRBN,Q96SW2,0,TXFITMLSGXDVKI,True,True
5115,2977,COC1=CC(Cl)=C(C2=CC(Cl)=CC=C2Cl)C=C1C(=O)N1CCN(C(=O)CCC(=O)N2CCN(CC(=O)NCCNC3=CC=CC4=C3C(=O)N(C3CCC(=O)NC3=O)C4=O)CC2)CC1,P01116,CRBN,Q96SW2,0,GLIPFYKGHVSSRL,True,True
5116,2978,COC1=CC(Cl)=C(C2=CC(Cl)=CC=C2Cl)C=C1C(=O)N1CCN(C(=O)CCC(=O)N2CCN(CC(=O)NCCCNC3=CC=CC4=C3C(=O)N(C3CCC(=O)NC3=O)C4=O)CC2)CC1,P01116,CRBN,Q96SW2,0,VHCSEYYUSWRVMO,True,True
5117,2979,COC1=CC(Cl)=C(C2=CC(Cl)=CC=C2Cl)C=C1C(=O)N1CCN(C(=O)CCC(=O)N2CCN(CC(=O)NCCCCNC3=CC=CC4=C3C(=O)N(C3CCC(=O)NC3=O)C4=O)CC2)CC1,P01116,CRBN,Q96SW2,0,QOXJYSRYRQSXMV,True,True
5118,2980,COC1=CC(Cl)=C(C2=CC(Cl)=CC=C2Cl)C=C1C(=O)N1CCN(C(=O)CCC(=O)N2CCN(CC(=O)NCCCCCNC3=CC=CC4=C3C(=O)N(C3CCC(=O)NC3=O)C4=O)CC2)CC1,P01116,CRBN,Q96SW2,0,DSRGTJNSMDRHJY,True,True
5119,2981,COC1=CC(Cl)=C(C2=CC(Cl)=CC=C2Cl)C=C1C(=O)N1CCN(C(=O)CCC(=O)N2CCN(CC(=O)NCCCCCCNC3=CC=CC4=C3C(=O)N(C3CCC(=O)NC3=O)C4=O)CC2)CC1,P01116,CRBN,Q96SW2,0,QHGGTIOQNUMWTN,True,True
5123,2985,COC1=CC(Cl)=C(C2=CC(Cl)=CC=C2Cl)C=C1C(=O)N1CCN(C(=O)/C=C/C(=O)NCCCCCCNC2=CC=CC3=C2C(=O)N(C2CCC(=O)NC2=O)C3=O)CC1,P01116,CRBN,Q96SW2,0,LPVAFJZSEOPFFT,True,True
5128,2990,CC1(N)CCN(C2=CN=C(C3=CC=C(CCOCCOCCOCCOCCOCCNC(=O)COC4=CC=CC5=C4C(=O)N(C4CCC(=O)NC4=O)C5=O)C(Cl)=C3Cl)C(N)=N2)CC1,Q06124,CRBN,Q96SW2,0,LJVCGCLJEMWQRB,True,True
5129,2991,CC1(N)CCN(C2=CN=C(C3=CC(CCOCCOCCOCCOCCOCCNC(=O)COC4=CC=CC5=C4C(=O)N(C4CCC(=O)NC4=O)C5=O)=CC(Cl)=C3Cl)C(N)=N2)CC1,Q06124,CRBN,Q96SW2,0,YSWFEWKSNVSXPU,True,True
5130,2992,CC1(N)CCN(C2=CN=C(C3=CC=C(OCCOCCOCCOCCOCCOCCNC(=O)COC4=CC=CC5=C4C(=O)N(C4CCC(=O)NC4=O)C5=O)C(Cl)=C3Cl)C(N)=N2)CC1,Q06124,CRBN,Q96SW2,0,DBYYZBGGJACASU,True,True
5131,2993,CC1(N)CCN(C2=CN=C(C3=CC(OCCOCCOCCOCCOCCOCCNC(=O)COC4=CC=CC5=C4C(=O)N(C4CCC(=O)NC4=O)C5=O)=CC(Cl)=C3Cl)C(N)=N2)CC1,Q06124,CRBN,Q96SW2,0,HLGUCGILFIUATA,True,True
5158,3017,CC1=C(C2=CC=C([C@H](C)NC(=O)[C@@H]3C[C@@H](O)CN3C(=O)[C@@H](NC(=O)CCOC3=CC=C(C4=CSC(N5CCOCC5)=N4)C=C3)C(C)(C)C)C=C2)SC=N1,P10275,VHL,P40337,0,ALLDAEMDJBDGIP,True,True
5159,3018,CC1=C(C2=CC=C([C@H](C)NC(=O)[C@@H]3C[C@@H](O)CN3C(=O)[C@@H](NC(=O)CCCOC3=CC=C(C4=CSC(N5CCOCC5)=N4)C=C3)C(C)(C)C)C=C2)SC=N1,P10275,VHL,P40337,0,DNHMBIDODIOPOD,True,True
5160,3019,CC1=C(C2=CC=C([C@H](C)NC(=O)[C@@H]3C[C@@H](O)CN3C(=O)[C@@H](NC(=O)COC3=CC=C(C4=CSC(N5CCOCC5)=N4)C=C3)C(C)(C)C)C=C2)SC=N1,P10275,VHL,P40337,0,BXWKGBLQLAGTJU,True,True
5161,3020,CC1=C(C2=CC=C([C@H](C)NC(=O)[C@@H]3C[C@@H](O)CN3C(=O)[C@@H](NC(=O)C3=CC=C(C4=CSC(N5CCOCC5)=N4)C=C3)C(C)(C)C)C=C2)SC=N1,P10275,VHL,P40337,0,NIEXSASMBRILQY,True,True
5162,3021,CC1=C(C2=CC=C([C@H](C)NC(=O)[C@@H]3C[C@@H](O)CN3C(=O)[C@@H](NC(=O)CCCCOC3=CC=C(C4=CSC(N5CCOCC5)=N4)C=C3)C(C)(C)C)C=C2)SC=N1,P10275,VHL,P40337,0,GGBZAQUSRYNTSQ,True,True
5165,3024,CC1=C(C2=CC=C([C@H](C)NC(=O)[C@@H]3C[C@@H](O)CN3C(=O)[C@@H](NC(=O)CCCCOC3=CC=C(C4=CSC(N5CCOCC5C)=N4)C=C3)C(C)(C)C)C=C2)SC=N1,P10275,VHL,P40337,0,UNSGLSMVFYYYDD,True,True
5168,3027,CC1=C(C2=CC=C([C@H](C)NC(=O)[C@@H]3C[C@@H](O)CN3C(=O)[C@@H](NC(=O)CCCCOC3=CC=C(C4=CSC(N5CCOC(C)(C)C5)=N4)C=C3)C(C)(C)C)C=C2)SC=N1,P10275,VHL,P40337,0,YIACDKDYDLPVNM,True,True
5170,3029,CC1=C(C2=CC=C([C@H](C)NC(=O)[C@@H]3C[C@@H](O)CN3C(=O)[C@@H](NC(=O)CCCCOC3=CC=C(C4=CSC(N5CC6CCC(C5)O6)=N4)C=C3)C(C)(C)C)C=C2)SC=N1,P10275,VHL,P40337,0,VQDMQIVWDWRGNL,True,True
5176,3035,COC1=C(C2=CSC(N3CCOCC3)=N2)C=CC(OCCCCC(=O)N[C@H](C(=O)N2C[C@H](O)C[C@H]2C(=O)N[C@@H](C)C2=CC=C(C3=C(C)N=CS3)C=C2)C(C)(C)C)=C1F,P10275,VHL,P40337,0,QDRLQXPFNAHLMJ,True,True
5194,3053,C[C@H]1CC2(CCN(C3=CC=C(C(=O)N4CCC(CN5CC6=CC7=C(C=C6C5)C(=O)N(C5CCC(=O)NC5=O)C7=O)CC4)C=C3)CC2)CN1C1=CC=C(C#N)C(Cl)=C1,P10275,CRBN,Q96SW2,1,GAXWAKXJBZHVQF,True,True
5208,3054,CC1=C(N2CCC3(CCN(C4=CC=C(C(=O)N5CCC(N6CC7=CC8=C(C=C7C6)C(=O)N(C6CCC(=O)NC6=O)C8=O)CC5)C=C4)CC3)C2C)C=CC(C#N)=C1Cl,P10275,CRBN,Q96SW2,1,RWMQDUVHPMRHMV,True,True
5209,3055,CC1=C(N2CCC3(CCN(C4=CC=C(C(=O)N5CCC(CN6CC7=CC8=C(C=C7C6)C(=O)N(C6CCC(=O)NC6=O)C8=O)CC5)C=C4)CC3)C2C)C=CC(C#N)=C1Cl,P10275,CRBN,Q96SW2,1,REHRYTGOXHVITR,True,True
5210,3056,COC1(CN2CC3=CC4=C(C=C3C2)C(=O)N(C2CCC(=O)NC2=O)C4=O)CCN(C(=O)C2=CC=C(N3CCC4(CC3)C[C@H](C)N(C3=CC=C(C#N)C(Cl)=C3)C4)C=C2)CC1,P10275,CRBN,Q96SW2,1,MYAUGYDOTJZSSR,True,True
5212,3057,CC[C@H]1CC2(CCN(C3=CC=C(C(=O)N4CCC(N5CC6=CC7=C(C=C6C5)C(=O)N(C5CCC(=O)NC5=O)C7=O)CC4)C=C3)CC2)CN1C1=CC=C(C#N)C(Cl)=C1,P10275,CRBN,Q96SW2,1,BUZRUJXEBYATBA,True,True
5213,3058,CC[C@H]1CC2(CCN(C3=CC=C(C(=O)N4CCN(C5CN(C6=CC=C7C(=O)N(C8CCC(=O)NC8=O)C(=O)C7=C6)C5)CC4)C=C3)CC2)CN1C1=CC=C(C#N)C(Cl)=C1,P10275,CRBN,Q96SW2,1,NEDWDSAZGZAIJE,True,True
5214,3059,C[C@H]1CC2(CCN(C3=CC=C(C(=O)N4CC(CN5CC6=CC7=C(C=C6C5)C(=O)N(C5CCC(=O)NC5=O)C7=O)C4)C=C3)CC2)CN1C1=CC=C(C#N)C(Cl)=C1,P10275,CRBN,Q96SW2,1,SIFVRCPVOMAZLY,True,True
5216,3060,C[C@H]1CC2(CCN(C3=CC=C(C(=O)N4CCC(F)(CN5CC6=CC7=C(C=C6C5)C(=O)N(C5CCC(=O)NC5=O)C7)CC4)C=C3)CC2)CN1C1=CC=C(C#N)C(Cl)=C1,P10275,CRBN,Q96SW2,1,NTPJLJWURIUSTB,True,True
5217,3061,C[C@H]1CC2(CCN(C3=CC=C(C(=O)N4CCC5(CC4)CC(N4CC6=CC7=C(C=C6C4)C(=O)N(C4CCC(=O)NC4=O)C7=O)C5)C=C3)CC2)CN1C1=CC=C(C#N)C(Cl)=C1,P10275,CRBN,Q96SW2,1,JBTOLNXRVILBNA,True,True
5218,3062,C[C@H]1CC2(CCN(C3=CC=C(C(=O)N4CCN(CC(=O)N5CC6=CC7=C(C=C6C5)C(=O)N(C5CCC(=O)NC5=O)C7=O)CC4)C=C3)CC2)CN1C1=CC=C(C#N)C(Cl)=C1,P10275,CRBN,Q96SW2,1,RQIBYZFBWNLMBH,True,True
5219,3063,C[C@H]1CC2(CCN(C3=CC=C(C(=O)N4CCN(C(=O)CN5CC6=CC7=C(C=C6C5)C(=O)N(C5CCC(=O)NC5=O)C7=O)CC4)C=C3)CC2)CN1C1=CC=C(C#N)C(Cl)=C1,P10275,CRBN,Q96SW2,1,HVRQFVOFOCEMCC,True,True
5220,3064,C[C@H]1CC2(CCN(C3=CC=C(C(=O)N4CCN(C(=O)CN5CC6=CC7=C(C=C6C5)C(=O)N(C5CCC(=O)NC5=O)C7)CC4)C=C3)CC2)CN1C1=CC=C(C#N)C(Cl)=C1,P10275,CRBN,Q96SW2,1,KDYZCAPPIPJMJT,True,True
5221,3065,COC1=CC(N2CCC(OCC(=O)N[C@H](C(=O)N3C[C@H](O)C[C@H]3C(=O)NCC3=CC=C(C4=C(C)N=CS4)C=C3)C(C)(C)C)CC2)=CC=C1NC(=O)C1=CC=CC(C2=CC=N[NH]2)=N1,P51617,VHL,P40337,1,PWCLOPMRUGHLET,True,True
5222,3066,COC1=CC(N2CCC(OCC(=O)N[C@H](C(=O)N3C[C@H](O)C[C@H]3C(=O)N[C@@H](C)C3=CC=C(C4=C(C)N=CS4)C=C3)C(C)(C)C)CC2)=CC=C1NC(=O)C1=CC=CC(C2=CC=N[NH]2)=N1,P51617,VHL,P40337,1,MHRNVFQJUUXQIG,True,True
5223,3067,COC1=CC(N2CCN(C(=O)OCC(=O)N[C@H](C(=O)N3C[C@H](O)C[C@H]3C(=O)NCC3=CC=C(C4=C(C)N=CS4)C=C3)C(C)(C)C)CC2)=CC=C1NC(=O)C1=CC=CC(C2=CC=N[NH]2)=N1,P51617,VHL,P40337,1,GGEHXEZNDKXJIX,True,True
5224,3068,COC1=CC(N2CCN(C(=O)OCC(=O)N[C@H](C(=O)N3C[C@H](O)C[C@H]3C(=O)N[C@@H](C)C3=CC=C(C4=C(C)N=CS4)C=C3)C(C)(C)C)CC2)=CC=C1NC(=O)C1=CC=CC(C2=CC=N[NH]2)=N1,P51617,VHL,P40337,1,MWQAAQOVPMFJQP,True,True
5225,3069,COC1=CC(N2CCC(OCC(=O)N[C@H](C(=O)N3C[C@H](O)C[C@H]3C(=O)NCC3=CC=C(C4=C(C)N=CS4)C=C3F)C(C)(C)C)CC2)=CC=C1NC(=O)C1=CC=CC(C2=CC=N[NH]2)=N1,P51617,VHL,P40337,1,NEMQBDGIUBMFBU,True,True
5226,3070,COC1=CC(N2CC[C@@H](OCC(=O)N[C@H](C(=O)N3C[C@H](O)C[C@H]3C(=O)N[C@@H](C)C3=CC=C(C4=C(C)N=CS4)C=C3)C(C)(C)C)C[C@@H]2C)=CC=C1NC(=O)C1=CC=CC(C2=CC=N[NH]2)=N1,P51617,VHL,P40337,1,ITIRIVDRAPMHII,True,True
5227,3071,COC1=CC(N2CC[C@@H](OCC(=O)N[C@H](C(=O)N3C[C@H](O)C[C@H]3C(=O)N[C@@H](C)C3=CC=C(C4=C(C)N=CS4)C=C3)C(C)(C)C)[C@H](C)C2)=CC=C1NC(=O)C1=CC=CC(C2=CC=N[NH]2)=N1,P51617,VHL,P40337,1,GHFASOYKYKNVGE,True,True
5228,3072,COC1=CC(N2CC[C@H](OCC(=O)N[C@H](C(=O)N3C[C@H](O)C[C@H]3C(=O)N[C@@H](C)C3=CC=C(C4=C(C)N=CS4)C=C3)C(C)(C)C)[C@@H](C)C2)=CC=C1NC(=O)C1=CC=CC(C2=CC=N[NH]2)=N1,P51617,VHL,P40337,1,GHFASOYKYKNVGE,True,True
5239,3083,NC(=O)C1=C2NCC[C@@H](C3CCN(C(=O)C4=CN(CCOCCOCCOCCOCCNC5=CC=CC6=C5C(=O)N(C5CCC(=O)NC5=O)C6=O)N=N4)CC3)N2N=C1C1=CC=C(OC2=CC=CC=C2)C=C1,Q06187,CRBN,Q96SW2,1,OTABWVDGVKWCAE,True,True
5240,3084,NC(=O)C1=C2NCC[C@@H](C3CCN(C(=O)C4=CN(CCOCCOCCOCCOCCOCCNC5=CC=C6C(=O)N(C7CCC(=O)NC7=O)C(=O)C6=C5)N=N4)CC3)N2N=C1C1=CC=C(OC2=CC=CC=C2)C=C1,Q06187,CRBN,Q96SW2,1,CQNKHUHLWCRJEJ,True,True
5241,3085,NC(=O)C1=C2NCC[C@@H](C3CCN(C(=O)C4=CN(CCOCCOCCOCCOCCOCCNC5=CC=CC6=C5C(=O)N(C5CCC(=O)NC5=O)C6=O)N=N4)CC3)N2N=C1C1=CC=C(OC2=CC=CC=C2)C=C1,Q06187,CRBN,Q96SW2,1,AGXYYQWHBFFAPC,True,True
5242,3086,NC(=O)C1=C2NCC[C@@H](C3CCN(C(=O)C4=CN(CCOCCOCCOCCOCCOCCOCCNC5=CC=CC6=C5C(=O)N(C5CCC(=O)NC5=O)C6=O)N=N4)CC3)N2N=C1C1=CC=C(OC2=CC=CC=C2)C=C1,Q06187,CRBN,Q96SW2,0,QIZHAOLULZRBCK,True,True
5243,3087,NC(=O)C1=C2NCC[C@@H](C3CCN(C(=O)C4=CN(CCOCCOCC(=O)NC5=CC=C6C(=O)N(C7CCC(=O)NC7=O)C(=O)C6=C5)N=N4)CC3)N2N=C1C1=CC=C(OC2=CC=CC=C2)C=C1,Q06187,CRBN,Q96SW2,1,FDGLVGNHOUVJEC,True,True
5244,3088,NC(=O)C1=C2NCC[C@@H](C3CCN(C(=O)CCC4=CC=C(N5CCN(C6=CC=C7C(=O)N(C8CCC(=O)NC8=O)C(=O)C7=C6)CC5)C=C4)CC3)N2N=C1C1=CC=C(OC2=CC=CC=C2)C=C1,Q06187,CRBN,Q96SW2,1,TUMQILUEGUUTTR,True,True
5245,3089,NC(=O)C1=C2NCC[C@@H](C3CCN(C(=O)CCCC4=CC=C(NC(=O)CNC5=CC=C6C(=O)N(C7CCC(=O)NC7=O)C(=O)C6=C5)C=C4)CC3)N2N=C1C1=CC=C(OC2=CC=CC=C2)C=C1,Q06187,CRBN,Q96SW2,1,BCFBPSTVQNVIPE,True,True
5246,3090,NC(=O)C1=C2NCC[C@@H](C3CCN(C(=O)CCN4CCN(C(=O)CNC5=CC=C6C(=O)N(C7CCC(=O)NC7=O)C(=O)C6=C5)CC4)CC3)N2N=C1C1=CC=C(OC2=CC=CC=C2)C=C1,Q06187,CRBN,Q96SW2,1,JPJRLFDIZBTSTD,True,True
5247,3091,CN(CCC(=O)N1CCC([C@@H]2CCNC3=C(C(N)=O)C(C4=CC=C(OC5=CC=CC=C5)C=C4)=NN32)CC1)CC1CCN(C2=CC=C3C(=O)N(C4CCC(=O)NC4=O)C(=O)C3=C2)CC1,Q06187,CRBN,Q96SW2,1,VYKLDHRNKFTKOT,True,True
5248,3092,NC(=O)C1=C2NCC[C@@H](C3CCN(C(=O)CCC4CCC(N5CCN(C6=CC=C7C(=O)N(C8CCC(=O)NC8=O)C(=O)C7=C6)CC5)CC4)CC3)N2N=C1C1=CC=C(OC2=CC=CC=C2)C=C1,Q06187,CRBN,Q96SW2,1,GIDSHQNPQLLDGD,True,True
5249,3093,NC(=O)C1=C2NCC[C@@H](C3CCN(C(=O)CCCN4CCN(C(=O)CNC5=CC=C6C(=O)N(C7CCC(=O)NC7=O)C(=O)C6=C5)CC4)CC3)N2N=C1C1=CC=C(OC2=CC=CC=C2)C=C1,Q06187,CRBN,Q96SW2,1,ZRHRJLMEFZTXRX,True,True
5250,3094,CN(CC1CCN(C(=O)C2=CC=C(N3CCC(=O)NC3=O)C=C2)CC1)C1CC(C(=O)N2CCC([C@@H]3CCNC4=C(C(N)=O)C(C5=CC=C(OC6=CC=CC=C6)C=C5)=NN43)CC2)C1,Q06187,CRBN,Q96SW2,1,JCHKKGUWOQWSRJ,True,True
5251,3095,COC1=CC(C2=CN(C)C(=O)C(C)=C2C)=CC(OC)=C1CCN1CCC(OC2CCN(C(=O)C3=CC=C(Cl)C(N4CCC(=O)NC4=O)=C3)CC2)CC1,Q9H8M2,CRBN,Q96SW2,1,DBQTXWRLCKDYPJ,True,True
5252,3096,COC1=CC(C2=CN(C)C(=O)C3=CN=CC=C23)=CC(OC)=C1CCN1CCC(OC2CCN(C(=O)C3=CC=C(Cl)C(N4CCC(=O)NC4=O)=C3)CC2)CC1,Q9H8M2,CRBN,Q96SW2,1,QCZROHALGMEVOV,True,True
5253,3097,CCCCN1C=C(C2=CC=C(OC3CCN(CC4CCN(C(=O)C5=CC=C(Cl)C(N6CCC(=O)NC6=O)=C5)CC4)CC3)C(OC)=C2)C2=CC=NC=C2C1=O,Q9H8M2,CRBN,Q96SW2,1,MQXFOTNUITWXQX,True,True
5254,3098,CCCCN1C=C(C2=CC(OC)=C(OC3CCN(CC4CCN(C(=O)C5=CC=C(Cl)C(N6CCC(=O)NC6=O)=C5)CC4)CC3)C(OC)=C2)C2=CC=NC=C2C1=O,Q9H8M2,CRBN,Q96SW2,1,XGYWVYJNKZAZLG,True,True
5255,3099,CCCCN1C=C(C2=CC=C(O[C@H]3CCN(CC4CCN(C(=O)C5=CC=C(OC)C(N6CCC(=O)NC6=O)=C5)CC4)C[C@@H]3F)C(OC)=C2)C2=CC=NC=C2C1=O,Q9H8M2,CRBN,Q96SW2,1,RHYLAIPZKCALML,True,True
5256,3100,CCCCN1C=C(C2=CC(F)=C(O[C@H]3CCN(CC4CCN(C(=O)C5=CC=C(OC)C(N6CCC(=O)NC6=O)=C5)CC4)C[C@@H]3F)C(F)=C2)C2=CC=NC=C2C1=O,Q9H8M2,CRBN,Q96SW2,1,WJKOYUQUWSPEDI,True,True
5257,3101,NC1=NN=C(C2=CC=CC=C2O)C=C1N1CCN(C2=CC=CC(CN3CCN(C(=O)C4CCN(C5=CC=C6C(=O)N(C7CCC(=O)NC7=O)C(=O)C6=C5)CC4)CC3)=C2)C2(CC2)C1,P51531,CRBN,Q96SW2,1,QCCHVYRUHHHVFL,True,True
5258,3102,NC1=NN=C(C2=CC=CC=C2O)C=C1N1CC2CCC(C1)N2C1=CC=CC(OCCN2CCN(CC3CCN(C4=CC=C5C(=O)N(C6CCC(=O)NC6=O)C(=O)C5=C4)CC3)CC2)=C1,P51531,CRBN,Q96SW2,1,NZXFUHUZHUMMLU,True,True
5259,3103,NC1=NN=C(C2=CC=CC=C2O)C=C1N1CC2CCC(C1)N2C1=CC=CC(OCCN2CCN(CCCC3CCN(C4=CC=C5C(=O)N(C6CCC(=O)NC6=O)C(=O)C5=C4)CC3)CC2)=C1,P51531,CRBN,Q96SW2,1,UTLOUOROEIRWIF,True,True
5260,3104,NC1=NN=C(C2=CC=CC=C2O)C=C1N1CC(OC2=CC=CC(CN3CCN(C(=O)CN4CCC(C5=CC=C(NC6CCC(=O)NC6=O)C=C5)CC4)CC3)=C2)C1,P51531,CRBN,Q96SW2,1,VVNYHGLUTRJGFK,True,True
5261,3105,NC1=NN=C(C2=CC(F)=CC=C2O)C=C1N1CC2CCC(C1)N2C1=CC=CC(CN2CCN(C(=O)C3CCN(C4=CC=C5C(=O)N(C6CCC(=O)NC6=O)C(=O)C5=C4)CC3)CC2)=C1,P51531,CRBN,Q96SW2,1,JDTSERWCVQGCFT,True,True
5262,3106,NC1=NN=C(C2=CC=CC=C2O)C=C1N1CCC(C(=O)N2CCC(C(=O)N3CCN(C4=CC=C(C5CCC(=O)NC5=O)C=C4)CC3)CC2)(C2=CC=CC=C2)CC1,P51531,CRBN,Q96SW2,1,GPZCDIKIONXKJM,True,True
5263,3107,CCN(C)S(=O)(=O)NC1=CC=C(F)C(C(=O)C2=C[NH]C3=NC=C(C4=CC=C(N5CCN(C(=O)CCCNC6=CC=CC7=C6C(=O)N(C6CCC(=O)NC6=O)C7=O)CC5)N=C4)C=C23)=C1F,P15056,CRBN,Q96SW2,1,IDIDGUPJKXQFDW,True,True
5264,3108,CCN(C)S(=O)(=O)NC1=CC=C(F)C(C(=O)C2=C[NH]C3=NC=C(C4=CC=C(N5CCN(C(=O)[C@H]6C[C@H](NC7=CC=CC8=C7C(=O)N(C7CCC(=O)NC7=O)C8=O)C6)CC5)N=C4)C=C23)=C1F,P15056,CRBN,Q96SW2,1,ODASMJWPZUAEOH,True,True
5265,3109,CCN(C)S(=O)(=O)NC1=CC=C(F)C(C(=O)C2=C[NH]C3=NC=C(C4=CC=C(N5CCN(C(=O)CCCOC6=CC=CC7=C6CN(C6CCC(=O)NC6=O)C7=O)CC5)N=C4)C=C23)=C1F,P15056,CRBN,Q96SW2,1,XDLVFGNNSKLZTE,True,True
5266,3110,CCN(C)S(=O)(=O)NC1=CC=C(F)C(C(=O)C2=C[NH]C3=NC=C(C4=CN=C(N5CCN(C(=O)CCCOC6=CC=CC7=C6CN(C6CCC(=O)NC6=O)C7=O)CC5)N=C4)C=C23)=C1F,P15056,CRBN,Q96SW2,1,FOPROWALTSOUAU,True,True
5267,3111,CCN(C)S(=O)(=O)NC1=CC=C(F)C(C(=O)C2=C[NH]C3=NC=C(C4=CC=C(N5CCN(C(=O)[C@H]6C[C@H](NC7=CC=CC8=C7C(=O)N(C7CCC(=O)NC7=O)C8=O)C6)CC5)C=C4)C=C23)=C1F,P15056,CRBN,Q96SW2,1,DFAPPDJMTAQYIX,True,True
5268,3112,CCN(C)S(=O)(=O)NC1=CC=C(F)C(C(=O)C2=C[NH]C3=NC=C(C4=CC=C(N5CCN(C(=O)CCCOC6=CC=CC7=C6CN(C6CCC(=O)NC6=O)C7=O)CC5)C=C4)C=C23)=C1F,P15056,CRBN,Q96SW2,1,LSJXTQQYRIMOFI,True,True
5276,3120,CCOC1=CC(C(C)(C)C)=CC=C1C1=NC(C2=CC=C(Cl)C=C2)C(C2=CC=C(Cl)C=C2)N1C(=O)N1CCN(CC(=O)NCCOCCOCCOCCNC(=O)CN2CCN(C(=O)N3C(C4=CC=C(C(C)(C)C)C=C4OCC)=NC(C4=CC=C(Cl)C=C4)C3C3=CC=C(Cl)C=C3)CC2=O)C(=O)C1,Q00987,MDM2,Q00987,0,BYXQFJDQDXLTHH,True,True
5305,3149,CC1=C(C2=CC=C(CNC(=O)[C@@H]3C[C@@H](O)CN3C(=O)[C@@H](NC(=O)CCCCCCCCCCNC(=O)O[C@H]3C[C@@H](C)C=C4C=C[C@H](C)[C@H](CCC(O)C[C@@H](O)CC(=O)O)[C@H]43)C(C)(C)C)C=C2)SC=N1,P04035,VHL,P40337,0,YASBQIQZXTUKLR,True,True
5306,3150,CC1=NN=C2N1C1=CC=C(C3=CN(CCCCCCCN4CCC(C5=CC=CC6=C5CN(C5CCC(=O)NC5=O)C6=O)CC4)N=C3)C=C1C(C1=CC=C(Cl)C=C1)=NC21CC1,O60885,CRBN,Q96SW2,1,SDKKICDYRHTFNX,True,True
5330,3171,CC1(C)C(=O)N(C2=CC=C(C#N)C(C(F)(F)F)=C2)C(=S)N1C1=CC=C(C2=CC=C(O[C@@H]3CCN(C(=O)C4CCN(C5=CC=C6C(=O)N(C7CCC(=O)NC7=O)C(=O)C6=C5)CC4)C3)C=C2)C=C1,P10275,CRBN,Q96SW2,1,PMTYRQFZOZEPEI,True,True
5332,3173,O=C1CCC(N2C(=O)C3=CC=CC(NCCCCCCNC(=O)C4=CSC(NC5=CC=C(Cl)C=C5)=N4)=C3C2=O)C(=O)N1,O75533,CRBN,Q96SW2,0,UWYLVQJEOCYCEW,True,True
5334,3174,NC1=NC=NC2=C1C(C1=CC=C(OC3=CC=CC=C3)C=C1)=NN2[C@@H]1CCCN(C(=O)C2=CN(CCOCCOCCOCCCC3=CC=CC4=C3CN(C3CCC(=O)NC3=O)C4=O)N=N2)C1,Q06187,CRBN,Q96SW2,1,PQIHIELQKZACPK,True,True
5335,3174,NC1=NC=NC2=C1C(C1=CC=C(OC3=CC=CC=C3)C=C1)=NN2[C@@H]1CCCN(C(=O)C2=CN(CCOCCOCCOCCCC3=CC=CC4=C3CN(C3CCC(=O)NC3=O)C4=O)N=N2)C1,Q06187,CRBN,Q96SW2,1,PQIHIELQKZACPK,True,True
5336,3174,NC1=NC=NC2=C1C(C1=CC=C(OC3=CC=CC=C3)C=C1)=NN2[C@@H]1CCCN(C(=O)C2=CN(CCOCCOCCOCCCC3=CC=CC4=C3CN(C3CCC(=O)NC3=O)C4=O)N=N2)C1,Q06187,CRBN,Q96SW2,1,PQIHIELQKZACPK,True,True
5337,3174,NC1=NC=NC2=C1C(C1=CC=C(OC3=CC=CC=C3)C=C1)=NN2[C@@H]1CCCN(C(=O)C2=CN(CCOCCOCCOCCCC3=CC=CC4=C3CN(C3CCC(=O)NC3=O)C4=O)N=N2)C1,Q06187,CRBN,Q96SW2,1,PQIHIELQKZACPK,True,True
5338,3174,NC1=NC=NC2=C1C(C1=CC=C(OC3=CC=CC=C3)C=C1)=NN2[C@@H]1CCCN(C(=O)C2=CN(CCOCCOCCOCCCC3=CC=CC4=C3CN(C3CCC(=O)NC3=O)C4=O)N=N2)C1,Q06187,CRBN,Q96SW2,1,PQIHIELQKZACPK,True,True
5339,3174,NC1=NC=NC2=C1C(C1=CC=C(OC3=CC=CC=C3)C=C1)=NN2[C@@H]1CCCN(C(=O)C2=CN(CCOCCOCCOCCCC3=CC=CC4=C3CN(C3CCC(=O)NC3=O)C4=O)N=N2)C1,Q06187,CRBN,Q96SW2,1,PQIHIELQKZACPK,True,True
5347,3181,NC1=NC=NC2=C1C(C1=CC=C(OC3=CC=CC=C3)C=C1)=NN2[C@@H]1CCCN(C(=O)CCCCCCCCNC2=CC=C3C(=O)N(C4CCC(=O)NC4=O)C(=O)C3=C2)C1,Q06187,CRBN,Q96SW2,1,DCJYQURCBHSFEP,True,True
5358,3192,O=C1CCC(N2C(=O)C3=CC=CC(NCCCCCCCCCCCNC(=O)C4=CC=CC(SCC5=CN(C6=CC=CC(C(=O)NO)=C6)N=N5)=C4)=C3C2=O)C(=O)N1,Q9BY41,CRBN,Q96SW2,0,CRZGRNBMUQNJFY,True,True
5387,3213,CC1=C(C2=CC=C([C@H](C)NC(=O)[C@@H]3C[C@@H](O)CN3C(=O)[C@@H](NC(=O)CCCC(=O)N3CCN(CC4(C)CCC(C5=CC=C(Cl)C=C5)=C(CN5CCN(C6=CC=C(C(=O)NS(=O)(=O)C7=CC=C(N[C@H](CCN8CCOCC8)CSC8=CC=CC=C8)C(S(=O)(=O)C(F)(F)F)=C7)C=C6)CC5)C4)CC3)C(C)(C)C)C=C2)SC=N1,P10415,VHL,P40337,0,BRIZMACXBJUXJT,True,True
5388,3213,CC1=C(C2=CC=C([C@H](C)NC(=O)[C@@H]3C[C@@H](O)CN3C(=O)[C@@H](NC(=O)CCCC(=O)N3CCN(CC4(C)CCC(C5=CC=C(Cl)C=C5)=C(CN5CCN(C6=CC=C(C(=O)NS(=O)(=O)C7=CC=C(N[C@H](CCN8CCOCC8)CSC8=CC=CC=C8)C(S(=O)(=O)C(F)(F)F)=C7)C=C6)CC5)C4)CC3)C(C)(C)C)C=C2)SC=N1,Q07817,VHL,P40337,0,BRIZMACXBJUXJT,True,True
5389,3214,CC1=C(C2=CC=C([C@H](C)NC(=O)[C@@H]3C[C@@H](O)CN3C(=O)[C@@H](NC(=O)CCCCC(=O)N3CCN(CC4(C)CCC(C5=CC=C(Cl)C=C5)=C(CN5CCN(C6=CC=C(C(=O)NS(=O)(=O)C7=CC=C(N[C@H](CCN8CCOCC8)CSC8=CC=CC=C8)C(S(=O)(=O)C(F)(F)F)=C7)C=C6)CC5)C4)CC3)C(C)(C)C)C=C2)SC=N1,P10415,VHL,P40337,0,KVQKGBLSBLWZKE,True,True
5390,3214,CC1=C(C2=CC=C([C@H](C)NC(=O)[C@@H]3C[C@@H](O)CN3C(=O)[C@@H](NC(=O)CCCCC(=O)N3CCN(CC4(C)CCC(C5=CC=C(Cl)C=C5)=C(CN5CCN(C6=CC=C(C(=O)NS(=O)(=O)C7=CC=C(N[C@H](CCN8CCOCC8)CSC8=CC=CC=C8)C(S(=O)(=O)C(F)(F)F)=C7)C=C6)CC5)C4)CC3)C(C)(C)C)C=C2)SC=N1,Q07817,VHL,P40337,1,KVQKGBLSBLWZKE,True,True
5391,3215,CC1=C(C2=CC=C([C@H](C)NC(=O)[C@@H]3C[C@@H](O)CN3C(=O)[C@@H](NC(=O)CCCCCC(=O)N3CCN(CC4(C)CCC(C5=CC=C(Cl)C=C5)=C(CN5CCN(C6=CC=C(C(=O)NS(=O)(=O)C7=CC=C(N[C@H](CCN8CCOCC8)CSC8=CC=CC=C8)C(S(=O)(=O)C(F)(F)F)=C7)C=C6)CC5)C4)CC3)C(C)(C)C)C=C2)SC=N1,P10415,VHL,P40337,0,XXWWYTHQXVIKLW,True,True
5392,3215,CC1=C(C2=CC=C([C@H](C)NC(=O)[C@@H]3C[C@@H](O)CN3C(=O)[C@@H](NC(=O)CCCCCC(=O)N3CCN(CC4(C)CCC(C5=CC=C(Cl)C=C5)=C(CN5CCN(C6=CC=C(C(=O)NS(=O)(=O)C7=CC=C(N[C@H](CCN8CCOCC8)CSC8=CC=CC=C8)C(S(=O)(=O)C(F)(F)F)=C7)C=C6)CC5)C4)CC3)C(C)(C)C)C=C2)SC=N1,Q07817,VHL,P40337,1,XXWWYTHQXVIKLW,True,True
5393,3216,CC1=C(C2=CC=C([C@H](C)NC(=O)[C@@H]3C[C@@H](O)CN3C(=O)[C@@H](NC(=O)CCCCCCC(=O)N3CCN(CC4(C)CCC(C5=CC=C(Cl)C=C5)=C(CN5CCN(C6=CC=C(C(=O)NS(=O)(=O)C7=CC=C(N[C@H](CCN8CCOCC8)CSC8=CC=CC=C8)C(S(=O)(=O)C(F)(F)F)=C7)C=C6)CC5)C4)CC3)C(C)(C)C)C=C2)SC=N1,P10415,VHL,P40337,1,KQEMZZJSHJCPSI,True,True
5394,3216,CC1=C(C2=CC=C([C@H](C)NC(=O)[C@@H]3C[C@@H](O)CN3C(=O)[C@@H](NC(=O)CCCCCCC(=O)N3CCN(CC4(C)CCC(C5=CC=C(Cl)C=C5)=C(CN5CCN(C6=CC=C(C(=O)NS(=O)(=O)C7=CC=C(N[C@H](CCN8CCOCC8)CSC8=CC=CC=C8)C(S(=O)(=O)C(F)(F)F)=C7)C=C6)CC5)C4)CC3)C(C)(C)C)C=C2)SC=N1,Q07817,VHL,P40337,1,KQEMZZJSHJCPSI,True,True
5395,3217,CC1=C(C2=CC=C([C@H](C)NC(=O)[C@@H]3C[C@@H](O)CN3C(=O)[C@@H](NC(=O)CCCCCCCC(=O)N3CCN(CC4(C)CCC(C5=CC=C(Cl)C=C5)=C(CN5CCN(C6=CC=C(C(=O)NS(=O)(=O)C7=CC=C(N[C@H](CCN8CCOCC8)CSC8=CC=CC=C8)C(S(=O)(=O)C(F)(F)F)=C7)C=C6)CC5)C4)CC3)C(C)(C)C)C=C2)SC=N1,P10415,VHL,P40337,0,YCSHJMBQFQHZEP,True,True
5396,3217,CC1=C(C2=CC=C([C@H](C)NC(=O)[C@@H]3C[C@@H](O)CN3C(=O)[C@@H](NC(=O)CCCCCCCC(=O)N3CCN(CC4(C)CCC(C5=CC=C(Cl)C=C5)=C(CN5CCN(C6=CC=C(C(=O)NS(=O)(=O)C7=CC=C(N[C@H](CCN8CCOCC8)CSC8=CC=CC=C8)C(S(=O)(=O)C(F)(F)F)=C7)C=C6)CC5)C4)CC3)C(C)(C)C)C=C2)SC=N1,Q07817,VHL,P40337,1,YCSHJMBQFQHZEP,True,True
5397,3218,CC1=C(C2=CC=C([C@H](C)NC(=O)[C@@H]3C[C@@H](O)CN3C(=O)[C@@H](NC(=O)CCCCCCCCC(=O)N3CCN(CC4(C)CCC(C5=CC=C(Cl)C=C5)=C(CN5CCN(C6=CC=C(C(=O)NS(=O)(=O)C7=CC=C(N[C@H](CCN8CCOCC8)CSC8=CC=CC=C8)C(S(=O)(=O)C(F)(F)F)=C7)C=C6)CC5)C4)CC3)C(C)(C)C)C=C2)SC=N1,P10415,VHL,P40337,0,CGIQKSDNJNCLMP,True,True
5398,3218,CC1=C(C2=CC=C([C@H](C)NC(=O)[C@@H]3C[C@@H](O)CN3C(=O)[C@@H](NC(=O)CCCCCCCCC(=O)N3CCN(CC4(C)CCC(C5=CC=C(Cl)C=C5)=C(CN5CCN(C6=CC=C(C(=O)NS(=O)(=O)C7=CC=C(N[C@H](CCN8CCOCC8)CSC8=CC=CC=C8)C(S(=O)(=O)C(F)(F)F)=C7)C=C6)CC5)C4)CC3)C(C)(C)C)C=C2)SC=N1,Q07817,VHL,P40337,1,CGIQKSDNJNCLMP,True,True
5399,3219,CC1=C(C2=CC=C([C@H](C)NC(=O)[C@@H]3C[C@@H](O)CN3C(=O)[C@@H](NC(=O)CCCCCCCCCC(=O)N3CCN(CC4(C)CCC(C5=CC=C(Cl)C=C5)=C(CN5CCN(C6=CC=C(C(=O)NS(=O)(=O)C7=CC=C(N[C@H](CCN8CCOCC8)CSC8=CC=CC=C8)C(S(=O)(=O)C(F)(F)F)=C7)C=C6)CC5)C4)CC3)C(C)(C)C)C=C2)SC=N1,P10415,VHL,P40337,0,UQQFHLGCSOEWFT,True,True
5400,3219,CC1=C(C2=CC=C([C@H](C)NC(=O)[C@@H]3C[C@@H](O)CN3C(=O)[C@@H](NC(=O)CCCCCCCCCC(=O)N3CCN(CC4(C)CCC(C5=CC=C(Cl)C=C5)=C(CN5CCN(C6=CC=C(C(=O)NS(=O)(=O)C7=CC=C(N[C@H](CCN8CCOCC8)CSC8=CC=CC=C8)C(S(=O)(=O)C(F)(F)F)=C7)C=C6)CC5)C4)CC3)C(C)(C)C)C=C2)SC=N1,Q07817,VHL,P40337,0,UQQFHLGCSOEWFT,True,True
5403,3221,CC1=C(C2=CC=C([C@H](C)NC(=O)[C@@H]3C[C@@H](O)CN3C(=O)[C@@H](NC(=O)CCCCCCC(=O)N3CCN(C[C@]4(C)CCC(C5=CC=C(Cl)C=C5)=C(CN5CCN(C6=CC=C(C(=O)NS(=O)(=O)C7=CC=C(N[C@H](CCN8CCOCC8)CSC8=CC=CC=C8)C(S(=O)(=O)C(F)(F)F)=C7)C=C6)CC5)C4)CC3)C(C)(C)C)C=C2)SC=N1,P10415,VHL,P40337,1,KQEMZZJSHJCPSI,True,True
5404,3221,CC1=C(C2=CC=C([C@H](C)NC(=O)[C@@H]3C[C@@H](O)CN3C(=O)[C@@H](NC(=O)CCCCCCC(=O)N3CCN(C[C@]4(C)CCC(C5=CC=C(Cl)C=C5)=C(CN5CCN(C6=CC=C(C(=O)NS(=O)(=O)C7=CC=C(N[C@H](CCN8CCOCC8)CSC8=CC=CC=C8)C(S(=O)(=O)C(F)(F)F)=C7)C=C6)CC5)C4)CC3)C(C)(C)C)C=C2)SC=N1,Q07817,VHL,P40337,1,KQEMZZJSHJCPSI,True,True
5446,3237,O=C(CNC1=CC=CC2=C1C(=O)N(C1CCC(=O)NC1=O)C2=O)NCCCOCCOCCOCCCNC1=CC=C([N+](=O)[O-])C(NC2=CC=C3[NH]N=CC3=C2)=N1,Q00613,CRBN,Q96SW2,0,NKXLHCPQTNAKHI,True,True
5454,3245,CC1=C(C2=CC=C(CNC(=O)[C@@H]3C[C@@H](O)CN3C(=O)[C@@H](NC(=O)CCCCCCCCCC(=O)NCCN3CCN(CC4=CC=CC(C5=CC=C(N6CCN(C)CC6)C(NC(=O)C6=C[NH]C(=O)C=C6C(F)(F)F)=C5)=C4)CC3)C(C)(C)C)C=C2)SC=N1,P61964,VHL,P40337,0,GLYGYEQLMMPSAW,True,True
5465,3255,CC1=C(C2=CC=C([C@H](C)NC(=O)[C@@H]3C[C@@H](O)CN3C(=O)[C@@H](NC(=O)CNC(=O)C3=CC=C(F)C(C4=CC=C(N5C[C@H](C)N(C)[C@H](C)C5)C(NC(=O)C5=C[NH]C(=O)C=C5C(F)(F)F)=C4)=C3)C(C)(C)C)C=C2)SC=N1,P61964,VHL,P40337,1,HBHSDSLZXDASLT,True,True
5466,3256,CC(=O)N1CCCN(C2=NC(NCCC3=CC=CS3)=NC(N(C)CC(=O)NCCOCCOCCOCC(=O)N[C@H](C(=O)N3C[C@@H](O)C[C@@H]3C(=O)NCC3=CC=C(C4=C(C)N=CS4)C=C3)C(C)(C)C)=N2)CC1,P10636,VHL,P40337,1,IXTMPMLKABNFTQ,True,True
5472,3259,C[C@H]1CCCN1CC1=NC2=CC=C(NC(=O)C3=CC=C4C(=C3)C=NN4CCCCCCCCNC3=CC=CC4=C3C(=O)N(C3CCC(=O)NC3=O)C4=O)C=C2[NH]1,Q03111,CRBN,Q96SW2,1,SCZWWJDUQGVEMY,True,True
5473,3260,C[C@H]1CCCN1CC1=NC2=CC=C(NC(=O)C3=CC=C4C(=C3)C=NN4CCCCCCNC3=CC=CC4=C3C(=O)N(C3CCC(=O)NC3=O)C4=O)C=C2[NH]1,Q03111,CRBN,Q96SW2,0,PCQKARKEVDFIEV,True,True
5474,3261,C[C@H]1CCCN1CC1=NC2=CC=C(NC(=O)C3=CC=C4C(=C3)C=NN4CCCCNC3=CC=CC4=C3C(=O)N(C3CCC(=O)NC3=O)C4=O)C=C2[NH]1,Q03111,CRBN,Q96SW2,1,BQKBBOYUPLMTRW,True,True
5475,3262,CC1=C(C)C2=C(S1)N1C(C)=NN=C1[C@H](CC(=O)NCCOCCNC(=O)CN1CCOC3=CC(N(CCC#N)C(=O)CCl)=CC=C31)N=C2C1=CC=C(Cl)C=C1,O60885,FEM1B,Q9UK73,0,QVNLOGQWJMAEJT,True,True
5476,3262,CC1=C(C)C2=C(S1)N1C(C)=NN=C1[C@H](CC(=O)NCCOCCNC(=O)CN1CCOC3=CC(N(CCC#N)C(=O)CCl)=CC=C31)N=C2C1=CC=C(Cl)C=C1,O60885,FEM1B,Q9UK73,0,QVNLOGQWJMAEJT,True,True
5477,3263,CC1=C(C)C2=C(S1)N1C(C)=NN=C1[C@H](CC(=O)NCCCCCNC(=O)CN1CCOC3=CC(N(CCC#N)C(=O)CCl)=CC=C31)N=C2C1=CC=C(Cl)C=C1,O60885,FEM1B,Q9UK73,0,IEXUFNUFUSSKQI,True,True
5478,3263,CC1=C(C)C2=C(S1)N1C(C)=NN=C1[C@H](CC(=O)NCCCCCNC(=O)CN1CCOC3=CC(N(CCC#N)C(=O)CCl)=CC=C31)N=C2C1=CC=C(Cl)C=C1,O60885,FEM1B,Q9UK73,0,IEXUFNUFUSSKQI,True,True
5479,3264,CC1=C(C)C2=C(S1)N1C(C)=NN=C1[C@H](CC(=O)NCCOCCOCCNC(=O)CN1CCOC3=CC(N(CCC#N)C(=O)CCl)=CC=C31)N=C2C1=CC=C(Cl)C=C1,O60885,FEM1B,Q9UK73,0,CPDVGNBJFIONLX,True,True
5480,3265,CC1=C(C)C2=C(S1)N1C(C)=NN=C1[C@H](CC(=O)NCCOCCOCCOCCNC(=O)CN1CCOC3=CC(N(CCC#N)C(=O)CCl)=CC=C31)N=C2C1=CC=C(Cl)C=C1,O60885,FEM1B,Q9UK73,0,QMBOIOPJFSHXPV,True,True
5481,3266,CC1=C(C)C2=C(S1)N1C(C)=NN=C1[C@H](CC(=O)NCCOCCOCCOCCOCCNC(=O)CN1CCOC3=CC(N(CCC#N)C(=O)CCl)=CC=C31)N=C2C1=CC=C(Cl)C=C1,O60885,FEM1B,Q9UK73,0,UUCUKSPUFPMKNK,True,True
5484,3269,O=C1CC[C@H](N2CC3=CC(N4CCN(CC5CCN(C6=CC=C([C@@H]7C8=CC=C(O)C=C8CC[C@@H]7C7=CC=CC=C7)C=C6)CC5)CC4)=CC=C3C2=O)C(=O)N1,P03372,CRBN,Q96SW2,1,TZZDVPMABRWKIZ,True,True
5485,3270,N#CC1=CC=C(O[C@H]2CC[C@H](NC(=O)C3=CC=C(N4CCC(CN5CCN(C6=CC7=C(C=C6F)C(=O)N(C6CCC(=O)NC6=O)C7=O)CC5)CC4)N=N3)CC2)C=C1Cl,P10275,CRBN,Q96SW2,1,CLCTZVRHDOAUGJ,True,True
