ik14,Smiles,Uniprot,Target,E3 ligase,e3u,dc50_nM,dmax_pct,n_assay,active,leaked
ABUVLEBOCBCHTJ,CCCCCCNNC(=O)C1=CC=C(CNC(=O)CCCCCCCCC(=O)N[C@H](C(=O)N2C[C@H](O)C[C@H]2C(=O)NCC2=CC=C(C3=C(C)N=CS3)C=C2)C(C)(C)C)C=C1,Q9BY41,HDAC8,VHL,P40337,62.1,93.0,1,1,False
ACFXVKUYZHYIDS,C[C@H]1CN(C(=O)COC2=CC=CC3=C2C(=O)N(C2CCC(=O)NC2=O)C3=O)CCN1C1=CC=C(NC2=CC(C3=CC=NC(N4CCN5C(=CC6=C5CC(C)(C)C6)C4=O)=C3CO)=CN(C)C2=O)N=C1,Q06187,BTK,CRBN,Q96SW2,1.7,96.2,1,1,False
ACMROOUABKJKKG,CN(CCCC(=O)N1CCN2C3=CC=C4C(=O)N([C@H]5CCC(=O)NC5=O)CC4=C3OC[C@H]2C1)C1=CC=C([C@@H]2C3=CC=C(O)C=C3CC[C@@H]2C2=CC=CC=C2)C=C1,P03372,ERalpha,CRBN,Q96SW2,1.6,55.0,1,0,False
ACOYARXDWOCIQF,CN1CCN([C@@H]2CCCN(C3=CN=C(C(N)=O)C(NC4=CN(C5CCN(CC6CCN(C7=CC=C8C(=O)N([C@@H]9CCC(=O)NC9=O)C(=O)C8=C7)CC6)CC5)N=C4)=N3)C2)C1=O,Q06187,BTK,CRBN,Q96SW2,0.63,96.0,1,1,False
ACPPLMFDTMNKCM,C#CC1=C(F)C=CC2=CC(O)=CC(C3=NC=C4C(N5CC6CCC(C5)N6)=NC(OCCN5CCC6(CC5)CCN(CC5CCN(C7=CC=C8C(=C7)N(C(C)C)C(=O)N8C7CCC(=O)NC7=O)CC5)CC6)=NC4=C3F)=C12,P01116,KRAS,CRBN,Q96SW2,100.0,70.0,1,0,False
ACWNPHGMLLQDAP,C#CC1=C(F)C=CC2=CC(O)=CC(C3=NC=C4C(N5CC6CCC(C5)N6)=NC(OC[C@@H]5C[C@@H](OC6CCN(CC7CCN(C8=CC=C9C(=O)N(C%10CCC(=O)NC%10=O)CC9=C8Cl)CC7)CC6)CN5C)=NC4=C3F)=C12,P01116,KRAS,CRBN,Q96SW2,100.0,70.0,1,0,False
ADRHCEUDBUBWKX,CN(CCOCCOCCOCCOCC(=O)NC1=CC=CC2=C1C(=O)N(C1CCC(=O)NC1=O)C2=O)CC[C@@H](C1=CC=CC=C1)N1C=C(NC(=O)C2=N[NH]C3=C2CCC(C)(C)C3)C=N1,Q08881,ITK,CRBN,Q96SW2,286.2,75.0,1,0,False
ADRVUGPWBAQVJT,CC(=O)N1CCC2=C(C1)C(N1CCCC3=CC(C4=CN(C)N=C4)=C(C(F)F)C=C31)=NN2C1CCN(C(=O)CN2CC3=CC4=C(C=C3C2)C(=O)N(C2CCC(=O)NC2=O)C4=O)CC1,Q92793,CBP,CRBN,Q96SW2,13.95,90.5,2,1,False
ADSIIVHEKXSDKX,CC(=O)N1CCC2=C(C1)C(N1CCCC3=CC(C4CC4)=C(C(F)F)C=C31)=NN2C1CCN(C(=O)CN2CC3=CC4=C(C=C3C2)C(=O)N(C2CCC(=O)NC2=O)C4=O)CC1,Q92793,CBP,CRBN,Q96SW2,40.5,94.0,2,1,False
AEKWJGQYDRXUQW,CC1=C(C2=CC=C(CNC(=O)[C@@H]3C[C@@H](O)CN3C(=O)[C@@H](NC(=O)COCCOCC(=O)N3CCN(C4=CC=C(NC5=NC(NC6=CC=CC=C6S(=O)(=O)C(C)C)=C6N=C[NH]C6=N5)C=C4)CC3)C(C)(C)C)C=C2)SC=N1,P33981,TTK,VHL,P40337,1158.0,44.0,5,0,False
AFOZBJWRMXDABQ,O=C1CCC(N2CC3=CC(N4CCN(C5CCC(CCOC6=CC=C([C@@H]7C8=CC=C(O)C=C8CC[C@@H]7C7=CC=CC=C7)C=C6)C5)CC4)=CC=C3C2=O)C(=O)N1,P03372,ERalpha,CRBN,Q96SW2,5.0,50.0,1,0,False
AGGBOQMCNPMCEP,O=C1CC[C@H](N2CC3=C(C=CC4=C3OCC43CCN(CC4CC5(CCN(C6=CC=C([C@@H]7C8=CC=C(O)C=C8CC[C@@H]7C7=CC=CC=C7)C=C6)CC5)CO4)CC3)C2=O)C(=O)N1,P03372,ERalpha,CRBN,Q96SW2,0.3034,94.0,1,1,False
AIHGVELLLJOFHL,COC1=CC2=NC(C)=NC(N[C@H](C)C3=CC(N)=CC(C(F)(F)F)=C3)=C2C=C1C1CCN(C(=O)COCCCC(=O)N[C@H](C(=O)N2C[C@H](O)C[C@H]2C(=O)N[C@@H](C)C2=CC=C(C3=C(C)N=CS3)C=C2)C(C)(C)C)CC1,Q07889,SOS1,VHL,P40337,49.3,97.9,1,1,False
AIYLTRIUQAADGD,CC(C)(O)C1=CC2=C(C=NN2CCCCCCCCCNC2=CC=CC3=C2C(=O)N(C2CCC(=O)NC2=O)C3=O)C=C1NC(=O)C1=CC=CC(C(F)(F)F)=N1,Q9NWZ3,IRAK4,CRBN,Q96SW2,10000.0,30.0,1,0,False
AIYNYUZXZDOMQJ,C#CC1=C(F)C=CC2=CC(O)=CC(C3=NC=C4C(N5CC6CCC(C5)N6)=NC(OCCN5CCC(CC6CCN(CC7CCN(C8=CC=CC9=C8N(C(C)C)C(=O)N9C8CCC(=O)NC8=O)CC7)CC6)CC5)=NC4=C3F)=C12,P01116,KRAS,CRBN,Q96SW2,100.0,70.0,1,0,False
AJLHRCDOQDFNEX,N#CC1=CC=C(N2CCC3(CCN(C4=CC=C(C(=O)N5CCC(CCN6CCC7=CC8=C(C=C7C6)C(=O)N(C6CCC(=O)NC6=O)C8=O)CC5)C=C4)CC3)C2)C=C1Cl,P10275,AR,CRBN,Q96SW2,125.0,79.0,1,0,False
AJSOJCBVVBEEBC,O=C1CCC(N2C(=O)C3=CC=C(N4CCN(CC5CCN(C6=C(F)C=C([C@@H]7C8=CC=C(O)C=C8CC[C@@H]7C7=CC=CC=C7)C=C6F)CC5)CC4)C=C3C2=O)C(=O)N1,P03372,ERalpha,CRBN,Q96SW2,5.0,50.0,1,0,False
AJWSNEGCXBPCNT,C#CC1=C(F)C=CC2=CC(O)=CC(C3=NC=C4C(N5CC6CCC(C5)N6)=NC(OCCN5CCC(CN6CCN(CC7CCN(C8=CC=C9C(=C8)N(C(C)C)C(=O)N9C8CCC(=O)NC8=O)CC7)CC6)CC5)=NC4=C3F)=C12,P01116,KRAS,CRBN,Q96SW2,100.0,70.0,1,0,False
AJYXITCISXKKRG,CC1=NOC([C@@H](C(=O)N2C[C@H](O)C[C@H]2C(=O)N[C@@H](CC(=O)NCCCCCCN2C=C(C3=CC(C4=CC=CC=C4O)=NN=C3N)C=N2)C2=CC=C(C3=C(C)N=CS3)C=C2)C(C)C)=C1,P51531,SMARCA2,VHL,P40337,115.5,85.0,2,0,False
AJZOFKWTODCUAD,C[C@H]1CN(C(=O)CCOCCCC2=CC=CC3=C2CN([C@@H]2CCC(=O)NC2=O)C3=O)CCN1C1=CC=C(NC2=CC(C3=CC=NC(N4CCN5C(=CC6=C5CC(C)(C)C6)C4=O)=C3CO)=CN(C)C2=O)N=C1,Q06187,BTK,CRBN,Q96SW2,7.2,88.0,1,1,False
AKBJWICECZPIMD,CC1=C(C2=CC=C([C@H](C)NC(=O)[C@@H]3C[C@@H](O)CN3C(=O)[C@@H](NC(=O)COCCOCCOCCN3C=C(C4=CC(C5=CC=CC=C5O)=NN=C4N)C=N3)C(C)(C)C)C=C2)SC=N1,P51531,SMARCA2,VHL,P40337,727.5,58.5,2,0,False
ALCVDCCTZNCEIQ,CCS(=O)(=O)N1C=C(C2=NC(NC3=CC=C(N4CCN(CCCCCCCC(=O)NC5=CC=CC6=C5CN(C5CCC(=O)NC5=O)C6=O)CC4)C=C3)=NC=C2C(F)(F)F)C2=CC=CC=C21,P00533,EGFR L858R/T790M/C797S,CRBN,Q96SW2,17.0,95.0,1,1,False
ALNALCAXCHYNEZ,C#CC1=C(F)C=CC2=CC(O)=CC(C3=NC=C4C(N5CC6CCC(C5)N6)=NC(OC[C@@H]5C[C@@H](OC6CCN(CC7CCN(C8=CC=C9C(=C8)N(C(C)C)C(=O)N9C8CCC(=O)NC8=O)CC7)CC6)CN5C)=NC4=C3F)=C12,P01116,KRAS,CRBN,Q96SW2,100.0,70.0,1,0,False
AMLZOEQMRXMGBU,O=C1CCC(N2CC3=CC(N4CCN(CCCCCOC5=C(F)C=C([C@@H]6C7=CC=C(O)C=C7CC[C@@H]6C6=CC=CC=C6)C=C5F)CC4)=CC=C3C2=O)C(=O)N1,P03372,ERalpha,CRBN,Q96SW2,5.0,75.0,1,0,False
AMUZAYCPNSMZKI,CC1=CC=C(NC(=O)CN2C=C(C3=CC=C4C(NC(=O)C5=CC=C(N6CCN(CCCCC(=O)N[C@H](C(=O)N7C[C@H](O)C[C@H]7C(=O)NCC7=CC=C(C8=C(C)N=CS8)C=C7)C(C)(C)C)CC6)C=C5)=N[NH]C4=C3)C=N2)C=C1C(F)(F)F,P35968,VEGFR-2,VHL,P40337,3330.0,8.7,1,0,False
AMVGRMOPMWIDQT,NC(=O)C1=CC=CC2=CN(C3=CC=C([C@@H]4CCCN(C(=O)C5CCN(CC6CCN(C7=CC=C8C(=O)N(C9CCC(=O)NC9=O)C(=O)C8=C7)CC6)CC5)C4)C=C3)N=C12,P09874,PARP1,CRBN,Q96SW2,20000.0,30.21,1,0,False
ANCKEXHDLITENC,CCC1=CC=CC2=CC(O)=CC(C3=NC=C4C(N5CC6CCC(C5)N6C)=NC(OC[C@@]56CCCN5[C@H](COC(=O)N5CCN(C7=CC=C8C(=O)N(C9CCC(=O)NC9=O)CC8=C7)CC5)CC6)=NC4=C3F)=C12,P01116,KRAS,CRBN,Q96SW2,1000.0,25.0,1,0,False
ANFCGPPDNWPTOU,CC(=O)N1CCC2=C(C1)C(N1CCCC3=CC(C4=CN(C)N=C4)=C(C(F)F)C=C31)=NN2C1CCN(C(=O)CCCN2CC3=CC4=C(C=C3C2)C(=O)N(C2CCC(=O)NC2=O)C4=O)CC1,Q92793,CBP,CRBN,Q96SW2,236.5,52.5,2,0,False
ANFFPFFAJDSUIN,CC(=O)N1CCC2=C(C1)C(C1=CC=CC3=CC(C4=CC=C(C(=O)N5CC6(CC(NC7=CC=CC8=C7C(=O)N(C7CCC(=O)NC7=O)C8=O)C6)C5)N=C4)=NC=C13)=NN2C1CCOCC1,Q92793,CBP,CRBN,Q96SW2,0.7000000000000001,97.0,2,1,False
APWOOBMCOBNDHY,O=C1CCC(N2CC3=CC(N4CCN(CCCCCS(=O)(=O)C5=CC=C([C@@H]6C7=CC=C(O)C=C7CC[C@@H]6C6=CC=CC=C6)C=C5)CC4)=CC=C3C2=O)C(=O)N1,P03372,ERalpha,CRBN,Q96SW2,5.0,75.0,1,0,False
ARGWXWOIQUCZEV,CC(C)(C#N)N1C=C(C2=C[NH]C3=NC=C(C4=CC=C(N5CCC(CC6CCN(C(=O)C7=CC=C(Cl)C(N8CCC(=O)NC8=O)=C7)CC6)CC5)N=C4)N=C23)C=N1,Q92918,MAP4K1,CRBN,Q96SW2,214.0,64.0,1,0,False
ARONHQOAKYUHEE,CC1=C(C2=CC=C(CNC(=O)[C@@H]3C[C@@H](O)CN3C(=O)[C@@H](NC(=O)[C@H]3C[C@@H](NC(=O)C4=CC=C(C5=CN=C(NCC6=CC=CO6)N6C=NN=C56)C=C4)C3)C(C)(C)C)C=C2)SC=N1,O75530,EED,VHL,P40337,33.5,54.0,6,0,False
ASAZRIHLBRZDGN,C#CC1=C(F)C=CC2=CC(O)=CC(C3=NC=C4C(N5CC6CCC(C5)N6)=NC(OC[C@@H](C)N5CCC(CC6CCN(CC7CCN(C8=CC=C9C(=O)N(C%10CCC(=O)NC%10=O)CC9=C8F)CC7)CC6)CC5)=NC4=C3F)=C12,P01116,KRAS,CRBN,Q96SW2,100.0,70.0,2,0,False
ASWBOXVCGUROKR,N#CC1=CC=C(N2CCC(C3=CC=C(N4CCC(CN5CCN(C6=CC=C7C(=O)N(C8CCC(=O)NC8=O)CC7=C6)CC5)CC4)C=C3)CC2)C(F)=C1C(F)(F)F,P10275,AR,CRBN,Q96SW2,50.0,80.0,2,1,False
ATBRMGQNZNGMFO,C#CC1=C(F)C=CC2=CC(O)=CC(C3=NC=C4C(N5CC6CCC(C5)N6)=NC(OCCN5CCC(CC6(F)CCN(CC7CCN(C8=CC=CC9=C8CN(C8CCC(=O)NC8=O)C9=O)CC7)CC6)CC5)=NC4=C3F)=C12,P01116,KRAS,CRBN,Q96SW2,100.0,70.0,1,0,False
ATCDGTRJVOCNNM,CC1=C(C2=CC=C([C@H](C)NC(=O)[C@@H]3C[C@@H](O)CN3C(=O)[C@@H](C3=CC(OCCCN4CCC(C5=CC=C6C(=C5)C(C)(C)C5=NC(=O)C7=C(Cl)C=CC=C7N65)CC4)=NO3)C(C)C)C=C2)SC=N1,P51531,SMARCA2,VHL,P40337,13.7,95.0,2,1,False
AUSKCHAXYLLRLE,O=C1CCC(N2CC3=CC=C(N4CCN(CCC5CCN(C6=CC=C([C@@H]7C8=CC=C(O)C=C8CC[C@@H]7C7=CC=CC=C7)C=C6)CC5)CC4)C=C3C2=O)C(=O)N1,P03372,ERalpha,CRBN,Q96SW2,5.0,75.0,1,0,False
AUTNFFMAIXBPJH,O=C1CCN(C2=CC(C(=O)N3CCC(CC4CCN(C5=CC=C(C6=CN=C7[NH]C=C(C8=CN([C@@H]9CCOC9)N=C8)C7=N6)C=N5)CC4)CC3)=CC=C2Cl)C(=O)N1,Q92918,MAP4K1,CRBN,Q96SW2,83.0,84.0,1,1,False
AVBGZOOQMRTGSE,CC1=C(C2=CC=C(CNC(=O)[C@@H]3C[C@@H](O)CN3C(=O)[C@@H](NC(=O)COCCOCCCCCCC(=O)N3CCN(C4=CC=C(NC5=CC(C6=CC=NC(N7CCN8C(=CC9=C8CC(C)(C)C9)C7=O)=C6CO)=CN(C)C5=O)N=C4)[C@@H](C)C3)C(C)(C)C)C=C2)SC=N1,Q06187,BTK,VHL,P40337,3000.0,70.0,1,0,False
AWHKRHYGENDDAD,CC[C@H]1CC2(CCN(C3=CC=C(C(=O)N4CCC(CN5CC6=CC7=C(C=C6C5)C(=O)N(C5CCC(=O)NC5=O)C7=O)CC4)C=C3)CC2)CN1C1=CC=C(C#N)C(Cl)=C1,P10275,AR,CRBN,Q96SW2,0.2,99.0,1,1,False
AXNIHWLGUQGCDA,COC1=CC2=NC(C)=NC(N[C@H](C)C3=CC=CC(C(F)F)=C3F)=C2C=C1OCC1(CN(C)C(=O)CCCCCCNC2=CC=CC3=C2C(=O)N(C2CCC(=O)NC2=O)C3=O)CC1,Q07889,SOS1,CRBN,Q96SW2,540.0,72.0,1,0,False
AXPGRWCCCLWKQJ,CC(=O)N1CCC2=C(C1)C(C1=CC=CC3=CC(C4=CC=C(C(=O)NCCCCCCNC5=CC=CC6=C5C(=O)N(C5CCC(=O)NC5=O)C6=O)N=C4)=NC=C13)=NN2C1CCOCC1,Q92793,CBP,CRBN,Q96SW2,0.6,93.0,2,1,False
AXRKIGKHAWQOIW,C#CC1=C(F)C=CC2=CC(O)=CC(C3=NC=C4C(N5CC6CCC(C5)N6)=NC(OC[C@@H]5C[C@@H](OC6CCN(C7=CC=C8C(=O)N(C9CCC(=O)NC9=O)CC8=C7)CC6)CN5C)=NC4=C3F)=C12,P01116,KRAS,CRBN,Q96SW2,100.0,70.0,1,0,False
AYAZRRMDIRRQIO,NC(=O)C1=CC=CC2=CN(C3=CC=C([C@@H]4CCCN(C(=O)C5CCN(CC6CN(C7=CC=C8C(=O)N(C9CCC(=O)NC9=O)C(=O)C8=C7)C6)CC5)C4)C=C3)N=C12,P09874,PARP1,CRBN,Q96SW2,19050.0,53.86,1,0,False
AYSNCSVZNJFPCS,CC1=C(C2=CC=C([C@H](CO[C@H](C)CN3CCC(C4=CC=C5C(=C4)N(C4CCCC4)C4=NC(=O)C6=C(Br)C=CC=C6N54)CC3)NC(=O)[C@@H]3C[C@@H](O)CN3C(=O)[C@@H](NC(=O)C3(N(C)C)CC3)C(C)(C)C)C=C2)SC=N1,P51531,SMARCA2,VHL,P40337,88.5,75.0,2,0,False
AZHUEXVTSOWSHM,CC1=CC(C2=C[NH]C3=NC=C(C4=CC=C(C5CCN(CC6CCN(C7CN(C8=CC=C9C(=O)N(C%10CCC(=O)NC%10=O)C(=O)C9=C8)C7)CC6)CC5)C=C4)N=C23)=CC=C1C(=O)N(C)C,Q92918,MAP4K1,CRBN,Q96SW2,10000.0,38.0,1,0,False
AZUMMPMTXCIABP,NC(=O)C1=CC=CC2=CN(C3=CC=C([C@@H]4CCCN(C(=O)COCCOCCOCCOCCNC5=CC=C6C(=O)N(C7CCC(=O)NC7=O)C(=O)C6=C5)C4)C=C3)N=C12,P09874,PARP1,CRBN,Q96SW2,60.0,78.9,1,0,False
BABOKNCCEBLQBS,C#CC1=C(F)C=CC2=CC(O)=CC(C3=NC=C4C(N5CC6CCC(C5)N6)=NC(OCCN5CCC(CN6CCC(CC7CCN(C8=CC=C9C(=C8F)N(C(C)C)C(=O)N9C8CCC(=O)NC8=O)CC7)CC6)CC5)=NC4=C3F)=C12,P01116,KRAS,CRBN,Q96SW2,100.0,50.0,1,0,False
BACGQACNNRMVST,C#CC1=C(F)C=CC2=CC(O)=CC(C3=NC=C4C(N5CC6CCC(C5)N6)=NC(OCCN5CCC(CN6CCN(CC7CCN(C8=CC=C9C(=O)N(C%10CCC(=O)NC%10=O)CC9=C8F)CC7)CC6)CC5(C)C)=NC4=C3F)=C12,P01116,KRAS,CRBN,Q96SW2,100.0,70.0,1,0,False
BACJQQPMNYUFEJ,C#CC1=C(F)C=CC2=CC(O)=CC(C3=NC=C4C(N5CC6CCC(C5)N6)=NC(OC[C@@H]5C[C@@H](OC6CCN(C7=CC=C8C(=O)N(C9CCC(=O)NC9=O)CC8=C7F)CC6)CN5C)=NC4=C3F)=C12,P01116,KRAS,CRBN,Q96SW2,100.0,70.0,1,0,False
BAFZCYGZGRCZBY,CN1CC[C@H]2CC[C@@H](C(=O)N[C@@H](CCC(N)=O)C(=O)N[C@H](CC(=O)N3CCC(C#CC4=CC=CC5=C4CN(C4CCC(=O)NC4=O)C5=O)CC3)C3=CC=CC=C3)N2C(=O)[C@@H](NC(=O)C2=CC3=CC(C(F)(F)P(=O)(O)O)=CC=C3S2)C1,P40763,STAT3,CRBN,Q96SW2,5000.0,0.0,1,0,False
BARNYIMGLISMCW,O=C1CCC(N2C(=O)C3=CC=C(N4CC(CN5CCC(NC(=O)C6=N[NH]C=C6NC(=O)C6=C(Cl)C=CC=C6Cl)CC5)C4)C=C3C2=O)C(=O)N1,P24941,CDK2,CRBN,Q96SW2,12.98,63.19,1,0,False
BAWWFFPYQBHNQE,O=C1CCC(N2C(=O)C3=CC4=C(C=C3C2=O)CN(C2CCN(C(=O)C3CCN(C5=CC=C([C@@H]6C7=CC=C(O)C=C7CC[C@@H]6C6=CC=CC=C6)C=C5)CC3)CC2)C4)C(=O)N1,P03372,ERalpha,CRBN,Q96SW2,1.6,95.0,1,1,False
BAWXEUCXVYETST,CCS(=O)(=O)N1C=C(C2=NC(NC3=CC=C(N4CCN(C(=O)CCCCC(=O)NC5=CC=CC6=C5CN(C5CCC(=O)NC5=O)C6=O)CC4)C=C3)=NC=C2C(F)(F)F)C2=CC=CC=C21,P00533,EGFR L858R/T790M/C797S,CRBN,Q96SW2,300.0,48.3,1,0,False
BCEPXVPMTREAEK,NC(=O)C1=CC=CC2=CN(C3=CC=C([C@@H]4CCCN(C(=O)CC5CCN(CC6CCN(C7=CC=C8C(=O)N(C9CCC(=O)NC9=O)C(=O)C8=C7)CC6)CC5)C4)C=C3)N=C12,P09874,PARP1,CRBN,Q96SW2,15560.0,59.38,1,0,False
BCFXYRJITKSCTA,CC1=C(C2=CC=C([C@H](C)NC(=O)[C@@H]3C[C@@H](O)CN3C(=O)[C@@H](C3=CC(OCCCCN4CCC(C5=CC=C6C(=C5)C(C)(C)C5=NC(=O)C7=C(Cl)C=CC=C7N65)CC4)=NO3)C(C)C)C=C2)SC=N1,P51531,SMARCA2,VHL,P40337,11.95,95.5,2,1,False
BCTQCVAIXQOKKW,CCC1=CC=CC2=CC(O)=CC(C3=NC=C4C(N5CC6CCC(C5)N6)=NC(OCCN5CCC(CN6CCN(CC7CCN(C8=CC=C9C(=O)N(C%10CCC(=O)NC%10=O)C(=O)C9=C8)CC7)CC6)CC5)=NC4=C3F)=C12,P01116,KRAS,CRBN,Q96SW2,250.0,50.0,1,0,False
BCVLYCZNORVOHF,C#CC1=C(F)C=CC2=CC(O)=CC(C3=NC=C4C(N5CC6CCC(C5)N6)=NC(OC[C@@H]5C[C@@H](OC6CCN(CC7CCN(C8=CC=CC9=C8CN(C8CCC(=O)NC8=O)C9=O)CC7)CC6)CN5C)=NC4=C3F)=C12,P01116,KRAS,CRBN,Q96SW2,100.0,70.0,1,0,False
BCYNZOLSRVQEEA,CC1=NC=C(C2=CC=C3N=C(NC(=O)CCOCCCOCCC(=O)N[C@H](C(=O)N4C[C@H](O)C[C@H]4C(=O)NCC4=CC=C(C5=C(C)N=CS5)C=C4)C(C)(C)C)SC3=C2)C=C1NC(=O)OC1CCCCC1,Q13546,RIPK1,VHL,P40337,40000.0,84.0,1,0,False
BDKALJFRDMDIAS,NC(=O)C1=CC=CC2=CN(C3=CC=C([C@@H]4CCCN(C(=O)CC5CCN(CCC6CCN(C7=CC=C8C(=O)N(C9CCC(=O)NC9=O)C(=O)C8=C7)CC6)CC5)C4)C=C3)N=C12,P09874,PARP1,CRBN,Q96SW2,20000.0,30.08,1,0,False
BDNSXFYBAGJQEM,O=C1CCC(N2CC3=CC(N4CCN(CC5CCN(C6=CC=C([C@@H]7C8=CC=C(O)C=C8CC[C@@H]7C7=CC=CC=C7)C(F)=C6)CC5)CC4)=CC=C3C2=O)C(=O)N1,P03372,ERalpha,CRBN,Q96SW2,5.0,50.0,1,0,False
BFCFJGZUZGPRLK,CC(=O)N1CCC2=C(C1)C(N1CCCC3=CC(C4CCCCC4)=C(C(F)F)C=C31)=NN2C1CCN(C(=O)CN2CC3=CC4=C(C=C3C2)C(=O)N(C2CCC(=O)NC2=O)C4=O)CC1,Q92793,CBP,CRBN,Q96SW2,38.0,90.0,2,1,False
BFIQFJPAAODXMJ,C#CC1=C(F)C=CC2=CC(O)=CC(C3=CC=C4C(N5CC6CCC(C5)N6)=NC(OCCN5CCC(CC6CCN(CC7CCN(C8=CC=C9C(=O)N(C%10CCC(=O)NC%10=O)CC9=C8F)CC7)CC6)CC5)=NC4=C3)=C12,P01116,KRAS,CRBN,Q96SW2,100.0,70.0,1,0,False
BFJAUQYYPAGZSF,O=C1CC[C@H](N2CC3=C(C=CC4=C3OC[C@H]3CN(CC5COC6(CCN(C7=CC=C([C@@H]8C9=CC=C(O)C=C9CC[C@@H]8C8=CC=CC=C8)C=C7)CC6)O5)CCN43)C2=O)C(=O)N1,P03372,ERalpha,CRBN,Q96SW2,0.5,84.0,1,1,False
BGFZCKUUCGMNJV,CC1=C(C)C2=C(S1)N1C(C)=NN=C1[C@H](CC(=O)NCCCCCCCCC(=O)N[C@@H](CC(C)C)C(=O)N[C@H]1CC(=O)NC1=O)N=C2C1=CC=C(Cl)C=C1,O60885,BRD4,CRBN,Q96SW2,8.0,99.0,1,1,False
BGOYIRIGJGUHKW,O=C1CCC(N2C(=O)C3=CC=C(OCC4CCN(CC5CCN(C6=CC=C([C@@H]7C8=CC=C(O)C=C8CC[C@@H]7C7=CC=CC=C7)C=C6)CC5)CC4)C=C3C2=O)C(=O)N1,P03372,ERalpha,CRBN,Q96SW2,5.0,75.0,1,0,False
BHFGWNJOMROHBE,O=C1CC[C@H](N2CC3=C(C=CC4=C3OCC43CCN(CC4CCC5(CCN(C6=CC=C([C@@H]7C8=CC=C(O)C=C8CC[C@@H]7C7=CC=CC=C7)C=C6)CC5)O4)CC3)C2=O)C(=O)N1,P03372,ERalpha,CRBN,Q96SW2,0.6049,86.0,1,1,False
BHJMKXPWFAXZQO,C#CC1=C(F)C=CC2=CC(O)=CC(C3=NC=C4C(N5CC6CCC(C5)N6)=NC(OCCN5CCC(F)(CN6CCC(CC7CCN(C8=CC=C9C(=C8)N(C)C(=O)N9C8CCC(=O)NC8=O)CC7)CC6)CC5)=NC4=C3F)=C12,P01116,KRAS,CRBN,Q96SW2,100.0,70.0,1,0,False
BIAFTUVWZFGLLG,O=C1CCC(N2CC3=CC(N4CCN(CC5CCN(C6=CC=C([C@@H]7C8=CC=C(O)C=C8CC[C@@H]7C7=CC=C(O)C=C7)C=C6)CC5)CC4)=CC=C3C2=O)C(=O)N1,P03372,ERalpha,CRBN,Q96SW2,5.0,75.0,1,0,False
BIASTFAZPRBBSG,CC1=CC(C2=C[NH]C3=NC=C(C4=CC=C(C5CCN(C6CN(C7CN(C8=CC=C9C(=O)N(C%10CCC(=O)NC%10=O)C(=O)C9=C8)C7)C6)CC5)C=C4)N=C23)=CC=C1C(=O)N(C)C,Q92918,MAP4K1,CRBN,Q96SW2,295.1,58.1,1,0,False
BIDOMOZYZFXRJX,CCC1=CC=CC2=CC(O)=CC(C3=NC=C4C(N5CC6CCC(C5)N6)=NC(OCCN5CCC(CC6CCN(CC7CCN(C8=CC=CC9=C8CN(C8CCC(=O)NC8=O)C9=O)CC7)CC6)CC5)=NC4=C3F)=C12,P01116,KRAS,CRBN,Q96SW2,100.0,50.0,1,0,False
BIXUQMFHSNFYGK,COC1=CC(C2=CN(C)C(=O)C3=CN=CC=C23)=CC(OC)=C1CN1CCC2(CC1)CC(N1CC3=CC4=C(C=C3C1)C(=O)N(C1CCC(=O)NC1=O)C4)C2,Q9H8M2,BRD9,CRBN,Q96SW2,12.9,99.0,1,1,False
BJMXASDRKLKNMF,CC(=O)N1CCC2=C(C1)C(N1CCCC3=CC(C4=CN(C)N=C4)=C(C(F)F)C=C31)=NN2C1CCN(C(=O)CCCCNC2=CC=C3C(=O)N(C4CCC(=O)NC4=O)C(=O)C3=C2)CC1,Q92793,CBP,CRBN,Q96SW2,0.4,95.0,2,1,False
BKOBTLASDDXIFV,CC1=C(C2=CC=C(CNC(=O)[C@@H]3C[C@@H](O)CN3C(=O)[C@@H](NC(=O)CCCC(=O)NCC(=O)N3CCN(C4=CC=C(NC5=NC(NC6=CC=CC=C6S(=O)(=O)C(C)C)=C6N=C[NH]C6=N5)C=C4)CC3)C(C)(C)C)C=C2)SC=N1,O14965,AURKA,VHL,P40337,619.0,43.65,2,0,False
BKPOBOXXAAENEJ,CCC1=C(F)C=CC2=CC(O)=CC(C3=NC=C4C(N5C[C@@H]6CC[C@H](C5)N6)=NC(OC[C@@H]5C[C@@H](F)CN5CCCCOCC(=O)N[C@H](C(=O)N5C[C@H](O)C[C@H]5C(=O)N[C@@H](C)C5=CC=C(C6=C(C)N=CS6)C=C5)C(C)(C)C)=NC4=C3F)=C12,P01116,KRAS G12D,VHL,P40337,87.2,96.2,1,1,False
BKRHXSCTDWOIHA,N#CC1=CC=CC(C2=NN(CC3=CC=CC(C4=NC=C(OCC5CCN(CC(=O)NCCOCCNC6=CC=C7C(=O)N(C8CCC(=O)NC8=O)C(=O)C7=C6)CC5)C=N4)=C3)C(=O)C=C2)=C1,P08581,c-Met,CRBN,Q96SW2,0.69,99.0,1,1,False
BLWSMGOTKQNWIF,CC1=C(C2=CC=C(CNC(=O)[C@@H]3C[C@@H](O)CN3C(=O)[C@@H](NC(=O)COCCCCOC3=CC=C(C4CCN(C5=NN6C(=NN=C6C(F)(F)F)CC5)CC4)C=C3)C(C)(C)C)C=C2)SC=N1,P10275,AR,VHL,P40337,3420.0,94.0,2,0,False
BLZCIKKOCYPIFK,CC1=NC(NC2=NC=C(C(=O)NC3=C(C)C=CC=C3Cl)S2)=CC(N2CCN(CCCN3CCC(C4=CC=C(C5CCC(=O)NC5=O)C=C4)CC3)CC2)=N1,P06239,LCK,CRBN,Q96SW2,2.46,87.0,1,1,False
BMFQDIJFSLSDGG,CC(=O)N1CCC2=C(C1)C(N1CCCC3=CC(C4=CN(C)N=C4)=C(C(F)F)C=C31)=NN2C1CCN(CC2CN(C3=CC=C4C(=O)N(C5CCC(=O)NC5=O)C(=O)C4=C3)C2)CC1,Q92793,CBP,CRBN,Q96SW2,0.75,95.0,2,1,False
BMKXYTSUYCUXGR,CCS(=O)(=O)N1C=C(C2=NC(NC3=CC=C(N4CCN(C(=O)CCC(=O)NC5=CC=CC6=C5CN(C5CCC(=O)NC5=O)C6=O)CC4)C=C3)=NC=C2C(F)(F)F)C2=CC=CC=C21,P00533,EGFR L858R/T790M/C797S,CRBN,Q96SW2,180.2,88.4,1,0,False
BNBZPIRDZWDOBS,CC1=CC(C2=C[NH]C3=NC=C(C4=CC=C(C5CCN(C6CN(C(=O)C7CCN(C8=CC=C(NC9CCC(=O)NC9=O)C=C8)CC7)C6)CC5)C=C4)N=C23)=CC=C1C(=O)N(C)C,Q92918,MAP4K1,CRBN,Q96SW2,10000.0,41.4,1,0,False
BNXHIGZFJKRLPQ,NC(=O)C1=CC=CC2=CN(C3=CC=C([C@@H]4CCCN(C(=O)CC5CCN(C(=O)CC6CCN(C(=O)C7CCN(C8=CC=C9C(=O)N(C%10CCC(=O)NC%10=O)C(=O)C9=C8)CC7)CC6)CC5)C4)C=C3)N=C12,P09874,PARP1,CRBN,Q96SW2,20000.0,6.96,1,0,False
BNZBBHXKCFPTND,CC1=C(C)C2=C(S1)N1C(C)=NN=C1[C@H](CC(=O)NCCCNC1=CC=C(CC3=CC=C4C(=O)N(C5CCC(=O)NC5=O)CC4=C3)C=C1)N=C2C1=CC=C(Cl)C=C1,O60885,BRD4,CRBN,Q96SW2,16.7,48.0,1,0,False
BOGUYWKARAFBPH,O=C1CC[C@H](N2CC3=C(C=CC4=C3OCC43CCN(CCCC4CCN(C5=CC=C([C@@H]6C7=CC=C(O)C=C7CC[C@@H]6C6=CC=CC=C6)C=C5)CC4)CC3)C2=O)C(=O)N1,P03372,ERalpha,CRBN,Q96SW2,0.03802,98.0,1,1,False
BOTLERLEUZNEQQ,COC1=CC(C2=CN(C)C(=O)C3=CN=CC=C23)=CC(OC)=C1CN1CC(N2CC3=CC4=C(C=C3C2)C(=O)N(C2CCC(=O)NC2=O)C4)C1,Q9H8M2,BRD9,CRBN,Q96SW2,144.0,68.0,1,0,False
BOTNYBYGXINQBK,C#CC1=C(F)C=CC2=CC=CC(C3=NC=C4C(N5CC6CCC(C5)N6)=NC(OCC5(CN6CCC(F)(CN7CCN(C8=CC=C9C(=C8)N(C)C(=O)N9C8CCC(=O)NC8=O)CC7)CC6)CC5)=NC4=C3F)=C12,P01116,KRAS,CRBN,Q96SW2,100.0,50.0,1,0,False
BOVQJWFEGGGBSA,C#CC1=C(F)C=CC2=CC(O)=CC(C3=NC=C4C(N5CC6CCC(C5)N6)=NC(OCCN5CCC(CN6CCC(CC7CCN(C8=CC=C9C(=C8F)N(C)C(=O)N9C8CCC(=O)NC8=O)CC7)CC6)CC5)=NC4=C3F)=C12,P01116,KRAS,CRBN,Q96SW2,100.0,70.0,1,0,False
BOYDCCMACMIQHO,CC1=CC(C2=C[NH]C3=NC=C(C4=CC=C(C5CCN(C6CN(CC7CCN(C8=CC=C(N9CCC(=O)NC9=O)C(C)=C8)CC7)C6)CC5)C=C4)N=C23)=CC=C1C(=O)N(C)C,Q92918,MAP4K1,CRBN,Q96SW2,126.9,79.3,1,0,False
BPMPMTNALPLART,CC1=C(C)C2=C(S1)N1C(C)=NN=C1[C@H](CC(=O)NCCCCCCCCC(=O)N[C@@H](CC1=CC=C(O)C=C1)C(=O)N[C@H]1CC(=O)NC1=O)N=C2C1=CC=C(Cl)C=C1,O60885,BRD4 BD1,CRBN,Q96SW2,168.0,82.0,3,0,False
BQMMQVMQKXUBSK,C[C@@H]1CC2=C([NH]C3=CC=CC=C23)[C@@H](C2=C(F)C=C(N3CCC4(CCN(C(=O)CN5CC6=CC7=C(C=C6C5)C(=O)N(C5CCC(=O)NC5=O)C7=O)CC4)CC3)C=C2F)N1CC(F)F,P03372,ERalpha,CRBN,Q96SW2,0.8,106.0,1,1,False
BQQDAXSFOGOWRE,CC1=NOC(C)=C1C1=CC=C2C(=C1)N=C([C@@H]1CCCC(=O)N1C1=CC=C(F)C(F)=C1)N2[C@H]1CC[C@H](OCC(=O)NC2=CC=C(OC3CCN(C4=CC=C5C(=O)N(C6CCC(=O)NC6=O)C(=O)C5=C4)CC3)C=C2)CC1,Q92793,CBP,CRBN,Q96SW2,1.4,92.5,2,1,False
BRTHDWUEKWQNLW,O=C1CCC(N2C(=O)C3=CC=C(C4=CN=C(N5CCN(CCOC6=CC=C([C@@H]7C8=CC=C(O)C=C8CC[C@@H]7C7=CC=C(F)C=C7)C=C6)CC5)C=N4)C=C3C2=O)C(=O)N1,P03372,ERalpha,CRBN,Q96SW2,50.0,75.0,1,0,False
BRVKXRGJXOTRLD,CC1=C(C)C2=C(S1)N1C(C)=NN=C1[C@H](CC(=O)NCCCCCCCCC(=O)N[C@@H](CC1=C[NH]C3=CC=CC=C13)C(=O)N[C@H]1CCC(=O)NC1=O)N=C2C1=CC=C(Cl)C=C1,O60885,BRD4,CRBN,Q96SW2,48.0,99.0,1,1,False
BSQNILTVRXZUQD,O=C1CC[C@H](N2CC3=C(C=CC4=C3OC[C@H]3CN(C(=O)CN5CCC6(CC5)CN(C5=CC=C([C@@H]7C8=CC=C(O)C=C8CC[C@@H]7C7=CC=CC=C7)C=C5)C6)CCN43)C2=O)C(=O)N1,P03372,ERalpha,CRBN,Q96SW2,0.021,100.0,1,1,False
BTFZUHUKXYZEIP,CC1=NOC(C)=C1C1=CC=C2C(=C1)N=C([C@@H]1CCCC(=O)N1C1=CC=C(F)C(F)=C1)N2[C@H]1CC[C@H](OCC(=O)N(C)C2CCN(C3=CC=C4C(=O)N(C5CCC(=O)NC5=O)C(=O)C4=C3)CC2)CC1,Q92793,CBP,CRBN,Q96SW2,45.349999999999994,82.0,2,1,False
BUEXWHUMUYQITQ,COC1=CC(OC)=C(Cl)C(NC(=O)N(C)C2=CC(NC3=CC=C(N4CCN(C(=O)C5CCN(C6=CC=C7C(=O)N(C8CCC(=O)NC8=O)C(=O)C7=C6)CC5)CC4)C=C3)=NC=N2)=C1Cl,P21802,FGFR2,CRBN,Q96SW2,11.8,80.0,1,1,False
BUSHRVRBJUJRHC,C#CC1=C(F)C=CC2=CC=CC(C3=NC=C4C(N5CC6CCC(C5)N6)=NC(OC[C@@]56CCCN5[C@H](CN5CCN(CC7CCN(C8=CC=C9C(=O)N(C%10CCC(=O)NC%10=O)CC9=C8F)CC7)CC5)CC6)=NC4=C3F)=C12,P01116,KRAS,CRBN,Q96SW2,100.0,70.0,1,0,False
BUVZNGYPKFISMJ,CC[C@@H](C)[C@H](NC(=O)CCCCCCCCNC(=O)C[C@@H]1N=C(C2=CC=C(Cl)C=C2)C2=C(SC(C)=C2C)N2C(C)=NN=C12)C(=O)N[C@H]1CCC(=O)NC1=O,O60885,BRD4,CRBN,Q96SW2,8.0,99.0,1,1,False
BVUCYUHIVLTURA,CC1=C(C2=CC=C(CNC(=O)[C@@H]3C[C@@H](O)CN3C(=O)[C@@H](NC(=O)CCCCCCCCNC(=O)CN3CCN(C(=O)C4=CC=C(NC5=NC(C6CC6)=CN6C(C7=C[NH]N=C7)=CN=C56)C(F)=C4)CC3)C(C)(C)C)C=C2)SC=N1,Q13882,PTK6,VHL,P40337,21.0,84.0,1,1,False
BWFPCIGALPXWPF,CC1=C(C2=CC=C([C@H](CO[C@H](C)CN3CCC(C4=CC=C5C(=C4)N(C4CCCC4)C4=NC(=O)C6=C(Br)C=CC=C6N54)CC3)NC(=O)[C@@H]3C[C@@H](O)CN3C(=O)[C@@H](NC(=O)C3(F)CC3)C(C)(C)C)C=C2)SC=N1,P51531,SMARCA2,VHL,P40337,892.0,82.0,2,0,False
BWHOAPFNBIFKAF,CC(=O)N1CCC2=C(C1)C(N1CCCC3=CC(C4=CN(C)N=C4)=C(C(F)F)C=C31)=NN2C1CCN(C(=O)CCCCCN2CC3=CC4=C(C=C3C2)C(=O)N(C2CCC(=O)NC2=O)C4=O)CC1,Q92793,CBP,CRBN,Q96SW2,235.0,84.5,2,0,False
BXBADDOYKAVBPB,O=C1CCC(N2CC3=C(C=C(F)C(N4CCN(C5CC6(C5)CN(CCOC5=CC=C([C@@H]7C8=CC=C(O)C=C8CC[C@@H]7C7=CC=CC=C7)C=C5)C6)CC4)=C3F)C2=O)C(=O)N1,P03372,ERalpha,CRBN,Q96SW2,5.0,75.0,1,0,False
BXZCAZQCSDZOPG,C#CC1=C(F)C=CC2=CC=CC(C3=NC=C4C(N5CC6CCC(C5)N6)=NC(OC[C@]56CCCN5[C@H](CN5CCN(C7=CC=C8C(=O)N(C9CCC(=O)NC9=O)CC8=C7)CC5)CC6)=NC4=C3F)=C12,P01116,KRAS,CRBN,Q96SW2,625.0,60.0,2,0,False
BYPUUWWNEKQLNS,CC1=NC(NC2=NC=C(C(=O)NC3=C(C)C=CC=C3Cl)S2)=CC(N2CCC(CN3CCN(C4=CC=C(C5CCC(=O)NC5=O)C=C4)CC3)CC2)=N1,P06239,LCK,CRBN,Q96SW2,17.5,77.0,1,0,False
BZECJEIHNUUQGB,NC1=NC=NC2=C1C(C1=CC=C(OC3=CC=CC=C3)C=C1)=NN2C1CCN(C(=O)CN2CCN(CC3CN(C4=CC=CC5=C4C(=O)N(C4CCC(=O)NC4=O)C5=O)C3)CC2)CC1,Q06187,BTK,CRBN,Q96SW2,7.27,97.56,1,1,False
CAIZDTGPHVIVNW,C#CC1=C(F)C=CC2=CC(O)=CC(C3=NC=C4C(N5CC6CCC(C5)N6)=NC(OCCN5CCC(CC6CCN(CC7CCN(C8=CC=C9C(=O)N(C%10CCC(=O)NC%10=O)CC9=C8)CC7)CC6)CC5)=NC4=C3F)=C12,P01116,KRAS,CRBN,Q96SW2,100.0,70.0,3,0,False
CCGDUFKHVCWPGU,O=C1CCC(N2CC3=NC(N4CCN(CC5CCN(C6=CC=C([C@@H]7C8=CC=C(O)C=C8CC[C@@H]7C7=CC=CC=C7)C=C6F)CC5)CC4)=CC=C3C2=O)C(=O)N1,P03372,ERalpha,CRBN,Q96SW2,5.0,75.0,1,0,False
CDPPFGYWNYFBJP,O=C1CCC(N2CC3=CC(C4=CN(C5CN(C[C@@H]6CCN(C7=CC=C([C@@H]8C9=CC=C(O)C=C9CC[C@@H]8C8=CC=CC=C8)C=C7)C6)C5)N=C4)=CC=C3C2=O)C(=O)N1,P03372,ERalpha,CRBN,Q96SW2,5.0,75.0,2,0,False
CDTOXJLABDJMQI,CC1(C2=CC=C(OCCCCCN3CCN(C4=CC=C5C(=O)N(C6CCC(=O)NC6=O)C(=O)C5=C4)CC3)C=C2)C2=CC=C(O)C=C2CCN1C1=CC=C(F)C=C1,P03372,ERalpha,CRBN,Q96SW2,5.0,75.0,1,0,False
CEEFTINJRMZDCF,O=C1CCC(N2C(=O)C3=CC=C(N4CC(CN5CCC(N6CCC(NC(=O)C7=N[NH]C=C7NC(=O)C7=C(Cl)C=CC=C7Cl)CC6)CC5)C4)C=C3C2=O)C(=O)N1,P24941,CDK2,CRBN,Q96SW2,100.0,43.3,1,0,False
CEQYTRYZACKCQQ,CC[C@@H](CO)NC1=NC2=C(C(C)C)C=NN2C(NCC2=CC=C(NC(=O)N3CCC(N4CCN(C5=CC=C6C(=O)N(C7CCC(=O)NC7=O)C(=O)C6=C5)CC4)CC3)C=C2)=C1,P50750,CDK9,CRBN,Q96SW2,3.16,100.0,1,1,False
CEVGSAQBAYMCOM,CN(CCCOCCCC1=CC=CC2=C1N(C)C(=O)N2C1CCC(=O)NC1=O)C[C@H]1CC[C@H](N2C=C(NC(=O)C3=C4N=CC=CN4N=C3)C(C(F)F)=N2)CC1,Q9NWZ3,IRAK4,CRBN,Q96SW2,10000.0,95.0,1,0,False
CFJHWTNVZZUCND,C#CC1=C(F)C=CC2=CC(O)=CC(C3=NC=C4C(N5CC6CCC(C5)N6)=NC(OCCN5CCC(CN6CCC(CC7CCN(C8=CC=C9C(=O)N(C%10CCC(=O)NC%10=O)CC9=C8)CC7)CC6)CC5)=NC4=C3F)=C12,P01116,KRAS,CRBN,Q96SW2,100.0,70.0,1,0,False
CFKSLEVNKGAZLG,O=C1CC[C@H](N2CC3=C(C=CC4=C3OCC43CCN(CC(=O)N4CCC5(CC4)CCN(C4=CC=C([C@@H]6C7=CC=C(O)C=C7CC[C@@H]6C6=CC=CC=C6)C=C4)CC5)CC3)C2=O)C(=O)N1,P03372,ERalpha,CRBN,Q96SW2,0.03638,100.0,1,1,False
CIERPKOAWWRVGL,CN1CC[C@H]2CC[C@@H](C(=O)N[C@@H](CCC(N)=O)C(=O)NC3(C(=O)N4CCC(CCC#CC5=CC=CC6=C5CN(C5CCC(=O)NC5=O)C6=O)CC4)CCCCC3)N2C(=O)[C@@H](NC(=O)C2=CC3=CC(C(F)(F)P(=O)(O)O)=CC=C3S2)C1,P40763,STAT3,CRBN,Q96SW2,5000.0,0.0,1,0,False
CJNXAWUQEHJXFM,CCC1=CC=CC2=CC(O)=CC(C3=NC=C4C(N5CC6CCC(C5)N6)=NC(OC[C@@]56CCCN5[C@H](COC(=O)N5CCN(C7=CC=CC8=C7CN(C7CCC(=O)NC7=O)C8=O)CC5)CC6)=NC4=C3F)=C12,P01116,KRAS,CRBN,Q96SW2,100.0,50.0,1,0,False
CKVSRIJZIQJZGE,COC1=CC2=NC(C)=NC(N[C@H](C)C3=CC(N)=CC(C(F)(F)F)=C3)=C2C=C1OCC1(CN(C)C(=O)CCCCCCNC2=CC=CC3=C2CN(C2CCC(=O)NC2=O)C3=O)CC1,Q07889,SOS1,CRBN,Q96SW2,151.0,81.0,1,0,False
CKXFAVYWVQQDCA,CCC(C)(C)C(=O)C(=O)N1CCCC[C@H]1C(=O)O[C@H](CCC1=CC=C(OC)C(OC)=C1)C1=CC=CC(NC(=O)CCC(=O)NCCCCCCC(=O)N[C@@H](C)C(=O)N[C@H]2CCC(=O)NC2=O)=C1,P62942,FKBP12,CRBN,Q96SW2,586.0,96.0,1,0,False
CLMAGEKQBJFDQU,CC(=O)N1CCC2=C(C1)C(C1=CC=CC3=CC(C4=CC=C(C(=O)N5CCC6(CC5)CC(NC5=CC=CC7=C5C(=O)N(C5CCC(=O)NC5=O)C7=O)C6)N=C4)=NC=C13)=NN2C1CCOCC1,Q92793,CBP,CRBN,Q96SW2,5.5,73.5,2,0,False
CLOGPFCVCQLTFP,CCC1=CC=CC2=CC(O)=CC(C3=NC=C4C(N5CC6CCC(C5)N6)=NC(OCCN5CCC(C6=CC=C7C(=O)N(C8CCC(=O)NC8=O)C(=O)C7=C6)CC5)=NC4=C3F)=C12,P01116,KRAS,CRBN,Q96SW2,1000.0,50.0,1,0,False
CMAGYLGVBWUBOU,CCC1=CC=CC2=CC(O)=CC(C3=NC=C4C(N5C[C@@H]6CC[C@H](C5)N6)=NC(OC[C@@H]5CCCN5CCCCOCCC(=O)N[C@H](C(=O)N5C[C@H](O)C[C@H]5C(=O)N[C@@H](C)C5=CC=C(C6=C(C)N=CS6)C=C5)C(C)(C)C)=NC4=C3F)=C12,P01116,KRAS G12D,VHL,P40337,1310.0,90.2,1,0,False
CMHZLXRKWLPGRA,CCC1=CC=CC2=CC(O)=CC(C3=NC=C4C(N5CC6CCC(C5)N6)=NC(OCCN5CCC(CN6CCN(C7=CC=C8C(=O)N(C9CCC(=O)NC9=O)C(=O)C8=C7)CC6)CC5)=NC4=C3F)=C12,P01116,KRAS,CRBN,Q96SW2,1000.0,50.0,1,0,False
CMXBIGSUZMPPRI,O=C1CCC(N2C(=O)C3=CC4=C(C=C3C2=O)CN(CC(=O)N2CCC3(CCN(C5=CC=C([C@@H]6C7=CC=C(O)C=C7CC[C@@H]6C6=CC=CC=C6)C=C5)CC3)C2)C4)C(=O)N1,P03372,ERalpha,CRBN,Q96SW2,4.6,75.0,1,0,False
CNOWYWLQWIORPN,C#CC1=C(F)C=CC2=CC(O)=CC(C3=CC=C4C(N5CC6CCC(C5)N6)=NC(OCCN5CCN(CC6CCN(CC7CCN(C8=CC=C9C(=C8)N(C)C(=O)N9C8CCC(=O)NC8=O)CC7)CC6)CC5(C)C)=NC4=C3F)=C12,P01116,KRAS,CRBN,Q96SW2,100.0,50.0,1,0,False
COKARWVIPXUBBF,CC1=NOC([C@H](C(=O)N2C[C@H](O)C[C@H]2C(=O)N[C@@H](CC(=O)NCCOCCOCCOCCNC(=O)C[C@@H]2N=C(C3=CC=C(Cl)C=C3)C3=C(SC(C)=C3C)N3C(C)=NN=C23)C2=CC=C(C3=C(C)N=CS3)C=C2)C(C)C)=C1,O60885,BRD4,VHL,P40337,560.0,93.0,1,0,False
CPUGPFMQNPPUFH,CC1=C(C2=CC=C([C@H](C)NC(=O)[C@@H]3C[C@@H](O)CN3C(=O)[C@@H](NC(=O)C3=CC=CC(N4CCN(C5=CC(C6=CC=CC=C6O)=NN=C5N)CC4)=N3)C(C)(C)C)C=C2)SC=N1,P51531,SMARCA2,VHL,P40337,95.0,95.0,1,1,False
CRBGTTZMTNBASJ,C#CC1=C(F)C=CC2=CC(O)=CC(C3=NC=C4C(N5CC6CCC(C5)N6)=NC(OC[C@@H]5CC[C@@H](COC(=O)N6CCN(C7=CC=CC8=C7CN(C7CCC(=O)NC7=O)C8=O)CC6)N5C)=NC4=C3F)=C12,P01116,KRAS,CRBN,Q96SW2,1000.0,25.0,1,0,False
CRMDRFIUPPEYQV,CC1=C(C)C2=C(S1)N1C(C)=NN=C1[C@H](CC(=O)NCCCCCCCCNC(=O)COC1=CC=CC3=C1C(=O)N(C1CC(=O)NC1=O)C3=O)N=C2C1=CC=C(Cl)C=C1,O60885,BRD4 BD1,CRBN,Q96SW2,557.0,43.0,3,0,False
CSNPVEIUSQQSBW,O=C1CCC(N2C(=O)C3=CC=CC(OCCCCN4C=C(CCCCCCCCCCN5CCC(NC(=O)C6=C(NC(=O)C7=C(Cl)C=CC=C7Cl)C=N[NH]6)CC5)N=N4)=C3C2=O)C(=O)N1,P50750,CDK9,CRBN,Q96SW2,40.0,88.6,1,1,False
CUHQSAFKNPVULS,N#CC1=CC=C(N2CCC(C3=CC=C(OCCCCN4CCN(C5=CC=C6C(=O)N(C7CCC(=O)NC7=O)CC6=C5)CC4)C=C3)CC2)C=C1C(F)(F)F,P10275,AR,CRBN,Q96SW2,7.0,97.0,1,1,False
CVKQCCMWCAPLPB,NC(=O)C1=CC=CC2=CN(C3=CC=C([C@@H]4CCCN(C(=O)CC5CCN(C(=O)CC6CCN(CC7CN(C8=CC=C9C(=O)N(C%10CCC(=O)NC%10=O)C(=O)C9=C8)C7)CC6)CC5)C4)C=C3)N=C12,P09874,PARP1,CRBN,Q96SW2,16340.0,47.58,1,0,False
CVUVXYSJMLTDOZ,O=C1CCC(N2C(=O)C3=CC=C(N4CCN(CC5CCN(C6=CC=C([C@@H]7C8=CC=C(O)C=C8CC[C@@H]7C7=CC=CC=C7)C=C6)CC5)CC4)C=C3C2=O)C(=O)N1,P03372,ERalpha,CRBN,Q96SW2,5.0,75.0,1,0,False
CWPYAQAUDZXPCR,O=C1CC[C@H](N2CC3=C(C=CC4=C3OCC43CCN(CC(=O)N4CCC5(CC4)CN(C4=CC=C([C@@H]6C7=CC=C(O)C=C7CC[C@@H]6C6=CC=CC=C6)C=C4)C5)CC3)C2=O)C(=O)N1,P03372,ERalpha,CRBN,Q96SW2,0.0255,100.0,1,1,False
CXGNUIAJMASHEF,C#CC1=C(F)C=CC2=CC(O)=CC(C3=NC=C4C(N5CC6CCC(C5)N6)=NC(OCCN5CCC(F)(CN6CCN(CC7CCN(C8=CC=C9C(=C8)N(C)C(=O)N9C8CCC(=O)NC8=O)CC7)CC6)CC5)=NC4=C3F)=C12,P01116,KRAS,CRBN,Q96SW2,100.0,70.0,1,0,False
CXJGNQXWKVPWMM,CC(=O)N1CCC2=C(C1)C(N1CCCC3=CC(C4=CN(C)N=C4)=C(C(F)F)C=C31)=NN2[C@H]1CC[C@H](CN2CCN(C3=CC=C4C(=O)N(C5CCC(=O)NC5=O)C(=O)C4=C3)CC2)CC1,Q92793,CBP,CRBN,Q96SW2,0.25,95.0,2,1,False
CXPSCYPEJFGWBU,C#CC1=C(F)C=CC2=CC(O)=CC(C3=NC=C4C(N5CC6CCC(C5)N6)=NC(OCCN5CCC(CN6CCN(CC7CCN(C8=CC=C9C(=O)N(C%10CCC(=O)NC%10=O)CC9=C8)CC7)CC6)CC5)=NC4=C3F)=C12,P01116,KRAS,CRBN,Q96SW2,100.0,70.0,1,0,False
CXVXDOPSPYRBNI,O=C1CCC(N2C(=O)C3=CC4=C(C=C3C2=O)CN(CC(=O)N2CCCC3(CCN(C5=CC=C([C@@H]6C7=CC=C(O)C=C7CC[C@@H]6C6=CC=CC=C6)C=C5)CC3)C2)C4)C(=O)N1,P03372,ERalpha,CRBN,Q96SW2,393.0,58.0,1,0,False
CYJFWNTWVNSCOX,CC(C)S(=O)(=O)C1=CC=CC=C1NC1=NC(NC2=CC=C(N3CCN(CC(=O)NC4=CC=CC5=C4C(=O)N(C4CCC(=O)NC4=O)C5=O)CC3)C=C2)=NC2=C1N=C[NH]2,P33981,TTK,CRBN,Q96SW2,205.0,33.4,3,0,False
CYJKOWYZBRAJJB,CC1=CC=C(NC(=O)CN2C=C(C3=CC=C4C(NC(=O)C5=CC=C(N6CCN(C(=O)CCCCC(=O)N[C@H](C(=O)N7C[C@H](O)C[C@H]7C(=O)NCC7=CC=C(C8=C(C)N=CS8)C=C7)C(C)(C)C)CC6)C=C5)=N[NH]C4=C3)C=N2)C=C1C(F)(F)F,P35968,VEGFR-2,VHL,P40337,3330.0,17.3,1,0,False
CYKIHYPQZUDKDD,CC1=CC=C(NC(=O)CN2C=C(C3=CC=C4C(NC(=O)C5=CC=C(NC(=O)CCCCC(=O)N6CCN(CCCCC(=O)N[C@H](C(=O)N7C[C@H](O)C[C@H]7C(=O)NCC7=CC=C(C8=C(C)N=CS8)C=C7)C(C)(C)C)CC6)C=C5)=N[NH]C4=C3)C=N2)C=C1C(F)(F)F,P35968,VEGFR-2,VHL,P40337,640.0,38.5,1,0,False
CZJSNFIBYLCJGN,CC1=C(C)C2=C(S1)N1C(C)=NN=C1[C@H](CC(=O)NCCCCCCNC1=CC=C(CC3=CC=C4C(=O)N(C5CCC(=O)NC5=O)CC4=C3)C=C1)N=C2C1=CC=C(Cl)C=C1,O60885,BRD4,CRBN,Q96SW2,2.0,59.0,1,0,False
CZPJJHAGQOTYEJ,CC1=C(C2=CC=C([C@H](C)NC(=O)[C@@H]3C[C@@H](O)CN3C(=O)[C@@H](NC(=O)C3=CC=NC(N4CCN(C5=CN=NC(C6=CC=CC=C6O)=C5)CC4)=C3)C(C)(C)C)C=C2)SC=N1,P51531,SMARCA2,VHL,P40337,469.0,65.0,1,0,False
DBCBONGVJRKWGN,O=C1CCC(N2C(=O)C3=CC=C(N4CCN(CCC5CCN(C6=CC=C([C@@H]7C8=CC=C(O)C=C8CC[C@@H]7C7=CC=CC=C7)C=C6)CC5)CC4)C=C3C2=O)C(=O)N1,P03372,ERalpha,CRBN,Q96SW2,5.0,75.0,1,0,False
DBLOHMVEVJIEPT,C#CC1=C(F)C=CC2=CC(O)=CC(C3=NC=C4C(N5CC6CCC(C5)N6)=NC(OCCN5CCC6(CC5)CCN(CC5CCN(C7=CC=C8C(=O)N(C9CCC(=O)NC9=O)CC8=C7F)CC5)CC6)=NC4=C3F)=C12,P01116,KRAS,CRBN,Q96SW2,100.0,70.0,1,0,False
DBZBSIABLAXYQF,O=C1CCC(N2C(=O)C3=CN=C(N4CCN(CCCCCOC5=CC=C([C@@H]6C7=CC=C(O)C=C7CC[C@@H]6C6=CC=C(F)C=C6)C=C5)CC4)C=C3C2=O)C(=O)N1,P03372,ERalpha,CRBN,Q96SW2,5.0,50.0,1,0,False
DCQPFBPLVREYQW,CCN1CCC(N2C=C(C3=C[NH]C4=NC=C(C5=CC=C(N6CCC(C)(CN7CCN(C(=O)C8=CC=C(Cl)C(N9CCC(=O)NC9=O)=C8)CC7)CC6)C=C5)N=C34)C=N2)CC1,Q92918,MAP4K1,CRBN,Q96SW2,52.4,81.0,1,1,False
DDGLFVWBLINNFM,O=C1CCC(N2CC3=CC(C4=CN(CCC5CCN(C6=CC=C([C@@H]7C8=CC=C(O)C=C8CC[C@@H]7C7=CC=CC=C7)C=C6)CC5)N=C4)=CC=C3C2=O)C(=O)N1,P03372,ERalpha,CRBN,Q96SW2,5.0,50.0,1,0,False
DDWYIJVVFDEBAV,CC(=O)N1CCC2=C(C1)C(N1CCCC3=CC(C4=CN(C)N=C4)=C(C(F)F)C=C31)=NN2C1CCN(C(=O)NC2=CC=CC3=C2C(=O)N(C2CCC(=O)NC2=O)C3=O)CC1,Q92793,CBP,CRBN,Q96SW2,1000.0,50.0,2,0,False
DEWYRSGQGYGJMX,CCC1=C(F)C=CC2=CC(O)=CC(C3=NC=C4C(N5CC6CCC(C5)N6)=NC(OCCN5CCC(CC6CCN(CC7CCN(C8=CC=CC9=C8N(C)C(=O)N9C8CCC(=O)NC8=O)CC7)CC6)CC5)=NC4=C3F)=C12,P01116,KRAS,CRBN,Q96SW2,100.0,70.0,1,0,False
DGDYTCIJBXSVPQ,C[C@H]1CN(C(=O)CNC2=CC=CC3=C2C(=O)N(C2CCC(=O)NC2=O)C3=O)CCN1C1=CC=C(NC2=CC(C3=CC=NC(N4CCN5C(=CC6=C5CC(C)(C)C6)C4=O)=C3CO)=CN(C)C2=O)N=C1,Q06187,BTK,CRBN,Q96SW2,0.5,97.1,1,1,False
DGOOGLKGZDROBO,O=C1CC[C@H](N2CC3=C(C=CC4=C3OC[C@H]3CN(CC5COC6(CCN(C7=CC=C([C@@H]8C9=CC=C(O)C=C9CC[C@@H]8C8=CC=CC=C8)C=C7)CC6)C5)CCN43)C2=O)C(=O)N1,P03372,ERalpha,CRBN,Q96SW2,0.9,100.0,1,1,False
DGWYNZWAXVNGMI,CC1(C2=CC=C(OCCCCCN3CCN(C4=CC=C5C(=O)N(C6CCC(=O)NC6=O)CC5=C4)CC3)C=C2)C2=CC=C(O)C=C2CCN1C1=CC=C(F)C=C1,P03372,ERalpha,CRBN,Q96SW2,5.0,75.0,1,0,False
DGZUZPOSHUXXIO,CN1CCN([C@@H]2CCCN(C3=CN=C(C(N)=O)C(NC4=CC=C(C5CN(C6CCN(C7=CC=C8C(=O)N([C@H]9CCC(=O)NC9=O)C(=O)C8=C7)CC6)C5)C=C4)=N3)C2)C1=O,Q06187,BTK,CRBN,Q96SW2,0.9,95.0,1,1,False
DIGOHPGGTBWICF,CC(=O)N1CCC2=C(C1)C(N1CCCC3=CC(C4=CC=CC=C4)=C(C(F)F)C=C31)=NN2C1CCN(C(=O)CN2CC3=CC4=C(C=C3C2)C(=O)N(C2CCC(=O)NC2=O)C4=O)CC1,Q92793,CBP,CRBN,Q96SW2,27.0,93.5,2,1,False
DISVDHINNIWQNG,CCN1CCC(N2C=C(C3=C[NH]C4=NC=C(C5=CC=C(N6CCC(OC7CCN(C(=O)C8=CC=C(Cl)C(N9CCC(=O)NC9=O)=C8)CC7)CC6)C=C5)N=C34)C=N2)CC1,Q92918,MAP4K1,CRBN,Q96SW2,385.6,52.0,1,0,False
DJUXJFYQMGQWDV,CCC1=C(F)C=CC2=CC(O)=CC(C3=NC=C4C(N5CC6CCC(C5)N6)=NC(OCCN5CCC(CC6CCN(CC7CCN(C8=CC=C9C(=C8)N(C(C)C)C(=O)N9C8CCC(=O)NC8=O)CC7)CC6)CC5)=NC4=C3F)=C12,P01116,KRAS,CRBN,Q96SW2,100.0,70.0,1,0,False
DKOUFZGFKKHOHN,CC1=CC(C2=C[NH]C3=NC=C(C4=CC=C(N5CCN(CCC6CCN(C7=CC=C8C(=O)N(C9CCC(=O)NC9=O)C(=O)C8=C7)CC6)CC5)C=C4)N=C23)=CC=C1C(=O)N(C)C,Q92918,MAP4K1,CRBN,Q96SW2,10000.0,48.2,1,0,False
DKWMHDBRVHNYTN,CN(CCOCCOCCOCCOCC(=O)NC1=CC=C2C(=O)N(C3CCC(=O)NC3=O)C(=O)C2=C1)CC[C@@H](C1=CC=CC=C1)N1C=C(NC(=O)C2=N[NH]C3=C2CCC(C)(C)C3)C=N1,Q08881,ITK,CRBN,Q96SW2,105.9,92.0,1,0,False
DLOJSADPWFQRKI,O=C1CCC(N2CC3=CC(N4CCN(CCCC(F)(F)COC5=CC=C([C@@H]6C7=CC=C(O)C=C7CC[C@@H]6C6=CC=CC=C6)C=C5)CC4)=CC=C3C2=O)C(=O)N1,P03372,ERalpha,CRBN,Q96SW2,5.0,75.0,1,0,False
DLPOGGWVBFQJJL,COCC(COC)N1C(C2=CN(C)C(=O)C(C)=C2)=NC2=CC(C3CCN(C(=O)COCCOCCOCCNC(=O)C[C@H](NC(=O)[C@H]4C[C@@H](S(=O)(=O)F)CN4C(=O)[C@@H](C4=CC(C)=NO4)C(C)C)C4=CC=C(C5=C(C)N=CS5)C=C4)CC3)=CC=C21,O60885,BRD4,VHL,P40337,17000.0,60.0,1,0,False
DMAHZRHMTGCTBW,C#CC1=C(F)C=CC2=CC=CC(C3=NC=C4C(N5CC6CCC(C5)N6)=NC(OC[C@]56CCCN5[C@H](CN5CCN(CC7CCN(C8=CC=C9C(=O)N(C%10CCC(=O)NC%10=O)CC9=C8)CC7)CC5)CC6)=NC4=C3F)=C12,P01116,KRAS,CRBN,Q96SW2,100.0,60.0,2,0,False
DNFZZBXTXFSJCR,CN1CCN([C@@H]2CCCN(C3=CN=C(C(N)=O)C(NC4=CC=C(C5CCN(C6CN(C7=CC=C8C(=O)N([C@H]9CCC(=O)NC9=O)C(=O)C8=C7)C6)CC5)C=C4)=N3)C2)C1=O,Q06187,BTK,CRBN,Q96SW2,1.4,91.0,1,1,False
DNUGNVSIOQHXBQ,CCC1=CC=CC2=CC(O)=CC(C3=NC=C4C(N5CC6CCC(C5)N6)=NC(OCCN5CCC(CN6CC7(CCN(C8=CC=C9C(=O)N(C%10CCC(=O)NC%10=O)CC9=C8)CC7)C6)CC5)=NC4=C3F)=C12,P01116,KRAS,CRBN,Q96SW2,100.0,70.0,1,0,False
DNYOJYXHYCVJKW,N#CC1=CC=C(N2CCC3(CCN(C4=CC=C(C(=O)N5CCC(CN6CC7=CC8=C(C=C7C6)C(=O)N(C6CCC(=O)NC6=O)C8=O)CC5)C=C4)CC3)C2)C=C1Cl,P10275,AR,CRBN,Q96SW2,5.7,88.0,1,1,False
DOLDIZFTOSRBOK,CN1CCN([C@@H]2CCCN(C3=CN=C(C(N)=O)C(NC4=CC=C(C5CCN(CC6=CC=C7C(=O)N([C@@H]8CCC(=O)NC8=O)C(=O)C7=C6)CC5)C=C4)=N3)C2)C1=O,Q06187,BTK,CRBN,Q96SW2,17.0,76.0,1,0,False
DOMKEVZKZDAYBX,CC1=C(C2=CC=C([C@H](C)NC(=O)[C@@H]3C[C@@H](O)CN3C(=O)[C@@H](NC(=O)CCCCCCCCCN3C=C(C4=CC(C5=CC=CC=C5O)=NN=C4N)C=N3)C(C)(C)C)C=C2)SC=N1,P51531,SMARCA2,VHL,P40337,5.0,93.5,2,1,False
DOTFKJRFGSCEDL,CN1C(=O)N(C2CCC(=O)NC2=O)C2=CC=CC(CCCOCCN3C=C(NC(=O)C4=C5N=C(N6C[C@H](N)CC(F)(F)C6)C=CN5N=C4)C(C(F)F)=N3)=C21,Q9NWZ3,IRAK4,CRBN,Q96SW2,10000.0,95.0,1,0,False
DPAZRRGSBQCZSC,O=C1CCC(N2CC3=C(C=CC(N4CCN(C5CC6(C5)CN(CCOC5=CC=C([C@@H]7C8=CC=C(O)C=C8CC[C@@H]7C7=CC=CC=C7)C=C5)C6)CC4)=C3F)C2=O)C(=O)N1,P03372,ERalpha,CRBN,Q96SW2,5.0,50.0,1,0,False
DPIXGXIUWQFJEU,CCC1=CC=CC2=CC(O)=CC(C3=NC=C4C(N5CC6CCC(C5)N6)=NC(OCCN5CCOC(CN6CCN(CC7CCN(C8=CC=C9C(=O)N(C%10CCC(=O)NC%10=O)C(=O)C9=C8)CC7)CC6)C5)=NC4=C3F)=C12,P01116,KRAS,CRBN,Q96SW2,1000.0,25.0,1,0,False
DPTJZVQTTIPIPR,CC1=C(C)C2=C(S1)N1C(C)=NN=C1[C@H](CC(=O)NCCCCCCCCC(=O)N[C@@H](CC1=CC=CC=C1)C(=O)N[C@H]1CCC(=O)NC1=O)N=C2C1=CC=C(Cl)C=C1,O60885,BRD4,CRBN,Q96SW2,5.0,99.0,1,1,False
DQEMJFSABASELK,N#CC1=CC=C(N2CCC(C3=CC=C(OCCCCN4CCN(C5=CC=C6C(=O)N(C7CCC(=O)NC7=O)C(=O)C6=C5)CC4)C=C3)CC2)C=C1C(F)(F)F,P10275,AR,CRBN,Q96SW2,22.0,100.0,1,1,False
DQGNINFYAAEZKL,CC1=C(C)C2=C(S1)N1C(C)=NN=C1[C@H](CC(=O)NCCN1CCC(C3=CC=C4C(=O)N(C5CCC(=O)NC5=O)CC4=C3)CC1)N=C2C1=CC=C(Cl)C=C1,O60885,BRD4,CRBN,Q96SW2,21.1,65.0,1,0,False
DQMBTKIEXZWZMS,NC(=O)C1=CC=CC2=CN(C3=CC=C([C@@H]4CCCN(C(=O)CC5CCN(CC6CN(C7=CC=C8C(=O)N(C9CCC(=O)NC9=O)C(=O)C8=C7)C6)CC5)C4)C=C3)N=C12,P09874,PARP1,CRBN,Q96SW2,20000.0,31.77,1,0,False
DQQMOQXMKRXELC,CCCC1=NC2=CC=NN2C(N[C@@H]2CC[C@@H](NC(=O)C3=CC=C(CN4CCN(C5=CC=C6C(=O)N(C7CCC(=O)NC7=O)CC6=C5)CC4)C=C3)C2)=C1,P50750,CDK9,CRBN,Q96SW2,0.89,97.7,1,1,False
DRTSZGVKXLJNNH,CCC1=CC=CC2=CC(O)=CC(C3=NC=C4C(N5C[C@@H]6CC[C@H](C5)N6)=NC(OC[C@@H]5CCCN5CCCOCCC(=O)N[C@H](C(=O)N5C[C@H](O)C[C@H]5C(=O)N[C@@H](C)C5=CC=C(C6=C(C)N=CS6)C=C5)C(C)(C)C)=NC4=C3F)=C12,P01116,KRAS G12D,VHL,P40337,131.6,98.1,1,0,False
DRYYXCWLEXLNTB,C#CC1=C(F)C=CC2=CC(O)=CC(C3=NC=C4C(N5CC6CCC(C5)N6)=NC(OCCN5CCC6(CC5)CCN(CC5CCN(C7=CC=C8C(=C7F)N(C(C)C)C(=O)N8C7CCC(=O)NC7=O)CC5)CC6)=NC4=C3F)=C12,P01116,KRAS,CRBN,Q96SW2,100.0,70.0,1,0,False
DUEGKYWYMGQGDW,COC1=CC(N2CCN(C(=O)CCOCC#CC3=CC=C4C(=O)N(C5CCC(=O)NC5=O)C(=O)C4=C3)CC2)=CC=C1NC(=O)C1=CC=CC(C2=CC=N[NH]2)=N1,Q9NWZ3,IRAK4,CRBN,Q96SW2,47.38,91.0,1,1,False
DUKQQJLHIWJHMV,CC1=NOC([C@@H](C(=O)N2C[C@H](O)C[C@H]2C(=O)N[C@@H](CC(=O)NCCCCCCCN2C=C(C3=CC(C4=CC=CC=C4O)=NN=C3N)C=N2)C2=CC=C(C3=C(C)N=CS3)C=C2)C(C)C)=C1,P51531,SMARCA2,VHL,P40337,93.5,91.5,2,1,False
DUKYNDYQMHGOSD,O=C1CCC(N2CC3=CC(N4CCN(CCCCOC5=CC=C([C@@H]6C7=CC=C(O)C=C7CC[C@@H]6C6=CC=CC=C6)C=C5)CC4)=CC=C3C2=O)C(=O)N1,P03372,ERalpha,CRBN,Q96SW2,5.0,50.0,1,0,False
DUPGTSRNDUFWBT,CC1=C(C2=CC=C([C@H](CCCN3CCC(C4=CC=C5C(=C4)N(C4CCCC4)C4=NC(=O)C6=C(Br)C=CC=C6N54)CC3)NC(=O)[C@@H]3C[C@@H](O)CN3C(=O)[C@@H](NC(=O)C3(F)CC3)C(C)(C)C)C=C2)SC=N1,P51531,SMARCA2,VHL,P40337,3.5,86.5,2,1,False
DVJGBZOCDDYJLY,N#CC1=CC=C(N2CCC3(CCN(C4=CC=C(C(=O)N5CCC(N6CCC7=CC8=C(C=C7CC6)C(=O)N(C6CCC(=O)NC6=O)C8=O)CC5)C=C4)CC3)C2)C=C1Cl,P10275,AR,CRBN,Q96SW2,18.0,81.0,1,1,False
DVPXXSLKFPXCBU,O=C1CCC(N2CC3=NC(N4CCC(NCC5CCN(C6=CC=C([C@@H]7C8=CC=C(O)C=C8CC[C@@H]7C7=CC=CC=C7)C=C6)CC5)C4)=CC=C3C2=O)C(=O)N1,P03372,ERalpha,CRBN,Q96SW2,5.0,50.0,1,0,False
DWEHMBLINDIOGQ,O=C1CCC(N2C(=O)C3=CC=CC(NCCOCCOCCN4CCN(C5=CC=C(NC6=NC=C7N=CC(=O)N(C8CCCC8)C7=N6)C=C5)CC4)=C3C2=O)C(=O)N1,P11802,CDK4,CRBN,Q96SW2,281.25,73.5,2,0,False
DXWNLVKIDXFRLV,O=C1CCC(N2C(=O)C3=CC(F)=C(N4CCC(CCN5CCC(CC(=O)N[C@H]6CC[C@@H](NC7=NC=NC8=C7C(C(=O)C7=CC=C(OC9=CC=CC=C9)C=C7Cl)=C[NH]8)CC6)CC5)CC4)C=C3C2=O)C(=O)N1,Q06187,BTK,CRBN,Q96SW2,9.3,93.6,1,1,False
DYJMBAGARLOCGL,O=C1CCC(N2C(=O)C3=CC4=C(C=C3C2=O)CN(CC(=O)N2CC3(C2)CN(C2=CC=C([C@@H]5C6=CC=C(O)C=C6CC[C@@H]5C5=CC=CC=C5)C=C2)C3)C4)C(=O)N1,P03372,ERalpha,CRBN,Q96SW2,11.0,65.0,1,0,False
DYTNKDWEMQWVKR,CC(=O)N1CCC2=C(C1)C(N1CCCC3=CC(C4=CN(C)N=C4)=C(C(F)F)C=C31)=NN2C1CCN(C2CC3(C2)CN(C2=CC=C4C(=O)N(C5CCC(=O)NC5=O)C(=O)C4=C2)C3)CC1,Q92793,CBP,CRBN,Q96SW2,0.45,95.0,2,1,False
DYVUTXZANNTVBU,O=C1CCC(N2CC3=CC(N4CCN(CCN5CCN(C6=CC=C([C@@H]7C8=CC=C(O)C=C8CC[C@@H]7C7=CC=CC=C7)C=C6)CC5)CC4)=CC=C3C2=O)C(=O)N1,P03372,ERalpha,CRBN,Q96SW2,5.0,75.0,1,0,False
DZBLWYQPZXUQGG,CC1=C(C)C2=C(S1)N1C(C)=NN=C1[C@H](CC(=O)NCC(=O)NCCCCOC1=CC=CC3=C1C(=O)N(C1CCC(=O)NC1=O)C3=O)N=C2C1=CC=C(Cl)C=C1,O60885,BRD4,CRBN,Q96SW2,134.0,79.0,1,0,False
DZIBQWKAJPUJCB,O=C1CCN(C2=CC(C(=O)N3CCC(CC4CCN(C5=CC=C(C6=CN=C7[NH]C=C(C8=CN(C(F)F)N=C8)C7=N6)C=N5)CC4)CC3)=CC=C2Cl)C(=O)N1,Q92918,MAP4K1,CRBN,Q96SW2,23.9,67.0,1,0,False
DZJCTNGKFRUZQI,O=C(COC1=CC=CC2=C1C(=O)N(C1CCC(=O)NC1=O)C2=O)NCCCCCCCCCCC(=O)N1CCC(NC(=O)C2=N[NH]C=C2NC(=O)C2=C(Cl)C=CC=C2Cl)CC1,P50750,CDK9,CRBN,Q96SW2,100.0,93.1,1,0,False
DZMRIRHUWOIDDQ,CCC1=CC=CC2=CC(O)=CC(C3=NC=C4C(N5C[C@@H]6CC[C@H](C5)N6)=NC(OC[C@@H]5CCCN5CCCCC(=O)N[C@H](C(=O)N5C[C@H](O)C[C@H]5C(=O)N[C@@H](C)C5=CC=C(C6=C(C)N=CS6)C=C5)C(C)(C)C)=NC4=C3F)=C12,P01116,KRAS G12D,VHL,P40337,1014.0,96.7,1,0,False
FADLBLJUEXIYQO,O=C1CCC(N2C(=O)C3=CC=CC(NC(=O)COCCOCC(=O)N4CCN(C5=CC=C(NC6=NC(NC7CCCCC7)=C7N=C[NH]C7=N6)C=C5)CC4)=C3C2=O)C(=O)N1,P33981,TTK,CRBN,Q96SW2,239.0,39.4,3,0,False
FAEKXLSKLVRFEC,CCC(C)(C)C(=O)C(=O)N1CCCC[C@H]1C(=O)O[C@H](CCC1=CC=C(OC)C(OC)=C1)C1=CC=CC(NC(=O)CCC(=O)NCCCCCCC(=O)N[C@@H](CC(C)C)C(=O)N[C@H]2CC(=O)NC2=O)=C1,P62942,FKBP12,CRBN,Q96SW2,27.0,99.0,1,1,False
FCQXHLPMLGYZHN,CN1CCN([C@@H]2CCCN(C3=CN=C(C(N)=O)C(NC4=CC=C(C5CCN(CCCNC6=CC=CC7=C6C(=O)N([C@@H]6CCC(=O)NC6=O)C7=O)CC5)C=C4)=N3)C2)C1=O,Q06187,BTK,CRBN,Q96SW2,2.4,95.0,1,1,False
FCQYWOVXHUEFAG,NC1=NC=NC2=C1C(C1=CC=C(OC3=CC=CC=C3)C=C1)=NN2C1CCN(C(=O)CN2CCN(CC3CCN(C4=CC=CC5=C4C(=O)N(C4CCC(=O)NC4=O)C5=O)CC3)CC2)CC1,Q06187,BTK,CRBN,Q96SW2,9.37,99.36,1,1,False
FFAXWQXTTRSZBR,C#CC1=C(F)C=CC2=CC(O)=CC(C3=CC=C4C(N5CC6CCC(C5)N6)=NC(OCCN5CCC(CC6CCN(CC7CCN(C8=CC=C9C(=C8F)N(C)C(=O)N9C8CCC(=O)NC8=O)CC7)CC6)CC5)=NC4=C3F)=C12,P01116,KRAS,CRBN,Q96SW2,100.0,70.0,1,0,False
FFVZSGOBJSJVLW,COC1=CC2=NC(C)=NC(N[C@H](C)C3=CC(N)=CC(C(F)(F)F)=C3)=C2C=C1O[C@H]1CCN(C(=O)CCCCCCCC(=O)NC2=CC=CC3=C2CN(C2CCC(=O)NC2=O)C3=O)C1,Q07889,SOS1,VHL,P40337,209.4,80.0,1,0,False
FHFUBRLTXZVOQX,CCCCCCNNC(=O)C1=CC=C(CNC(=O)CN2CCC(C3=CC=C(NC4CCC(=O)NC4=O)C=C3)CC2)C=C1,Q9BY41,HDAC8,CRBN,Q96SW2,0.32,97.0,1,1,False
FHKJSQYVZHOMIZ,CC1=CC(C2=C[NH]C3=NC=C(C4=CC=C(N5CCN(CC6CCN(C7=CC=C8C(=O)N(C9CCC(=O)NC9=O)C(=O)C8=C7)CC6)CC5)C=C4)N=C23)=CC=C1C(=O)N(C)C,Q92918,MAP4K1,CRBN,Q96SW2,33.9,59.9,1,0,False
FHKOVLSBVWFFKN,O=C1CC[C@H](N2CC3=C(C=CC4=C3OC[C@H]3CN(CC(=O)N5CCC6(CCN(C7=CC=C([C@@H]8C9=CC=C(O)C=C9CC[C@@H]8C8=CC=CC=C8)C=C7)CC6)C5)CCN43)C2=O)C(=O)N1,P03372,ERalpha,CRBN,Q96SW2,0.4,100.0,1,1,False
FHWJSCBNRQSVKG,O=C1CC[C@H](N2CC3=C(C=CC4=C3OC[C@H]3CN(C(=O)CCCCCOC5=CC=C([C@@H]6C7=CC=C(O)C=C7CC[C@@H]6C6=CC=CC=C6)C=C5)CCN43)C2=O)C(=O)N1,P03372,ERalpha,CRBN,Q96SW2,0.16,89.0,1,1,False
FJPUZJRXDULWLZ,CCN1CCC(N2C=C(C3=C[NH]C4=NC=C(C5=CC=C(N6CCC(OC7CCN(C(=O)C8=CC=C(Cl)C(N9CCC(=O)NC9=O)=C8)CC7)CC6)C(C)=C5)N=C34)C=N2)CC1,Q92918,MAP4K1,CRBN,Q96SW2,29.3,73.0,1,0,False
FJYJJKVJGBDHHG,O=C1CCC(N2CC3=CC(N4CCN(CC5=CC=C(COC6=CC=C([C@@H]7C8=CC=C(O)C=C8CC[C@@H]7C7=CC=CC=C7)C=C6)C=N5)CC4)=CC=C3C2=O)C(=O)N1,P03372,ERalpha,CRBN,Q96SW2,5.0,75.0,1,0,False
FKQOKRKMDMWDTM,CCN1CCC(N2C=C(C3=C[NH]C4=NC=C(C5=CC=C(N6CCC(CC7CCCN(C(=O)C8=CC=C(Cl)C(N9CCC(=O)NC9=O)=C8)CC7)CC6)N=C5)N=C34)C=N2)CC1,Q92918,MAP4K1,CRBN,Q96SW2,385.0,56.0,1,0,False
FLBHHDGUOVAFMU,COC1=CC(N2CCN(CC3CCN(C4=CC=C(C5CCN(C6=CC=C(C#N)C(C(F)(F)F)=C6)CC5)C=C4)CC3)CC2)=CC2=C1C(=O)N(C1CCC(=O)NC1=O)C2,P10275,AR,CRBN,Q96SW2,26.0,92.0,1,1,False
FMGIOMVADBAONN,CN1CCN([C@@H]2CCCN(C3=CN=C(C(N)=O)C(NC4=CC=C(C5CCN(C[C@H]6CCN(C7=CC=C8C(=O)N([C@@H]9CCC(=O)NC9=O)C(=O)C8=C7)C6)CC5)N=C4)=N3)C2)C1=O,Q06187,BTK,CRBN,Q96SW2,1.0,96.0,1,1,False
FMWLMMJZHGPJKO,CCC1=C(F)C=CC2=CC(O)=CC(C3=NC=C4C(N5CC6CCC(C5)N6)=NC(OC[C@@H]5C[C@@H](OC6CCN(CC7CCN(C8=CC=C9C(=O)N(C%10CCC(=O)NC%10=O)CC9=C8F)CC7)CC6)CN5C)=NC4=C3F)=C12,P01116,KRAS,CRBN,Q96SW2,100.0,70.0,1,0,False
FNJHTSPTDABDEU,CC1=NOC([C@H](C(=O)N2C[C@H](S(=O)(=O)F)C[C@@H]2C(=O)N[C@@H](CC(=O)N2CCC(C#CC3=CC=C(C(=O)N[C@H]4C(C)(C)[C@H](OC5=CC=C(C#N)C(C(F)(F)F)=C5)C4(C)C)C=C3)CC2)C2=CC=C(C3=C(C)N=CS3)C=C2)C(C)C)=C1,P10275,AR,VHL,P40337,527.0,54.0,1,0,False
FNQIHJLUXRFLHT,CC1=C(C)C2=C(S1)N1C(C)=NN=C1[C@H](CC(=O)NCCCCCCCCC(=O)N[C@@H](C)C(=O)N[C@H]1CC(=O)NC1=O)N=C2C1=CC=C(Cl)C=C1,O60885,BRD4 BD1,CRBN,Q96SW2,34.0,88.0,3,1,False
FOTJPEPDXXOTQF,CC1=C(C)C2=C(S1)N1C(C)=NN=C1[C@H](CC(=O)NCCCCN1CCC(C3=CC=C4C(=O)N(C5CCC(=O)NC5=O)CC4=C3)CC1)N=C2C1=CC=C(Cl)C=C1,O60885,BRD4,CRBN,Q96SW2,12.8,94.0,1,1,False
FPHGKABLQJCHEB,CC1=CC(C2=C[NH]C3=NC=C(C4=CC=C(C5CCN(C6CN(C(=O)CC7=CC=C(NC8CCC(=O)NC8=O)C=C7)C6)CC5)C=C4)N=C23)=CC=C1C(=O)N(C)C,Q92918,MAP4K1,CRBN,Q96SW2,10000.0,38.5,1,0,False
FPVWCOYFTMTBJA,CC1=CC(C2=C[NH]C3=NC=C(C4=CC=C(C5CCN(CC6CCN(C7=CC=C8C(=O)N(C9CCC(=O)NC9=O)C(=O)C8=C7)C6)CC5)C=C4)N=C23)=CC=C1C(=O)N(C)C,Q92918,MAP4K1,CRBN,Q96SW2,78.8,84.1,1,1,False
FQAXUEQNJLYPKH,C#CC1=C(F)C=CC2=CC(O)=CC(C3=NC=C4C(N5CC6CCC(C5)N6)=NC(OCCN5CCC6(CC5)CCN(CC5CCN(C7=CC=C8C(=O)N(C9CCC(=O)NC9=O)CC8=C7Cl)CC5)CC6)=NC4=C3F)=C12,P01116,KRAS,CRBN,Q96SW2,100.0,70.0,1,0,False
FQLCLMHMOFLVSV,O=C(CCCCCCNC(=O)C1=CC=C(NC(=O)CCCCCCCNC(=O)COC2=CC=CC3=C2C(=O)N(C2CCC(=O)NC2=O)C3=O)C=C1)NO,Q9UBN7,HDAC6,CRBN,Q96SW2,3.46,84.47,1,1,False
FRAWOGGHQRLUBB,COC1=CC(C2=CN(C)C(=O)C3=CN=C(N4CCC4)C=C23)=CC(OC)=C1C(=O)N1CCC2(CCC(CN3CC4=CC5=C(C=C4C3)C(=O)N(C3CCC(=O)NC3=O)C5=O)CC2)CC1,Q9H8M2,BRD9,CRBN,Q96SW2,70.0,99.0,1,1,False
FREVVLLMNHHIMW,O=C1CC[C@H](N2CC3=C(C=CC4=C3OC[C@H]3CN(CC5CC6(CCN(C7=CC=C([C@@H]8C9=CC=C(O)C=C9CC[C@@H]8C8=CC=CC=C8)C=C7)CC6)C5)CCN43)C2=O)C(=O)N1,P03372,ERalpha,CRBN,Q96SW2,1.2,97.0,1,1,False
FRGPLXSNBSBCPG,CC(C)C1=CC=C(N2CCC3=CC(O)=CC=C3C2(C)C2=CC=C(OCCCCCN3CCN(C4=CC=C5C(=O)N(C6CCC(=O)NC6=O)CC5=C4)CC3)C=C2)C=C1,P03372,ERalpha,CRBN,Q96SW2,5.0,50.0,1,0,False
FSIRXDSTGGZBHJ,O=C1CCC(N2CC3=NC(N4CCN(CCC5CCN(C6=CC=C([C@@H]7C8=CC=C(O)C=C8CC[C@@H]7C7=CC=CC=C7)C=C6)CC5)CC4)=CC=C3C2=O)C(=O)N1,P03372,ERalpha,CRBN,Q96SW2,5.0,75.0,1,0,False
FSLLSOCBDRILHS,CC1=NC(NC2=NC=C(C(=O)NC3=C(C)C=CC=C3Cl)S2)=CC(N2CCN(CCCC(=O)N3CCC(CN4CCN(C5=CC=C(C6CCC(=O)NC6=O)C=C5)CC4)CC3)CC2)=N1,P06239,LCK,CRBN,Q96SW2,25.1,84.0,1,1,False
FSXKBPXCHIQNHV,CCC1=C(F)C=CC2=CC(O)=CC(C3=NC=C4C(N5CC6CCC(C5)N6)=NC(OCCN5CCC(CC6CCN(CC7CCN(C8=CC=C9C(=C8)N(C)C(=O)N9C8CCC(=O)NC8=O)CC7)CC6)CC5)=NC4=C3F)=C12,P01116,KRAS,CRBN,Q96SW2,100.0,70.0,1,0,False
FTJXONGELSWLLE,O=C1CCC(N2CC3=CC(OC4=CN=C(N5CCN(CCOC6=CC=C([C@@H]7C8=CC=C(O)C=C8CC[C@@H]7C7=CC=CC=C7)C=C6)CC5)N=C4)=CC=C3C2=O)C(=O)N1,P03372,ERalpha,CRBN,Q96SW2,5.0,75.0,1,0,False
FTLFVUZDLOWJLU,C[C@H]1CC2(CCN(C3=CC=C(C(=O)N4CCC(O)(CN5CC6=CC7=C(C=C6C5)C(=O)N(C5CCC(=O)NC5=O)C7=O)CC4)C=C3)CC2)CN1C1=CC=C(C#N)C(Cl)=C1,P10275,AR,CRBN,Q96SW2,290.0,71.0,1,0,False
FTNHSXYOMCZKKS,O=C1CCC(N2C(=O)C3=CC=C(OC4=CN=C(N5CCN(CCOC6=CC=C([C@@H]7C8=CC=C(O)C=C8CC[C@@H]7C7=CC=CC=C7)C=C6)CC5)N=C4)C=C3C2=O)C(=O)N1,P03372,ERalpha,CRBN,Q96SW2,50.0,75.0,1,0,False
FUTHCLUTRFIAKK,COC1=CC=C(C(=O)N2CCC3(CCC(CN4CCN(C(=O)[C@H]5CC[C@H](C6=CC7=C(N[C@H](C)C8=CC(N)=CC(C(F)(F)F)=C8)N=CN=C7N(C)C6=O)CC5)CC4)CC3)CC2)C=C1N1CCC(=O)NC1=O,Q07889,SOS1,CRBN,Q96SW2,2.23,90.6,1,1,False
FVLYVMPYPNMLBF,C[C@H]1CN(C(=O)CCOCCOCCNC2=CC=CC3=C2C(=O)N(C2CCC(=O)NC2=O)C3=O)CCN1C1=CC=C(NC2=CC(C3=CC=NC(N4CCN5C(=CC6=C5CC(C)(C)C6)C4=O)=C3CO)=CN(C)C2=O)N=C1,Q06187,BTK,CRBN,Q96SW2,1.3,96.1,1,1,False
FVYDZXSZKLYSRY,C=CC(=O)NC1=CC=CC(NC2=NC(NC3=CC=C(N4CCN(CC(=O)NCCNC5=CC=CC6=C5C(=O)N(C5CCC(=O)NC5=O)C6=O)CC4)C=C3OC)=NC=C2C(F)(F)F)=C1,P00533,EGFR L858R/T790M,CRBN,Q96SW2,355.9,83.0,1,0,False
FWMASPIIIQBKGD,CC(=O)N1CCC2=C(C1)C(N1CCCC3=CC(C4=CN(C)N=C4)=C(C(F)F)C=C31)=NN2C1CCN(CC(=O)N2CC3=CC4=C(C=C3C2)C(=O)N(C2CCC(=O)NC2=O)C4=O)CC1,Q92793,CBP,CRBN,Q96SW2,1000.0,31.0,2,0,False
FWUIPQXDUCXABU,O=C1CCC(N2C(=O)C3=CC=C(N4CCC(CN5CCC(N6CCC(NC(=O)C7=N[NH]C=C7NC(=O)C7=C(Cl)C=CC=C7Cl)CC6)CC5)C4)C=C3C2=O)C(=O)N1,P24941,CDK2,CRBN,Q96SW2,100.0,28.93,1,0,False
FXGAVYWCFCECNW,NC(=O)C1=CC=CC2=CN(C3=CC=C([C@@H]4CCCN(C(=O)CC5CCN(C(=O)CC6CCN(CC7CCN(C8=CC=C9C(=O)N(C%10CCC(=O)NC%10=O)C(=O)C9=C8)C7)CC6)CC5)C4)C=C3)N=C12,P09874,PARP1,CRBN,Q96SW2,20100.0,49.82,1,0,False
FXHSLFPHSQGRHN,CN(CCCCCCCCCCC(=O)NC1=CC=C2C(=O)N(C3CCC(=O)NC3=O)C(=O)C2=C1)CC[C@@H](C1=CC=CC=C1)N1C=C(NC(=O)C2=N[NH]C3=C2CCC(C)(C)C3)C=N1,Q08881,ITK,CRBN,Q96SW2,75.4,82.0,1,1,False
FXNWDJMYILNTOQ,CN1CCN([C@@H]2CCCN(C3=CN=C(C(N)=O)C(NC4=CC=C5CN(CC6CCN(C7=CC=C8C(=O)N([C@@H]9CCC(=O)NC9=O)C(=O)C8=C7)CC6)CCC5=C4)=N3)C2)C1=O,Q06187,BTK,CRBN,Q96SW2,2.4,95.0,1,1,False
FYKDAWGISLGSMC,CCC1=NC(C(N)=O)=C(NC2=CC=C(N3CCC(N4CCN(C(=O)CCCCCNC5=CC=CC6=C5C(=O)N(C5CCC(=O)NC5=O)C6=O)CC4)CC3)C(OC)=C2)N=C1NC1CCOCC1,P36888,FLT3,CRBN,Q96SW2,2.26,77.2,1,0,False
FYZURCIGJWTNQB,COC1=CC(C2=CN(C)C(=O)C3=CN=CC=C23)=CC(OC)=C1C(=O)N1CC2(CCC(CN3CC4=CC5=C(C=C4C3)C(=O)N(C3CCC(=O)NC3=O)C5)CC2)C1,Q9H8M2,BRD9,CRBN,Q96SW2,5.7,99.0,1,1,False
FZPFOKCSBXRUCY,CC1=C(C)C2=C(S1)N1C(C)=NN=C1[C@H](CC(=O)NCC(=O)NCCCOC1=CC=CC3=C1C(=O)N(C1CCC(=O)NC1=O)C3=O)N=C2C1=CC=C(Cl)C=C1,O60885,BRD4,CRBN,Q96SW2,97.1,88.0,1,1,False
GBTBLBKXKPUBEP,O=C1CCC(N2CC3=NC(N4CCN(CCCC(F)(F)COC5=CC=C([C@@H]6C7=CC=C(O)C=C7CC[C@@H]6C6=CC=CC=C6)C=C5)CC4)=CC=C3C2=O)C(=O)N1,P03372,ERalpha,CRBN,Q96SW2,5.0,75.0,1,0,False
GCZBURKTXXRCIT,C#CC1=C(F)C=CC2=CC(O)=CC(C3=NC=C4C(N5CC6CCC(C5)N6)=NC(OC[C@@H]5C[C@@H](OC6CCN(CC7CCN(C8=CC=C9C(=O)N(C%10CCC(=O)NC%10=O)CC9=C8)CC7)CC6)CN5CC)=NC4=C3F)=C12,P01116,KRAS,CRBN,Q96SW2,100.0,70.0,1,0,False
GDANDLJOHBUYJS,CC1=C(C2=CC=C([C@H](C)NC(=O)[C@@H]3C[C@@H](O)CN3C(=O)[C@@H](C3=CC(O[C@H]4CC[C@H](CN5CCC(C6=CC=C7C(=C6)N6C(=NC(=O)C8=C(Cl)C=CC=C86)C7(C)C)CC5)CC4)=NO3)C(C)C)C=C2)SC=N1,P51531,SMARCA2,VHL,P40337,6.295,95.5,2,1,False
GDRMTFAUTGSZHO,O=C1CCC(N2C(=O)C3=CC4=C(C=C3C2=O)CN(C2CCN(CC3CN(C5=CC=C([C@@H]6C7=CC=C(O)C=C7CC[C@@H]6C6=CC=CC=C6)C=C5)C3)CC2)C4)C(=O)N1,P03372,ERalpha,CRBN,Q96SW2,295.0,57.0,1,0,False
GEFVFURTMGEFHQ,CC1=C(C2=CC=C([C@H](C)NC(=O)[C@@H]3C[C@@H](O)CN3C(=O)[C@@H](NC(=O)C3CCC(N4CCC5(CCC(N6C=C(C7=CC(C8=CC=CC=C8O)=NN=C7N)C=N6)CC5)CC4)CC3)C(C)(C)C)C=C2)SC=N1,P51531,SMARCA2,VHL,P40337,174.5,81.0,2,0,False
GEZDLCVCOOEQEF,O=C1CCC(N2C(=O)C3=CC=C(N4CCC(CN5CCN(CC6=CC=C(NC(=O)C7=N[NH]C=C7NC7=NC=NC8=C7C=C[NH]8)C=C6)CC5)CC4)C=C3C2=O)C(=O)N1,P24941,CDK2,CRBN,Q96SW2,12.69,81.89,1,1,False
GFOZJMJTJXZPGN,CN1C(=O)N(C2CCC(=O)NC2=O)C2=CC=CC(CCCOC3CCN(C[C@H]4CC[C@H](N5C=C(NC(=O)C6=C7N=C(N8C[C@H]9C[C@@H]8CO9)C=CN7N=C6)C(C(F)F)=N5)CC4)CC3)=C21,Q9NWZ3,IRAK4,CRBN,Q96SW2,7.0,95.0,1,1,False
GFTPPVNUXHWDAA,O=C1CCC(N2CC3=CC(N4CCN(CC5CCN(C6=CC=C([C@@H]7C8=CC=C(O)C=C8CC[C@@H]7C7=CC=CC=C7)C=N6)CC5)CC4)=CC=C3C2=O)C(=O)N1,P03372,ERalpha,CRBN,Q96SW2,5.0,75.0,1,0,False
GFVYFOWLPWYPDD,NC(=O)C1=CC=CC2=CN(C3=CC=C([C@@H]4CCCN(CCC5CCN(CCC6CCN(CC7CCN(C8=CC=C9C(=O)N(C%10CCC(=O)NC%10=O)C(=O)C9=C8)CC7)CC6)CC5)C4)C=C3)N=C12,P09874,PARP1,CRBN,Q96SW2,9565.0,85.515,2,0,False
GGLGXBGGASXSIW,CNC(=O)C1=CN=C(NC2=CC=C(C(=O)NCCCCCCCCCC(=O)N[C@H](C(=O)N3C[C@H](O)C[C@H]3C(=O)NCC3=CC=C(C4=C(C)N=CS4)C=C3)C(C)(C)C)C=N2)C=C1NC1=CC=CC(C(=O)NC)=C1OC,P29597,TYK2,VHL,P40337,230.0,77.0,1,0,False
GIBHYBDXJQVMRG,C#CC1=C(F)C=CC2=CC(O)=CC(C3=NC=C4C(N5CC6CCC(C5)N6)=NC(OCCN5CCC(CC6CCN(CC7CCN(C8=CC=C9C(=C8)N(C)C(=O)N9C8CCC(=O)NC8=O)CC7)CC6)CC5)=NC4=C3F)=C12,P01116,KRAS,CRBN,Q96SW2,100.0,60.0,2,0,False
GINGGRXLSOEZKB,O=C1CCC(N2CC3=CC(N4CCCN(CCCCCOC5=CC=C([C@@H]6C7=CC=C(O)C=C7CC[C@@H]6C6=CC=CC=C6)C=C5)CC4)=CC=C3C2=O)C(=O)N1,P03372,ERalpha,CRBN,Q96SW2,5.0,75.0,1,0,False
GIOJKPKLODMSGU,CC(=O)N1CCC2=C(C1)C(N1CCCC3=CC(C4=CN(C)N=C4)=C(C(F)F)C=C31)=NN2C1CCN(C(=O)CCCCNC2=CC=CC3=C2C(=O)N(C2CCC(=O)NC2=O)C3=O)CC1,Q92793,CBP,CRBN,Q96SW2,0.25,95.0,2,1,False
GJBSUVKCGKFMQI,CC1=C(C)C2=C(S1)N1C(C)=NN=C1[C@H](CC(=O)NCCCCCCCCC(=O)N1CCC[C@H]1C(=O)N[C@H]1CCC(=O)NC1=O)N=C2C1=CC=C(Cl)C=C1,O60885,BRD4,CRBN,Q96SW2,780.0,77.0,1,0,False
GLIOFKBFGNGYKR,O=C1CCC(N2C(=O)C3=CC4=C(C=C3C2=O)CN(CC2CCN(CC3CCN(C5=CC=C([C@@H]6C7=CC=C(O)C=C7CC[C@@H]6C6=CC=CC=C6)C=C5)CC3)CC2)C4)C(=O)N1,P03372,ERalpha,CRBN,Q96SW2,4.3,79.0,1,0,False
GMCWCUOAGNWNLO,CC1=C(C2=CC=C([C@H](C)NC(=O)[C@@H]3C[C@@H](O)CN3C(=O)[C@@H](NC(=O)[C@H]3CC[C@H](CN4CC5(CCC(N6C=C(C7=CC(C8=CC=CC=C8O)=NN=C7N)C=N6)CC5)C4)CC3)C(C)(C)C)C=C2)SC=N1,P51531,SMARCA2,VHL,P40337,506.0,67.5,2,0,False
GMMGGIPNNQKWOV,CC(=O)N1CCC2=C(C1)C(N1CCCC3=CC=C(C(F)F)C=C31)=NN2C1CCN(C(=O)CN2CC3=CC4=C(C=C3C2)C(=O)N(C2CCC(=O)NC2=O)C4=O)CC1,Q92793,CBP,CRBN,Q96SW2,361.5,70.5,2,0,False
GMNPITQICRXILF,CCC1=C(F)C=CC2=CC(O)=CC(C3=NC=C4C(N5CC6CCC(C5)N6)=NC(OCCN5CCC(CC6CCN(CC7CCN(C8=CC=CC9=C8CN(C8CCC(=O)NC8=O)C9=O)CC7)CC6)CC5)=NC4=C3F)=C12,P01116,KRAS,CRBN,Q96SW2,100.0,50.0,1,0,False
GNVVSENDBDNIGW,O=C1CC[C@H](N2CC3=C(C=CC4=C3OCC43CCN(C(=O)CCCC4CCN(C5=CC=C([C@@H]6C7=CC=C(O)C=C7CC[C@@H]6C6=CC=CC=C6)C=C5)CC4)CC3)C2=O)C(=O)N1,P03372,ERalpha,CRBN,Q96SW2,0.07929,95.0,1,1,False
GOPHMTKUFKPSCI,O=C1CC[C@H](N2CC3=CC(CCN4CCCN(CC5CN(C6=CC=C([C@@H]7C8=CC=C(O)C=C8CC[C@@H]7C7=CC=CC=C7)C=C6)C5)CC4)=CC=C3C2=O)C(=O)N1,P03372,ERalpha,CRBN,Q96SW2,5.0,50.0,1,0,False
GOTQXALGADJXCG,C=CC(=O)N1CCN(C2=NC(=O)N(C3=C(C)C=CN=C3C(C)C)C3=NC(C4=C(F)C=CC=C4OCCCCC(=O)N[C@H](C(=O)N4C[C@H](O)C[C@H]4C(=O)NCC4=CC=C(C5=C(C)N=CS5)C=C4)C(C)(C)C)=C(F)C=C23)[C@H](C)C1,P01116,KRAS G12C,VHL,P40337,104.0,90.0,1,0,False
GPDMQQMGEDQVDE,O=C1CCC(N2CC3=CC(N4CCN(C5CC(CCCOC6=CC=C([C@@H]7C8=CC=C(O)C=C8CC[C@@H]7C7=CC=CC=C7)C=C6)C5)CC4)=CC=C3C2=O)C(=O)N1,P03372,ERalpha,CRBN,Q96SW2,5.0,75.0,1,0,False
GQEMFJCTLPYJIF,C#CC1=C(F)C=CC2=CC(O)=CC(C3=NC=C4C(N5CC6CCC(C5)N6)=NC(OCCN5CCC(CC6CCN(C7=CC=CC8=C7CN(C7CCC(=O)NC7=O)C8=O)CC6)CC5)=NC4=C3F)=C12,P01116,KRAS,CRBN,Q96SW2,250.0,70.0,1,0,False
GQZPPJBTNANHER,CC(=O)N1CCC2=C(C1)C(C1=CC=CC3=CC(C4=CC=C(C(=O)N5CCC(NC6=CC=CC7=C6C(=O)N(C6CCC(=O)NC6=O)C7=O)CC5)N=C4)=NC=C13)=NN2C1CCOCC1,Q92793,CBP,CRBN,Q96SW2,1.8,86.0,1,1,False
GRCWKRCQBMPDDA,CC(=O)N1CCC2=C(C1)C(C1=CC=CC3=CC(C4=CC=C(C(=O)NCCCCCCCCNC5=CC=CC6=C5C(=O)N(C5CCC(=O)NC5=O)C6=O)N=C4)=NC=C13)=NN2C1CCOCC1,Q92793,CBP,CRBN,Q96SW2,0.9,98.0,2,1,False
GRNGKZZXZZUMTM,CCC1=CC=CC2=CC(O)=CC(C3=NC=C4C(N5CC6CCC(C5)N6)=NC(OCCN5CCN(C6=CC=C(C(=O)NC7CCC(=O)NC7=O)C(F)=C6)CC5)=NC4=C3F)=C12,P01116,KRAS,CRBN,Q96SW2,1000.0,25.0,1,0,False
GRSNZWSQIYXFPM,C#CC1=C(F)C=CC2=CC(O)=CC(C3=NC=C4C(N5CC6CCC(C5)N6)=NC(OCCN5CCC(CC6CCN(CC7(F)CCN(C8=CC=CC9=C8CN(C8CCC(=O)NC8=O)C9=O)CC7)CC6)CC5)=NC4=C3F)=C12,P01116,KRAS,CRBN,Q96SW2,100.0,50.0,1,0,False
GRTUCEOYBLSCJP,CC(=O)N1CCC2=C(C1)C(C1=CC=CC3=CC(C4=CC=C(C(=O)NCCCNC5=CC=CC6=C5C(=O)N(C5CCC(=O)NC5=O)C6=O)N=C4)=NC=C13)=NN2C1CCOCC1,Q92793,CBP,CRBN,Q96SW2,0.95,80.5,2,1,False
GRVXOUZOUFEVRY,C#CC1=C(F)C=CC2=CC(O)=CC(C3=NC=C4C(N5CC6CCC(C5)N6)=NC(OC[C@@H]5CC[C@@H](CN6CCN(C7=CC=C8C(=C7)N(C(C)C)C(=O)N8C7CCC(=O)NC7=O)CC6)N5C)=NC4=C3F)=C12,P01116,KRAS,CRBN,Q96SW2,100.0,70.0,1,0,False
GRWBTVZBARTMKI,CCC1=C(F)C=CC2=CC(O)=CC(C3=NC=C4C(N5CC6CCC(C5)N6)=NC(OCCN5CCC(F)(CN6CCN(CC7CCN(C8=CC=C9C(=C8)N(C)C(=O)N9C8CCC(=O)NC8=O)CC7)CC6)CC5)=NC4=C3F)=C12,P01116,KRAS,CRBN,Q96SW2,100.0,70.0,1,0,False
GTQNZEKBJQYAJI,CCC1=CC2=C(C=N1)C(=O)N(C)C=C2C1=CC(OC)=C(C(=O)N2CCC3(CCC(CN4CC5=CC6=C(C=C5C4)C(=O)N(C4CCC(=O)NC4=O)C6=O)CC3)CC2)C(OC)=C1,Q9H8M2,BRD9,CRBN,Q96SW2,94.0,97.0,1,1,False
GTVLOQRXXFNCKD,CN(CCCOCCCC1=CC=CC2=C1N(C)C(=O)N2C1CCC(=O)NC1=O)C[C@H]1CC[C@H](N2C=C(NC(=O)C3=C4N=C(N(C)C)C=CN4N=C3)C(C(F)F)=N2)CC1,Q9NWZ3,IRAK4,CRBN,Q96SW2,10000.0,95.0,1,0,False
GUKINEBETXGZNQ,CC1=C(C)C2=C(S1)N1C(C)=NN=C1[C@H](CC(=O)NCCCCCNC1=CC=C(CC3=CC=C4C(=O)N(C5CCC(=O)NC5=O)CC4=C3)C=C1)N=C2C1=CC=C(Cl)C=C1,O60885,BRD4,CRBN,Q96SW2,2.6,62.0,1,0,False
GUQFDBHYZUFOJM,O=C1CCC(N2C(=O)C3=CC=C(N4CCN(CCCCCOC5=CC=C(C6C7=CC=C(O)C=C7CCN6C6=CC=C(C(F)(F)F)C=C6F)C=C5)CC4)C=C3C2=O)C(=O)N1,P03372,ERalpha,CRBN,Q96SW2,5.0,50.0,1,0,False
GUWGCJCFMYJJCN,O=C1CC[C@H](N2CC3=C(C=CC4=C3OC[C@H]3CN(CC(=O)N5CCC6(CC5)CN(C5=CC=C([C@@H]7C8=CC=C(O)C=C8CC[C@@H]7C7=CC=CC=C7)C=C5)C6)CCN43)C2=O)C(=O)N1,P03372,ERalpha,CRBN,Q96SW2,0.1,100.0,1,1,False
GVINOWISVXZLKA,C#CC1=C(F)C=CC2=CC(O)=CC(C3=NC=C4C(N5CC6CCC(C5)N6)=NC(OCCN5CCC(CC6CCN(CC7CCN(C8=CC=CC9=C8C(=O)N(C8CCC(=O)NC8=O)C9=O)CC7)CC6)CC5)=NC4=C3F)=C12,P01116,KRAS,CRBN,Q96SW2,100.0,50.0,1,0,False
GWNHLXPYNJETCH,C#CC1=C(F)C=CC2=CC(O)=CC(C3=CC=C4C(N5CC6CCC(C5)N6)=NC(OCCN5CCC(CN6CCC(CC7CCN(C8=CC=C9C(=C8)N(C)C(=O)N9C8CCC(=O)NC8=O)CC7)CC6)CC5)=NC4=C3F)=C12,P01116,KRAS,CRBN,Q96SW2,100.0,70.0,1,0,False
GXMZVRVWLSTSEG,CC1=CC=CC(C[C@@H](NC(=O)C2=CC=C3[NH]N=CC3=C2)C(=O)N2CC3=C(C[C@@H]2C(=O)NCCOCCOCCOCCOCCOCCOCCOCCNC2=CC=CC4=C2C(=O)N([C@@H]2CCC(=O)NC2=O)C4=O)C2=CC=CC=C2[NH]3)=C1,Q06187,BTK,CRBN,Q96SW2,2885.0,51.0,1,0,False
GZPJFHIWNQNNSD,CCC1=CC=CC2=CC(O)=CC(C3=NC=C4C(N5C[C@@H]6CC[C@H](C5)N6)=NC(OC[C@@H]5CCCN5CCCCCCCC(=O)N[C@H](C(=O)N5C[C@H](O)C[C@H]5C(=O)N[C@@H](C)C5=CC=C(C6=C(C)N=CS6)C=C5)C(C)(C)C)=NC4=C3F)=C12,P01116,KRAS G12D,VHL,P40337,226.3,82.4,1,0,False
HBADDMDENKIOJR,O=C1CCC(N2C(=O)C3=CC=C(N4CCC(N5CCC(NC(=O)C6=N[NH]C=C6NC(=O)C6=C(Cl)C=CC=C6Cl)CC5)CC4)C=C3C2=O)C(=O)N1,P24941,CDK2,CRBN,Q96SW2,2.8,79.2,1,0,False
HBEJXYBKHVCHGV,CCN1CCC(N2C=C(C3=C[NH]C4=NC=C(C5=CC=C(N6CCC(F)(CN7CCN(C(=O)C8=CC=C(Cl)C(N9CCC(=O)NC9=O)=C8)CC7)CC6)C=C5)N=C34)C=N2)CC1,Q92918,MAP4K1,CRBN,Q96SW2,229.6,58.0,1,0,False
HBHGPBBNMZIAKT,O=C1CCC(N2CC3=CC(N4CCN(CCCCCOC5=CC=C([C@@H]6C7=CC=C(O)C=C7CC[C@@H]6C6=CC=C(F)C=C6F)C=C5)CC4)=CC=C3C2=O)C(=O)N1,P03372,ERalpha,CRBN,Q96SW2,5.0,50.0,1,0,False
HBIFBOLRZZOMQV,C#CC1=C(F)C=CC2=CC(O)=CC(C3=NC=C4C(N5CC6CCC(C5)N6)=NC(OCCN5CCC6(CC5)CCN(CC5(F)CCN(C7=CC=C8C(=O)N(C9CCC(=O)NC9=O)CC8=C7F)CC5)CC6)=NC4=C3F)=C12,P01116,KRAS,CRBN,Q96SW2,100.0,70.0,1,0,False
HBMULTNZJNRNCG,O=C1CCC(N2CC3=NC(N4CCN(CC5CCN(C6=C(F)C=C([C@@H]7C8=CC=C(O)C=C8CC[C@@H]7C7=CC=CC=C7)C=C6F)CC5)CC4)=CC=C3C2=O)C(=O)N1,P03372,ERalpha,CRBN,Q96SW2,5.0,50.0,1,0,False
HDCCMCFIGHIDJR,CC1=C(C2=CC=C([C@H](C)NC(=O)[C@@H]3C[C@@H](O)CN3C(=O)[C@@H](NC(=O)CN3CCN(C4=CC(C5=CC=CC=C5O)=NN=C4N)CC3)C(C)(C)C)C=C2)SC=N1,P51531,SMARCA2,VHL,P40337,85.0,96.0,1,1,False
HDDDLGGWALGZKG,C#CC1=C(F)C=CC2=CC(O)=CC(C3=NC=C4C(N5CC6CCC(C5)N6)=NC(OCCN5CCC6(CC5)CCN(CC5CCN(C7=CC=C8C(=O)N(C9CCC(=O)NC9=O)C(=O)C8=C7)CC5)CC6)=NC4=C3F)=C12,P01116,KRAS,CRBN,Q96SW2,100.0,70.0,1,0,False
HDKHIHXXGKCSBP,O=C1CCC(N2C(=O)C3=CC=CC(NC(=O)CCCCCN4CCN(C5=CC=C(NC6=NC=C7N=CC(=O)N(C8CCCC8)C7=N6)C=C5)CC4)=C3C2=O)C(=O)N1,P11802,CDK4,CRBN,Q96SW2,36.45,90.0,2,1,False
HELQGVYGMYKION,CC(C)S(=O)(=O)C1=CC=CC=C1NC1=NC(NC2=CC=C(N3CCN(C(=O)CCC(=O)NCCNC4=CC=CC5=C4C(=O)N(C4CCC(=O)NC4=O)C5=O)CC3)C=C2)=NC2=C1N=C[NH]2,P33981,TTK,CRBN,Q96SW2,242.5,38.15,2,0,False
HFDHVDIXYSXIRN,CC1=NC2=CC(NC(=O)CCCCCCCNC(=O)COC3=CC=CC4=C3C(=O)N(C3CCC(=O)NC3=O)C4=O)=CC=C2N1CC1=CC=C(C(=O)NO)C=C1F,Q9UBN7,HDAC6,CRBN,Q96SW2,19.39,92.77,1,1,False
HFMNEWFVZKPATN,CCC1=CC=CC2=C(F)C(O)=CC(C3=NC=C4C(N5CC6CCC(C5)N6)=NC(OCCN5CCC(CC6CCN(C7=CC=CC8=C7CN(C7CCC(=O)NC7=O)C8=O)CC6)CC5)=NC4=C3F)=C12,P01116,KRAS,CRBN,Q96SW2,1000.0,25.0,1,0,False
HGEMTRSJRJKZAH,O=C1CC[C@H](N2CC3=C(C=CC4=C3OC[C@H]3CN(C(=O)COC5=CC=C([C@@H]6C7=CC=C(O)C=C7CC[C@@H]6C6=CC=CC=C6)C=C5)CCN43)C2=O)C(=O)N1,P03372,ERalpha,CRBN,Q96SW2,0.3,25.0,1,0,False
HGFFZPKBYNCGJP,CN(CCCCCC(=O)NC1=CC=C2C(=O)N(C3CCC(=O)NC3=O)C(=O)C2=C1)CC[C@@H](C1=CC=CC=C1)N1C=C(NC(=O)C2=N[NH]C3=C2CCC(C)(C)C3)C=N1,Q08881,ITK,CRBN,Q96SW2,7.0,99.0,1,1,False
HIMPUSAONKTVMA,O=C(CCCCOC1=CC=C(CCNC(=O)C2=CC=CC(C(=O)NO)=C2)C=C1)NCCCCCCNC1=CC=C2C(=O)N(C3CCC(=O)NC3=O)C(=O)C2=C1,Q9BY41,HDAC8,CRBN,Q96SW2,441.0,77.0,1,0,False
HJLNFVSSNIFDNV,N#CC1=CC=C(N2CCC(C3=CC=C(OCCCN4CCN(C5=CC=C6C(=O)N(C7CCC(=O)NC7=O)CC6=C5)CC4)C=C3)CC2)C=C1C(F)(F)F,P10275,AR,CRBN,Q96SW2,16.0,79.0,1,0,False
HKMUULSLHVOHMZ,CC(=O)N1CCC2=C(C1)C(C1=CC=CC3=CC(C4=CC=C(C(=O)NCCNC5=CC=CC6=C5C(=O)N(C5CCC(=O)NC5=O)C6=O)N=C4)=NC=C13)=NN2C1CCOCC1,Q92793,CBP,CRBN,Q96SW2,1.7,66.0,1,0,False
HKSBXNVKPFTBIG,CNC1=NC(NC2=CC=C(C(=O)N3CCN(C[C@H]4CC[C@H](CSC(C)(C)[C@H](NC(=O)C5(F)CC5)C(=O)N5C[C@H](O)C[C@H]5C(=O)NCC5=CC=C(C6=C(C)N=CS6)C=C5)CC4)CC3)C=C2OC)=NC=C1Cl,Q5S007,LRRK2,VHL,P40337,23.0,81.5,4,1,False
HKYGFRGGDPTYPH,O=C1CCC(N2C(=O)C3=CC=C(N4CCN(CCCCCOC5=CC=C([C@@H]6C7=CC=C(O)C(F)=C7CC[C@@H]6C6=CC=C(F)C=C6)C=C5)CC4)C=C3C2=O)C(=O)N1,P03372,ERalpha,CRBN,Q96SW2,5.0,50.0,1,0,False
HLFIMIUCZKHKSI,CC(=O)N1CCC2=C(C1)C(C1=CC=CC3=CC(C4=CC=C(C(=O)NCCCCC5=CC=CC6=C5CN(C5CCC(=O)NC5=O)C6=O)N=C4)=NC=C13)=NN2C1CCOCC1,Q92793,CBP,CRBN,Q96SW2,0.15000000000000002,89.5,2,1,False
HLYLNRDFJAPWSR,O=C1CCC(N2CC3=CC(N4CCN(CCO[C@H]5CCN(C6=CC=C([C@@H]7C8=CC=C(O)C=C8CC[C@@H]7C7=CC=CC=C7)C=C6)C5)CC4)=CC=C3C2=O)C(=O)N1,P03372,ERalpha,CRBN,Q96SW2,5.0,50.0,1,0,False
HMFPWZHVOGKYKT,C#CC1=C(F)C=CC2=CC(O)=CC(C3=NC=C4C(N5CC6CCC(C5)N6)=NC(OCCN5CCC(CC6CCN(CC7CCN(C8=CC(F)=CC9=C8CN(C8CCC(=O)NC8=O)C9=O)CC7)CC6)CC5)=NC4=C3F)=C12,P01116,KRAS,CRBN,Q96SW2,100.0,70.0,1,0,False
HMGDRXZDHYGWAH,C#CC1=C(F)C=CC2=CC(O)=CC(C3=NC=C4C(N5CC6CCC(C5)N6)=NC(OCC5(CN6CCC7(CCN(CC8CCN(C9=CC=C%10C(=C9)N(C)C(=O)N%10C9CCC(=O)NC9=O)CC8)CC7)CC6)CC5)=NC4=C3F)=C12,P01116,KRAS,CRBN,Q96SW2,100.0,70.0,1,0,False
HMJPYTUDBOCFFX,O=C1CCC(N2CC3=CC(N4CCN(CC5CCN(C6=CC=C([C@@H]7C8=CC=C(O)C=C8CC[C@@H]7C7=CC=CC=C7)C=C6F)CC5)CC4)=CC=C3C2=O)C(=O)N1,P03372,ERalpha,CRBN,Q96SW2,5.0,75.0,3,0,False
HMLXCHFBGHUPHQ,CC(=O)N1CCC2=C(C1)C(C1=CC=CC3=CC(C4=CC=C(C(=O)N5CC6(CCC(NC7=CC=CC8=C7C(=O)N(C7CCC(=O)NC7=O)C8=O)CC6)C5)N=C4)=NC=C13)=NN2C1CCOCC1,Q92793,CBP,CRBN,Q96SW2,14.9,71.5,2,0,False
HMNVIAPVKDAEDF,CC(C)S(=O)(=O)C1=CC=CC=C1NC1=NC(NC2=CC=C(N3CCN(CCCCC(=O)NC4=CC=CC5=C4C(=O)N(C4CCC(=O)NC4=O)C5=O)CC3)C=C2)=NC2=C1N=C[NH]2,P33981,TTK,CRBN,Q96SW2,84.5,59.05,3,0,False
HNWIYSLNSNGHQL,C#CC1=C(F)C=CC2=CC(O)=CC(C3=NC=C4C(N5CC6CCC(C5)N6)=NC(OCCN5CCC(CN6CCC(CC7CCN(C8=CC(C)=C9C(=O)N(C%10CCC(=O)NC%10=O)CC9=C8F)CC7)CC6)CC5)=NC4=C3F)=C12,P01116,KRAS,CRBN,Q96SW2,100.0,70.0,1,0,False
HOBINWBQKZMFPS,CC1=C(C2=CC=C([C@H](COCCN3CCC(C4=CC=C5C(=C4)N(C4CCCC4)C4=NC(=O)C6=C(Br)C=CC=C6N54)CC3)NC(=O)[C@@H]3C[C@@H](O)CN3C(=O)[C@@H](NC(=O)C3(F)CC3)C(C)(C)C)C=C2)SC=N1,P51531,SMARCA2,VHL,P40337,10.0,80.0,1,1,False
HOUFSBOLUUKSEG,CN1C(=O)N(C2CCC(=O)NC2=O)C2=CC=CC(C#CCOC3(C)CCN(C[C@H]4CC[C@H](N5C=C(NC(=O)C6=C7N=C(N8C[C@H]9C[C@@H]8CO9)C=CN7N=C6)C(C(F)F)=N5)CC4)CC3)=C21,Q9NWZ3,IRAK4,CRBN,Q96SW2,17.0,95.0,1,1,False
HQGJFLMZLKUQQK,NC(=O)C1=CC=CC2=CN(C3=CC=C([C@@H]4CCCN(C(=O)CC5CCN(CCC6CCN(CC7CCN(C8=CC=C9C(=O)N(C%10CCC(=O)NC%10=O)C(=O)C9=C8)C7)CC6)CC5)C4)C=C3)N=C12,P09874,PARP1,CRBN,Q96SW2,20000.0,33.62,1,0,False
HRBKSBSBJGJLMD,O=C1CC[C@H](N2CC3=C(C=CC4=C3OCC43CCN(CC4CCC5(CCN(C6=CC=C([C@@H]7C8=CC=C(O)C=C8CC[C@@H]7C7=CC=CC=C7)C=C6)CC5)C4)CC3)C2=O)C(=O)N1,P03372,ERalpha,CRBN,Q96SW2,0.1267,92.0,1,1,False
HREXKQQPJFGTJW,N#CC1=CC=C(N2CCC(C3=CC=C(N4CCC(CN5CCN(C6=CC7=C(C=C6F)C(=O)N(C6CCC(=O)NC6=O)C7=O)CC5)CC4)C=C3)CC2)C=C1C(F)(F)F,P10275,AR,CRBN,Q96SW2,180.0,92.0,1,0,False
HSRBMGCEYQGMKV,O=C1CCC(N2C(=O)C3=CC=C(N4CCC(CN5CCC(CN6CCC(NC(=O)C7=N[NH]C=C7NC(=O)C7=C(Cl)C=CC=C7Cl)CC6)CC5)CC4)C=C3C2=O)C(=O)N1,P24941,CDK2,CRBN,Q96SW2,100.0,31.84,1,0,False
HSRYBYBNUIXGPN,COC1=CC=C([C@H]2CCC3=CC(O)=CC=C3[C@H]2C2=CC=C(N3CCC(CCN4CCN(C5=CC=C6C(=O)N(C7CCC(=O)NC7=O)CC6=C5)CC4)CC3)C=C2)C=C1,P03372,ERalpha,CRBN,Q96SW2,5.0,75.0,1,0,False
HSTRRNDJSXXGTP,CC1=C(C2=CC=C([C@H](C)NC(=O)[C@@H]3C[C@@H](O)CN3C(=O)[C@@H](NC(=O)CCOCCOCCN3C=C(C4=CC(C5=CC=CC=C5O)=NN=C4N)C=N3)C(C)(C)C)C=C2)SC=N1,P51531,SMARCA2,VHL,P40337,656.5,67.5,2,0,False
HSWPRTMIJULITP,C[C@H]1CN(C(=O)CCCNC2=CC=CC3=C2C(=O)N(C2CCC(=O)NC2=O)C3=O)CCN1C1=CC=C(NC2=CC(C3=CC=NC(N4CCN5C(=CC6=C5CC(C)(C)C6)C4=O)=C3CO)=CN(C)C2=O)N=C1,Q06187,BTK,CRBN,Q96SW2,0.9,95.7,1,1,False
HTBYGFLLMYLTHB,CN1CC[C@H]2CC[C@@H](C(=O)N[C@@H](CCC(N)=O)C(=O)N[C@H](C(=O)NCCCCCCCCC#CC3=CC=CC4=C3CN(C3CCC(=O)NC3=O)C4=O)C3=CC=CC=C3)N2C(=O)[C@@H](NC(=O)C2=CC3=CC(C(F)(F)P(=O)(O)O)=CC=C3S2)C1,P40763,STAT3,CRBN,Q96SW2,800.0,60.0,1,0,False
HTCYENAEFGXMBN,O=C1CCC(N2C(=O)C3=CC=CC(NC(=O)CCCCCN4C=C(CN5CCN(C6=CC=C(NC7=NC=C8N=CC(=O)N(C9CCCC9)C8=N7)C=C6)CC5)N=N4)=C3C2=O)C(=O)N1,P11802,CDK4,CRBN,Q96SW2,508.15,68.5,2,0,False
HTRPLICOUPYTSA,COC1=CC(C2=CN(C)C(=O)C3=CN=CC=C23)=CC(OC)=C1CN1CC2=CC3=C(C=C2C1)C(=O)N(C1CCC(=O)NC1=O)C3,Q9H8M2,BRD9,CRBN,Q96SW2,37.0,90.0,1,1,False
HTTICGLXYYLMDH,CC[C@@H](CO)NC1=NC2=C(C(C)C)C=NN2C(NCC2=CC=C(NC(=O)N3CCC(N4CCN(C5=CC6=C(C=C5F)C(=O)N(C5CCC(=O)NC5=O)C6=O)CC4)CC3)C=C2)=N1,P50750,CDK9,CRBN,Q96SW2,3.94,96.0,1,1,False
HTZKEGBJQSNRPS,C#CC1=C(F)C=CC2=CC(O)=CC(C3=NC=C4C(N5CC6CCC(C5)N6)=NC(OC[C@@H]5C[C@@H](OC6CCN(CC7CCN(C8=CC=C9C(=C8F)N(C(C)C)C(=O)N9C8CCC(=O)NC8=O)CC7)CC6)CN5C)=NC4=C3F)=C12,P01116,KRAS,CRBN,Q96SW2,100.0,70.0,1,0,False
HUPQXHIYSCJHFN,CCC1=CC=CC2=CC(O)=CC(C3=NC=C4C(N5CC6CCC(C5)N6)=NC(OC[C@H]5C[C@H](OC6CCN(C7=CC=C8C(=O)N(C9CCC(=O)NC9=O)CC8=C7)CC6)CN5C)=NC4=C3F)=C12,P01116,KRAS,CRBN,Q96SW2,100.0,70.0,1,0,False
HVBHZDKTMNATQR,CCC1=CC=CC2=CC(O)=CC(C3=NC=C4C(N5CC6CCC(C5)N6)=NC(OCCN5CCC(CC6CCN(C7=CC=CC8=C7N(C)C(=O)N8C7CCC(=O)NC7=O)CC6)CC5)=NC4=C3F)=C12,P01116,KRAS,CRBN,Q96SW2,1000.0,50.0,1,0,False
HVCUHKYQOOWTKP,O=C1CCC(N2CC3=CC(N4CC5(CN(CCCCOC6=CC=C([C@@H]7C8=CC=C(O)C=C8CC[C@@H]7C7=CC=C(F)C=C7)C=C6)C5)C4)=CC=C3C2=O)C(=O)N1,P03372,ERalpha,CRBN,Q96SW2,5.0,50.0,1,0,False
HVGXJCYZTQDJAH,C#CC1=C(F)C=CC2=CC(O)=CC(C3=CC=C4C(N5CC6CCC(C5)N6)=NC(OCCN5CCC6(CC5)CCN(CC5CCN(C7=CC=C8C(=C7F)N(C)C(=O)N8C7CCC(=O)NC7=O)CC5)CC6)=NC4=C3F)=C12,P01116,KRAS,CRBN,Q96SW2,100.0,70.0,1,0,False
HVKRSVRPJLSWCD,C#CC1=C(F)C=CC2=CC(O)=CC(C3=NC=C4C(N5CC6CCC(C5)N6)=NC(OCCN5CCC(CC6CCN(CC7CCN(C8=CC=CC9=C8N(C)C(=O)N9C8CCC(=O)NC8=O)CC7)CC6)CC5)=NC4=C3F)=C12,P01116,KRAS,CRBN,Q96SW2,100.0,70.0,1,0,False
HVMKSQIOKMVOOE,O=C1CCC(N2C(=O)C3=CC4=C(C=C3C2=O)CN(CC2CCN(CC3CN(C5=CC=C([C@@H]6C7=CC=C(O)C=C7CC[C@@H]6C6=CC=CC=C6)C=C5)C3)CC2)C4)C(=O)N1,P03372,ERalpha,CRBN,Q96SW2,19.0,64.0,1,0,False
HVNFFKLHUBPWOR,O=C1CCC(N2C(=O)C3=CC=C(N4CCN(CCCN5CCC(C6=CC=C([C@@H]7C8=CC=C(O)C=C8CC[C@@H]7C7=CC=CC=C7)C=C6)CC5)CC4)C=C3C2=O)C(=O)N1,P03372,ERalpha,CRBN,Q96SW2,5.0,75.0,1,0,False
HVVUCVPBWVLAFT,COC1=CC(C2=CN(C)C(=O)C3=CN=CC=C23)=CC(OC)=C1C(=O)N1CCC(CN2CC3=CC4=C(C=C3C2)C(=O)N(C2CCC(=O)NC2=O)C4=O)CC1,Q9H8M2,BRD9,CRBN,Q96SW2,107.0,90.0,1,0,False
HWBJXQNUDFNRQJ,O=C1CCC(N2CC3=CC(N4CCN(CCN5CCC(OC6=CC=C([C@@H]7C8=CC=C(O)C=C8CC[C@@H]7C7=CC=CC=C7)C=C6)CC5)CC4)=CC=C3C2=O)C(=O)N1,P03372,ERalpha,CRBN,Q96SW2,5.0,50.0,1,0,False
HWEFEZUTECUWNS,CC1=C(C2=CC=C(CNC(=O)[C@@H]3C[C@@H](O)CN3C(=O)[C@@H](NC(=O)CCCCCCCCCN3C=C(CCCOC(=O)NCC4=CC=C(C(=O)NC5=CC=CC=C5N)C=C4)N=N3)C(C)(C)C)C=C2)SC=N1,Q13547,HDAC1,VHL,P40337,2840.0,62.0,1,0,False
HWEWHJKPIYCTHI,O=C1CC[C@H](N2CC3=C(C=CC4=C3OC[C@H]3CN(CC5CC6(CCN(C7=CC=C([C@@H]8C9=CC=C(O)C=C9CC[C@@H]8C8=CC=CC=C8)C=C7)CC6)CO5)CCN43)C2=O)C(=O)N1,P03372,ERalpha,CRBN,Q96SW2,0.9,100.0,1,1,False
HXJOBSTYEDSJNC,CCC1=CC=CC2=CC(O)=CC(C3=NC=C4C(N5CC6CCC(C5)N6)=NC(OCCN5CCN(CC6CCN(C7=CC=C(OC)C(C(=O)NC8CCC(=O)NC8=O)=C7)CC6)CC5)=NC4=C3F)=C12,P01116,KRAS,CRBN,Q96SW2,1000.0,25.0,1,0,False
HYHSJYMZWGTVLB,CC(=O)N1CCC2=C(C1)C(C1=CC=CC3=CC(C4=CC=C(C(=O)NCCCCCNC5=CC=CC6=C5C(=O)N(C5CCC(=O)NC5=O)C6=O)N=C4)=NC=C13)=NN2C1CCOCC1,Q92793,CBP,CRBN,Q96SW2,0.65,93.5,2,1,False
HYVIMBFWEYTPNQ,CN1CC[C@H]2CC[C@@H](C(=O)N[C@@H](CCC(N)=O)C(=O)N[C@H](C(=O)N3CCC(CCC#CC4=CC=CC5=C4CN(C4CCC(=O)NC4=O)C5=O)CC3)C3=CC=CC=C3)N2C(=O)[C@@H](NC(=O)C2=CC3=CC(C(F)(F)P(=O)(O)O)=CC=C3S2)C1,P40763,STAT3,CRBN,Q96SW2,300.0,86.0,1,0,False
HYZMVIWTOQSXRR,C[C@H]1CN(C(=O)CCCCCCCCCCCNC2=CC=CC3=C2C(=O)N(C2CCC(=O)NC2=O)C3=O)CCN1C1=CC=C(NC2=CC(C3=CC=NC(N4CCN5C(=CC6=C5CC(C)(C)C6)C4=O)=C3CO)=CN(C)C2=O)N=C1,Q06187,BTK,CRBN,Q96SW2,113.0,89.0,1,0,False
IBCRRCGKMSVYRY,C[C@H]1CC2(CCN(C3=CC=C(C(=O)N4CCC(CN5CC6=CC7=C(C=C6C5)C(=O)N(C5CCC(=O)NC5=O)C7=O)CC4)N=C3)CC2)CN1C1=CC=C(C#N)C(Cl)=C1,P10275,AR,CRBN,Q96SW2,15.6,99.0,1,1,False
IBWMKKPVZHZHTL,O=C1CCC(N2CC3=CC(N4CCN(CCNCCOC5=CC=C([C@@H]6C7=CC=C(O)C=C7CC[C@@H]6C6=CC=CC=C6)C=C5)CC4)=CC=C3C2=O)C(=O)N1,P03372,ERalpha,CRBN,Q96SW2,5.0,50.0,1,0,False
ICPREALNMMYIPF,O=C1CC[C@H](N2CC3=C(C=CC4=C3OC[C@H]3CN(C(=O)CN5CC6(C5)CN(C5=CC=C([C@@H]7C8=CC=C(O)C=C8CC[C@@H]7C7=CC=CC=C7)C=C5)C6)CCN43)C2=O)C(=O)N1,P03372,ERalpha,CRBN,Q96SW2,0.011,100.0,1,1,False
ICQRDWJIGVISFZ,COC1=CC(C2=CN(C)C(=O)C3=CN=CC=C23)=CC(OC)=C1C(=O)N1CCC2(CC1)CC(N1CC3=CC4=C(C=C3C1)C(=O)N(C1CCC(=O)NC1=O)C4)C2,Q9H8M2,BRD9,CRBN,Q96SW2,3.0,99.0,1,1,False
ICSOCJOBEUEOEV,CC1=C(C)C2=C(S1)N1C(C)=NN=C1[C@H](CC(=O)NCCCCCCCCC(=O)N[C@@H](CC1=CC3=CC=CC=C3[NH]1)C(=O)N[C@H]1CC(=O)NC1=O)N=C2C1=CC=C(Cl)C=C1,O60885,BRD4,CRBN,Q96SW2,30.0,99.0,1,1,False
IDFDLTKSQGRMMG,CC(=O)N1CCC2=C(C1)C(C1=CC=CC3=CC(C4=CC=C(C(=O)NCCCCCCCNC5=CC=CC6=C5C(=O)N(C5CCC(=O)NC5=O)C6=O)N=C4)=NC=C13)=NN2C1CCOCC1,Q92793,CBP,CRBN,Q96SW2,1.75,93.0,2,1,False
IDVDIZDCUKZAOV,O=C1CCC(N2CC3=CC(N4CCN(CCCCCCOC5=CC=C([C@@H]6C7=CC=C(O)C=C7CC[C@@H]6C6=CC=CC=C6)C=C5)CC4)=CC=C3C2=O)C(=O)N1,P03372,ERalpha,CRBN,Q96SW2,5.0,75.0,1,0,False
IEFJIESJXZXMBS,CC1=CC(C2=C[NH]C3=NC=C(C4=CC=C(C5CCN(C(=O)CCOCCOCCOC6=CC=CC7=C6C(=O)N(C6CCC(=O)NC6=O)C7=O)CC5)C=C4)N=C23)=CC=C1C(=O)N(C)C,Q92918,MAP4K1,CRBN,Q96SW2,245.47,56.6,1,0,False
IESOKNQYZZGWEK,O=C1CCC(N2CC3=CC(N4CCN(CC5CCN(C6=CC=C([C@@H]7C8=CC=C(O)C=C8CC[C@@H]7C7=CC=C(F)C=C7)C=C6)CC5)CC4)=CC=C3C2=O)C(=O)N1,P03372,ERalpha,CRBN,Q96SW2,5.0,75.0,1,0,False
IFFJMOZOLVHKAT,CN(CCOCC1=CC=C([C@@H]2C3=CC=C(O)C=C3CC[C@@H]2C2=CC=CC=C2)C=C1)[C@H]1CC[C@H](C2=CC=C3C(=O)N([C@H]4CCC(=O)NC4=O)CC3=C2)CC1,P03372,ERalpha,CRBN,Q96SW2,5.0,50.0,1,0,False
IFGRJEDDLDJVFO,O=C1CCC(N2C(=O)C3=CC=CC(OCCCCN4C=C(CCCCCN5CCC(NC(=O)C6=C(NC(=O)C7=C(Cl)C=CC=C7Cl)C=N[NH]6)CC5)N=N4)=C3C2=O)C(=O)N1,P50750,CDK9,CRBN,Q96SW2,400.0,58.6,1,0,False
IFPXXFMXWDLQFQ,COC1=CC2=NC(C)=NC(N[C@H](C)C3=CC(N)=CC(C(F)(F)F)=C3)=C2C=C1OCC1(CN(C)C(=O)C2CCN(CCNC3=CC=CC4=C3C(=O)N(C3CCC(=O)NC3=O)C4=O)CC2)CC1,Q07889,SOS1,CRBN,Q96SW2,44.0,90.0,1,1,False
IFRRBNGUULWZMN,CC(=O)N1CCC2=C(C1)C(N1CCCC3=CC(C4=CN(C)N=C4)=C(C(F)F)C=C31)=NN2C1CCN(C(=O)CCCNC2=CC=CC3=C2C(=O)N(C2CCC(=O)NC2=O)C3=O)CC1,Q92793,CBP,CRBN,Q96SW2,1.2999999999999998,92.5,2,1,False
IGVWCTHYJFXSBS,CCC(C)(C)C(=O)C(=O)N1CCCC[C@H]1C(=O)O[C@H](CCC1=CC=C(OC)C(OC)=C1)C1=CC=CC(NC(=O)CCC(=O)NCCCCCCC(=O)N2CCC[C@H]2C(=O)N[C@@H]2CCC(=O)NC2=O)=C1,P62942,FKBP12,CRBN,Q96SW2,428.0,88.0,1,0,False
IHSNQZPLVFVVMX,COC1=CC(N2CCN(CC3CCN(C4=CC=C(C5CCN(C6=CC=C(C#N)C(C(F)(F)F)=C6F)CC5)C=C4)CC3)CC2)=CC2=C1C(=O)N(C1CCC(=O)NC1=O)C2,P10275,AR,CRBN,Q96SW2,57.0,85.0,2,1,False
IICKZTABJMLFAS,O=C1CCC(N2C(=O)C3=CC4=C(C=C3C2=O)CN(CC(=O)N2CCC3(CC2)CCN(C2=CC=C([C@@H]5C6=CC=C(O)C=C6CC[C@@H]5C5=CC=CC=C5)C=C2)C3)C4)C(=O)N1,P03372,ERalpha,CRBN,Q96SW2,18.0,58.0,1,0,False
IIMIYRHGPQNUTI,CC(=O)N1CCC2=C(C1)C(C1=CC=CC3=CC(C4=CC=C(C(=O)NCCCC5=CC=CC6=C5CN(C5CCC(=O)NC5=O)C6=O)N=C4)=NC=C13)=NN2C1CCOCC1,Q92793,CBP,CRBN,Q96SW2,1.7999999999999998,97.0,2,1,False
IIODAHZZCZHBBG,O=C1CCC(N2CC3=CC(N4CCN(CC[C@@H]5C[C@H]5COC5=CC=C([C@@H]6C7=CC=C(O)C=C7CC[C@@H]6C6=CC=CC=C6)C=C5)CC4)=CC=C3C2=O)C(=O)N1,P03372,ERalpha,CRBN,Q96SW2,5.0,62.5,2,0,False
IIOOLBGMXUJQLM,O=C1CCC(N2C(=O)C3=CC=C(N4CCN(CC5CCN(C(=O)CN6CCN(C7=CC=C(NC8=NC=C9N=CC(=O)N(C%10CCCC%10)C9=N8)C=C7)CC6)CC5)CC4)C=C3C2=O)C(=O)N1,P11802,CDK4,CRBN,Q96SW2,70.05000000000001,79.0,2,0,False
IIUMLDLNPGCAPX,COC1=CC2=NC(C)=NC(N[C@H](C)C3=CC(N)=CC(C(F)(F)F)=C3)=C2C=C1C1CCN(C(=O)CCCCCC(=O)N[C@H](C(=O)N2C[C@H](O)C[C@H]2C(=O)N[C@@H](C)C2=CC=C(C3=C(C)N=CS3)C=C2)C(C)(C)C)CC1,Q07889,SOS1,VHL,P40337,15.7,100.0,1,1,False
IJKCXDOACVWFTB,C[C@H]1CC2(CCN(C3=CC=C(C(=O)N4CCC(F)(CN5CC6=CC7=C(C=C6C5)C(=O)N(C5CCC(=O)NC5=O)C7=O)CC4)C=C3)CC2)CN1C1=CC=C(C#N)C(Cl)=C1,P10275,AR,CRBN,Q96SW2,0.9,99.0,1,1,False
IJLLDTDBKVJVRA,C[C@@H]1CC2=C(C=CC3=C2C=N[NH]3)[C@@H](C2=CC=C(N3CCC4(CCN(C(=O)CN5CC6=CC7=C(C=C6C5)C(=O)N(C5CCC(=O)NC5=O)C7=O)CC4)CC3)C=N2)N1CC(F)F,P03372,ERalpha,CRBN,Q96SW2,14.0,112.0,1,1,False
IJVINXKSZVCULY,CC1=CC=C(NC(=O)CN2C=C(C3=CC=C4C(NC(=O)C5=CC=C(N6CCN(CCCCCCC(=O)N[C@H](C(=O)N7C[C@H](O)C[C@H]7C(=O)NCC7=CC=C(C8=C(C)N=CS8)C=C7)C(C)(C)C)CC6)C=C5)=N[NH]C4=C3)C=N2)C=C1C(F)(F)F,P35968,VEGFR-2,VHL,P40337,3330.0,38.2,1,0,False
IJZXNTIKXSHEIV,O=C1CCC(N2CC3=CC(N4CCN(CC5(O)CCN(C6=CC=C([C@@H]7C8=CC=C(O)C=C8CC[C@@H]7C7=CC=C(F)C=C7)C=C6)CC5)CC4)=CC=C3C2=O)C(=O)N1,P03372,ERalpha,CRBN,Q96SW2,5.0,50.0,1,0,False
ILDJWQYNDNRRFS,CC1=C(C)C2=C(S1)N1C(C)=NN=C1[C@H](CC(=O)NCC(=O)NCCCCCOC1=CC=CC3=C1C(=O)N(C1CCC(=O)NC1=O)C3=O)N=C2C1=CC=C(Cl)C=C1,O60885,BRD4,CRBN,Q96SW2,184.0,86.0,1,0,False
ILHYMMRHMNAREE,CCS(=O)(=O)N1C=C(C2=NC(NC3=CC=C(N4CCN(C(=O)CCCCCCC(=O)NC5=CC=CC6=C5CN(C5CCC(=O)NC5=O)C6=O)CC4)C=C3)=NC=C2C(F)(F)F)C2=CC=CC=C21,P00533,EGFR L858R/T790M/C797S,CRBN,Q96SW2,159.3,85.9,1,0,False
ILVRLRGBSSFKIE,CNC(=O)N1CCC2=C(C1)C(N1CCCC3=CC(C4=CN(C)N=C4)=C(C(F)F)C=C31)=NN2C1CCN(C(=O)CCOCCOCCOCCOCCNC2=CC=C3C(=O)N(C4CCC(=O)NC4=O)C(=O)C3=C2)CC1,Q92793,CBP,CRBN,Q96SW2,1.3,93.0,2,1,False
IMFZXOQNKSCRDL,O=C1CCC(N2C(=O)C3=CC=C(N4CCN(CCCCCOC5=CC=C([C@@H]6C7=CC=C(O)C=C7CC[C@@H]6C6=CC=C(F)C=C6F)C=C5)CC4)C=C3C2=O)C(=O)N1,P03372,ERalpha,CRBN,Q96SW2,5.0,75.0,1,0,False
INSWPZLUELYCJL,CCC1=CC=CC2=CC(O)=CC(C3=NC=C4C(N5CC6CCC(C5)N6)=NC(OCCN5CCC(CC6CCN(C7=CC=CC8=C7CN(C7CCC(=O)N(C)C7=O)C8=O)CC6)CC5)=NC4=C3F)=C12,P01116,KRAS,CRBN,Q96SW2,1000.0,25.0,1,0,False
IOOQRZXUJWIKSK,O=C1CCC(N2C(=O)C3=CC4=C(C=C3C2=O)CN(CC2CCN(C3=CC=C([C@@H]5C6=CC=C(O)C=C6CC[C@@H]5C5=CC=CC=C5)C=C3)CC2)C4)C(=O)N1,P03372,ERalpha,CRBN,Q96SW2,415.0,65.0,1,0,False
IOXZCFBYXCUJFT,CCC1=CC=CC2=CC(O)=CC(C3=NC=C4C(N5CC6CCC(C5)N6)=NC(OCCN5CCC(CN6CCC7(CC6)CCN(C6=CC=C8C(=O)N(C9CCC(=O)NC9=O)C(=O)C8=C6)CC7)CC5)=NC4=C3F)=C12,P01116,KRAS,CRBN,Q96SW2,250.0,25.0,1,0,False
IQTGYTVCOLETPE,CC(=O)N1CCC2=C(C1)C(N1CCCC3=CC(C4=NN(C)C=C4)=C(C(F)F)C=C31)=NN2C[C@H]1CC[C@H](CN2CC3=CC4=C(C=C3C2)C(=O)N(C2CCC(=O)NC2=O)C4=O)CC1,Q92793,CBP,CRBN,Q96SW2,1000.0,38.5,2,0,False
IRNLRSRPNWJYIM,O=C1CCC(N2CC3=CC(N4CCN(CCC5CCN(C6=CC=C([C@@H]7C8=CC=C(O)C=C8CC[C@@H]7C7=CC=C(O)C=C7)C=C6)CC5)CC4)=CC=C3C2=O)C(=O)N1,P03372,ERalpha,CRBN,Q96SW2,5.0,75.0,1,0,False
IRPFSGAGOIRUFS,O=C1CCC(N2C(=O)C3=CC=C(N4CCC(N5CCC(NC(=O)C6=N[NH]C=C6NC(=O)C6=C(Cl)C=CC=C6Cl)CC5)C4)C=C3C2=O)C(=O)N1,P24941,CDK2,CRBN,Q96SW2,7.13,59.07,1,0,False
IRRDUSVGQNEVTI,O=C1CCC(N2CC3=CC(N4CCN(C5CC6(C5)CN(CCOC5=CC=C([C@@H]7C8=CC=C(O)C=C8CC[C@@H]7C7=CC=CC=C7)C=C5)C6)CC4)=CC=C3C2=O)C(=O)N1,P03372,ERalpha,CRBN,Q96SW2,5.0,75.0,1,0,False
ISEXZTLVHYGCIH,C#CC1=C(F)C=CC2=CC(O)=CC(C3=CC=C4C(N5CC6CCC(C5)N6)=NC(OCCN5CCC(CC6CCN(CC7CCN(C8=CC=C9C(=C8)N(C)C(=O)N9C8CCC(=O)NC8=O)CC7)CC6)CC5)=NC4=C3F)=C12,P01116,KRAS,CRBN,Q96SW2,100.0,70.0,1,0,False
ISGZAZCWYIOENN,CC1=C(C2=CC=C(CNC(=O)[C@@H]3C[C@@H](O)CN3C(=O)[C@@H](NC(=O)COCCN3CCN(CCOC4=CC(F)=C([C@@H]5C6=C(C[C@@H](C)N5CC(C)(C)F)C5=CC=CC=C5[NH]6)C(F)=C4)CC3)C(C)(C)C)C=C2)SC=N1,P03372,ERalpha,VHL,P40337,0.5,100.0,1,1,False
ISJULPZNFXWDMM,NC(=O)C1=CC=CC2=CN(C3=CC=C([C@@H]4CCCN(CCC5CCN(CCC6CCN(CC7CN(C8=CC=C9C(=O)N(C%10CCC(=O)NC%10=O)C(=O)C9=C8)C7)CC6)CC5)C4)C=C3)N=C12,P09874,PARP1,CRBN,Q96SW2,30.0,71.01,1,0,False
ITBYGVDOJZWBJJ,CC1=C(C)C2=C(S1)N1C(C)=NN=C1[C@H](CC(=O)NCCCCCCCCC(=O)N[C@@H](CCCCN)C(=O)N[C@H]1CC(=O)NC1=O)N=C2C1=CC=C(Cl)C=C1,O60885,BRD4,CRBN,Q96SW2,1450.0,69.0,1,0,False
ITDXUECDKFMKGU,CC1=C(C)C2=C(S1)N1C(C)=NN=C1[C@H](CC(=O)N1CCN(CC(=O)NCCCOC3=CC=CC4=C3C(=O)N(C3CCC(=O)NC3=O)C4=O)CC1)N=C2C1=CC=C(Cl)C=C1,O60885,BRD4,CRBN,Q96SW2,239.0,81.0,1,0,False
ITFVEYMZPFOFJY,C#CC1=C(F)C=CC2=CC(O)=CC(C3=NC=C4C(N5CC6CCC(C5)N6)=NC(OCC5(CN6CCC(CC7CCN(CC8CN(C9=CC=C%10C(=C9)N(C)C(=O)N%10C9CCC(=O)NC9=O)C8)CC7)CC6)CC5)=NC4=C3F)=C12,P01116,KRAS,CRBN,Q96SW2,100.0,70.0,1,0,False
ITLFOABDYWUBGN,O=C1CCC(N2C(=O)C3=CC=C(N4CCC(CN5CCC(CCN6CCC(NC(=O)C7=N[NH]C=C7NC(=O)C7=C(Cl)C=CC=C7Cl)CC6)CC5)CC4)C=C3C2=O)C(=O)N1,P24941,CDK2,CRBN,Q96SW2,100.0,43.5,1,0,False
ITPRXUFQAIATQP,CC1=C(C2=CC=C(CNC(=O)[C@@H]3C[C@@H](O)CN3C(=O)[C@@H](NC(=O)COCCN3CCN(CCOC4=CC=C([C@@H]5C6=CC=C(O)C=C6CC[C@@H]5C5=CC=CC=C5)C=C4)CC3)C(C)(C)C)C=C2)SC=N1,P03372,ERalpha,VHL,P40337,5.0,75.0,1,0,False
ITSNPCRTAAEVPC,CC(=O)N1CCC2=C(C1)C(C1=CC=CC3=CC(C4=CC=C(C(=O)N5CCC(C6CCN(C7=CC=CC8=C7C(=O)N(C7CCC(=O)NC7=O)C8=O)CC6)CC5)N=C4)=NC=C13)=NN2C1CCOCC1,Q92793,CBP,CRBN,Q96SW2,40.0,58.0,1,0,False
ITSRILWBOAUMKU,O=C(CCCCN1CCN(C2=CC=C(NC3=NC=C4N=CC(=O)N(C5CCCC5)C4=N3)C=C2)CC1)NCCNC1=CC=CC2=C1C(=O)N(C1CCC(=O)NC1=O)C2=O,P11802,CDK4,CRBN,Q96SW2,6.5,98.0,2,1,False
ITZXGDOGIKODRB,CCN1C=C(C2=C[NH]C3=NC=C(C4=CC=C(N5CCC(CC6CCN(C(=O)C7=CC=C(Cl)C(N8CCC(=O)NC8=O)=C7)CC6)CC5)N=C4)N=C23)C=N1,Q92918,MAP4K1,CRBN,Q96SW2,29.2,87.0,1,1,False
IVGNPUWRFBJCCN,O=C1CCC(N2C(=O)C3=CC4=C(C=C3C2=O)CN(CCCCCC2CCN(C3=CC=C([C@@H]5C6=CC=C(O)C=C6CC[C@@H]5C5=CC=CC=C5)C=C3)CC2)C4)C(=O)N1,P03372,ERalpha,CRBN,Q96SW2,31.0,106.0,1,1,False
IVPRENIRIBNJBG,O=C1CC[C@H](N2CC3=C(C=CC4=C3OCC43CCN(C(=O)C4CCN(C5=CC=C([C@@H]6C7=CC=C(O)C=C7CC[C@@H]6C6=CC=CC=C6)C=C5)CC4)CC3)C2=O)C(=O)N1,P03372,ERalpha,CRBN,Q96SW2,0.0277,82.0,1,1,False
IVXQINIZGYXEJQ,O=C1CCC(N2C(=O)C3=CC=C(OCCN4CCN(C5=CC=C(OC6=CC=C([C@@H]7C8=CC=C(O)C=C8CC[C@@H]7C7=CC=CC=C7)C=C6)N=C5)CC4)C=C3C2=O)C(=O)N1,P03372,ERalpha,CRBN,Q96SW2,50.0,50.0,1,0,False
IXBCMKKLQPZOMV,CC1=NC(NC2=NC=C(C(=O)NC3=C(C)C=CC=C3Cl)S2)=CC(N2CCN(CCCN3CCC4(CC3)CCN(C3=CC=C(C5CCC(=O)NC5=O)C=C3)CC4)CC2)=N1,P06239,LCK,CRBN,Q96SW2,9.1,93.0,1,1,False
IYFKRANQUJUTKF,O=C(CNC1=CC=CC(C2=CC(C3=CC=C4OCOC4=C3)=N[NH]2)=C1)NCCOCCOCCOCCNC1=CC=CC2=C1C(=O)N(C1CCC(=O)NC1=O)C2=O,P37840,Alpha-syn,CRBN,Q96SW2,7510.0,89.0,1,0,False
JAACHRNVNHCLBW,O=C1CCC(N2C(=O)C3=CC=C(N4CCC(CN5CCC(NC(=O)C6=N[NH]C=C6NC(=O)C6=C(Cl)C=CC=C6Cl)CC5)CC4)C=C3C2=O)C(=O)N1,P24941,CDK2,CRBN,Q96SW2,1.17,75.76,1,0,False
JBTHUOYYUUPUOZ,CC1=C(C2=CC=C([C@H](CC[C@H](C)CCN3CCC(C4=CC=C5C(=C4)N(C4CCCC4)C4=NC(=O)C6=C(Br)C=CC=C6N54)CC3)NC(=O)[C@@H]3C[C@@H](O)CN3C(=O)[C@@H](NC(=O)C3(F)CC3)C(C)(C)C)C=C2)SC=N1,P51531,SMARCA2,VHL,P40337,16.5,74.0,2,0,False
JBXSWHJQZJJXBZ,CC1=CC(C2=C[NH]C3=NC=C(C4=CC=C(C5CCN(C(=O)C6CCN(C7=CC=C8C(=O)N(C9CCC(=O)NC9=O)C(=O)C8=C7)CC6)CC5)C=C4)N=C23)=CC=C1C(=O)N(C)C,Q92918,MAP4K1,CRBN,Q96SW2,1751.2,63.6,1,0,False
JCHASSLZOGHKHL,CCC1=CC=CC2=CC(O)=CC(C3=NC=C4C(N5CC6CCC(C5)N6)=NC(OC[C@@]56CCCN5[C@H](OC(=O)N5CCN(C7=CC=C8C(=O)N(C9CCC(=O)NC9=O)C(=O)C8=C7)CC5)CC6)=NC4=C3F)=C12,P01116,KRAS,CRBN,Q96SW2,1000.0,25.0,1,0,False
JDHSDRNQZAVOGP,CC1=CC(C2=C[NH]C3=NC=C(C4=CC=C(C5CCN(C(=O)CCNC6=CC=CC7=C6C(=O)N(C6CCC(=O)NC6=O)C7=O)CC5)C=C4)N=C23)=CC=C1C(=O)N(C)C,Q92918,MAP4K1,CRBN,Q96SW2,962.35,63.6,1,0,False
JDQGWTMLOHNUSV,O=C1CCC(N2C(=O)C3=CC=C(N4CC(CN5CCC(CN6CCC(NC(=O)C7=N[NH]C=C7NC(=O)C7=C(Cl)C=CC=C7Cl)CC6)CC5)C4)C=C3C2=O)C(=O)N1,P24941,CDK2,CRBN,Q96SW2,100.0,9.07,1,0,False
JDRDALVTZCWYCS,O=C1CCC(N2C(=O)C3=CC=C(N4CC(CN5CCN(CC6=CC=C(NC(=O)C7=N[NH]C=C7NC7=NC=NC8=C7C=C[NH]8)C=C6)CC5)C4)C=C3C2=O)C(=O)N1,P24941,CDK2,CRBN,Q96SW2,1.23,58.76,1,0,False
JDVSENGAVOVVHS,CN(CCCOCCCC1=CC=CC2=C1N(C)C(=O)N2C1CCC(=O)NC1=O)C[C@H]1CC[C@H](N2C=C(NC(=O)C3=C4N=C(N5C[C@@H]6C[C@H]5CO6)C=CN4N=C3)C(C(F)F)=N2)CC1,Q9NWZ3,IRAK4,CRBN,Q96SW2,14.5,95.0,2,1,False
JDYBGBPAMLEXPQ,O=C1CC[C@H](N2CC3=C(C=CC4=C3OC[C@H]3CN(CC5CCC6(CCN(C7=CC=C([C@@H]8C9=CC=C(O)C=C9CC[C@@H]8C8=CC=CC=C8)C=C7)CC6)O5)CCN43)C2=O)C(=O)N1,P03372,ERalpha,CRBN,Q96SW2,2.0,86.0,1,1,False
JEJOSVAWAGNRAP,O=C1CCC(N2CC3=C(C=CC(N4CCN(CC5CCN(C6=CC=C([C@H]7C8=CC=C(O)C=C8CC[C@H]7C7=CC=C(F)C=C7)C=C6)CC5)CC4)=C3F)C2=O)C(=O)N1,P03372,ERalpha,CRBN,Q96SW2,27.5,62.5,2,0,False
JFSVSFBLGUFRRC,CC1=C(C)C2=C(S1)N1C(C)=NN=C1[C@H](CC(=O)NCCN1CC3(CCC(C4=CC=C5C(=O)N(C6CCC(=O)NC6=O)CC5=C4)CC3)C1)N=C2C1=CC=C(Cl)C=C1,O60885,BRD4,CRBN,Q96SW2,11.2,99.0,1,1,False
JGIOMPGGEFKPSU,CC(=O)N1CCC2=C(C1)C(N1CCCC3=CC(C4=NN(C)C=C4)=C(C(F)F)C=C31)=NN2CC1CCC(N2CC3=CC4=C(C=C3C2)C(=O)N(C2CCC(=O)NC2=O)C4=O)CC1,Q92793,CBP,CRBN,Q96SW2,43.5,69.5,2,0,False
JGLKHXACODUKAA,CC1(C)CCC2=C(C1)[NH]N=C2C(=O)NC1=CN([C@@H](CCN2CCN(CC3CN(C4=CC=C5C(=O)N(C6CCC(=O)NC6=O)C(=O)C5=C4)C3)CC2)C2=CC=CC=C2)N=C1,Q08881,ITK,CRBN,Q96SW2,10.0,85.0,1,1,False
JGSHALKSNDEZMT,CN1CC[C@H]2CC[C@@H](C(=O)N[C@@H](CCC(N)=O)C(=O)N[C@H](C(=O)NCCCCC#CC3=CC=CC4=C3CN(C3CCC(=O)NC3=O)C4=O)C3=CC=CC=C3)N2C(=O)[C@@H](NC(=O)C2=CC3=CC(C(F)(F)P(=O)(O)O)=CC=C3S2)C1,P40763,STAT3,CRBN,Q96SW2,5000.0,42.0,1,0,False
JGXDPWZXCKIGCC,O=C1CCN(C2=CC(C(=O)N3CCC(CC4CCN(C5=CC=C(C6=CN=C7[NH]C=C(C8=CN(CC(F)F)N=C8)C7=N6)C=N5)CC4)CC3)=CC=C2Cl)C(=O)N1,Q92918,MAP4K1,CRBN,Q96SW2,18.7,81.0,1,1,False
JGZZWIGUYGIMSC,C#CC1=C(F)C=CC2=CC(O)=CC(C3=NC=C4C(N5CC6CCC(C5)N6)=NC(OCCN5CCC6(CC5)CCN(CC5CCN(C7=CC=C8C(=O)N(C9CCC(=O)NC9=O)CC8=C7)CC5)CC6)=NC4=C3F)=C12,P01116,KRAS,CRBN,Q96SW2,100.0,70.0,1,0,False
JHVZXEQESAUISG,O=C1CCC(N2CC3=CC=C(N4CCC(CCN5CCC(CC(=O)N[C@H]6CC[C@@H](NC7=NC=NC8=C7C(C(=O)C7=CC=C(OC9=CC=CC=C9)C=C7Cl)=C[NH]8)CC6)CC5)CC4)C=C3C2=O)C(=O)N1,Q06187,BTK,CRBN,Q96SW2,7.4,90.6,1,1,False
JHWDFSXFSRGZNA,NC(=O)C1=CC=CC2=CN(C3=CC=C([C@@H]4CCCN(C(=O)CCCCCCCCNC5=CC=C6C(=O)N(C7CCC(=O)NC7=O)C(=O)C6=C5)C4)C=C3)N=C12,P09874,PARP1,CRBN,Q96SW2,2210.0,58.8,1,0,False
JIAQFYBZFXKVGG,CC1=CC(C2=C[NH]C3=NC=C(C4=CC=C(C5CCN(CC6CCN(C7=CC=C8C(=O)N(C9CCC(=O)NC9=O)C(=O)C8=C7)CC6)CC5)C=C4)N=C23)=CC=C1C(=O)N(C)C,Q92918,MAP4K1,CRBN,Q96SW2,420.1,84.1,1,0,False
JITDKOVFOBYSTL,CC(=O)N1CCC2=C(C1)C(N1CCCC3=CC(C(C)C)=C(C(F)F)C=C31)=NN2C1CCN(C(=O)CN2CC3=CC4=C(C=C3C2)C(=O)N(C2CCC(=O)NC2=O)C4=O)CC1,Q92793,CBP,CRBN,Q96SW2,48.5,87.0,2,1,False
JJAOKTCUPOPPCN,O=C1CCC(N2CC3=NC(N4CCN(CC5(F)CCN(C6=CC=C([C@@H]7C8=CC=C(O)C=C8CC[C@@H]7C7=CC=CC=C7)C=C6)CC5)CC4)=CC=C3C2=O)C(=O)N1,P03372,ERalpha,CRBN,Q96SW2,5.0,50.0,1,0,False
JJTZDEMRCYDOLS,CC[C@@H](CO)NC1=NC2=C(C(C)C)C=NN2C(NCC2=CC=C(NC(=O)N3CCN(C4CCN(C5=CC6=C(C=C5F)C(=O)N(C5CCC(=O)NC5=O)C6=O)CC4)CC3)C=C2)=C1,P50750,CDK9,CRBN,Q96SW2,9.39,100.0,1,1,False
JJWLIXJPPKOFQJ,CC(=O)N1CCC2=C(C1)C(C1=CC=CC3=CC(C4=CC=C(C(=O)NCCCNC5=CC=C6C(=O)N(C7CCC(=O)NC7=O)CC6=C5)N=C4)=NC=C13)=NN2C1CCOCC1,Q92793,CBP,CRBN,Q96SW2,0.2,99.0,2,1,False
JKRQXHCPIBZINH,C#CC1=C(F)C=CC2=CC(O)=CC(C3=NC=C4C(N5CC6CCC(C5)N6)=NC(OCC5(CN6CCC(CC7CCN(C8=CC=C9C(=O)N(C%10CCC(=O)NC%10=O)CC9=C8)CC7)CC6)CC5)=NC4=C3F)=C12,P01116,KRAS,CRBN,Q96SW2,100.0,70.0,1,0,False
JLMFQUVPPKMJDH,C#CC1=C(F)C=CC2=CC(O)=CC(C3=NC=C4C(N5CC6CCC(C5)N6)=NC(OCCN5CCC(CC6CCN(CC7CCN(C8=CC=C9C(=C8F)N(C(C)C)C(=O)N9C8CCC(=O)NC8=O)CC7)CC6)CC5)=NC4=C3F)=C12,P01116,KRAS,CRBN,Q96SW2,100.0,70.0,1,0,False
JLSDHTOSWKIMIP,C#CC1=C(F)C=CC2=CC(O)=CC(C3=NC=C4C(N5CC6CCC(C5)N6)=NC(OCCN5CCC(F)(CC6CCN(CC7CCN(C8=CC=C9C(=C8)N(C)C(=O)N9C8CCC(=O)NC8=O)CC7)CC6)CC5)=NC4=C3F)=C12,P01116,KRAS,CRBN,Q96SW2,100.0,70.0,1,0,False
JLTNQZFNQLUGOC,O=C1CCC(N2C(=O)C3=CC4=C(C=C3C2=O)CN(CC(=O)N2CC3(CCN(C5=CC=C([C@@H]6C7=CC=C(O)C=C7CC[C@@H]6C6=CC=CC=C6)C=C5)C3)C2)C4)C(=O)N1,P03372,ERalpha,CRBN,Q96SW2,4.0,63.0,1,0,False
JLTPUUTXJFECDU,O=C1CC[C@H](N2CC3=C(C=CC4=C3OCC43CCN(CC4CC5(CCN(C6=CC=C([C@@H]7C8=CC=C(O)C=C8CC[C@@H]7C7=CC=CC=C7)C=C6)CC5)C4)CC3)C2=O)C(=O)N1,P03372,ERalpha,CRBN,Q96SW2,0.1476,87.0,1,1,False
JMIDUPXMGAGLDO,CCN1CC[C@H]2CC[C@@H](C(=O)N[C@@H](CCC(N)=O)C(=O)N[C@@H](CC3=CC=C(F)C(F)=C3)C(=O)N3CCC(CCC#CC4=CC=CC5=C4CN(C4CCC(=O)NC4=O)C5=O)CC3)N2C(=O)[C@@H](NC(=O)C2=CC3=CC(C(F)(F)P(=O)(O)O)=CC=C3S2)C1,P40763,STAT3,CRBN,Q96SW2,200.0,92.0,1,0,False
JNAQDGFRVGMPDL,CC1=CC=C(C(C)C)C=C1OC1=NC=CC(C2=C(C3=CC=C(C(F)(F)F)C=C3)N=CN2C2CCN(CCOCCOCCNC(=O)COC3=CC=CC4=C3C(=O)N(C3CCC(=O)NC3=O)C4=O)CC2)=N1,O60885,BRD4,CRBN,Q96SW2,280.0,77.0,1,0,False
JNBFRLRAULBTTO,O=C1CC[C@H](N2CC3=C(C=CC4=C3OCC43CCN(CC4COC5(CCN(C6=CC=C([C@@H]7C8=CC=C(O)C=C8CC[C@@H]7C7=CC=CC=C7)C=C6)CC5)OC4)CC3)C2=O)C(=O)N1,P03372,ERalpha,CRBN,Q96SW2,0.1675,100.0,1,1,False
JNESGEBHIQTVTD,NC1=NC=NC2=C1C(C1=CC=C(OC3=CC=CC=C3)C=C1)=NN2C1CCN(C(=O)C2=CC=C(N3CCN(C4=CC=C5C(=O)N(C6CCC(=O)NC6=O)C(=O)C5=C4)CC3)N=C2)CC1,Q06187,BTK,CRBN,Q96SW2,26.87,97.78,1,1,False
JNTVYQDGZFPURZ,O=C1CCC(N2C(=O)C3=CC=CC(NC(=O)CCCCCCN4CCN(C5=CC=C(NC6=NC=C7N=CC(=O)N(C8CCCC8)C7=N6)C=C5)CC4)=C3C2=O)C(=O)N1,P11802,CDK4,CRBN,Q96SW2,503.3,68.0,2,0,False
JOAPUHSOSFLPQT,CCC1=CC=CC2=CC(O)=CC(C3=NC=C4C(N5CC6CCC(C5)N6)=NC(OCCN5CCC(C(C)(C)N6CCN(C7=CC=C8C(=O)N(C9CCC(=O)NC9=O)C(=O)C8=C7)CC6)CC5)=NC4=C3F)=C12,P01116,KRAS,CRBN,Q96SW2,1000.0,25.0,1,0,False
JOPGQIZLLSYHFY,O=C1CCC(N2C(=O)C3=CC4=C(C=C3C2=O)CN(CC2CN(CC3CCN(C5=CC=C([C@@H]6C7=CC=C(O)C=C7CC[C@@H]6C6=CC=CC=C6)C=C5)CC3)C2)C4)C(=O)N1,P03372,ERalpha,CRBN,Q96SW2,21.0,59.0,1,0,False
JPHQXKUCNCWZFO,CC1=C(C2=CC=C([C@H](C)NC(=O)[C@@H]3C[C@@H](O)CN3C(=O)[C@@H](C3=CC(OCC(C)CN4CCC(C5=CC=C6C(=C5)C(C)(C)C5=NC(=O)C7=C(Cl)C=CC=C7N65)CC4)=NO3)C(C)C)C=C2)SC=N1,P51531,SMARCA2,VHL,P40337,6.85,94.5,2,1,False
JQVRKLODHZNHPT,CN1C(=O)CCC(N2C(=O)C3=CC=CC(NC(=O)CCCC(=O)NCC(=O)N4CCN(C5=CC=C(NC6=NC(NC7CCCCC7)=C7N=C[NH]C7=N6)C=C5)CC4)=C3C2=O)C1=O,P33981,TTK,CRBN,Q96SW2,363.0,48.3,3,0,False
JRGCGYYFOJDXJB,C#CC1=C(F)C=CC2=CC=CC(C3=NC=C4C(N5CC6CCC(C5)N6)=NC(OC[C@@]56CCCN5[C@H](CN5CCN(CC7CCN(C8=CC=C9C(=C8)N(C)C(=O)N9C8CCC(=O)NC8=O)CC7)CC5)CC6)=NC4=C3F)=C12,P01116,KRAS,CRBN,Q96SW2,100.0,70.0,1,0,False
JRIMCBDHDPCIQH,CN(CCCOCCCC1=CC=CC2=C1N(C)C(=O)N2C1CCC(=O)NC1=O)C[C@H]1CC[C@H](N2C=C(NC(=O)C3=C4N=C(N5CCNCC5)C=CN4N=C3)C(C(F)F)=N2)CC1,Q9NWZ3,IRAK4,CRBN,Q96SW2,18.0,95.0,1,1,False
JRMRZEZYXIMMJI,COC1=CC(C2=CN(C)C(=O)C3=CN=CC=C23)=CC(OC)=C1C(=O)N1CCC2(CC1)CC(CN1CC3=CC4=C(C=C3C1)C(=O)N(C1CCC(=O)NC1=O)C4)C2,Q9H8M2,BRD9,CRBN,Q96SW2,10.4,99.0,1,1,False
JRNFTJXJPJEMDR,CC(=O)N1CCC2=C(C1)C(N1CCCC3=CC(C4=CC=CS4)=C(C(F)F)C=C31)=NN2C1CCN(C(=O)CN2CC3=CC4=C(C=C3C2)C(=O)N(C2CCC(=O)NC2=O)C4=O)CC1,Q92793,CBP,CRBN,Q96SW2,28.5,93.0,2,1,False
JSJNRSSILOESKP,CC1=C(C2=CC=C([C@H](C)NC(=O)[C@@H]3C[C@@H](O)CN3C(=O)[C@@H](NC(=O)CC3=CC=NC(N4CCN(C5=CC(C6=CC=CC=C6O)=NN=C5N)CC4)=C3)C(C)(C)C)C=C2)SC=N1,P51531,SMARCA2,VHL,P40337,850.0,55.0,1,0,False
JSLJXCMFGCYXEV,O=C1CCC(N2C(=O)C3=CC4=C(C=C3C2=O)CN(CC(=O)N2CCC3(CC2)CN(C2=CC=C([C@@H]5C6=CC=C(O)C=C6CC[C@@H]5C5=CC=CC=C5)C=C2)C3)C4)C(=O)N1,P03372,ERalpha,CRBN,Q96SW2,1.8,68.0,1,0,False
JSOJSELRECLYBC,O=C1CCC(N2C(=O)C3=CC4=C(C=C3C2=O)CN(C(=O)C2CCN(CC3CN(C5=CC=C([C@@H]6C7=CC=C(O)C=C7CC[C@@H]6C6=CC=CC=C6)C=C5)C3)CC2)C4)C(=O)N1,P03372,ERalpha,CRBN,Q96SW2,1000.0,40.0,1,0,False
JSQFSAUVTNADLF,C[C@@H](OC1=CC(C2=CN(C3CCN(C(=O)CCCCCCCOC4=CC=CC5=C4C(=O)N(C4CCC(=O)NC4=O)C5=O)CC3)N=C2)=CN=C1N)C1=C(Cl)C=CC(F)=C1Cl,P08581,c-Met,CRBN,Q96SW2,203.0,82.8,1,0,False
JSRVLXCZJSLCIE,O=C1CC[C@H](N2CC3=C(C=CC4=C3OCC43CCN(CC(=O)N4CC5(CCN(C6=CC=C([C@@H]7C8=CC=C(O)C=C8CC[C@@H]7C7=CC=CC=C7)C=C6)CC5)C4)CC3)C2=O)C(=O)N1,P03372,ERalpha,CRBN,Q96SW2,0.0341,100.0,1,1,False
JSSQQBFOZFHGQK,C#CC1=C(F)C=CC2=CC(O)=CC(C3=NC=C4C(N5CC6CCC(C5)N6)=NC(OC[C@@]56CCCN5[C@H](CN5CCN(CC7CCN(C8=CCC9C(=O)N(C%10CCC(=O)NC%10=O)CC9=C8)CC7)CC5)CC6)=NC4=C3F)=C12,P01116,KRAS,CRBN,Q96SW2,100.0,70.0,1,0,False
JTXHXYXYGGEYBL,CC1=NN=C2COCC3=C(SC(C#CC4=CN(C5CN(C6=CC=CC7=C6C(=O)N(C6CCC(=O)NC6=O)C7=O)C5)N=C4)=C3CC3=CC=CC=C3)N12,P25440,BRD2,CRBN,Q96SW2,1000.0,34.0,9,0,False
JXHPWXKTNOBJEO,C#CC1=C(F)C=CC2=CC(O)=CC(C3=NC=C4C(N5CC6CCC(C5)N6)=NC(OCC5(CN6CCC(CN7CCN(C8=CC=C9C(=C8)N(C)C(=O)N9C8CCC(=O)NC8=O)CC7)CC6)CC5)=NC4=C3F)=C12,P01116,KRAS,CRBN,Q96SW2,100.0,70.0,1,0,False
JYFDCQYCCGNSLT,CN1C(=O)N(C2CCC(=O)NC2=O)C2=CC=CC([C@H]3C[C@H](COC4CCN(C[C@H]5CC[C@H](N6C=C(NC(=O)C7=C8N=C(N9C[C@H]%10C[C@@H]9CO%10)C=CN8N=C7)C(C(F)F)=N6)CC5)CC4)C3)=C21,Q9NWZ3,IRAK4,CRBN,Q96SW2,5.0,95.0,1,1,False
JYMXBPOHAJNIQZ,C#CC1=C(F)C=CC2=CC(O)=CC(C3=NC=C4C(N5CC6CCC(C5)N6)=NC(OCCN5CCC(CN6CCN(CC7CCN(C8=CC=C9C(=C8F)N(C(C)C)C(=O)N9C8CCC(=O)NC8=O)CC7)CC6)CC5)=NC4=C3F)=C12,P01116,KRAS,CRBN,Q96SW2,100.0,70.0,1,0,False
JYTKFPGXQWYDJN,O=C1CCC(N2CC3=NC(N4CCN(CC5CCN(C6=CC=C([C@@H]7C8=CC=C(O)C=C8CC[C@@H]7C7=CC=CC=C7)C=C6)CC5)CC4)=CC=C3C2=O)C(=O)N1,P03372,ERalpha,CRBN,Q96SW2,5.0,75.0,1,0,False
JZSBEVUPYXMLNW,O=C1CCC(N2CC3=CC(C4=CC=C(O[C@H]5CCN(CCOC6=CC=C([C@@H]7C8=CC=C(O)C=C8CC[C@@H]7C7=CC=CC=C7)C=C6)C5)N=C4)=CC=C3C2=O)C(=O)N1,P03372,ERalpha,CRBN,Q96SW2,5.0,50.0,1,0,False
KAEKKDMNWPBDJG,CN1CC[C@H]2CC[C@@H](C(=O)N[C@@H](CCC(=O)NN)C(=O)N[C@H](C(=O)N3CCC(CCC#CC4=CC=CC5=C4CN(C4CCC(=O)NC4=O)C5=O)CC3)C(C)(C)C)N2C(=O)[C@@H](NC(=O)C2=CC3=CC(C(F)(F)P(=O)(O)O)=CC=C3S2)C1,P40763,STAT3,CRBN,Q96SW2,1010.0,80.0,1,0,False
KBRMZLCZKKMRCU,O=C1CC[C@H](N2CC3=C(C=CC4=C3OCC43CCN(CCCCC4CCN(C5=CC=C([C@@H]6C7=CC=C(O)C=C7CC[C@@H]6C6=CC=CC=C6)C=C5)CC4)CC3)C2=O)C(=O)N1,P03372,ERalpha,CRBN,Q96SW2,0.03053,100.0,1,1,False
KBVMPLTYXHSHLH,C[C@H]1CC2(CCN(C3=CN=C(C(=O)N4CCC(CN5CC6=CC7=C(C=C6C5)C(=O)N(C5CCC(=O)NC5=O)C7=O)CC4)C=N3)CC2)CN1C1=CC=C(C#N)C(Cl)=C1,P10275,AR,CRBN,Q96SW2,4.6,99.0,1,1,False
KCISDTKUQMDSAB,CCC1=CC=CC2=CC(O)=CC(C3=NC=C4C(N5CC6CCC(C5)N6)=NC(OC[C@]56CCCN5[C@@H](COC(=O)N5CCN(C7=CC=CC8=C7CN(C7CCC(=O)N(C)C7=O)C8=O)CC5)CC6)=NC4=C3F)=C12,P01116,KRAS,CRBN,Q96SW2,1000.0,25.0,2,0,False
KCOUHHCBWGTRAA,O=C1CCC(N2C(=O)C3=CC=CC(NC(=O)CCCC(=O)N4CCN(C5=CC=C(NC6=NC(NC7CCCCC7)=C7N=C[NH]C7=N6)C=C5)CC4)=C3C2=O)C(=O)N1,P33981,TTK,CRBN,Q96SW2,94.0,30.6,3,0,False
KDCYYVAKGGBCRY,CN(CCOCCOCCOCCNC(=O)CNC1=CC=CC2=C1C(=O)N(C1CCC(=O)NC1=O)C2=O)CC[C@@H](C1=CC=CC=C1)N1C=C(NC(=O)C2=N[NH]C3=C2CCC(C)(C)C3)C=N1,Q08881,ITK,CRBN,Q96SW2,62.2,93.0,1,1,False
KDTNFRBAMMZQLW,O=C1CCC(N2C(=O)C3=CC=C(N4CCN(CCCCCOC5=CC=C([C@@H]6C7=CC=C(O)C=C7CC[C@@H]6C6=CC=CC=C6)C=C5)CC4)C=C3C2=O)C(=O)N1,P03372,ERalpha,CRBN,Q96SW2,5.0,50.0,1,0,False
KFODTDSGVNLISY,C[C@H]1CN(C(=O)CNC2=CC=CC3=C2CN(C2CCC(=O)NC2=O)C3=O)CCN1C1=CC=C(NC2=CC(C3=CC=NC(N4CCN5C(=CC6=C5CC(C)(C)C6)C4=O)=C3CO)=CN(C)C2=O)N=C1,Q06187,BTK,CRBN,Q96SW2,3.6,89.8,1,1,False
KGHDNYQIHSSPRB,CN1CCN([C@@H]2CCCN(C3=CN=C(C(N)=O)C(NC4=CC=C(C5CCN(C(=O)CCOCCNC6=CC=CC7=C6C(=O)N([C@H]6CCC(=O)NC6=O)C7=O)CC5)C=C4)=N3)C2)C1=O,Q06187,BTK,CRBN,Q96SW2,6.3,80.0,1,1,False
KHIURKSPHCFKCV,CCC1=C(F)C=CC2=CC(O)=CC(C3=NC=C4C(N5C[C@@H]6CC[C@H](C5)N6)=NC(OC[C@@H]5CCCN5CCCCOCC(=O)N[C@H](C(=O)N5C[C@H](O)C[C@H]5C(=O)N[C@@H](C)C5=CC=C(C6=C(C)N=CS6)C=C5)C(C)(C)C)=NC4=C3F)=C12,P01116,KRAS G12D,VHL,P40337,38.06,98.9,1,1,False
KHOMKHHKZYGMFE,O=C1CCC(N2C(=O)C3=CC=C(N4CCC(CCN5CCC(NC(=O)C6=N[NH]C=C6NC(=O)C6=C(Cl)C=CC=C6Cl)CC5)CC4)C=C3C2=O)C(=O)N1,P24941,CDK2,CRBN,Q96SW2,26.51,54.85,1,0,False
KLYSMYCRNSVSBN,C[C@@]1(N2CC3=CC(N4CCN(CC5CCN(C6=CC=C([C@@H]7C8=CC=C(O)C=C8CC[C@@H]7C7=CC=CC=C7)C=C6)CC5)CC4)=CC=C3C2=O)CCC(=O)NC1=O,P03372,ERalpha,CRBN,Q96SW2,50.0,50.0,1,0,False
KMHPNLLKJABVEG,NC(=O)C1=CC=CC2=CN(C3=CC=C([C@@H]4CCCN(C(=O)COCCOCCOCCOCCOCCNC5=CC=C6C(=O)N(C7CCC(=O)NC7=O)C(=O)C6=C5)C4)C=C3)N=C12,P09874,PARP1,CRBN,Q96SW2,19090.0,47.71,1,0,False
KMQQCGMHNQZQAT,O=C1CCC(N2CC3=CC(N4CCC(NC5CCN(C6=CC=C([C@@H]7C8=CC=C(O)C=C8CC[C@@H]7C7=CC=CC=C7)C=C6)CC5)CC4)=CC=C3C2=O)C(=O)N1,P03372,ERalpha,CRBN,Q96SW2,5.0,75.0,1,0,False
KMRPJSGSHASTCU,CC(=O)N1CCC2=C(C1)C(N1CCCC3=CC(C4=CN(C)N=C4)=C(C(F)F)C=C31)=NN2C1CCN(C(=O)C2=CC=CC3=C2C(=O)N(C2CCC(=O)NC2=O)C3=O)CC1,Q92793,CBP,CRBN,Q96SW2,1000.0,50.0,2,0,False
KMYFHJHTJAUVMF,CCC(C)(C)C(=O)C(=O)N1CCCC[C@H]1C(=O)O[C@H](CCC1=CC=C(OC)C(OC)=C1)C1=CC=CC(NC(=O)CCC(=O)NCCCCCCC(=O)N[C@@H](C)C(=O)N[C@H]2CC(=O)NC2=O)=C1,P62942,FKBP12,CRBN,Q96SW2,48.0,99.0,1,1,False
KNADHPZWCDESPW,CC(C)S(=O)(=O)C1=CC=CC=C1NC1=NC(NC2=CC=C(N3CCN(CCCC(=O)NC4=CC=CC5=C4C(=O)N(C4CCC(=O)NC4=O)C5=O)CC3)C=C2)=NC2=C1N=C[NH]2,P33981,TTK,CRBN,Q96SW2,89.1,52.95,3,0,False
KNQONRDAELENAD,O=C1CCC(N2C(=O)C3=CC=C(N4CCN(CCCCCOC5=CC=C([C@@H]6C7=CC(F)=C(O)C(F)=C7CC[C@@H]6C6=CC=C(F)C=C6)C=C5)CC4)C=C3C2=O)C(=O)N1,P03372,ERalpha,CRBN,Q96SW2,5.0,50.0,1,0,False
KNZBNFZCBUUGFF,O=C1CCC(N2CC3=NC(N4CCN(CC5CC6(CCN(C7=CC=C([C@@H]8C9=CC=C(O)C=C9CC[C@@H]8C8=CC=CC=C8)C=C7)C6)C5)CC4)=CC=C3C2=O)C(=O)N1,P03372,ERalpha,CRBN,Q96SW2,5.0,50.0,1,0,False
KNZQLGYCRUKXQY,CCCCCCNNC(=O)C1=CC=C(CNC(=O)CCCCCCNC2=CC=CC3=C2C(=O)N(C2CCC(=O)NC2=O)C3=O)C=C1,Q9BY41,HDAC8,CRBN,Q96SW2,16.7,88.0,1,1,False
KONIXAAENWXDHK,C#CC1=C(F)C=CC2=CC(O)=CC(C3=NC=C4C(N5CC6CCC(C5)N6)=NC(OCCN5CCC(CN6CCC(CC7CCN(C8=CC=C9C(=C8)N(C)C(=O)N9C8CCC(=O)NC8=O)CC7)CC6)CC5)=NC4=C3F)=C12,P01116,KRAS,CRBN,Q96SW2,100.0,70.0,1,0,False
KPVPTAQOHQLCNM,CC1=C(C2=CC=C([C@H](C)NC(=O)[C@@H]3C[C@@H](O)CN3C(=O)[C@@H](N3C=C([C@H]4CC[C@H](CN5CCC(C6=CC=C7C(=C6)N6C(=NC(=O)C8=C(Cl)C=CC=C86)C7(C)C)CC5)CC4)N=N3)C(C)(C)C)C=C2)SC=N1,P51531,SMARCA2,VHL,P40337,47.65,82.5,2,1,False
KQYIIOGMBKKCCZ,O=C1CCC(N2C(=O)C3=CC=CC(OCCCCCCCCN4C=C(CCN5CCC(NC(=O)C6=C(NC(=O)C7=C(Cl)C=CC=C7Cl)C=N[NH]6)CC5)N=N4)=C3C2=O)C(=O)N1,P50750,CDK9,CRBN,Q96SW2,60.0,88.3,1,1,False
KRPIEYYWXMOWMP,CC1=NOC([C@H](C(=O)N2C[C@H](O)C[C@H]2C(=O)N[C@@H](CC(=O)NCCCCNC(=O)C[C@@H]2N=C(C3=CC=C(Cl)C=C3)C3=C(SC(C)=C3C)N3C(C)=NN=C23)C2=CC=C(C3=C(C)N=CS3)C=C2)C(C)C)=C1,O60885,BRD4,VHL,P40337,320.0,94.0,1,0,False
KRVPZJHWNIRZJA,CC1=CC(C2=C[NH]C3=NC=C(C4=CC=C(C5CCN(C6CN(C(=O)C7CN(C8=CC=C9C(=O)N(C%10CCC(=O)NC%10=O)C(=O)C9=C8)C7)C6)CC5)C=C4)N=C23)=CC=C1C(=O)N(C)C,Q92918,MAP4K1,CRBN,Q96SW2,10000.0,39.4,1,0,False
KUFRQLJFJNPGTO,COC1(C(=O)N2CC3=NC(Cl)=NC(N[C@H](C)C4=CC(N)=CC(C(F)(F)F)=C4)=C3C2)CCN(C(=O)CCCCN2CCC(C3=CC4=C(C=C3F)C(=O)N(C3CCC(=O)NC3=O)C4)CC2)CC1,Q07889,SOS1,CRBN,Q96SW2,0.5,96.0,1,1,False
KURBRTADELYHMR,O=C1CCC(N2C(=O)C3=CC=C(N4CCC(CN5CCC(CCN6CCC(NC(=O)C7=N[NH]C=C7NC(=O)C7=C(Cl)C=CC=C7Cl)CC6)CC5)C4)C=C3C2=O)C(=O)N1,P24941,CDK2,CRBN,Q96SW2,100.0,38.88,1,0,False
KVDLSQZBDWJNSG,CC1=NC=C(C2=CC=C3N=C(NC(=O)CCCCCCCCCCC(=O)N[C@H](C(=O)N4C[C@H](O)C[C@H]4C(=O)NCC4=CC=C(C5=C(C)N=CS5)C=C4)C(C)(C)C)SC3=C2)C=C1NC(=O)OC1CCCCC1,Q13546,RIPK1,VHL,P40337,50000.0,101.0,1,0,False
KVIBRHCHVACLEP,CN1CC[C@H]2CC[C@@H](C(=O)N[C@@H](CCC(N)=O)C(=O)N[C@H](C(=O)NCCCCCC#CC3=CC=CC4=C3CN(C3CCC(=O)NC3=O)C4=O)C3=CC=CC=C3)N2C(=O)[C@@H](NC(=O)C2=CC3=CC(C(F)(F)P(=O)(O)O)=CC=C3S2)C1,P40763,STAT3,CRBN,Q96SW2,5000.0,34.0,1,0,False
KVNNMYZARVAXAH,C#CC1=C(F)C=CC2=CC(O)=CC(C3=NC=C4C(N5CC6CCC(C5)N6)=NC(OCCN5CCC(CC6CCN(CC7CCN(C8=CC=C9CN(C%10CCC(=O)NC%10=O)C(=O)C9=C8)CC7)CC6)CC5)=NC4=C3F)=C12,P01116,KRAS,CRBN,Q96SW2,100.0,70.0,1,0,False
KVYJABKVKUTYLH,CC1=C(C2=CC=C([C@H](C)NC(=O)[C@@H]3C[C@@H](O)CN3C(=O)[C@@H](C3=CC(N4CCC(CN5CCC(C6=CC=C7C(=C6)C(C)(C)C6=NC(=O)C8=C(Cl)C=CC=C8N76)CC5)CC4)=NO3)C(C)C)C=C2)SC=N1,P51531,SMARCA2,VHL,P40337,2.255,97.0,2,1,False
KWHREFRVFQGWOC,O=C1CCC(N2C(=O)C3=CC4=C(C=C3C2=O)CN(CC2CN(C(=O)C3CCN(C5=CC=C([C@@H]6C7=CC=C(O)C=C7CC[C@@H]6C6=CC=CC=C6)C=C5)CC3)C2)C4)C(=O)N1,P03372,ERalpha,CRBN,Q96SW2,6.0,84.0,1,1,False
KWUVPIGIRSXRLS,O=C1CC[C@H](N2CC3=C(C=CC4=C3OCC43CCN(C(=O)CN4CC5(C4)CN(C4=CC=C([C@@H]6C7=CC=C(O)C=C7CC[C@@H]6C6=CC=CC=C6)C=C4)C5)CC3)C2=O)C(=O)N1,P03372,ERalpha,CRBN,Q96SW2,0.01089,99.0,1,1,False
KWVWALGKWKFAOY,CN1CC[C@H]2CC[C@@H](C(=O)N[C@@H](CCC(N)=O)C(=O)N[C@H](CCC(=O)N3CCC(C#CC4=CC=CC5=C4CN(C4CCC(=O)NC4=O)C5=O)CC3)C3=CC=CC=C3)N2C(=O)[C@@H](NC(=O)C2=CC3=CC(C(F)(F)P(=O)(O)O)=CC=C3S2)C1,P40763,STAT3,CRBN,Q96SW2,5000.0,31.0,1,0,False
KXHYUMQIBXKYPG,CC1=C(C2=CC=C([C@H](C)NC(=O)[C@@H]3C[C@@H](O)CN3C(=O)[C@@H](C3=CC(OCCCCCNC(=O)C[C@@H]4N=C(C5=CC=C(Cl)C=C5)C5=C(SC(C)=C5C)N5C(C)=NN=C45)=NO3)C(C)C)C=C2)SC=N1,O60885,BRD4,VHL,P40337,4.0,99.0,1,1,False
KXPOIDVWNQGMHV,CC1C2=CC(N3CCN(CC4CCN(C5=CC=C([C@@H]6C7=CC=C(O)C=C7CC[C@@H]6C6=CC=CC=C6)C=C5F)CC4)CC3)=CC=C2C(=O)N1C1CCC(=O)NC1=O,P03372,ERalpha,CRBN,Q96SW2,5.0,50.0,1,0,False
KXXLNHXQEBCMQC,CCC1=CC=CC2=CC(O)=CC(C3=NC=C4C(N5CC6CCC(C5)N6)=NC(OCCN5CCC(CC6CCN(C7=CC=CC8=C7CN(C7CCC(=O)NC7=O)C8=O)CC6)CC5)=NC4=C3F)=C12,P01116,KRAS,CRBN,Q96SW2,1000.0,50.0,1,0,False
KYHAJKMOOZHQFA,CCC1=CC=CC2=CC(O)=CC(C3=NC=C4C(N5C[C@@H]6CC[C@H](C5)N6)=NC(OC[C@@H]5CCCN5CCCCOCC(=O)N[C@H](C(=O)N5C[C@H](O)C[C@H]5C(=O)N[C@@H](C)C5=CC=C(C6=C(C)N=CS6)C=C5)C(C)(C)C)=NC4=C3F)=C12,P01116,KRAS G12D,VHL,P40337,164.4,99.4,1,0,False
KYXYESGJSUXASK,C[C@H]1CC2(CCN(C3=CC=C(C(=O)N4CCC(CN5CC6=CC7=C(C=C6C5)C(=O)N(C5CCC(=O)NC5=O)C7=O)CC4)C=N3)CC2)CN1C1=CC=C(C#N)C(Cl)=C1,P10275,AR,CRBN,Q96SW2,2.3,99.0,1,1,False
LAECKGLWOSIZEO,CC1=C(C)C2=C(S1)N1C(C)=NN=C1[C@H](CC(=O)N1CCN(CC(=O)NCCCCOC3=CC=CC4=C3C(=O)N(C3CCC(=O)NC3=O)C4=O)CC1)N=C2C1=CC=C(Cl)C=C1,O60885,BRD4,CRBN,Q96SW2,89.9,78.0,1,0,False
LBBRZPMNWCJEJR,CC(C)S(=O)(=O)C1=CC=CC=C1NC1=NC(NC2=CC=C(N3CCN(C(=O)CCC(=O)NC4=CC=CC5=C4C(=O)N(C4CCC(=O)NC4=O)C5=O)CC3)C=C2)=NC2=C1N=C[NH]2,P33981,TTK,CRBN,Q96SW2,42.0,35.2,3,0,False
LBOQQOZSFDCXGL,CC1=NN=C2COCC3=C(SC(C#CC4=CN(C5CCN(C6=CC=CC7=C6C(=O)N(C6CCC(=O)NC6=O)C7=O)CC5)N=C4)=C3CC3=CC=CC=C3)N12,P25440,BRD2,CRBN,Q96SW2,50.0,68.0,3,0,False
LCDOWJXQUYPYLJ,CCS(=O)(=O)N1C=C(C2=NC(NC3=CC=C(N4CCN(CCC(=O)NC5=CC=CC6=C5CN(C5CCC(=O)NC5=O)C6=O)CC4)C=C3)=NC=C2C(F)(F)F)C2=CC=CC=C21,P00533,EGFR L858R/T790M/C797S,CRBN,Q96SW2,26.1,94.7,1,1,False
LCTDAEHHXXZLPR,O=C1CCC(N2CC3=C(NC(=O)COCCCCOC4=CC=C(C5CCN(C6=NN7C(=NN=C7C(F)(F)F)CC6)CC5)C=C4)C=CC=C3C2=O)C(=O)N1,P10275,AR,CRBN,Q96SW2,1710.5,95.0,2,0,False
LDBCCXBMENSDJX,C#CC1=C(F)C=CC2=CC(O)=CC(C3=NC=C4C(N5CC6CCC(C5)N6)=NC(OCC5(CN6CCC(CC7CCN(C8=CC=C9C(=C8)N(C(C)C)C(=O)N9C8CCC(=O)NC8=O)CC7)CC6)CC5)=NC4=C3F)=C12,P01116,KRAS,CRBN,Q96SW2,100.0,70.0,1,0,False
LEUWQTQWZRMFBC,CN(CCCCC(=O)NC1=CC=C2C(=O)N(C3CCC(=O)NC3=O)C(=O)C2=C1)CC[C@@H](C1=CC=CC=C1)N1C=C(NC(=O)C2=N[NH]C3=C2CCC(C)(C)C3)C=N1,Q08881,ITK,CRBN,Q96SW2,5.3,90.0,1,1,False
LFEWLBGYDYYTPV,CC1=CC(C2=C[NH]C3=NC=C(C4=CC=C(C5CCN(C6=CC=C7C(=O)N(C8CCC(=O)NC8=O)C(=O)C7=C6)CC5)C=C4)N=C23)=CC=C1C(=O)N(C)C,Q92918,MAP4K1,CRBN,Q96SW2,10000.0,3.4,1,0,False
LFKQQSAMRGXAPP,O=C(CCCC(=O)NC1=CC=CC2=C1C(=O)N(C1CCC(=O)NC1=O)C2=O)NCC(=O)N1CCN(C2=CC=C(NC3=NC(NC4CCCCC4)=C4N=C[NH]C4=N3)C=C2)CC1,P33981,TTK,CRBN,Q96SW2,108.67,66.5,3,0,False
LFMRXLMXCGNDAP,N#CC1=CC=C(N2CCC(C3=CC=C(N4CCC(CN5CCN(C6=CC=C7C(=O)N(C8CCC(=O)NC8=O)C(=O)C7=C6)CC5)CC4)C=C3)CC2)C(F)=C1C(F)(F)F,P10275,AR,CRBN,Q96SW2,750.0,100.0,2,0,False
LFNMIAGMJGUCIW,NC1=NC=NC2=C1C(C1=CC=C(OC3=CC=CC=C3)C=C1)=NN2C1CCN(C(=O)CN2CCN(CC3CCN(C4=CC=C5C(=O)N(C6CCC(=O)NC6=O)C(=O)C5=C4)CC3)CC2)CC1,Q06187,BTK,CRBN,Q96SW2,6.11,99.73,1,1,False
LGKKOKNDCIZXCI,C#CC1=C(F)C=CC2=CC(O)=CC(C3=NC=C4C(N5CC6CCC(C5)N6)=NC(OCCN5CCC(CC6CCN(C7=CC=CC8=C7N(C)C(=O)N8C7CCC(=O)NC7=O)CC6)CC5)=NC4=C3F)=C12,P01116,KRAS,CRBN,Q96SW2,100.0,70.0,1,0,False
LGLIJCNQEXOSBW,CCS(=O)(=O)N1C=C(C2=NC(NC3=CC=C(N4CCN(CCCCC(=O)NC5=CC=CC6=C5CN(C5CCC(=O)NC5=O)C6=O)CC4)C=C3)=NC=C2C(F)(F)F)C2=CC=CC=C21,P00533,EGFR L858R/T790M/C797S,CRBN,Q96SW2,82.5,95.0,1,1,False
LGXPQFXPRCMMII,O=C1CC[C@H](N2CC3=C(C=CC4=C3OCC43CCN(CCC4CCN(C5=CC=C([C@@H]6C7=CC=C(O)C=C7CC[C@@H]6C6=CC=CC=C6)C=C5)CC4)CC3)C2=O)C(=O)N1,P03372,ERalpha,CRBN,Q96SW2,0.004332,80.0,1,1,False
LHUVKOFLIPGEIS,CC1=C(C)C2=C(S1)N1C(C)=NN=C1[C@H](CC(=O)NCCN1CC(N3CCC(C4=CC=C5C(=O)N(C6CCC(=O)NC6=O)CC5=C4)CC3)C1)N=C2C1=CC=C(Cl)C=C1,O60885,BRD4,CRBN,Q96SW2,11.2,55.0,1,0,False
LJVKRQPLCQUUFT,O=C1CCC(N2C(=O)C3=CC4=C(C=C3C2=O)CN(C2CCN(CC3CCN(C5=CC=C([C@@H]6C7=CC=C(O)C=C7CC[C@@H]6C6=CC=CC=C6)C=C5)CC3)CC2)C4)C(=O)N1,P03372,ERalpha,CRBN,Q96SW2,2.3,84.0,1,1,False
LJVOTWPXASNBJI,N#CC1=CC=CC(C2=NN(CC3=CC=CC(C4=NC=C(OCC5CCN(CC(=O)NCCOCCOCCOCCNC6=CC=C7C(=O)N(C8CCC(=O)NC8=O)C(=O)C7=C6)CC5)C=N4)=C3)C(=O)C=C2)=C1,P08581,c-Met,CRBN,Q96SW2,1.7,95.0,1,1,False
LJYDOPFRVGCVNV,C#CC1=C(F)C=CC2=CC(O)=CC(C3=NC=C4C(N5CC6CCC(C5)N6)=NC(OCCCN5CCC(CC6CCN(CC7CCN(C8=CC=C9C(=C8)N(C)C(=O)N9C8CCC(=O)NC8=O)CC7)CC6)CC5)=NC4=C3F)=C12,P01116,KRAS,CRBN,Q96SW2,100.0,70.0,1,0,False
LKDUBCUGMNXYHO,C#CC1=C(F)C=CC2=CC(O)=CC(C3=NC=C4C(N5CC6CCC(C5)N6)=NC(OCC5(CN6CCC(CC7CCN(C8=CC=C9C(=O)N(C%10CCC(=O)NC%10=O)CC9=C8Cl)CC7)CC6)CC5)=NC4=C3F)=C12,P01116,KRAS,CRBN,Q96SW2,100.0,70.0,1,0,False
LKXINOXWGXXHRE,O=C1CCC(N2CC3=CC(N4CCN(CCC5CCN(C6=CC=C([C@@H]7C8=CC=C(O)C=C8CC[C@@H]7C7=CC=CC=C7)C=C6)CC5)CC4)=NC=C3C2=O)C(=O)N1,P03372,ERalpha,CRBN,Q96SW2,5.0,75.0,1,0,False
LLALFIRAFOKTLZ,CCC1=CC=CC2=CC(O)=CC(C3=NC=C4C(N5CC6CCC(C5)N6)=NC(OCCN5CCC(C6CCN(C7=CC=C8C(=O)N(C9CCC(=O)NC9=O)C(=O)C8=C7)CC6)CC5)=NC4=C3F)=C12,P01116,KRAS,CRBN,Q96SW2,1000.0,25.0,1,0,False
LLKJUUPYYLCBPC,COC1=CC(NC2=NC(N3CCN(CCOCCNC4=CC=CC5=C4C(=O)N(C4CCC(=O)NC4=O)C5=O)CC3)=NC=C2F)=CC=C1NC(=O)C1=CC=C(C2=CCCC2)S1,P41182,BCL6,CRBN,Q96SW2,676.1,93.0,1,0,False
LOJMZDCMSCZZAJ,CN(CCOCCNC(=O)CNC1=CC=CC2=C1C(=O)N(C1CCC(=O)NC1=O)C2=O)CC[C@@H](C1=CC=CC=C1)N1C=C(NC(=O)C2=N[NH]C3=C2CCC(C)(C)C3)C=N1,Q08881,ITK,CRBN,Q96SW2,32.7,99.0,1,1,False
LQLPTNNZWVJXTH,CCC1=CC=CC2=CC(O)=CC(C3=NC=C4C(N5CC6CCC(C5)N6)=NC(OCCN5CCC(CN(C)[C@H]6C[C@H](OC7=CC=C8C(=O)N(C9CCC(=O)NC9=O)C(=O)C8=C7)C6)CC5)=NC4=C3F)=C12,P01116,KRAS,CRBN,Q96SW2,1000.0,25.0,1,0,False
LQUNSJPAJSBGGO,COC1=CC(N2CCC(OCC(=O)N3CCN(C4=CC=CC5=C4C(=O)N(C4CCC(=O)NC4=O)C5=O)CC3)CC2)=CC=C1NC1=NC(NC2=CC=CC=C2S(=O)(=O)C(C)C)=C2N=C[NH]C2=N1,O14965,AURKA,CRBN,Q96SW2,981.5,42.650000000000006,2,0,False
LQWQZMSJYZUFKC,CN(CCCCC(=O)N1CCN2C3=CC=C4C(=O)N([C@H]5CCC(=O)NC5=O)CC4=C3OC[C@H]2C1)C1=CC=C([C@@H]2C3=CC=C(O)C=C3CC[C@@H]2C2=CC=CC=C2)C=C1,P03372,ERalpha,CRBN,Q96SW2,0.46,63.0,1,0,False
LRCAYGWAXRSIDX,C=CC(=O)N1CCN(C2=NC(=O)N(C3=C(C)C=CN=C3C(C)C)C3=NC(C4=C(F)C=CC=C4OCC4CCN(CCCC(=O)N[C@H](C(=O)N5C[C@H](O)C[C@H]5C(=O)NCC5=CC=C(C6=C(C)N=CS6)C=C5)C(C)(C)C)CC4)=C(F)C=C23)[C@@H](C)C1,P01116,KRAS G12C,VHL,P40337,67.0,95.0,1,1,False
LSIDXOKLOKUYHG,CN1N=CC(Cl)=C1C1=C(Cl)OC(C(=O)N[C@@H]2CN[C@H](CC(=O)NC3=CC=C(OCCOCCOCCNC4=CC=CC5=C4C(=O)N(C4CCC(=O)NC4=O)C5=O)C=C3)C[C@H]2C2=CC=CC(F)=C2)=C1,P31749,AKT1,CRBN,Q96SW2,28.0,95.0,1,1,False
LSJSNFCQEAIURY,CCC1=C(F)C=CC2=CC(O)=CC(C3=NC=C4C(N5CC6CCC(C5)N6)=NC(OC[C@@H]5C[C@@H](OC6CCN(CC7CCN(C8=CC=C9C(=O)N(C%10CCC(=O)NC%10=O)CC9=C8Cl)CC7)CC6)CN5C)=NC4=C3F)=C12,P01116,KRAS,CRBN,Q96SW2,100.0,70.0,1,0,False
LSNMFSVTYIAARE,CN1CCN(C2=NC3=C(C(=O)NC4=CN([C@H]5CC[C@H](CN(C)CCCOCCCC6=CC=CC7=C6N(C)C(=O)N7C6CCC(=O)NC6=O)CC5)N=C4C(F)F)C=NN3C=C2)CC1,Q9NWZ3,IRAK4,CRBN,Q96SW2,10000.0,95.0,1,0,False
LSWIANBXHYJRMO,C#CC1=C(F)C=CC2=CC(O)=CC(C3=NC=C4C(N5CC6CCC(C5)N6)=NC(OCCN5CCC6(CC5)CCN(CC5CCN(C7=CC=C8C(=C7F)N(C)C(=O)N8C7CCC(=O)NC7=O)CC5)CC6)=NC4=C3F)=C12,P01116,KRAS,CRBN,Q96SW2,100.0,70.0,1,0,False
LVBLFGLDAZXTFH,C#CC1=C(F)C=CC2=CC(O)=CC(C3=NC=C4C(N5CC6CCC(C5)N6)=NC(OCCN5CCC6(CC5)CCN(CC5CCN(C7=CC=C8C(=C7)N(C)C(=O)N8C7CCC(=O)NC7=O)CC5)CC6)=NC4=C3F)=C12,P01116,KRAS,CRBN,Q96SW2,100.0,70.0,1,0,False
LVIMBRCFLXHKBA,O=C1CCC(N2CC3=CC(N4CCN(CC5CCN(C6=NC=C([C@@H]7C8=CC=C(O)C=C8CC[C@@H]7C7=CC=CC=C7)C=N6)CC5)CC4)=CC=C3C2=O)C(=O)N1,P03372,ERalpha,CRBN,Q96SW2,5.0,50.0,1,0,False
LVLDWQVFCNOREG,CC(=O)N1CCC2=C(C1)C(N1CCCC3=CC(C4=CN(C)N=C4)=C(C(F)F)C=C31)=NN2C1CCN(C(=O)CCN2CC3=CC4=C(C=C3C2)C(=O)N(C2CCC(=O)NC2=O)C4=O)CC1,Q92793,CBP,CRBN,Q96SW2,1000.0,39.5,2,0,False
LVLGGRYQUFHNRI,CCN1CCC(N2C=C(C3=C[NH]C4=NC=C(C5=CC=C(N6CCC(CC7CCN(C(=O)C8=CC=C(Cl)C(N9CCC(=O)NC9=O)=C8)CC7)CC6)C(F)=C5)N=C34)C=N2)CC1,Q92918,MAP4K1,CRBN,Q96SW2,175.8,63.0,1,0,False
LVPBHZKWLXQHNZ,O=C1CCC(N2CC3=CC(N4CCN(CCC(O)CCOC5=CC=C([C@@H]6C7=CC=C(O)C=C7CC[C@@H]6C6=CC=CC=C6)C=C5)CC4)=CC=C3C2=O)C(=O)N1,P03372,ERalpha,CRBN,Q96SW2,5.0,75.0,1,0,False
LWEDXBCUQGFFBW,CN1CC[C@H]2CC[C@@H](C(=O)N[C@@H](CCC(N)=O)C(=O)N[C@@H](CC3=CC=C(F)C=C3)C(=O)N3CCC(CCC#CC4=CC=CC5=C4CN(C4CCC(=O)NC4=O)C5=O)CC3)N2C(=O)[C@@H](NC(=O)C2=CC3=CC(C(F)(F)P(=O)(O)O)=CC=C3S2)C1,P40763,STAT3,CRBN,Q96SW2,90.0,94.0,1,1,False
LWTDOZDASMNJOK,CC1=C(C)C2=C(S1)N1C(C)=NN=C1[C@H](CC(=O)NCCCCCCCCC(=O)N[C@H]1CC(=O)NC1=O)N=C2C1=CC=C(Cl)C=C1,O60885,BRD4,CRBN,Q96SW2,2500.0,10.0,1,0,False
LWYPNYJEUXMBSL,C#CC1=C(F)C=CC2=CC(O)=CC(C3=NC=C4C(N5CC6CCC(C5)N6)=NC(OCC5(CN6CCN(CC7CCN(C8=CC=C9C(=C8)N(C)C(=O)N9C8CCC(=O)NC8=O)CC7)CC6)CC5)=NC4=C3F)=C12,P01116,KRAS,CRBN,Q96SW2,100.0,70.0,1,0,False
LXFAGTBVIUWBOR,C[C@@H]1CC2=C(C=CC3=C2C=N[NH]3)[C@@H](C2=C(F)C=C(N3CCC4(CCN(C(=O)CN5CC6=CC7=C(C=C6C5)C(=O)N(C5CCC(=O)NC5=O)C7=O)CC4)CC3)C=C2F)N1CC(F)(F)F,P03372,ERalpha,CRBN,Q96SW2,2.0,88.0,1,1,False
LXGXWTBAJXFYLG,CC1=CC(C2=C[NH]C3=NC=C(C4=CC=C(C5CCN(C6CN(C7=CC=C8C(=O)N(C9CCC(=O)NC9=O)C(=O)C8=C7)C6)CC5)C=C4)N=C23)=CC=C1C(=O)N(C)C,Q92918,MAP4K1,CRBN,Q96SW2,4.5,99.0,1,1,False
LXLLREDMOVXLOW,COC1=CC(C2=CN(C)C(=O)C3=CN=CC=C23)=CC(OC)=C1C(=O)N1CCC2(CCC(CN3CC4=CC5=C(C=C4C3)C(=O)N(C3CCC(=O)NC3=O)C5=O)CC2)CC1,Q9H8M2,BRD9,CRBN,Q96SW2,44.0,99.0,1,1,False
LZOALELKGAAMAJ,CCC1=C(F)C=CC2=CC(O)=CC(C3=NC=C4C(N5CC6CCC(C5)N6)=NC(OC[C@@H]5C[C@@H](OC6CCN(CC7CCN(C8=CC=C9C(=C8)N(C(C)C)C(=O)N9C8CCC(=O)NC8=O)CC7)CC6)CN5C)=NC4=C3F)=C12,P01116,KRAS,CRBN,Q96SW2,100.0,70.0,1,0,False
LZRIFABWFGIEBB,CC1=CC(C2=C[NH]C3=NC=C(C4=CC=C(C5CCN(C6CN(C7=CC=CC8=C7C(=O)N(C7CCC(=O)NC7=O)C8=O)C6)CC5)C=C4)N=C23)=CC=C1C(=O)N(C)C,Q92918,MAP4K1,CRBN,Q96SW2,152.5,64.9,1,0,False
MANMYZQCTDYCCS,CC1(C)CCC2=C(C1)[NH]N=C2C(=O)NC1=CN([C@@H](CCN2CCN(CC3CCN(C4=CC=C5C(=O)N(C6CCC(=O)NC6=O)C(=O)C5=C4)CC3)CC2)C2=CC=CC=C2)N=C1,Q08881,ITK,CRBN,Q96SW2,29.3,90.0,1,1,False
MATWIHXEJKPGER,CCC1=CC=CC2=CC(O)=CC(C3=NC=C4C(N5C[C@@H]6CC[C@H](C5)N6)=NC(OC[C@@H]5CCCN5CCCCCC(=O)N[C@H](C(=O)N5C[C@H](O)C[C@H]5C(=O)N[C@@H](C)C5=CC=C(C6=C(C)N=CS6)C=C5)C(C)(C)C)=NC4=C3F)=C12,P01116,KRAS G12D,VHL,P40337,1204.0,89.7,1,0,False
MBDWZXCEYCOJBR,C#CC1=C(F)C=CC2=CC(O)=CC(C3=NC=C4C(N5CC6CCC(C5)N6)=NC(OC[C@@H]5CC[C@@H](CN6CCN(CC7CCN(C8=CC=C9C(=C8)N(C(C)C)C(=O)N9C8CCC(=O)NC8=O)CC7)CC6)N5C)=NC4=C3F)=C12,P01116,KRAS,CRBN,Q96SW2,100.0,50.0,1,0,False
MCCIEZLYIAJGSE,COC1=CC(N2CCN(C(=O)CNC3=CC=CC4=C3C(=O)N(C3CCC(=O)NC3=O)C4=O)CC2)=CC=C1NC1=NC=C(Cl)C(NC2=CC=CC=C2S(=O)(=O)C(C)C)=N1,Q9UM73,ALK,CRBN,Q96SW2,4.6,92.28,1,1,False
MDAOEBYSZBCXNE,O=C1CCC(N2CC3=CC(N4CCN(CCC5CCN(C6=CC=C([C@@H]7C8=CC=C(O)C=C8CC[C@@H]7C7=CC=CC=C7)C=N6)CC5)CC4)=CC=C3C2=O)C(=O)N1,P03372,ERalpha,CRBN,Q96SW2,5.0,75.0,1,0,False
MDGIUACWARAFPO,C#CC1=C(F)C=CC2=CC(O)=CC(C3=NC=C4C(N5CC6CCC(C5)N6)=NC(OCCN5CCC(CN6CCC7(CC6)CCN(C6=CC=C8C(=O)N(C9CCC(=O)NC9=O)CC8=C6F)CC7)CC5)=NC4=C3F)=C12,P01116,KRAS,CRBN,Q96SW2,100.0,70.0,1,0,False
MEHBZJQWERYZKL,CC1=C(C)C2=C(S1)N1C(C)=NN=C1[C@H](CC(=O)NCCCCCOC1=NOC([C@@H](C(=O)N3C[C@H](O)C[C@H]3C(=O)N[C@@H](C)C3=CC=C(Cl)C=C3)C(C)C)=C1)N=C2C1=CC=C(Cl)C=C1,O60885,BRD4,VHL,P40337,190.0,80.0,1,0,False
MGCQUHFNXHFJQG,NC(=O)C1=CC=CC2=CN(C3=CC=C([C@@H]4CCCN(C(=O)CC5CCN(C(=O)CC6CCN(CC7CCN(C8=CC=C9C(=O)N(C%10CCC(=O)NC%10=O)C(=O)C9=C8)CC7)CC6)CC5)C4)C=C3)N=C12,P09874,PARP1,CRBN,Q96SW2,230.0,65.07,1,0,False
MHDMODTXRYQRFP,CC1=C(C)C2=C(S1)N1C(C)=NN=C1[C@H](CC(=O)NCCCCCCCCC(=O)N1CCC[C@H]1C(=O)N[C@H]1CC(=O)NC1=O)N=C2C1=CC=C(Cl)C=C1,O60885,BRD4,CRBN,Q96SW2,37.0,97.0,1,1,False
MIHQDVSIMCDUSP,CC1=NOC([C@H](C(=O)N2C[C@H](O)C[C@H]2C(=O)N[C@@H](CC(=O)NCCOCCOCCNC(=O)C[C@@H]2N=C(C3=CC=C(Cl)C=C3)C3=C(SC(C)=C3C)N3C(C)=NN=C23)C2=CC=C(Cl)C=C2)C(C)C)=C1,O60885,BRD4,VHL,P40337,1500.0,100.0,1,0,False
MIVYMDRKVBLXBB,CC1=C(C)C2=C(S1)N1C(C)=NN=C1[C@H](CC(=O)NCCCCCCCCC(=O)N[C@@H](CC1=CC=CC=C1)C(=O)N[C@H]1CC(=O)NC1=O)N=C2C1=CC=C(Cl)C=C1,O60885,BRD4,CRBN,Q96SW2,7.0,99.0,1,1,False
MJDWPGJDJCEZOD,CCS(=O)(=O)N1C=C(C2=NC(NC3=CC=C(N4CCN(CC(=O)NC5=CC=CC6=C5CN(C5CCC(=O)NC5=O)C6=O)CC4)C=C3)=NC=C2C(F)(F)F)C2=CC=CC=C21,P00533,EGFR L858R/T790M/C797S,CRBN,Q96SW2,30.1,89.3,1,1,False
MKEPVVNHRYBPIL,CCC(C)(C)C(=O)C(=O)N1CCCC[C@H]1C(=O)O[C@H](CCC1=CC=C(OC)C(OC)=C1)C1=CC=CC(NC(=O)CCC(=O)NCCCCCCC(=O)N[C@@H](CC(C)C)C(=O)N[C@@H]2CCC(=O)NC2=O)=C1,P62942,FKBP12,CRBN,Q96SW2,71.0,95.0,1,1,False
MKKJFNRNDUNJRJ,CC1(CN2CCN(C3=CC=C4C(=O)N(C5CCC(=O)NC5=O)CC4=C3)CC2)CCN(C2=CC=C([C@@H]3C4=CC=C(O)C=C4CC[C@@H]3C3=CC=CC=C3)C=C2)CC1,P03372,ERalpha,CRBN,Q96SW2,5.0,50.0,1,0,False
MKYFFZGQPZGNQS,CC1=C(C2=CC=C([C@H](C)NC(=O)[C@@H]3C[C@@H](O)CN3C(=O)[C@@H](NC(=O)CCCCCCC(=O)N3CCN(C[C@]4(C)CCC(C5=CC=C(Cl)C=C5)=C(CN5CCN(C6=CC=C(C(=O)NS(=O)(=O)C7=CC=C(N[C@H](CCN8CCOCC8)CSC8=CC=CC=C8)C(S(=O)(=O)C(F)(F)C(F)(F)F)=C7)C=C6)CC5)C4)CC3)C(C)(C)C)C=C2)SC=N1,P10415,BCL2,VHL,P40337,24.5,52.35,2,0,False
MLZVIASYUVCSEA,CC1=NOC([C@@H](C(=O)N2C[C@H](O)C[C@H]2C(=O)N[C@@H](CC(=O)NCCCCCCCCCCCCN2C=C(C3=CC(C4=CC=CC=C4O)=NN=C3N)C=N2)C2=CC=C(C3=C(C)N=CS3)C=C2)C(C)C)=C1,P51531,SMARCA2,VHL,P40337,68.0,91.0,2,1,False
MMBLDFRSCIREAD,C#CC1=C(F)C=CC2=CC(O)=CC(C3=NC=C4C(N5CC6CCC(C5)N6)=NC(OCC5(CN6CCC(CC7CCN(C8=CC=C9C(=C8)N(C)C(=O)N9C8CCC(=O)NC8=O)CC7)CC6)CC5)=NC4=C3F)=C12,P01116,KRAS,CRBN,Q96SW2,100.0,70.0,1,0,False
MPOBYMKETYQAHT,COC1=CC2=NC(C)=NC(N[C@H](C)C3=CC(N)=CC(C(F)(F)F)=C3)=C2C=C1OCC1(CN(C)C(=O)CCCCCCNC2=CC=C(F)C3=C2C(=O)N(C2CCC(=O)NC2=O)C3=O)CC1,Q07889,SOS1,CRBN,Q96SW2,63.0,90.0,1,1,False
MQKYUGINEQYSTG,CC1=C(C)C2=C(N3CCC[C@H](NC(=O)CCCCCCC4=CC=CC5=C4CN([C@H]4CCC(=O)NC4=O)C5=O)C3)C(F)=CC(C(N)=O)=C2[NH]1,Q06187,BTK,CRBN,Q96SW2,10000.0,20.0,1,0,False
MRSVWDNVFGFAMR,O=C1CCC(N2CC3=CC(N4CCN(CC5CCN(C6=CC=CC([C@@H]7C8=CC=C(O)C=C8CC[C@@H]7C7=CC=CC=C7)=C6)CC5)CC4)=CC=C3C2=O)C(=O)N1,P03372,ERalpha,CRBN,Q96SW2,50.0,50.0,1,0,False
MRWQDJXZCHOLFL,O=C1CCC(N2CC3=C(C=CC4=C3OCC43CCN(CC4COC5(CCN(C6=CC=C([C@@H]7C8=CC=C(O)C=C8CC[C@@H]7C7=CC=CC=C7)C=C6)CC5)C4)CC3)C2=O)C(=O)N1,P03372,ERalpha,CRBN,Q96SW2,0.04062,79.0,1,0,False
MVDQDTKGGYOLOX,C#CC1=C(F)C=CC2=CC(O)=CC(C3=NC=C4C(N5CC6CCC(C5)N6)=NC(OCCN5CCC(CN6CCN(CC7CCN(C8=CC=CC9=C8CN(C8CCC(=O)NC8=O)C9=O)CC7)CC6)CC5)=NC4=C3F)=C12,P01116,KRAS,CRBN,Q96SW2,100.0,70.0,1,0,False
MWQUPRSQYJGFTN,O=C1CC[C@H](N2CC3=C(C=CC4=C3OCC43CCN(CC4CCC5(CC4)CN(C4=CC=C([C@@H]6C7=CC=C(O)C=C7CC[C@@H]6C6=CC=CC=C6)C=C4)C5)CC3)C2=O)C(=O)N1,P03372,ERalpha,CRBN,Q96SW2,0.1103,95.0,1,1,False
MWSMACAEJGKVET,C#CC1=C(F)C=CC2=CC(O)=CC(C3=NC=C4C(N5CC6CCC(C5)N6)=NC(OC[C@@H]5C[C@@H](OC6CCN(CC7(F)CCN(C8=CC=C9C(=O)N(C%10CCC(=O)NC%10=O)CC9=C8F)CC7)CC6)CN5C)=NC4=C3F)=C12,P01116,KRAS,CRBN,Q96SW2,100.0,70.0,1,0,False
MWVNDEBEHBRZEC,CC(=O)C1=C(C)C2=CN=C(NC3=CC=C(N4CCN(C(=O)CCCCCC(=O)N[C@H](C(=O)N5C[C@H](O)C[C@H]5C(=O)NCC5=CC=C(C6=C(C)N=CS6)C=C5)C(C)(C)C)CC4)C=N3)N=C2N(C2CCCC2)C1=O,P11802,CDK4,VHL,P40337,10000.0,50.0,2,0,False
MXFZXZUWICUBOI,CC1=C(C2=CC=C([C@H](C)NC(=O)[C@@H]3C[C@@H](O)CN3C(=O)[C@@H](NC(=O)C3CCC(N4CC5(CCC(N6C=C(C7=CC(C8=CC=CC=C8O)=NN=C7N)C=N6)CC5)C4)CC3)C(C)(C)C)C=C2)SC=N1,P51531,SMARCA2,VHL,P40337,512.5,70.0,2,0,False
MXOOOCRGAZEHDK,C#CC1=C(F)C=CC2=CC(O)=CC(C3=NC=C4C(N5CC6CCC(C5)N6)=NC(OCCN5CCC(CN6CCN(CC7CCN(C8=CC=C9C(=C8)N(C)C(=O)N9C8CCC(=O)NC8=O)CC7)CC6)CC5)=NC4=C3F)=C12,P01116,KRAS,CRBN,Q96SW2,100.0,70.0,1,0,False
MXQRGTSIYWGRKG,CC1=NC(NC2=NC=C(C(=O)NC3=C(C)C=CC=C3Cl)S2)=CC(N2CCN(CCN3CCN(C4=CC=C(C5CCC(=O)NC5=O)C=C4)CC3)CC2)=N1,P06239,LCK,CRBN,Q96SW2,53.0,62.0,1,0,False
MXUXZEYSMBBOFM,O=C1CCC(N2CC3=CC(NCCCCCN4CCN(C5=CC=C([C@@H]6C7=CC=C(O)C=C7CC[C@@H]6C6=CC=CC=C6)C=C5)CC4)=CC=C3C2=O)C(=O)N1,P03372,ERalpha,CRBN,Q96SW2,5.0,50.0,1,0,False
MYKZGDSGPTZTPG,CN1CCN([C@@H]2CCCN(C3=CN=C(C(N)=O)C(NC4=CC=C(N5CCN(C[C@H]6[C@@H]7CN(C8=CC=C9C(=O)N([C@@H]%10CCC(=O)NC%10=O)C(=O)C9=C8)C[C@H]67)CC5)C=C4)=N3)C2)C1=O,Q06187,BTK,CRBN,Q96SW2,0.6,94.0,1,1,False
MYMIVXJTHZGTEC,O=C1CCC(N2CC3=CC(N4CCN(CCC5CCN(C6=CC=C([C@@H]7C8=CC=C(O)C=C8CC[C@@H]7C7=CC=CC=C7)C=C6)CC5)CC4)=CC=C3C2=O)C(=O)N1,P03372,ERalpha,CRBN,Q96SW2,5.0,75.0,3,0,False
MYMXYDSTYJHREL,CC(=O)N1CCC2=C(C1)C(C1=CC=CC3=CC(C4=CC=C(C(=O)NCCNC5=CC=CC6=C5CN(C5CCC(=O)NC5=O)C6=O)N=C4)=NC=C13)=NN2C1CCOCC1,Q92793,CBP,CRBN,Q96SW2,1.2,98.0,2,1,False
MYONGPFZWBRXRB,NC(=O)CC[C@H](NC(=O)[C@@H]1CC[C@@H]2CCNC[C@H](NC(=O)C3=CC4=CC(C(F)(F)P(=O)(O)O)=CC=C4S3)C(=O)N12)C(=O)N[C@@H](CC1=CC=C(F)C(F)=C1)C(=O)N1CCC(CCC#CC2=CC=CC3=C2CN(C2CCC(=O)NC2=O)C3=O)CC1,P40763,STAT3,CRBN,Q96SW2,1200.0,73.0,1,0,False
MZJPOLYUIZRRPP,CC1=NOC([C@@H](C(=O)N2C[C@H](O)C[C@H]2C(=O)N[C@@H](CC(=O)NCCCCCCCCCCN2C=C(C3=CC(C4=CC=CC=C4O)=NN=C3N)C=N2)C2=CC=C(C3=C(C)N=CS3)C=C2)C(C)C)=C1,P51531,SMARCA2,VHL,P40337,45.0,94.0,2,1,False
MZOWIXBWDNSXQH,O=C1CCC(N2CC3=CC(N4CCC(CCN5CCC(CC(=O)N[C@H]6CC[C@@H](NC7=NC=NC8=C7C(C(=O)C7=CC=C(OC9=CC=CC=C9)C=C7Cl)=C[NH]8)CC6)CC5)CC4)=CC=C3C2=O)C(=O)N1,Q06187,BTK,CRBN,Q96SW2,10.1,90.1,1,1,False
NAAJTPJKFIVOCL,CC1=C(C2=CC=C([C@H](C)NC(=O)[C@@H]3C[C@@H](O)CN3C(=O)[C@@H](NC(=O)CCCCCCCCN3C=C(C4=CC(C5=CC=CC=C5O)=NN=C4N)C=N3)C(C)(C)C)C=C2)SC=N1,P51531,SMARCA2,VHL,P40337,17.0,94.0,2,1,False
NAAXSZGRYKDACY,C#CC1=C(F)C=CC2=CC(O)=CC(C3=NC=C4C(N5CC6CCC(C5)N6)=NC(OCCN5CCC(CN6CCC(CC7CCN(C8=CC=CC9=C8CN(C8CCC(=O)NC8=O)C9=O)CC7)CC6)CC5)=NC4=C3F)=C12,P01116,KRAS,CRBN,Q96SW2,100.0,70.0,1,0,False
NAKXOWLYMFDDNT,CC1=C(C)C2=C(S1)N1C(C)=NN=C1[C@H](CC(=O)NCCCCCCCCC(=O)N[C@@H](CCC(=O)O)C(=O)N[C@@H]1CCC(=O)NC1=O)N=C2C1=CC=C(Cl)C=C1,O60885,BRD4,CRBN,Q96SW2,2500.0,5.0,1,0,False
NBOURFAEDBEZJY,CC1=CC2=C(NC(=O)C3=CC(NC(=O)CCCCCCCCCCNC4=CC=CC5=C4C(=O)N(C4CCC(=O)NC4=O)C5=O)=CC(C4=NN(C)C=C4)=C3)C=CC=C2N=N1,Q92793,CBP,CRBN,Q96SW2,40.0,85.0,1,1,False
NCMKTMLIGFFAEK,O=C1CC[C@H](N2CC3=C(C=CC4=C3OCC43CCN(CC(=O)N4CC5(C4)CN(C4=CC=C([C@@H]6C7=CC=C(O)C=C7CC[C@@H]6C6=CC=CC=C6)C=C4)C5)CC3)C2=O)C(=O)N1,P03372,ERalpha,CRBN,Q96SW2,0.01426,99.0,1,1,False
NCSCYFMOOULWQC,COC1=CC(N2CCN(CC3CCN(C4=CC=C(C5CCN(C6=CC=C(C#N)C(C(F)(F)F)=C6F)CC5)C(F)=C4)CC3)CC2)=CC2=C1C(=O)N(C1CCC(=O)NC1=O)C2,P10275,AR,CRBN,Q96SW2,240.5,100.0,2,0,False
NCYQVXBQCGPHHH,N#CC1=CC=C(N2CCC3(CCN(C4=CC=C(C(=O)N5CCC(N6CC7=CC8=C(C=C7C6)C(=O)N(C6CCC(=O)NC6=O)C8=O)CC5)C=C4)CC3)C2)C=C1Cl,P10275,AR,CRBN,Q96SW2,9.7,89.0,1,1,False
NCYUPQGVJKSVOY,O=C1CCC(N2CC3=CC(N4CCN(CC5CC6(CCN(C7=CC=C([C@@H]8C9=CC=C(O)C=C9CC[C@@H]8C8=CC=CC=C8)C=C7)C6)C5)CC4)=CC=C3C2=O)C(=O)N1,P03372,ERalpha,CRBN,Q96SW2,5.0,50.0,1,0,False
NCZRXARMAOKBHX,C[C@H]1CN(C(=O)CCCCCCNC2=CC=CC3=C2C(=O)N(C2CCC(=O)NC2=O)C3=O)CCN1C1=CC=C(NC2=CC(C3=CC=NC(N4CCN5C(=CC6=C5CC(C)(C)C6)C4=O)=C3CO)=CN(C)C2=O)N=C1,Q06187,BTK,CRBN,Q96SW2,3.2,95.0,1,1,False
NDAXYDIPJNSMDV,O=C1CCC(N2CC3=CC(CCN4CCCN(CCCCOC5=CC=C([C@@H]6C7=CC=C(O)C=C7CC[C@@H]6C6=CC=CC=C6)C=C5)CC4)=CC=C3C2=O)C(=O)N1,P03372,ERalpha,CRBN,Q96SW2,5.0,75.0,1,0,False
NEEJYMLVIVQXPL,CC1=CC(C2=C[NH]C3=NC=C(C4=CC=C(C5CCN(C(=O)CNC6=CC=CC7=C6C(=O)N(C6CCC(=O)NC6=O)C7=O)CC5)C=C4)N=C23)=CC=C1C(=O)N(C)C,Q92918,MAP4K1,CRBN,Q96SW2,10000.0,0.1,1,0,False
NEYSWTYJNWOFFS,CC1=CC(C2=C[NH]C3=NC=C(C4=CC=C(C5CCN(C6=CC=CC7=C6C(=O)N(C6CCC(=O)NC6=O)C7=O)CC5)C=C4)N=C23)=CC=C1C(=O)N(C)C,Q92918,MAP4K1,CRBN,Q96SW2,10000.0,2.8,1,0,False
NFLKKMOHWZTOPF,CCS(=O)(=O)N1C=C(C2=NC(NC3=CC=C(N4CCN(CCCCCCC(=O)NC5=CC=CC6=C5CN(C5CCC(=O)NC5=O)C6=O)CC4)C=C3)=NC=C2C(F)(F)F)C2=CC=CC=C21,P00533,EGFR L858R/T790M/C797S,CRBN,Q96SW2,10.2,95.0,1,1,False
NFRUWYPJXRXEPI,N#CC1=CC=C(N2CCC(C3=CC=C(OCCCCN4CCN(C5=CC=C6C(=O)N(C7CCC(=O)NC7=O)CC6=C5)CC4)C=C3)CC2)C(F)=C1C(F)(F)F,P10275,AR,CRBN,Q96SW2,58.0,89.0,2,1,False
NFWQAJIASJIBNX,CC1=CC=C(NC(=O)CN2C=C(C3=CC=C4C(NC(=O)C5=CC=C(NC(=O)CCCCCCCC(=O)N[C@H](C(=O)N6C[C@H](O)C[C@H]6C(=O)NCC6=CC=C(C7=C(C)N=CS7)C=C6)C(C)(C)C)C=C5)=N[NH]C4=C3)C=N2)C=C1C(F)(F)F,P35968,VEGFR-2,VHL,P40337,3330.0,13.5,1,0,False
NGIFAZUKBRGIIP,CC1=NC(NC2=NC=C(C(=O)NC3=C(C)C=CC=C3Cl)S2)=CC(N2CCN(CCCC(=O)N3CC4CC3CN4C3=CC=C(C4CCC(=O)NC4=O)C=C3)CC2)=N1,P06239,LCK,CRBN,Q96SW2,11.3,90.0,1,1,False
NGPPFHHXYKYDIP,CC1=CC(C2=C[NH]C3=NC=C(C4=CC=C(N5CCN(C6=CC=CC7=C6C(=O)N(C6CCC(=O)NC6=O)C7=O)CC5)C=C4)N=C23)=CC=C1C(=O)N(C)C,Q92918,MAP4K1,CRBN,Q96SW2,10000.0,37.9,1,0,False
NHHRMBVTHWIWGZ,O=C(CCCOC1=CC=C([C@@H]2C3=CC=C(O)C=C3CC[C@@H]2C2=CC=CC=C2)C=C1)CN1CCN(C2=CC=C3C(=O)N(C4CCC(=O)NC4=O)CC3=C2)CC1,P03372,ERalpha,CRBN,Q96SW2,5.0,75.0,1,0,False
NHLHDLZOSBADFR,O=C1CCC(N2CC3=CC(N4CCN(CC5(O)CCN(C6=CC=C([C@@H]7C8=CC=C(O)C=C8CC[C@@H]7C7=CC=CC=C7)C=C6)CC5)CC4)=CC=C3C2=O)C(=O)N1,P03372,ERalpha,CRBN,Q96SW2,5.0,50.0,1,0,False
NILPBQXGPCUEHH,O=C1CCC(N2CC3=CC(N4CCN(CCC5CCN(C6=CC=CC([C@@H]7C8=CC=C(O)C=C8CC[C@@H]7C7=CC=CC=C7)=C6)CC5)CC4)=CC=C3C2=O)C(=O)N1,P03372,ERalpha,CRBN,Q96SW2,5.0,75.0,1,0,False
NIPLZZSOGWKOEY,COC1=CC=C(C(=O)O)C=C1OCC1=CC=C(C(=O)NCCCCCCCCNC2=CC=CC3=C2C(=O)N(C2CCC(=O)NC2=O)C3=O)C=C1,Q9BY41,HDAC8,CRBN,Q96SW2,19.9,83.0,2,1,False
NIPYTICJQBGJAI,CC(=O)N1CCC2=C(C1)C(N1CCCC3=CC(C4=CN(C)N=C4)=C(C(F)F)C=C31)=NN2[C@H]1CC[C@H](CN2CCN(C3=CC=C4C(=O)N(C5CCC(=O)NC5=O)CC4=C3)CC2)CC1,Q92793,CBP,CRBN,Q96SW2,0.1,95.0,2,1,False
NIQFZCJNEODJTE,CC1=C(C2=CC=C([C@H](C)NC(=O)[C@@H]3C[C@@H](O)CN3C(=O)[C@@H](NC(=O)CCCCCC(=O)N3CCC4(CC3)CCN(C3=CN=CC(NC5=NC=C(Cl)C(C6=CC=CC(C7=CC=CC=C7)=C6)=N5)=C3)C4=O)C(C)(C)C)C=C2)SC=N1,Q8TBX8,PIP4K2C,VHL,P40337,24.0,91.0,1,1,False
NJBVKJIGWSMPIW,O=C1CCC(N2C(=O)C3=CC4=C(C=C3C2=O)CN(C(=O)C2CCN(CC3CCN(C5=CC=C([C@@H]6C7=CC=C(O)C=C7CC[C@@H]6C6=CC=CC=C6)C=C5)CC3)CC2)C4)C(=O)N1,P03372,ERalpha,CRBN,Q96SW2,9.7,63.0,1,0,False
NJHOIYBUDVLYAV,O=C1CCC(N2C(=O)C3=CC=C(N4CCN(C(=O)CN5CCN(C6=CC=C(NC7=NC=C8N=CC(=O)N(C9CCCC9)C8=N7)C=C6)CC5)CC4)C=C3C2=O)C(=O)N1,P11802,CDK4,CRBN,Q96SW2,6.8500000000000005,80.5,2,1,False
NJKWOYSRGUGPRS,CC1=C(C2=CC=C([C@H](C)NC(=O)[C@@H]3C[C@@H](O)CN3C(=O)[C@@H](NC(=O)[C@H]3CC[C@H](CN4CCC(C5=CC=C6C(=C5)N5C(=NC(=O)C7=C(Br)C=CC=C75)C6(C)C)CC4)CC3)C(C)(C)C)C=C2)SC=N1,P51531,SMARCA2,VHL,P40337,503.2,63.5,2,0,False
NJTGZPZPCHOJOW,O=C1CCC(N2CC3=C(C=C(F)C(N4CCN(CC5CCN(C6=CC=C([C@@H]7C8=CC=C(O)C=C8CC[C@@H]7C7=CC=C(F)C=C7)C=C6)CC5)CC4)=C3F)C2=O)C(=O)N1,P03372,ERalpha,CRBN,Q96SW2,5.0,50.0,1,0,False
NJVSAVJXGPJLDE,CC1=NOC(C)=C1C1=CC=C2C(=C1)N=C([C@@H]1CCCC(=O)N1C1=CC=C(F)C(F)=C1)N2[C@H]1CC[C@H](OCC(=O)NC2=CC=C(CN3CCN(C4=CC=C5C(=O)N(C6CCC(=O)NC6=O)C(=O)C5=C4)CC3)C=C2)CC1,Q92793,CBP,CRBN,Q96SW2,21.75,51.0,2,0,False
NKECFXWADFBMPA,NC1=NN=C(C2=CC=CC=C2O)C=C1N1CCN(CC2=CC=C(N3CCC(CN4CCN(C5=CC=C6C(=O)N(C7CCC(=O)NC7=O)C(=O)C6=C5)CC4)CC3)C(F)=C2)CC1,P51531,SMARCA2,CRBN,Q96SW2,102.0,83.0,2,0,False
NKGQYMCHGPQXJX,CCC1=CC=CC2=CC(O)=CC(C3=NC=C4C(=C3F)N=C(OC[C@@]35CCCN3[C@H](COC(=O)N3CCN(C6=CC=C7C(=O)N(C8CCC(=O)NC8=O)CC7=C6)CC3)CC5)NC4N3CC4CCC(C3)N4)=C12,P01116,KRAS,CRBN,Q96SW2,100.0,50.0,1,0,False
NKHVPDKFIALHND,CCS(=O)(=O)N1C=C(C2=NC(NC3=CC=C(N4CCN(CCCCCC(=O)NC5=CC=CC6=C5CN(C5CCC(=O)NC5=O)C6=O)CC4)C=C3)=NC=C2C(F)(F)F)C2=CC=CC=C21,P00533,EGFR L858R/T790M/C797S,CRBN,Q96SW2,59.4,94.6,1,1,False
NKSDXVLDAPUIEJ,CC1=C(C2=CC=C([C@H](C)NC(=O)[C@@H]3C[C@@H](O)CN3C(=O)[C@@H](NC(=O)CCCCCCCCCCN3C=C(C4=CC(C5=CC=CC=C5O)=NN=C4N)C=N3)C(C)(C)C)C=C2)SC=N1,P51531,SMARCA2,VHL,P40337,26.5,90.0,2,1,False
NLYQMKQDTHQZNA,C#CC1=C(F)C=CC2=CC(O)=CC(C3=NC=C4C(N5CC6CCC(C5)N6)=NC(OCCN5CCC(CN6CCC(CC7CCN(C8=CC=C9C(=O)N(C%10CCC(=O)NC%10=O)CC9=C8Cl)CC7)CC6)CC5)=NC4=C3F)=C12,P01116,KRAS,CRBN,Q96SW2,100.0,70.0,1,0,False
NMNBXQDPNXVCOF,O=C1CCC(N2C(=O)C3=CC=C(N4CCC(C(=O)N5CCN(CC6=CC=C(NC(=O)C7=N[NH]C=C7NC7=NC=NC8=C7C=C[NH]8)C=C6)CC5)CC4)C=C3C2=O)C(=O)N1,P24941,CDK2,CRBN,Q96SW2,100.0,47.87,1,0,False
NMRMXUQBFDOAQE,O=C1CCC(N2CC3=NC(N4CCN(CC5CCN(C6=CC=C([C@@H]7C8=CC=C(O)C=C8CC[C@@H]7C7=CC=CC=C7)C(F)=C6)CC5)CC4)=CC=C3C2=O)C(=O)N1,P03372,ERalpha,CRBN,Q96SW2,5.0,75.0,1,0,False
NOYFZERQOYOFSG,C[C@H]1CN(C(=O)CCCCCCCCCNC2=CC=CC3=C2C(=O)N(C2CCC(=O)NC2=O)C3=O)CCN1C1=CC=C(NC2=CC(C3=CC=NC(N4CCN5C(=CC6=C5CC(C)(C)C6)C4=O)=C3CO)=CN(C)C2=O)N=C1,Q06187,BTK,CRBN,Q96SW2,31.2,94.0,1,1,False
NQGKNAVUMAHSQN,CN1C(=O)N(C2CCC(=O)NC2=O)C2=CC=CC(C#CCOC3CCN(C[C@H]4CC[C@H](N5C=C(NC(=O)C6=C7N=C(N8C[C@H]9C[C@@H]8CO9)C=CN7N=C6)C(C(F)F)=N5)CC4)CC3)=C21,Q9NWZ3,IRAK4,CRBN,Q96SW2,5.0,95.0,3,1,False
NQJHWPLBMRAMKZ,CC1=C(N2CCC(C3=CC=C(N4CCC(CN5CCN(C6=CC=C7C(=O)N(C8CCC(=O)NC8=O)CC7=C6)CC5)CC4)C=C3)CC2)C=CC(C#N)=C1C(F)(F)F,P10275,AR,CRBN,Q96SW2,152.0,70.0,1,0,False
NQZCBDOOYGTFSB,O=C1CCN(C2=CC(C(=O)N3CCC(CC4CCN(C5=CC=C(C6=CN=C7[NH]C=C(C8=CN(CC(F)(F)F)N=C8)C7=N6)C=N5)CC4)CC3)=CC=C2Cl)C(=O)N1,Q92918,MAP4K1,CRBN,Q96SW2,8.8,94.0,1,1,False
NRQMHOGVAHDTNW,O=C1CCC(N2C(=O)C3=CC=CC(NCCOCCN4CCN(C5=CC=C(NC6=NC=C7N=CC(=O)N(C8CCCC8)C7=N6)C=C5)CC4)=C3C2=O)C(=O)N1,P11802,CDK4,CRBN,Q96SW2,85.7,75.5,2,0,False
NSQAQTYTFNGRSF,CC(C)S(=O)(=O)C1=CC=CC=C1NC1=NC(NC2=CC=C(N3CCN(C(=O)CNC(=O)CCCC(=O)NC4=CC=CC5=C4C(=O)N(C4CCC(=O)NC4=O)C5=O)CC3)C=C2)=NC2=C1N=C[NH]2,P33981,TTK,CRBN,Q96SW2,248.0,48.33,3,0,False
NSQJBNRXUUGRNF,O=C1CCC(N2C(=O)C3=CC=C(N4CC(CN5CCC(CCN6CCC(NC(=O)C7=N[NH]C=C7NC(=O)C7=C(Cl)C=CC=C7Cl)CC6)CC5)C4)C=C3C2=O)C(=O)N1,P24941,CDK2,CRBN,Q96SW2,11.22,65.77,1,0,False
NSWZQYGDWCUSDT,CCC1=NC(C(N)=O)=C(NC2=CC=C(N3CCC(N4CCN(C(=O)CNC5=CC=CC6=C5C(=O)N(C5CCC(=O)NC5=O)C6=O)CC4)CC3)C(OC)=C2)N=C1NC1CCOCC1,P36888,FLT3,CRBN,Q96SW2,0.98,85.0,1,1,False
NTDBBWSXABKIAR,CC1=NC(NC2=NC=C(C(=O)NC3=C(C)C=CC=C3Cl)S2)=CC(N2CCN(CCCC(=O)N3CCC4(CC3)CCN(C3=CC=C(C5CCC(=O)NC5=O)C=C3)CC4)CC2)=N1,P06239,LCK,CRBN,Q96SW2,20.2,86.0,1,1,False
NTQJGRSBLNKGCI,O=C1CC[C@H](N2CC3=C(C=CC4=C3OCC43CCN(CC4CCC5(CC4)CCN(C4=CC=C([C@@H]6C7=CC=C(O)C=C7CC[C@@H]6C6=CC=CC=C6)C=C4)CC5)CC3)C2=O)C(=O)N1,P03372,ERalpha,CRBN,Q96SW2,0.3366,99.0,1,1,False
NTVMEUBMJYIENK,O=C1CCC(N2C(=O)C3=CC=C(N4CCN(CCC5CCN(C6=CC=C([C@@H]7C8=CC=C(O)C=C8CC[C@@H]7C7=CC=CC=C7)C=N6)CC5)CC4)C=C3C2=O)C(=O)N1,P03372,ERalpha,CRBN,Q96SW2,5.0,75.0,1,0,False
NVHSNLNBJJUEKA,CC1=CC(C2=C[NH]C3=NC=C(C4=CC=C(C5CCN(C6CN(C(=O)C7CCN(C8=CC=C(C(=O)NC9CCC(=O)NC9=O)C=C8)CC7)C6)CC5)C=C4)N=C23)=CC=C1C(=O)N(C)C,Q92918,MAP4K1,CRBN,Q96SW2,10000.0,24.2,1,0,False
NVZBZJSNIZDMHZ,CC1=C(C2=CC=C([C@H](C)NC(=O)[C@@H]3C[C@@H](O)CN3C(=O)[C@@H](NC(=O)CCCCCN3C=C(C4=CC(C5=CC=CC=C5O)=NN=C4N)C=N3)C(C)(C)C)C=C2)SC=N1,P51531,SMARCA2,VHL,P40337,506.0,83.0,2,0,False
NWAHMEWTPAKOEQ,CC1=C(C2=CC=C([C@H](CCCCCN3CCC(C4=CC=C5C(=C4)N(C4CCCC4)C4=NC(=O)C6=C(Br)C=CC=C6N54)CC3)NC(=O)[C@@H]3C[C@@H](O)CN3C(=O)[C@@H](NC(=O)C3(F)CC3)C(C)(C)C)C=C2)SC=N1,P51531,SMARCA2,VHL,P40337,6.5,82.5,2,1,False
NWWWDNZGRPDSDL,O=C1CCC(N2CC3=C(C=CC(N4CCN(CCCCCOC5=CC=C([C@@H]6C7=CC=C(O)C=C7CC[C@@H]6C6=CC=CC=C6)C=C5)CC4)=C3F)C2=O)C(=O)N1,P03372,ERalpha,CRBN,Q96SW2,5.0,50.0,1,0,False
NXGWHYURBOETHV,C#CC1=C(F)C=CC2=CC(O)=CC(C3=NC=C4C(N5CC6CCC(C5)N6)=NC(OC[C@@H](C)N5CCC(CC6CCN(CC7CCN(C8=CC=C9C(=C8)N(C(C)C)C(=O)N9C8CCC(=O)NC8=O)CC7)CC6)CC5)=NC4=C3F)=C12,P01116,KRAS,CRBN,Q96SW2,100.0,70.0,2,0,False
NXLULRXSAHUXOB,NC(=O)C1=CC=CC2=CN(C3=CC=C([C@@H]4CCCN(C(=O)COCCOCCOCCNC5=CC=C6C(=O)N(C7CCC(=O)NC7=O)C(=O)C6=C5)C4)C=C3)N=C12,P09874,PARP1,CRBN,Q96SW2,20000.0,37.38,1,0,False
NXRXLODHMLUPLH,CN1CC[C@H]2CC[C@@H](C(=O)N[C@@H](CCC(N)=O)C(=O)N[C@H](C(=O)NCCCCCCC#CC3=CC=CC4=C3CN(C3CCC(=O)NC3=O)C4=O)C3=CC=CC=C3)N2C(=O)[C@@H](NC(=O)C2=CC3=CC(C(F)(F)P(=O)(O)O)=CC=C3S2)C1,P40763,STAT3,CRBN,Q96SW2,5000.0,36.0,1,0,False
NXTUJILVQJCFAE,CC(=O)N1CCC2=C(C1)C(N1CCCC3=CC(C4=NN(C)C=C4)=C(C(F)F)C=C31)=NN2C1CCC(N2CC3=CC4=C(C=C3C2)C(=O)N(C2CCC(=O)NC2=O)C4=O)CC1,Q92793,CBP,CRBN,Q96SW2,8.95,69.0,2,0,False
NYQQILKBAUMNIF,CCS(=O)(=O)N1C=C(C2=NC(NC3=CC=C(N4CCN(CCCCCCCCCC(=O)NC5=CC=CC6=C5CN(C5CCC(=O)NC5=O)C6=O)CC4)C=C3)=NC=C2C(F)(F)F)C2=CC=CC=C21,P00533,EGFR L858R/T790M/C797S,CRBN,Q96SW2,68.7,80.6,1,1,False
NZDYTXGDQNACSC,CC1=C(C2=CC=C([C@H](C)NC(=O)[C@@H]3C[C@@H](O)CN3C(=O)[C@H](C(C)C)N3C=C([C@H]4CC[C@H](CN5CCC(C6=CC=C7C(=C6)C(C)(C)C6=NC(=O)C8=C(Cl)C=CC=C8N76)CC5)CC4)N=N3)C=C2)SC=N1,P51531,SMARCA2,VHL,P40337,0.535,97.5,2,1,False
NZNDDXHGBRWXAR,CC(=O)N1CCC2=C(C1)C(N1CCCC3=CC(C4=CN(C)N=C4)=C(C(F)F)C=C31)=NN2C1CCN(C(=O)CCCCN2CC3=CC4=C(C=C3C2)C(=O)N(C2CCC(=O)NC2=O)C4=O)CC1,Q92793,CBP,CRBN,Q96SW2,107.0,66.0,2,0,False
NZSZKOBISRPHGJ,NC(=O)C1=CC=CC2=CN(C3=CC=C([C@@H]4CCCN(C(=O)COCCOCCNC5=CC=C6C(=O)N(C7CCC(=O)NC7=O)C(=O)C6=C5)C4)C=C3)N=C12,P09874,PARP1,CRBN,Q96SW2,20000.0,49.13,1,0,False
OAIBMPRSTYMFMF,C#CC1=C(F)C=CC2=CC(O)=CC(C3=NC=C4C(N5CC6CCC(C5)N6)=NC(OCCN5CCC(CC6CCN(CC7CCN(C8=CC=C9C(=O)N(C%10CCC(=O)NC%10=O)C(=O)C9=C8)CC7)CC6)CC5)=NC4=C3F)=C12,P01116,KRAS,CRBN,Q96SW2,100.0,70.0,1,0,False
OATWWBXLNLYERD,C#CC1=C(F)C=CC2=CC(O)=CC(C3=NC=C4C(N5CC6CCC(C5)N6)=NC(OCCN5CCN(CC6CCN(CC7CCN(C8=CC=C9C(=O)N(C%10CCC(=O)NC%10=O)CC9=C8F)CC7)CC6)CC5(C)C)=NC4=C3F)=C12,P01116,KRAS,CRBN,Q96SW2,100.0,70.0,1,0,False
OCJIBLJOIYJPJB,O=C1CCN(C2=CC(C(=O)N3CCC(CC4CCN(C5=CC=C(C6=CN=C7[NH]C=C(C8=CN(C9CC9)N=C8)C7=N6)C=N5)CC4)CC3)=CC=C2Cl)C(=O)N1,Q92918,MAP4K1,CRBN,Q96SW2,52.3,87.0,1,1,False
OCRZEXONTRGXJJ,CC1=NN=C2COCC3=C(SC(C#CC4=CN(CCNC5=CC=CC6=C5C(=O)N(C5CCC(=O)NC5=O)C6=O)N=C4)=C3CC3=CC=CC=C3)N12,P25440,BRD2,CRBN,Q96SW2,0.5,98.0,3,1,False
OCXICBCMNKOWFI,O=C1CCC(N2C(=O)C3=CC=CC(NCC4=CN(CCOCCOC5=CC=C(CN6C=CC7=CC=C(C(=O)NO)C=C76)C=C5)N=N4)=C3C2=O)C(=O)N1,Q9BY41,HDAC8,CRBN,Q96SW2,580.0,95.0,1,0,False
ODACRUNFSNEWFN,CC(=O)C1=C(C)C2=CN=C(NC3=CC=C(N4CCN(CC(=O)NCCCCCCNC(=O)COC5=CC=C6C(=C5)CCCN6C(=O)CCl)CC4)C=N3)N=C2N(C2CCCC2)C1=O,P11802,CDK4,CRBN,Q96SW2,7250.0,86.0,2,0,False
ODHSIRLCFHBSLV,CCC1=CC=CC2=CC(O)=CC(C3=NC=C4C(N5CC6CCC(C5)N6)=NC(OCCN5CCC(CN6CCC(OC7=CC=C8C(=O)N(C9CCC(=O)NC9=O)C(=O)C8=C7)CC6)CC5)=NC4=C3F)=C12,P01116,KRAS,CRBN,Q96SW2,1000.0,25.0,1,0,False
OEIXGQBXJRCKDG,O=C1CCC(N2C(=O)C3=CC=C(N4CCN(C[C@H]5CCN(CCOC6=CC=C([C@@H]7C8=CC=C(O)C=C8CC[C@@H]7C7=CC=C(F)C=C7)C=C6)C5)CC4)C=C3C2=O)C(=O)N1,P03372,ERalpha,CRBN,Q96SW2,5.0,75.0,1,0,False
OERSBDGKBSIAJF,CCN1C=C(C2=CC(OC)=C(C(=O)N3CCC4(CCC(CN5CC6=CC7=C(C=C6C5)C(=O)N(C5CCC(=O)NC5=O)C7=O)CC4)CC3)C(OC)=C2)C2=CC(C)=NC=C2C1=O,Q9H8M2,BRD9,CRBN,Q96SW2,316.0,90.0,1,0,False
OFPHWAPEMHBKER,O=C1CC[C@H](N2CC3=C(C=CC4=C3OC[C@H]3CN(C(=O)CN5CCC6(CC5)CCN(C5=CC=C([C@@H]7C8=CC=C(O)C=C8CC[C@@H]7C7=CC=CC=C7)C=C5)CC6)CCN43)C2=O)C(=O)N1,P03372,ERalpha,CRBN,Q96SW2,0.242,100.0,1,1,False
OFSIVMMIEIYLOF,CCS(=O)(=O)N1C=C(C2=NC(NC3=CC=C(N4CCN(C(=O)CCCCCC(=O)NC5=CC=CC6=C5CN(C5CCC(=O)NC5=O)C6=O)CC4)C=C3)=NC=C2C(F)(F)F)C2=CC=CC=C21,P00533,EGFR L858R/T790M/C797S,CRBN,Q96SW2,161.8,80.1,1,0,False
OFTNTQSCIASIHA,O=C1CCC(N2CC3=CC(N4CCN(C5CC6CC(F)(COC7=CC=C([C@@H]8C9=CC=C(O)C=C9CC[C@@H]8C8=CC=CC=C8)C=C7)CC6C5)CC4)=CC=C3C2=O)C(=O)N1,P03372,ERalpha,CRBN,Q96SW2,5.0,50.0,1,0,False
OGJBCMCUTMQDMB,O=C1CCC(N2CC3=CC(N4CCN(CC[C@H]5C[C@H]5COC5=CC=C([C@@H]6C7=CC=C(O)C=C7CC[C@@H]6C6=CC=C(F)C=C6)C=C5)CC4)=CC=C3C2=O)C(=O)N1,P03372,ERalpha,CRBN,Q96SW2,5.0,62.5,2,0,False
OGNHAQXAAGMVOV,CC(=O)N1CCC2=C(C1)C(C1=CC=CC3=CC(C4=CC=C(C(=O)NC5CCN(C6=CC=C7C(=O)N(C8CCC(=O)NC8=O)CC7=C6)CC5)N=C4)=NC=C13)=NN2C1CCOCC1,Q92793,CBP,CRBN,Q96SW2,0.15000000000000002,99.0,2,1,False
OHGZHFFSUIAVDY,COC1=CC=C(C(=O)O)C=C1OCC1=CC=C(C(=O)NCCCCCCNC2=CC=CC3=C2C(=O)N(C2CCC(=O)NC2=O)C3=O)C=C1,Q9BY41,HDAC8,CRBN,Q96SW2,71.5,81.0,2,1,False
OHIMCHRTVXJRBB,O=C1CC[C@H](N2CC3=C(C=CC4=C3OC[C@H]3CN(CC5COC6(CCN(C7=CC=C([C@@H]8C9=CC=C(O)C=C9CC[C@@H]8C8=CC=CC=C8)C=C7)CC6)OC5)CCN43)C2=O)C(=O)N1,P03372,ERalpha,CRBN,Q96SW2,3.8,95.0,1,1,False
OIAWLANZAYGDNS,O=C1CC[C@H](N2CC3=C(C=CC4=C3OC[C@H]3CN(CC5CCC6(CC5)CN(C5=CC=C([C@@H]7C8=CC=C(O)C=C8CC[C@@H]7C7=CC=CC=C7)C=C5)C6)CCN43)C2=O)C(=O)N1,P03372,ERalpha,CRBN,Q96SW2,2.2,82.0,1,1,False
OINUZLXAXNXVIL,CC[C@@H](CO)NC1=NC2=C(C(C)C)C=NN2C(NCC2=CC=C(NC(=O)N3CCN(C4CCN(C5=CC6=C(C=C5F)C(=O)N(C5CCC(=O)NC5=O)C6=O)CC4)CC3)C=C2)=N1,P50750,CDK9,CRBN,Q96SW2,9.4,92.0,1,1,False
OJBZGRZGVKAUHH,CC1=C(C)C2=C(S1)N1C(C)=NN=C1[C@H](CC(=O)NCCCCCN1CCC(C3=CC=C4C(=O)N(C5CCC(=O)NC5=O)CC4=C3)CC1)N=C2C1=CC=C(Cl)C=C1,O60885,BRD4,CRBN,Q96SW2,1.8,97.0,1,1,False
OJCRNHCUTYXXFI,CC1=NN=C2COCC3=C(SC(C#CC4=CN(C5CN(C6=CC=C7C(=O)N(C8CCC(=O)NC8=O)C(=O)C7=C6)C5)N=C4)=C3CC3=CC=CC=C3)N12,P25440,BRD2,CRBN,Q96SW2,0.3,99.0,3,1,False
OJCYPKZNPSJLGY,CC1=C(C2=CC=C(CNC(=O)[C@@H]3C[C@@H](O)CN3C(=O)[C@@H](NC(=O)CNC(=O)C3=CC=C(F)C(C4=CC=C(N5C[C@H](C)N(C)[C@H](C)C5)C(NC(=O)C5=C[NH]C(=O)C=C5C(F)(F)F)=C4)=C3)C(C)(C)C)C=C2)SC=N1,P61964,WDR5,VHL,P40337,92.0,73.0,1,0,False
OJXFDZCWWVPDCJ,O=C1CC[C@H](N2CC3=C(C=CC4=C3OCC43CCN(C(=O)CN4CCC5(CC4)CCN(C4=CC=C([C@@H]6C7=CC=C(O)C=C7CC[C@@H]6C6=CC=CC=C6)C=C4)CC5)CC3)C2=O)C(=O)N1,P03372,ERalpha,CRBN,Q96SW2,0.03616,100.0,1,1,False
OKISKGIPUPRZPL,CC1=C(C)C2=C(S1)N1C(C)=NN=C1[C@H](CC(=O)NCCCCCCN1CCC(C3=CC=C4C(=O)N(C5CCC(=O)NC5=O)CC4=C3)CC1)N=C2C1=CC=C(Cl)C=C1,O60885,BRD4,CRBN,Q96SW2,0.7,92.0,1,1,False
OKRRHPIDAMUVAH,O=C1CCC(N2CC3=CC(N4CCN(CC5CCN(CCCC6=CC=C([C@@H]7C8=CC=C(O)C=C8CC[C@@H]7C7=CC=CC=C7)C=C6)CC5)CC4)=CC=C3C2=O)C(=O)N1,P03372,ERalpha,CRBN,Q96SW2,5.0,75.0,1,0,False
OLNHVDRHEGVZMV,CC1=NOC([C@@H](C(=O)N2C[C@H](O)C[C@H]2C(=O)N[C@@H](CC(=O)NCCCCCCCCCN2C=C(C3=CC(C4=CC=CC=C4O)=NN=C3N)C=N2)C2=CC=C(C3=C(C)N=CS3)C=C2)C(C)C)=C1,P51531,SMARCA2,VHL,P40337,73.0,94.0,2,1,False
OLQGJEKFCQYJGY,CCC1=CC=CC2=CC(O)=CC(C3=NC=C4C(N5CC6CCC(C5)N6)=NC(OC[C@]56CCCN5[C@@H](COC(=O)N5CCN(C7=CC=CC8=C7C(=O)N(C7CCC(=O)NC7=O)C8=O)CC5)CC6)=NC4=C3F)=C12,P01116,KRAS,CRBN,Q96SW2,625.0,37.5,2,0,False
OMBFZCSGOOTQOG,CC1=CC=C(NC(=O)CN2C=C(C3=CC=C4C(NC(=O)C5=CC=C(NC(=O)CCCCCCCCC(=O)N[C@H](C(=O)N6C[C@H](O)C[C@H]6C(=O)NCC6=CC=C(C7=C(C)N=CS7)C=C6)C(C)(C)C)C=C5)=N[NH]C4=C3)C=N2)C=C1C(F)(F)F,P35968,VEGFR-2,VHL,P40337,84.0,73.7,1,0,False
OMWIEQMSNUNYBD,CCN1CCC(N2C=C(C3=C[NH]C4=NC=C(C5=CC=C(N6CCC(CN7CCN(C(=O)C8=CC=C(Cl)C(N9CCC(=O)NC9=O)=C8)CC7)CC6)N=C5)N=C34)C=N2)CC1,Q92918,MAP4K1,CRBN,Q96SW2,1.2,77.0,1,0,False
ONBFXZQYDXKUOB,N#CC1=CC=CC(C2=NN(CC3=CC=CC(C4=NC=C(OCC5CCN(CC(=O)N6CCN(C7=CC=C8C(=O)N(C9CCC(=O)NC9=O)C(=O)C8=C7)CC6)CC5)C=N4)=C3)C(=O)C=C2)=C1,P08581,c-Met,CRBN,Q96SW2,0.44,99.0,1,1,False
ONPKOOOYNSWZGQ,CC1=C(C2=CC=C([C@H](C)NC(=O)[C@@H]3C[C@@H](O)CN3C(=O)[C@@H](NC(=O)CCCCCN3CCC(N4C=C(C5=CC(C6=CC=CC=C6O)=NN=C5N)C=N4)CC3)C(C)(C)C)C=C2)SC=N1,P51531,SMARCA2,VHL,P40337,127.0,85.5,2,0,False
OPSLJZKZRTYJDB,CCCCCCCNNC(=O)C1=CC=C(N2CCN(CCCCCCCC(=O)N[C@H](C(=O)N3C[C@H](O)C[C@H]3C(=O)N[C@@H](C)C3=CC=C(C4=C(C)N=CS4)C=C3)C(C)(C)C)CC2)C=C1,Q9BY41,HDAC8,VHL,P40337,22.1,95.0,1,1,False
ORODRCQOJBOESI,CCC1=CC=CC2=CC(O)=CC(C3=NC=C4C(N5CC6CCC(C5)N6)=NC(OCCN5CCN(C6=CC=C7C(=O)N(C8CCC(=O)NC8=O)C(=O)C7=C6)CC5)=NC4=C3F)=C12,P01116,KRAS,CRBN,Q96SW2,1000.0,25.0,1,0,False
ORQXPOXNHTUDRV,O=C1CCC(N2C(=O)C3=CC=C(N4CCN(C[C@H]5CC[C@H](OC6=CC=C([C@@H]7C8=CC=C(O)C=C8CC[C@@H]7C7=CC=C(C(F)(F)F)C=C7)C=C6)CC5)CC4)C=C3C2=O)C(=O)N1,P03372,ERalpha,CRBN,Q96SW2,5.0,50.0,1,0,False
ORVYEANVNNIAHS,C#CC1=C(F)C=CC2=CC(O)=CC(C3=NC=C4C(N5CC6CCC(C5)N6)=NC(OCCN5CCC(CN6CCC(CN7CCN(C8=CC=C9C(=O)N(C%10CCC(=O)NC%10=O)CC9=C8F)CC7)CC6)CC5)=NC4=C3F)=C12,P01116,KRAS,CRBN,Q96SW2,100.0,70.0,1,0,False
OTSHWHJFGTVNLE,CC(=O)N1CCC2=C(C1)C(N1CCCC3=CC(C4=CN(C)N=C4)=C(C(F)F)C=C31)=NN2C1CCN(C2CCN(C3=CC=C4C(=O)N(C5CCC(=O)NC5=O)C(=O)C4=C3)CC2)CC1,Q92793,CBP,CRBN,Q96SW2,0.8500000000000001,95.0,2,1,False
OTSSTAHPCHKQON,C#CC1=C(F)C=CC2=CC(O)=CC(C3=NC=C4C(N5CC6CCC(C5)N6)=NC(OCCN5CCC(C(F)(F)C6CCN(CC7CCN(C8=CC=C9C(=O)N(C%10CCC(=O)NC%10=O)CC9=C8F)CC7)CC6)CC5)=NC4=C3F)=C12,P01116,KRAS,CRBN,Q96SW2,100.0,70.0,1,0,False
OTXXCMPBTUDXFD,CCC1=CC=CC2=CC(O)=CC(C3=NC=C4C(N5CC6CCC(C5)N6)=NC(OCCN5CCC(O[C@H]6CC[C@H](OC7CCN(C8=CC=CC9=C8CN(C8CCC(=O)NC8=O)C9=O)CC7)CC6)CC5)=NC4=C3F)=C12,P01116,KRAS,CRBN,Q96SW2,1000.0,25.0,1,0,False
OTYHKDKIGWZRJK,CCC1=CC=CC2=CC(O)=CC(C3=NC=C4C(N5CC6CCC(C5)N6)=NC(OCCN5CCC(CCN6CCN(C7=CC=C8C(=O)N(C9CCC(=O)NC9=O)C(=O)C8=C7)CC6)CC5)=NC4=C3F)=C12,P01116,KRAS,CRBN,Q96SW2,250.0,25.0,1,0,False
OUDYLACOAFCTIP,CCC1=CC=CC2=CC(O)=CC(C3=NC=C4C(N5CC6CCC(C5)N6)=NC(OCCN5CCN(C6=CC=C7C(=O)N(C8CCC(=O)NC8=O)CC7=C6)CC5)=NC4=C3F)=C12,P01116,KRAS,CRBN,Q96SW2,1000.0,25.0,1,0,False
OUNSSLRXSNJYSI,C#CC1=C(F)C=CC2=CC(O)=CC(C3=NC=C4C(N5CC6CCC(C5)N6)=NC(OCCN5CCC6(CC5)CN(CC5(F)CCN(C7=CC=C8C(=O)N(C9CCC(=O)NC9=O)CC8=C7F)CC5)C6)=NC4=C3F)=C12,P01116,KRAS,CRBN,Q96SW2,100.0,50.0,1,0,False
OVACPFPSPXWFLM,O=C1CC[C@H](N2CC3=C(C=CC4=C3OCC43CCN(CC4CC5(C4)CN(C4=CC=C([C@@H]6C7=CC=C(O)C=C7CC[C@@H]6C6=CC=CC=C6)C=C4)C5)CC3)C2=O)C(=O)N1,P03372,ERalpha,CRBN,Q96SW2,0.1563,81.0,1,1,False
OVGJMQWPRUXZPK,COC1=CC=C(C(=O)O)C=C1OCC1=CC=C(C(=O)NCCNC2=CC=CC3=C2C(=O)N(C2CCC(=O)NC2=O)C3=O)C=C1,Q9BY41,HDAC8,CRBN,Q96SW2,932.5,77.0,2,0,False
OVOIYEZHVNDSLA,C#CC1=C(F)C=CC2=CC(O)=CC(C3=NC=C4C(N5CC6CCC(C5)N6)=NC(OCCN5CCC(OC6CCN(CC7CCN(C8=CC=C9C(=O)N(C%10CCC(=O)NC%10=O)CC9=C8F)CC7)CC6)CC5)=NC4=C3F)=C12,P01116,KRAS,CRBN,Q96SW2,100.0,70.0,1,0,False
OVVOKNDEXPUPTI,NC(=O)C1=CC=CC2=CN(C3=CC=C([C@@H]4CCCN(C(=O)CC5CCN(C(=O)C6CCN(C7=CC=C8C(=O)N(C9CCC(=O)NC9=O)C(=O)C8=C7)CC6)CC5)C4)C=C3)N=C12,P09874,PARP1,CRBN,Q96SW2,20000.0,35.64,1,0,False
OVWXKQZGDSFJOC,O=C1CCC(N2CC3=CC(N4CCN(CCCCCOC5=CC=C([C@@H]6C7=CC=C(O)C=C7CC[C@@H]6C6=CC=CC=C6)C=C5)CC4)=NC=C3C2=O)C(=O)N1,P03372,ERalpha,CRBN,Q96SW2,5.0,75.0,1,0,False
OXFQPPOCQDYRAV,C#CC1=C(F)C=CC2=CC(O)=CC(C3=NC=C4C(N5CC6CCC(C5)N6)=NC(OCCN5CCC(CN6CC7(CCN(C8=CC(C)=C9C(=O)N(C%10CCC(=O)NC%10=O)CC9=C8F)CC7)C6)CC5)=NC4=C3F)=C12,P01116,KRAS,CRBN,Q96SW2,100.0,70.0,1,0,False
OXMDHNVNCICBMC,O=C1CC[C@H](N2CC3=C(C=CC4=C3OCC43CCN(C(=O)CN4CCC5(CCN(C6=CC=C([C@@H]7C8=CC=C(O)C=C8CC[C@@H]7C7=CC=CC=C7)C=C6)CC5)C4)CC3)C2=O)C(=O)N1,P03372,ERalpha,CRBN,Q96SW2,0.02906,100.0,1,1,False
OXSROSNYZRSDCK,C#CC1=C(F)C=CC2=CC(O)=CC(C3=NC=C4C(N5CC6CCC(C5)N6)=NC(OCCN5CCC(CN6CCN(CC7CCN(C8=CC=C9C(=O)N(C%10CCC(=O)NC%10=O)CC9=C8F)CC7)CC6(C)C)CC5)=NC4=C3F)=C12,P01116,KRAS,CRBN,Q96SW2,100.0,70.0,1,0,False
OZZGLWHPVOGDLB,CC1=C([C@@H](C)NC2=NN=C(C)C3=CC=C(N4CCN(C(=O)C5CCN(C(=O)CCN6CCC(C7=CC8=C(C=C7F)C(=O)N(C7CCC(=O)NC7=O)C8)CC6)CC5)CC4)C=C23)C=CC=C1C(F)(F)F,Q07889,SOS1,CRBN,Q96SW2,2.4,96.0,1,1,False
PAIIRGWFQSXYCB,CC1=NC(NC2=NC=C(C(=O)NC3=C(C)C=CC=C3Cl)S2)=CC(N2CCN(C(=O)CCCN3CC4CC3CN4C3=CC=C(C4CCC(=O)NC4=O)C=C3)CC2)=N1,P06239,LCK,CRBN,Q96SW2,11.3,88.0,1,1,False
PAWOGRZAWHCVSV,CCC1=CC=CC2=CC(O)=CC(C3=NC=C4C(N5CC6CCC(C5)N6)=NC(OCCN5CCC(F)(CC6CCN(C7=CC=CC8=C7CN(C7CCC(=O)NC7=O)C8=O)CC6)CC5)=NC4=C3F)=C12,P01116,KRAS,CRBN,Q96SW2,1000.0,50.0,1,0,False
PBTGIUQPZXMJTR,O=C1CCC(N2C(=O)C3=CC=C(N4CCN(CCCCCOC5=CC=C([C@@H]6C7=CC=C(O)C=C7CC[C@@H]6C6=CC=C(F)C=C6)C=C5)CC4)C=C3C2=O)C(=O)N1,P03372,ERalpha,CRBN,Q96SW2,5.0,50.0,1,0,False
PDBGZAUECQHPCJ,CN1C(=O)N(C2CCC(=O)NC2=O)C2=CC=C(C#CCOC3CCN(C[C@H]4CC[C@H](N5C=C(NC(=O)C6=C7N=C(N8C[C@H]9CC8CO9)C=CN7N=C6)C(C(F)F)=N5)CC4)CC3)C=C21,Q9NWZ3,IRAK4,CRBN,Q96SW2,10000.0,95.0,1,0,False
PDBLQAZFBOQBPM,CN1CCN([C@@H]2CCCN(C3=CN=C(C(N)=O)C(NC4=CC=C(N5CCC6(CC5)CCN(C5=CC=C7C(=O)N([C@@H]8CCC(=O)NC8=O)C(=O)C7=C5)CC6)C=C4)=N3)C2)C1=O,Q06187,BTK,CRBN,Q96SW2,0.9,96.0,1,1,False
PDPDFMZBGRRJSJ,CC1=NC=C(C2=CC=C3N=C(NC(=O)CCOCCOCCOCCC(=O)N[C@H](C(=O)N4C[C@H](O)C[C@H]4C(=O)NCC4=CC=C(C5=C(C)N=CS5)C=C4)C(C)(C)C)SC3=C2)C=C1NC(=O)OC1CCCCC1,Q13546,RIPK1,VHL,P40337,110000.0,85.0,1,0,False
PDVZCOAUEHSQQC,O=C1CCC(N2CC3=C(C=CC(N4CCN(CCCCCOC5=CC=C([C@@H]6C7=CC=C(O)C=C7CC[C@@H]6C6=CC=CC=C6)C=C5)CC4)=C3Cl)C2=O)C(=O)N1,P03372,ERalpha,CRBN,Q96SW2,5.0,50.0,1,0,False
PEAGECFNJYDLLW,CC(=O)N1CCC2=C(C1)C(N1CCCC3=CC(C4=CN(C)N=C4)=C(C(F)F)C=C31)=NN2C1CCN(C2CC3(CCN(C4=CC=C5C(=O)N(C6CCC(=O)NC6=O)C(=O)C5=C4)CC3)C2)CC1,Q92793,CBP,CRBN,Q96SW2,0.75,95.0,2,1,False
PFCHJOXUKMTDHP,COC1=CC(C2=CN(C)C(=O)C3=CC=CC=C23)=CC(OC)=C1CN1CCN(C2=CC=C3C(=O)N(C4CCC(=O)NC4=O)C(=O)C3=C2)CC1,Q9H8M2,BRD9,CRBN,Q96SW2,1.02,99.15,1,1,False
PFJYOZHQDZHJHH,O=C1CCC(N2C(=O)C3=CC=C(N4CCC(C(=O)N5CCC(NC(=O)C6=N[NH]C=C6NC(=O)C6=C(Cl)C=CC=C6Cl)CC5)CC4)C=C3C2=O)C(=O)N1,P24941,CDK2,CRBN,Q96SW2,93.33,59.32,1,0,False
PGGVAVRBFXQAOY,C[C@H]1CC2(CCN(C3=CC=C(C(=O)N4CC(N5CC6=CC7=C(C=C6C5)C(=O)N(C5CCC(=O)NC5=O)C7=O)C4)C=C3)CC2)CN1C1=CC=C(C#N)C(Cl)=C1,P10275,AR,CRBN,Q96SW2,0.7,89.0,1,1,False
PGHMFOZLKKQWSX,O=C1CCC(N2CC3=NC(N4CCN(CC5CCN(C6=CC=C([C@@H]7C8=CC=C(O)C=C8CC[C@@H]7C7=CC=C(F)C=C7)C=C6)CC5)CC4)=CC=C3C2=O)C(=O)N1,P03372,ERalpha,CRBN,Q96SW2,5.0,75.0,1,0,False
PHIUSMLTSNYPMF,CCC1=CC=CC2=CC(O)=CC(C3=NC=C4C(N5CC6CCC(C5)N6)=NC(OC[C@@H]5C[C@@H](OC6CCN(C7=CC=CC8=C7CN(C7CCC(=O)NC7=O)C8=O)CC6)CN5C)=NC4=C3F)=C12,P01116,KRAS,CRBN,Q96SW2,1000.0,50.0,1,0,False
PIYZBTHQTSAJKU,CCCCN1C=C(C2=CC(OC)=C(C(=O)N3CCC4(CCC(CN5CC6=CC7=C(C=C6C5)C(=O)N(C5CCC(=O)NC5=O)C7=O)CC4)CC3)C(OC)=C2)C2=CC=NC=C2C1=O,Q9H8M2,BRD9,CRBN,Q96SW2,142.0,98.0,1,0,False
PJHVSTSZQYMHGP,C#CC1=C(F)C=CC2=CC(O)=CC(C3=NC=C4C(N5CC6CCC(C5)N6)=NC(OCCN5CCC(CC6CCN(C7=CC=C8C(=C7)N(C)C(=O)N8C7CCC(=O)NC7=O)CC6)CC5)=NC4=C3F)=C12,P01116,KRAS,CRBN,Q96SW2,100.0,70.0,1,0,False
PJLUKTVSGYDGFZ,CC(=O)C1=C(C)C2=CN=C(NC3=CC=C(N4CCN(CCOC5=CC=C(CN6CCC(C7=CC=C8C(=O)N(C9CCC(=O)NC9=O)CC8=C7)CC6)C=C5)CC4)C=N3)N=C2N(C2CCCC2)C1=O,P11802,CDK4,CRBN,Q96SW2,6.0,61.5,2,0,False
PLBNAPRUSKNYKK,CC1=CC=C(NC(=O)CN2C=C(C3=CC=C4C(NC(=O)C5=CC=C(N)C=C5)=NN(C(=O)CCCCCCCCCCC(=O)N[C@@H](C(=O)N5C[C@H](O)C[C@H]5C(=O)NCC5=CC=C(C6=C(C)N=CS6)C=C5)C(C)(C)C)C4=C3)C=N2)C=C1C(F)(F)F,P35968,VEGFR-2,VHL,P40337,320.0,81.7,1,0,False
PLVCAPPHMNXCHP,CC1=C(C)C2=C(S1)N1C(C)=NN=C1[C@H](CC(=O)OCC(=O)NCCCCOC1=CC=CC3=C1C(=O)N(C1CCC(=O)NC1=O)C3=O)N=C2C1=CC=C(Cl)C=C1,O60885,BRD4,CRBN,Q96SW2,62.0,86.0,1,1,False
PMBMQOVLVVBPTC,O=C1CC[C@H](N2CC3=C(C=CC4=C3OC[C@H]3CN(C(=O)CN5CCN(C6=CC=C([C@@H]7C8=CC=C(O)C=C8CC[C@@H]7C7=CC=CC=C7)C=C6)CC5)CCN43)C2=O)C(=O)N1,P03372,ERalpha,CRBN,Q96SW2,0.01,80.0,1,1,False
PMDIVNUEOYATPM,C#CC1=C(F)C=CC2=CC(O)=CC(C3=NC=C4C(N5CC6CCC(C5)N6)=NC(OCCN5CCC6(CC5)CCN(CC5CCN(C7=CC=CC8=C7CN(C7CCC(=O)NC7=O)C8=O)CC5)CC6)=CC4=C3F)=C12,P01116,KRAS,CRBN,Q96SW2,100.0,70.0,1,0,False
PMMBPUFPJGYZDS,CC1=NOC([C@H](C(=O)N2C[C@H](O)C[C@H]2C(=O)N[C@@H](CC(=O)NCCOCCOCCNC(=O)C[C@@H]2N=C(C3=CC=C(Cl)C=C3)C3=C(SC(C)=C3C)N3C(C)=NN=C23)C2=CC=C(C3=C(C)N=CS3)C=C2)C(C)C)=C1,O60885,BRD4,VHL,P40337,570.0,79.0,1,0,False
PMXTVHMIDORPMC,CN1CC[C@H]2CC[C@@H](C(=O)N[C@@H](CCC(N)=O)C(=O)N[C@H](C(=O)NCCCCCCCC#CC3=CC=CC4=C3CN(C3CCC(=O)NC3=O)C4=O)C3=CC=CC=C3)N2C(=O)[C@@H](NC(=O)C2=CC3=CC(C(F)(F)P(=O)(O)O)=CC=C3S2)C1,P40763,STAT3,CRBN,Q96SW2,1500.0,52.0,1,0,False
PNGGBFYMSHRGQD,CC(=O)N1CCC2=C(C1)C(N1CCCC3=CC(C)=C(C(F)F)C=C31)=NN2C1CCN(C(=O)CN2CC3=CC4=C(C=C3C2)C(=O)N(C2CCC(=O)NC2=O)C4=O)CC1,Q92793,CBP,CRBN,Q96SW2,32.3,92.5,2,1,False
PNWGYQMPMUBHKY,CCC1=CC=CC2=CC(O)=CC(C3=NC=C4C(N5CC6CCC(C5)N6)=NC(OC[C@@]56CCCN5[C@H](COC(=O)N5CCN(C7=CC=C8C(=O)N(C9CCC(=O)N(C)C9=O)CC8=C7)CC5)CC6)=NC4=C3F)=C12,P01116,KRAS,CRBN,Q96SW2,175.0,25.0,2,0,False
POXZOWOTXHTNSH,CCC1=CC=CC2=CC(O)=CC(C3=NC=C4C(N5CC6CCC(C5)N6)=NC(OCCN5CCN([C@H]6CC[C@H](NC7=CC=C8C(=O)N(C9CCC(=O)NC9=O)C(=O)C8=C7)CC6)CC5)=NC4=C3F)=C12,P01116,KRAS,CRBN,Q96SW2,1000.0,50.0,1,0,False
POZBIGMNEGXRFC,CN(CCOCCC(=O)NC1=CC=C2C(=O)N(C3CCC(=O)NC3=O)C(=O)C2=C1)CC[C@@H](C1=CC=CC=C1)N1C=C(NC(=O)C2=N[NH]C3=C2CCC(C)(C)C3)C=N1,Q08881,ITK,CRBN,Q96SW2,15.6,97.0,1,1,False
PPPZVVWSEZFVBZ,O=C1CCC(N2CC3=NC(N4CCN(C5CC6(CCN(C7=CC=C([C@@H]8C9=CC=C(O)C=C9CC[C@@H]8C8=CC=CC=C8)C=C7)CC6)C5)CC4)=CC=C3C2=O)C(=O)N1,P03372,ERalpha,CRBN,Q96SW2,5.0,50.0,1,0,False
PPUSAEJBRXVVKZ,CCC1=CC=CC2=CC(O)=CC(C3=NC=C4C(N5CC6CCC(C5)N6)=NC(OCCN5CCN(CC6CCN(C7=CC=C(F)C(C(=O)NC8CCC(=O)NC8=O)=C7)CC6)CC5)=NC4=C3F)=C12,P01116,KRAS,CRBN,Q96SW2,1000.0,25.0,1,0,False
PQNOZPBSZAWSGX,O=C1CCC(N2C(=O)C3=CC4=C(C=C3C2=O)CN(CCCCCCC2CCN(C3=CC=C([C@@H]5C6=CC=C(O)C=C6CC[C@@H]5C5=CC=CC=C5)C=C3)CC2)C4)C(=O)N1,P03372,ERalpha,CRBN,Q96SW2,129.0,101.0,1,0,False
PQPIFXHHCXJFJE,CN1CC[C@H]2CC[C@@H](C(=O)N[C@@H](CCC(N)=O)C(=O)N[C@H](C(=O)N3CCN(CCC#CC4=CC=CC5=C4CN(C4CCC(=O)NC4=O)C5=O)CC3)C3=CC=CC=C3)N2C(=O)[C@@H](NC(=O)C2=CC3=CC(C(F)(F)P(=O)(O)O)=CC=C3S2)C1,P40763,STAT3,CRBN,Q96SW2,2500.0,62.0,1,0,False
PQQGCNZLBIIDDI,O=C1CCC(N2CC3=CC(N4CCN(C[C@H]5CC[C@H](OC6=CC=C([C@@H]7C8=CC=C(O)C=C8CC[C@@H]7C7=CC=C(F)C=C7)C=C6)CC5)CC4)=CC=C3C2=O)C(=O)N1,P03372,ERalpha,CRBN,Q96SW2,5.0,50.0,1,0,False
PQRCPBJSMMSCBI,CCC1=C(F)C=CC2=CC(O)=CC(C3=NC=C4C(N5CC6CCC(C5)N6)=NC(OCCN5CCC(F)(CC6CCN(CC7CCN(C8=CC=C9C(=C8)N(C)C(=O)N9C8CCC(=O)NC8=O)CC7)CC6)CC5)=NC4=C3F)=C12,P01116,KRAS,CRBN,Q96SW2,100.0,70.0,1,0,False
PRYXVIJFTJCBPJ,CN(C[C@H]1CC[C@H](N2C=C3C=C(NC(=O)C4=CC=CC(C(F)(F)F)=N4)C(C(C)(C)O)=CC3=N2)CC1)[C@H]1CCC2(CC1)C[C@H](NC1=CC=CC3=C1C(=O)N(C1CCC(=O)NC1=O)C3=O)C2,Q9NWZ3,IRAK4,CRBN,Q96SW2,13.0,86.0,1,1,False
PTCYFAOYSKJZCC,CC1=C(C2=CC=C([C@H](C)NC(=O)[C@@H]3C[C@@H](O)CN3C(=O)[C@@H](NC(=O)CCN3CCN(CCCN4C=C(C5=CC(C6=CC=CC=C6O)=NN=C5N)C=N4)CC3)C(C)(C)C)C=C2)SC=N1,P51531,SMARCA2,VHL,P40337,633.5,69.0,2,0,False
PTNMOZYTHYDOJF,CN1CC[C@H]2CC[C@@H](C(=O)N[C@@H](CCC(N)=O)C(=O)N[C@@H](CC3=CC=C(F)C(F)=C3)C(=O)N3CCC(CCC#CC4=CC=CC5=C4CN(C4CCC(=O)NC4=O)C5=O)CC3)N2C(=O)[C@@H](NC(=O)C2=CC3=CC(C(F)(F)P(=O)(O)O)=CC=C3S2)C1,P40763,STAT3,CRBN,Q96SW2,220.0,90.0,1,0,False
PUTPSSPEPURXTK,N#CC1=CC=C(N2CCC3(CCN(C4=CC=C(C(=O)N5CCC(CCN6CCC7=CC8=C(C=C7CC6)C(=O)N(C6CCC(=O)NC6=O)C8=O)CC5)C=C4)CC3)C2)C=C1Cl,P10275,AR,CRBN,Q96SW2,3000.0,76.0,1,0,False
PUVDCJWCLMFLHZ,C#CC1=C(F)C=CC2=CC(O)=CC(C3=NC=C4C(N5CC6CCC(C5)N6)=NC(OCCN5CCC(CN6CCC(CC7CCN(C8=CC=C9C(=C8)N(C(C)C)C(=O)N9C8CCC(=O)NC8=O)CC7)CC6)CC5)=NC4=C3F)=C12,P01116,KRAS,CRBN,Q96SW2,100.0,70.0,1,0,False
PWBNVQLKNYZDJQ,CCN1C=C(C2=CC(OC)=C(CN3CCC4(CCC(CN5CC6=CC7=C(C=C6C5)C(=O)N(C5CCC(=O)NC5=O)C7=O)CC4)CC3)C(OC)=C2)C2=CC=NC=C2C1=O,Q9H8M2,BRD9,CRBN,Q96SW2,200.0,65.0,1,0,False
PWNYKQCRIFCRCD,N#CC1=CC=C(N2CCC(C3=CC=C(N4CCC(CN5CCN(C6=CC=C7C(=O)N(C8CCC(=O)NC8=O)CC7=C6)CC5)CC4)C=C3)CC2)C(Cl)=C1C(F)(F)F,P10275,AR,CRBN,Q96SW2,96.0,79.5,2,0,False
PWVHWGSXBYTNNZ,CC1=CC=C2N=C(C3=CC=C(NCCOCCOCCOCCNC(=O)COC4=CC=CC5=C4C(=O)N(C4CCC(=O)NC4=O)C5=O)C=C3)SC2=C1,P10636,Tau,CRBN,Q96SW2,2830.0,69.5,2,0,False
PXSDAZJQYGWALJ,O=C1CCC(N2CC3=CC(N4CCN(CCC5CCN(C6=NC=C([C@@H]7C8=CC=C(O)C=C8CC[C@@H]7C7=CC=CC=C7)C=N6)CC5)CC4)=CC=C3C2=O)C(=O)N1,P03372,ERalpha,CRBN,Q96SW2,5.0,75.0,1,0,False
PYPDOMGHATYECY,O=C1CC[C@H](N2CC3=C(C=CC4=C3OCC43CCN(C(=O)CN4CCCC5(CCN(C6=CC=C([C@@H]7C8=CC=C(O)C=C8CC[C@@H]7C7=CC=CC=C7)C=C6)CC5)C4)CC3)C2=O)C(=O)N1,P03372,ERalpha,CRBN,Q96SW2,0.2025,95.0,1,1,False
PZPKILODOQBDJL,NC(=O)C1=CC=CC2=CN(C3=CC=C([C@@H]4CCCN(C(=O)CCCCNC5=CC=C6C(=O)N(C7CCC(=O)NC7=O)C(=O)C6=C5)C4)C=C3)N=C12,P09874,PARP1,CRBN,Q96SW2,20000.0,29.8,1,0,False
QAYGTSODSZAYMT,COC1=CC(C2=CN(C)C(=O)C3=C2N(C)N=C3)=CC(OC)=C1C(=O)N1CCC2(CCC(CN3CC4=CC5=C(C=C4C3)C(=O)N(C3CCC(=O)NC3=O)C5=O)CC2)CC1,Q9H8M2,BRD9,CRBN,Q96SW2,334.0,95.0,1,0,False
QBPVFCNYKUENHU,CC1=C(NC(=O)C2=CC=C(C(C)(C)C)C=C2)C=CC=C1C1=CN(C)C(=O)C(NC2=CC=C(C(=O)N3CCN(CCCCCCNC(=O)CNC4=CC=CC5=C4C(=O)N(C4CCC(=O)NC4=O)C5=O)CC3)C=C2)=N1,Q06187,BTK,CRBN,Q96SW2,0.9,99.0,1,1,False
QBWVYUPDJXFTKP,CN1C(=O)N(C2CCC(=O)NC2=O)C2=CC=CC(CCCCC3CCN(C[C@H]4CC[C@H](N5C=C(NC(=O)C6=C7N=C(N8C[C@H]9C[C@@H]8CO9)C=CN7N=C6)C(C(F)F)=N5)CC4)CC3)=C21,Q9NWZ3,IRAK4,CRBN,Q96SW2,39.0,95.0,1,1,False
QDDOWIHGTHXPAO,NC1=NC=NC2=C1C(C1=CC=C(OC3=CC=CC=C3)C=C1)=NN2C1CCN(C(=O)CCOCCOCCOCCOCCOCCNC2=CC=CC3=C2C(=O)N([C@@H]2CCC(=O)NC2=O)C3=O)CC1,Q06187,BTK,CRBN,Q96SW2,32.0,88.0,1,1,False
QDSNNDLGROCHIL,CCC1=CC=CC2=CC(O)=CC(C3=NC=C4C(N5CC6CCC(C5)N6)=NC(OCCN5CCC(CC6CCN(CC7CCN(C8=CC=CC9=C8C(=O)N(C8CCC(=O)NC8=O)C9=O)CC7)CC6)CC5)=NC4=C3F)=C12,P01116,KRAS,CRBN,Q96SW2,250.0,25.0,1,0,False
QDXCQBASXZMFNI,O=C1CC[C@H](N2CC3=C(C=CC4=C3OC[C@H]3CN(CC5CCC6(CCN(C7=CC=C([C@@H]8C9=CC=C(O)C=C9CC[C@@H]8C8=CC=CC=C8)C=C7)CC6)OC5)CCN43)C2=O)C(=O)N1,P03372,ERalpha,CRBN,Q96SW2,5.9,98.0,1,1,False
QEAZTXPVJXACME,O=C1CCC(N2C(=O)C3=CC=C(N4CCN(CCN5CCC(C6=CC=C([C@@H]7C8=CC=C(O)C=C8CC[C@@H]7C7=CC=CC=C7)C=C6)CC5)CC4)C=C3C2=O)C(=O)N1,P03372,ERalpha,CRBN,Q96SW2,5.0,50.0,1,0,False
QEXIHSMROQCLDO,CC1(C)CCC2=C(C1)[NH]N=C2C(=O)NC1=CN([C@@H](CCN2CCN(CCC3CCN(C4=CC=C5C(=O)N(C6CCC(=O)NC6=O)C(=O)C5=C4)CC3)CC2)C2=CC=CC=C2)N=C1,Q08881,ITK,CRBN,Q96SW2,3.6,95.0,1,1,False
QFAGXASUTPYERB,O=C1CCC(N2CC3=CC(C4=CN(C5CN(CC6CCN(C7=CC=C([C@@H]8C9=CC=C(O)C=C9CC[C@@H]8C8=CC=CC=C8)C=C7)CC6)C5)N=C4)=CC=C3C2=O)C(=O)N1,P03372,ERalpha,CRBN,Q96SW2,5.0,75.0,1,0,False
QFOZBKQYNRLZNB,O=C1CCC(N2C(=O)C3=CC=C(N4CC(N5CCC(NC(=O)C6=N[NH]C=C6NC(=O)C6=C(Cl)C=CC=C6Cl)CC5)C4)C=C3C2=O)C(=O)N1,P24941,CDK2,CRBN,Q96SW2,26.1,72.78,1,0,False
QGJQNPNZAYRDMS,COC1=CC(N2CCN(CCCCCCC(=O)N[C@H](C(=O)N3C[C@H](O)C[C@H]3C(=O)N[C@@H](C)C3=CC=C(C4=C(C)N=CS4)C=C3)C(C)(C)C)CC2)=CC=C1NC1=NC=C2C(=N1)N(C)C1=CC=CC=C1C(=O)N2C,Q13164,ERK5,VHL,P40337,32.05,89.05000000000001,2,1,False
QIAXHNNLLUKQIW,C#CC1=C(F)C=CC2=CC(O)=CC(C3=NC=C4C(N5CC6CCC(C5)N6)=NC(OCCN5CCC(CN6CC7(CCN(C8=CC=CC9=C8CN(C8CCC(=O)NC8=O)C9=O)CC7)C6)CC5)=NC4=C3F)=C12,P01116,KRAS,CRBN,Q96SW2,1000.0,50.0,1,0,False
QIPGOEGKZBZDSR,O=C1CCC(N2CC3=CC(N4CCN(CCCCCOC5=CC=CC([C@@H]6C7=CC=C(O)C=C7CC[C@@H]6C6=CC=C(F)C=C6)=C5)CC4)=CC=C3C2=O)C(=O)N1,P03372,ERalpha,CRBN,Q96SW2,5.0,50.0,1,0,False
QJFDDWLFGZVIOI,C#CC1=C(F)C=CC2=CC(O)=CC(C3=NC=C4C(N5C[C@@H]6CC[C@H](C5)N6)=NC(OC[C@@H]5CCCN5CCCCOCC(=O)N[C@H](C(=O)N5C[C@H](O)C[C@H]5C(=O)N[C@@H](C)C5=CC=C(C6=C(C)N=CS6)C=C5)C(C)(C)C)=NC4=C3F)=C12,P01116,KRAS G12D,VHL,P40337,115.9,99.5,1,0,False
QJRAPPXOGRYYJN,COC1=CC(N2CCN(C(=O)CNC(=O)CCCC(=O)NC3=CC=CC4=C3C(=O)N(C3CCC(=O)NC3=O)C4=O)CC2)=CC=C1NC1=NC(NC2=CC=CC=C2S(=O)(=O)C(C)C)=C2N=C[NH]C2=N1,P33981,TTK,CRBN,Q96SW2,41.0,50.599999999999994,2,0,False
QJUZMTXSMNIGLI,C#CC1=C(F)C=CC2=CC(O)=CC(C3=NC=C4C(N5CC6CCC(C5)N6)=NC(OCCN5CCC(CN6CCN(CC7CCN(C8=CC(C)=C9C(=O)N(C%10CCC(=O)NC%10=O)CC9=C8F)CC7)CC6)CC5)=NC4=C3F)=C12,P01116,KRAS,CRBN,Q96SW2,100.0,70.0,1,0,False
QLJXYDKDYITFAR,C#CC1=C(F)C=CC2=CC(O)=CC(C3=NC=C4C(N5CC6CCC(C5)N6)=NC(OCC5(CN6CCC(CC7CCN(CC8CCN(C9=CC=C%10C(=C9)N(C)C(=O)N%10C9CCC(=O)NC9=O)CC8)CC7)CC6)CC5)=NC4=C3F)=C12,P01116,KRAS,CRBN,Q96SW2,100.0,70.0,1,0,False
QLUWOJLIKKXRKQ,O=C(CN1CCN(C2=CC=C(NC3=NC=C4N=CC(=O)N(C5CCCC5)C4=N3)C=C2)CC1)NCCCCNC1=CC=CC2=C1C(=O)N(C1CCC(=O)NC1=O)C2=O,P11802,CDK4,CRBN,Q96SW2,1000.0,27.0,2,0,False
QMDXZTNQRYGNEC,CC1=NOC([C@H](C(=O)N2C[C@H](O)C[C@H]2C(=O)N[C@@H](C)C2=CC=C(Cl)C=C2OCCOCCOCCOCCNC(=O)C[C@@H]2N=C(C3=CC=C(Cl)C=C3)C3=C(SC(C)=C3C)N3C(C)=NN=C23)C(C)C)=C1,O60885,BRD4,VHL,P40337,210.0,89.0,1,0,False
QNAUPOPGMKWGCH,CC1=C(C2=CC=C([C@H](C)NC(=O)[C@@H]3C[C@@H](O)CN3C(=O)[C@@H](NC(=O)CCCN3C=C(C4=CC(C5=CC=CC=C5O)=NN=C4N)C=N3)C(C)(C)C)C=C2)SC=N1,P51531,SMARCA2,VHL,P40337,297.5,86.0,2,0,False
QOXMMJLQRKLFLI,C[C@H]1CN(C(=O)CNC2=CC=C3C(=O)N(C4CCC(=O)NC4=O)C(=O)C3=C2)CCN1C1=CC=C(NC2=CC(C3=CC=NC(N4CCN5C(=CC6=C5CC(C)(C)C6)C4=O)=C3CO)=CN(C)C2=O)N=C1,Q06187,BTK,CRBN,Q96SW2,0.9,97.3,1,1,False
QPRQPIWFTUXRNS,C#CC1=C(F)C=CC2=CC(O)=CC(C3=NC=C4C(N5CC6CCC(C5)N6)=NC(OCC5(CN6CCC(CC7CCN(C8=CC=C9C(=O)N(C%10CCC(=O)NC%10=O)CC9=C8F)CC7)CC6)CC5)=NC4=C3F)=C12,P01116,KRAS,CRBN,Q96SW2,100.0,70.0,1,0,False
QQFSCJZOMFNPPP,CC(=O)N1CCC2=C(C1)C(N1CCCC3=CC(C4=CN(C)N=C4)=C(C(F)F)C=C31)=NN2C1CCN(C(=O)CNC2=CC=C3C(=O)N(C4CCC(=O)NC4=O)C(=O)C3=C2)CC1,Q92793,CBP,CRBN,Q96SW2,1.35,95.0,2,1,False
QQPXYSFVJPHTQL,CCC1=CC=CC2=CC(O)=CC(C3=NC=C4C(N5CC6CCC(C5)N6)=NC(OCCN5CCC(CC6CCN(C7=CC=CC8=C7C(=O)N(C7CCC(=O)NC7=O)C8=O)CC6)CC5)=NC4=C3F)=C12,P01116,KRAS,CRBN,Q96SW2,1000.0,25.0,1,0,False
QQVCUSPUMMUFTD,CC1=C(C2=CC=C([C@H](C)NC(=O)[C@@H]3C[C@@H](O)CN3C(=O)[C@@H](C3=CC(N4CCC(CN5CCC(O[C@H]6C[C@H](OC7=CC(N8C9CCC8CN(C8=CC(C%10=CC=CC=C%10O)=NN=C8N)C9)=CC=N7)C6)CC5)CC4)=NO3)C(C)C)C=C2)SC=N1,P51531,SMARCA2,VHL,P40337,0.5695,94.0,2,1,False
QRDAFZSXMRLYMW,O=C1CCC(N2CC3=CC(N4CCN(CCCCCSC5=CC=C([C@@H]6C7=CC=C(O)C=C7CC[C@@H]6C6=CC=CC=C6)C=C5)CC4)=CC=C3C2=O)C(=O)N1,P03372,ERalpha,CRBN,Q96SW2,5.0,75.0,1,0,False
QRFXQQHVWUEKNV,O=C1CCC(N2CC3=CC(N4CCN(CC(O)CCCOC5=CC=C([C@@H]6C7=CC=C(O)C=C7CC[C@@H]6C6=CC=CC=C6)C=C5)CC4)=CC=C3C2=O)C(=O)N1,P03372,ERalpha,CRBN,Q96SW2,5.0,75.0,1,0,False
QSCOJWKWSHBBPQ,NC1=NC=NC2=C1C(C1=CC=C(OC3=CC=CC=C3)C=C1)=NN2C1CCN(CC2=CC=C(C#CC3CCN(C4=CC=CC5=C4C(=O)N(C4CCC(=O)NC4=O)C5=O)CC3)N=C2)CC1,Q06187,BTK,CRBN,Q96SW2,46.1,95.01,1,1,False
QSDRZGJBNUYGJE,O=C1CCC(N2C(=O)C3=CC=CC(N4CCC(N5CCN(C(=O)CCCCOC6=CC=C(CCNC(=O)C7=CC=CC(C(=O)NO)=C7)C=C6)CC5)CC4)=C3C2=O)C(=O)N1,Q9BY41,HDAC8,CRBN,Q96SW2,876.0,91.0,1,0,False
QSIFVPKHIDVWQB,CC1=C(C2=CC=C([C@H](C)NC(=O)[C@@H]3C[C@@H](O)CN3C(=O)[C@@H](NC(=O)C3=CSC(N4CCN(C5=CC(C6=CC=CC=C6O)=NN=C5N)CC4)=N3)C(C)(C)C)C=C2)SC=N1,P51531,SMARCA2,VHL,P40337,112.0,96.0,1,0,False
QSLOGDDNCAUEOM,O=C1CCC(N2C(=O)C3=CC4=C(C=C3C2=O)CN(CC(=O)N2CCC3(CC2)CCN(C2=CC=C([C@@H]5C6=CC=C(O)C=C6CC[C@@H]5C5=CC=CC=C5)C=C2)CC3)C4)C(=O)N1,P03372,ERalpha,CRBN,Q96SW2,5.5,90.0,1,1,False
QTIIUYBOSNVWGS,CC1=C(C2=CC=C(CNC(=O)[C@@H]3C[C@@H](O)CN3C(=O)[C@@H](NC(=O)CCCC(=O)N3CCN(C4=CC=C(NC5=NC(NC6CCCCC6)=C6N=C[NH]C6=N5)C=C4)CC3)C(C)(C)C)C=C2)SC=N1,P33981,TTK,VHL,P40337,1963.0,33.8,3,0,False
QTODIHOPRSJNDC,O=C1CCC(N2CC3=CC(NCCCCN4CCN(CCOC5=CC=C([C@@H]6C7=CC=C(O)C=C7CC[C@@H]6C6=CC=CC=C6)C=C5)CC4)=CC=C3C2=O)C(=O)N1,P03372,ERalpha,CRBN,Q96SW2,5.0,50.0,1,0,False
QTVYMWKPPLSHPY,CC1=C(C2=CC=C(CNC(=O)[C@@H]3C[C@@H](O)CN3C(=O)[C@@H](NC(=O)COCCOCCOC3=CC(F)=C([C@@H]4C5=C(C[C@@H](C)N4CC(C)(C)F)C4=CC=CC=C4[NH]5)C(F)=C3)C(C)(C)C)C=C2)SC=N1,P03372,ERalpha,VHL,P40337,0.8,94.0,1,1,False
QVKJJUGUFZBXRO,CCCNNC(=O)C1=CC=C(NC(=O)CCCCCCCCC(=O)N[C@H](C(=O)N2C[C@H](O)C[C@H]2C(=O)N[C@@H](C)C2=CC=C(C3=C(C)N=CS3)C=C2)C(C)(C)C)C=C1,O15379,HDAC3,VHL,P40337,37.8,92.0,2,1,False
QVMGVUJASAUIKH,COC1=CC=C([C@@H]2CCC3=CC(O)=CC=C3[C@@H]2C2=CC=C(N3CCC(CN4CCN(C5=CC=C6C(=O)N(C7CCC(=O)NC7=O)CC6=C5)CC4)CC3)C=C2)C=C1,P03372,ERalpha,CRBN,Q96SW2,27.5,50.0,2,0,False
QWGRMVRMZJRYBH,N#CC1=CC=C(N2CCC3(CCN(C4=CC=C(C(=O)N5CCC(CCN6CC7=CC8=C(C=C7C6)C(=O)N(C6CCC(=O)NC6=O)C8=O)CC5)C=C4)CC3)C2)C=C1Cl,P10275,AR,CRBN,Q96SW2,92.0,78.0,1,0,False
QWNMCBPHDWHBTF,CC1=CC(C2=C[NH]C3=NC=C(C4=CC=C(N5CCN(C6CCN(C7=CC=C8C(=O)N(C9CCC(=O)NC9=O)C(=O)C8=C7)CC6)CC5)C=C4)N=C23)=CC=C1C(=O)N(C)C,Q92918,MAP4K1,CRBN,Q96SW2,99.2,56.1,1,0,False
QWPXFOCCASOKEI,CN1CC[C@H]2CC[C@@H](C(=O)N[C@@H](CCC(N)=O)C(=O)N[C@H](C(=O)N3CCC(CCC#CC4=CC=CC5=C4CN(C4CCC(=O)NC4=O)C5=O)CC3)C3CCCCC3)N2C(=O)[C@@H](NC(=O)C2=CC3=CC(C(F)(F)P(=O)(O)O)=CC=C3S2)C1,P40763,STAT3,CRBN,Q96SW2,260.0,91.0,1,0,False
QYKZIZGHSUMTGL,CNC(=O)C1=CC=CC(NC2=CC(NC3=CC=C(C(=O)NCCCCCCCCCC(=O)N[C@H](C(=O)N4C[C@H](O)C[C@H]4C(=O)NCC4=CC=C(C5=C(C)N=CS5)C=C4)C(C)(C)C)C=N3)=NC=C2C(N)=O)=C1OC,P29597,TYK2,VHL,P40337,559.0,67.0,2,0,False
QYPLIYFTVMBVHQ,O=C1CCC(N2C(=O)C3=CC=C(N4C[C@H]5C[C@@H]4CN5CC4CCN(CCOC5=CC=C([C@@H]6C7=CC=C(O)C=C7CC[C@@H]6C6=CC=CC=C6)C=C5)CC4)C=C3C2=O)C(=O)N1,P03372,ERalpha,CRBN,Q96SW2,5.0,50.0,1,0,False
RAOXBNPYHDCZKU,CC1=CC(C2=C[NH]C3=NC=C(C4=CC=C(C5CCN(C(=O)CCOC6=CC=CC7=C6C(=O)N(C6CCC(=O)NC6=O)C7=O)CC5)C=C4)N=C23)=CC=C1C(=O)N(C)C,Q92918,MAP4K1,CRBN,Q96SW2,10000.0,6.7,1,0,False
RAPZFEJMNCDSTP,CCC1=NC(C(N)=O)=C(NC2=CC=C(N3CCC(N4CCN(C(=O)COC5=CC=CC6=C5C(=O)N(C5CCC(=O)NC5=O)C6=O)CC4)CC3)C(OC)=C2)N=C1NC1CCOCC1,P36888,FLT3,CRBN,Q96SW2,1.26,86.8,1,1,False
RASJDLFEGKXLIV,C[C@@H]1CC2=C(C=CC3=C2C=N[NH]3)[C@@H](C2=C(F)C=C(N3CCC4(CCN(C(=O)CN5CC6=CC7=C(C=C6C5)C(=O)N(C5CCC(=O)NC5=O)C7=O)CC4)CC3)C=C2F)N1CC(F)F,P03372,ERalpha,CRBN,Q96SW2,0.5,91.0,1,1,False
RBYZOEAWGXVHMR,CC1=C(C2=CC=C([C@H](C)NC(=O)[C@@H]3C[C@@H](O)CN3C(=O)[C@H](C(C)C)N3C=C([C@H]4CC[C@H](CN5CCC(C6=CC=C7C(=C6)N6C(=NC(=O)C8=C(Cl)C=CC=C86)C7(C)C)CC5)CC4)N=N3)C=C2)SC=N1,P51531,SMARCA2,VHL,P40337,6.14,87.5,2,1,False
RDAPZEZHBZNLOS,O=C1CCN(C2=CC(C(=O)N3CCC(CC4CCN(C5=CC=C(C6=CN=C7[NH]C=C(C8=CN(CCF)N=C8)C7=N6)C=N5)CC4)CC3)=CC=C2Cl)C(=O)N1,Q92918,MAP4K1,CRBN,Q96SW2,5.3,78.0,1,0,False
RDNNHBLTMLFALM,O=C1CCC(N2CC3=NC(N4CCN(CCC5CCN(C6=CC=C([C@@H]7C8=CC=C(O)C=C8CC[C@@H]7C7=CC=CC=C7)C=C6)C5)CC4)=CC=C3C2=O)C(=O)N1,P03372,ERalpha,CRBN,Q96SW2,5.0,50.0,1,0,False
REJKZXHAWJVIKO,CC1=CC(C2=C[NH]C3=NC=C(C4=CC=C(N5CCN(C6CN(C7=CC=C8C(=O)N(C9CCC(=O)NC9=O)C(=O)C8=C7)C6)CC5)C=C4)N=C23)=CC=C1C(=O)N(C)C,Q92918,MAP4K1,CRBN,Q96SW2,28.2,68.3,1,0,False
REWQNZSDAWZOAS,CC1=C(C2=CC=C([C@H](C)NC(=O)[C@@H]3C[C@@H](O)CN3C(=O)[C@@H](C3=CC(OC4CCC(N5CCC(C6=CC=C7C(=C6)C(C)(C)C6=NC(=O)C8=C(Cl)C=CC=C8N76)CC5)CC4)=NO3)C(C)C)C=C2)SC=N1,P51531,SMARCA2,VHL,P40337,0.6799999999999999,98.0,2,1,False
REYNDCVRJYVBPR,C#CC1=C(F)C=CC2=CC(O)=CC(C3=NC=C4C(N5CC6CCC(C5)N6)=NC(OCCN5CCC6(CC5)CN(CC5CCN(C7=CC(C)=C8C(=O)N(C9CCC(=O)NC9=O)CC8=C7F)CC5)C6)=NC4=C3F)=C12,P01116,KRAS,CRBN,Q96SW2,100.0,50.0,1,0,False
RFPSRLABGOTEDB,O=C1CCC(N2CC3=CC(N4CCN(CC5(F)CCN(C6=CC=C([C@@H]7C8=CC=C(O)C=C8CC[C@@H]7C7=CC=CC=C7)C=C6)CC5)CC4)=CC=C3C2=O)C(=O)N1,P03372,ERalpha,CRBN,Q96SW2,5.0,50.0,1,0,False
RFWQGGOBVSJKDT,O=C1CCC(N2C(=O)C3=CC=CC(OCCCCCCCCN4C=C(CCCCCCN5CCC(NC(=O)C6=C(NC(=O)C7=C(Cl)C=CC=C7Cl)C=N[NH]6)CC5)N=N4)=C3C2=O)C(=O)N1,P50750,CDK9,CRBN,Q96SW2,70.0,86.2,1,1,False
RGDGMHSGXOTRFZ,CC1=C(C)C2=C(S1)N1C(C)=NN=C1[C@H](CC(=O)NCCCCCCCCC(=O)N[C@H]1CCC(=O)NC1=O)N=C2C1=CC=C(Cl)C=C1,O60885,BRD4,CRBN,Q96SW2,2500.0,38.0,1,0,False
RGKRNSKHJAIUAE,CN1C(=O)N(C2CCC(=O)NC2=O)C2=CC=CC(CCCOCCCOCCOCCN3C=C(NC(=O)C4=C5N=C(N6C[C@H](N)CC(F)(F)C6)C=CN5N=C4)C(C(F)F)=N3)=C21,Q9NWZ3,IRAK4,CRBN,Q96SW2,72.0,95.0,1,1,False
RGLGQQQLWMBODI,CC(O)(CCOC1=CC=C([C@@H]2C3=CC=C(O)C=C3CC[C@@H]2C2=CC=CC=C2)C=C1)CCN1CCN(C2=CC=C3C(=O)N(C4CCC(=O)NC4=O)CC3=C2)CC1,P03372,ERalpha,CRBN,Q96SW2,5.0,50.0,1,0,False
RGTZCSFQBVIJHW,CC1=C(C)C2=C(S1)N1C(C)=NN=C1[C@H](CC(=O)NC1CCN(C(=O)COC3=CC=CC(N4CCC(=O)NC4=O)=C3C)CC1)N=C2C1=CC=C(Cl)C=C1,O60885,BRD4,CRBN,Q96SW2,0.022,97.0,1,1,False
RHDMRLFWOOTRKS,O=C1CC[C@H](N2CC3=C(C=CC4=C3OC[C@H]3CN(CC5CCC6(CC5)CCN(C5=CC=C([C@@H]7C8=CC=C(O)C=C8CC[C@@H]7C7=CC=CC=C7)C=C5)CC6)CCN43)C2=O)C(=O)N1,P03372,ERalpha,CRBN,Q96SW2,4.7,99.0,1,1,False
RHXBARXCYBZWQY,O=C1CCN(C2=CC(C(=O)N3CCC(CC4CCN(C5=CC=C(C6=CN=C7[NH]C=C(C8=CN(CCO)N=C8)C7=N6)C=N5)CC4)CC3)=CC=C2Cl)C(=O)N1,Q92918,MAP4K1,CRBN,Q96SW2,29.0,84.0,1,1,False
RIBCWKRMNKOGRN,CCC(C)(C)C(=O)C(=O)N1CCCC[C@H]1C(=O)O[C@H](CCC1=CC=C(OC)C(OC)=C1)C1=CC=CC(NC(=O)CCC(=O)NCCCCNC(=O)COC2=CC=CC3=C2C(=O)N(C2CCC(=O)NC2=O)C3=O)=C1,P62942,FKBP12,CRBN,Q96SW2,32.0,99.0,1,1,False
RJTSFAFABFEXTC,C#CC1=C(F)C=CC2=CC(O)=CC(C3=NC=C4C(N5CC6CCC(C5)N6)=NC(OC[C@@H]5C[C@@H](OC6CCN(CC7CCN(C8=CC(C)=C9C(=O)N(C%10CCC(=O)NC%10=O)CC9=C8F)CC7)CC6)CN5C)=NC4=C3F)=C12,P01116,KRAS,CRBN,Q96SW2,100.0,70.0,1,0,False
RJZWPRMLXQCXJO,CCS(=O)(=O)N1C=C(C2=NC(NC3=CC=C(N4CCN(CCCCCCCCCCC(=O)NC5=CC=CC6=C5CN(C5CCC(=O)NC5=O)C6=O)CC4)C=C3)=NC=C2C(F)(F)F)C2=CC=CC=C21,P00533,EGFR L858R/T790M/C797S,CRBN,Q96SW2,281.4,77.3,1,0,False
RMDRYDCBCVLBLF,C#CC1=C(F)C=CC2=CC(O)=CC(C3=NC=C4C(N5CC6CCC(C5)N6)=NC(OCCN5CCC6(CC5)CN(CC5CCN(C7=CC=C8C(=O)N(C9CCC(=O)NC9=O)CC8=C7F)CC5)C6)=NC4=C3F)=C12,P01116,KRAS,CRBN,Q96SW2,100.0,50.0,1,0,False
RMEBYOQHBJEARV,CN1CCN([C@@H]2CCCN(C3=CN=C(C(N)=O)C(NC4=CC=C(N5CCC6(CCN(C7=CC=C8C(=O)N([C@H]9CCC(=O)NC9=O)C(=O)C8=C7)CC6)CC5)N=C4)=N3)C2)C1=O,Q06187,BTK,CRBN,Q96SW2,4.3,94.0,1,1,False
RMMAOICBFXEKSR,O=C1CCC(N2C(=O)C3=CC=CC(NC(=O)CCCCCCC(=O)N4CCN(C5=CC=C(NC6=NC=C7N=CC(=O)N(C8CCCC8)C7=N6)C=C5)CC4)=C3C2=O)C(=O)N1,P11802,CDK4,CRBN,Q96SW2,238.70000000000002,76.0,2,0,False
RMVFNVOJYTXBGY,CCC(C)(C)C(=O)C(=O)N1CCCC[C@H]1C(=O)O[C@H](CCC1=CC=C(OC)C(OC)=C1)C1=CC=CC(NC(=O)CCC(=O)NCCCCCCC(=O)N2CCC[C@H]2C(=O)N[C@H]2CC(=O)NC2=O)=C1,P62942,FKBP12,CRBN,Q96SW2,94.0,98.0,1,1,False
RMWRKGGZMDZIQO,C[C@H]1CC2(CCN(C3=CC=C(C(=O)N4CCC(N5CC6=CC7=C(C=C6C5)C(=O)N(C5CCC(=O)NC5=O)C7=O)CC4)C=C3)CC2)CN1C1=CC=C(C#N)C(Cl)=C1,P10275,AR,CRBN,Q96SW2,0.4,91.0,1,1,False
RMZBDXZBUMCJJL,C[C@H]1CN(CCCCCCOCCOCC(=O)NC2=CC=CC3=C2C(=O)N(C2CCC(=O)NC2=O)C3=O)CCN1C1=CC=C(NC2=CC(C3=CC=NC(N4CCN5C(=CC6=C5CC(C)(C)C6)C4=O)=C3CO)=CN(C)C2=O)N=C1,Q06187,BTK,CRBN,Q96SW2,7.0,95.6,1,1,False
RNLVTYXNXURXNA,COC1=CC(C2=CN(C)C(=O)C3=CN=C(C(C)C)C=C23)=CC(OC)=C1C(=O)N1CCC2(CCC(CN3CC4=CC5=C(C=C4C3)C(=O)N(C3CCC(=O)NC3=O)C5=O)CC2)CC1,Q9H8M2,BRD9,CRBN,Q96SW2,219.0,85.0,1,0,False
RPCZNZTUMZLFLM,O=C1CC[C@H](N2CC3=C(C=CC4=C3OC[C@H]3CN(CC(=O)N5CC6(C5)CN(C5=CC=C([C@@H]7C8=CC=C(O)C=C8CC[C@@H]7C7=CC=CC=C7)C=C5)C6)CCN43)C2=O)C(=O)N1,P03372,ERalpha,CRBN,Q96SW2,0.06,100.0,1,1,False
RRIPMGHYQJHRJM,CC(=O)N1CCC2=C(C1)C(N1CCCC3=CC(C4=CC=C(F)C=C4)=C(C(F)F)C=C31)=NN2C1CCN(C(=O)CN2CC3=CC4=C(C=C3C2)C(=O)N(C2CCC(=O)NC2=O)C4=O)CC1,Q92793,CBP,CRBN,Q96SW2,38.5,87.0,2,1,False
RRKHTBLDFNFWBG,CN1CCN([C@@H]2CCCN(C3=CN=C(C(N)=O)C(NC4=CC=C(C5CCN(CC6CCN(C7=CC=C8C(=O)N([C@@H]9CCC(=O)NC9=O)C(=O)C8=C7)CC6)CC5)C=C4)=N3)C2)C1=O,Q06187,BTK,CRBN,Q96SW2,0.75,94.0,1,1,False
RSIUYCUBMQDZLI,CN(CCOCCOCCOCC(=O)NC1=CC=C2C(=O)N(C3CCC(=O)NC3=O)C(=O)C2=C1)CC[C@@H](C1=CC=CC=C1)N1C=C(NC(=O)C2=N[NH]C3=C2CCC(C)(C)C3)C=N1,Q08881,ITK,CRBN,Q96SW2,94.1,93.0,1,1,False
RSRHCKOLDVWOMV,C#CC1=C(F)C=CC2=CC(O)=CC(C3=NC=C4C(N5CC6CCC(C5)N6)=NC(OCCN5CCC(CC6CCN(CC7CCN(C8=CC(C)=C9C(=O)N(C%10CCC(=O)NC%10=O)CC9=C8F)CC7)CC6)CC5)=NC4=C3F)=C12,P01116,KRAS,CRBN,Q96SW2,100.0,70.0,1,0,False
RTXWNLFXLDMWMW,CCC1=CC=CC2CC(O)=CC(C3=NC=C4C(N5CC6CCC(C5)N6)=NC(OC[C@]56CCCN5[C@@H](COC(=O)N5CCN(C7=CC=CC8=C7CN(C7CCC(=O)NC7=O)C8=O)CC5)CC6)=NC4=C3F)=C12,P01116,KRAS,CRBN,Q96SW2,250.0,25.0,1,0,False
RTYVSUBNYZYOJZ,COC1=CC2=NC(C)=NC(N[C@H](C)C3=CC(N)=CC(C(F)F)=C3)=C2C=C1OCC1(CN(C)C(=O)CCCCCCNC2=CC=CC3=C2C(=O)N(C2CCC(=O)NC2=O)C3=O)CC1,Q07889,SOS1,CRBN,Q96SW2,45.0,73.0,1,0,False
RUICZTHQOJHZJD,O=C1CCC(N2CC3=CC(N4CCC(NCC5CCN(C6=CC=C([C@@H]7C8=CC=C(O)C=C8CC[C@@H]7C7=CC=CC=C7)C=C6)CC5)CC4)=CC=C3C2=O)C(=O)N1,P03372,ERalpha,CRBN,Q96SW2,5.0,75.0,1,0,False
RVGZNDYILKOBGV,CC1=C(C2=CC=C([C@H](C)NC(=O)[C@@H]3C[C@@H](O)CN3C(=O)[C@@H](NC(=O)CCCCCCN3C=C(C4=CC(C5=CC=CC=C5O)=NN=C4N)C=N3)C(C)(C)C)C=C2)SC=N1,P51531,SMARCA2,VHL,P40337,114.0,85.0,2,0,False
RVOJNJLWNBVPOR,CCC1=NC(C(N)=O)=C(NC2=CC=C(N3CCC(N4CCN(C(=O)COC5=CC=CC6=C5CN(C5CCC(=O)NC5=O)C6=O)CC4)CC3)C(OC)=C2)N=C1NC1CCOCC1,P36888,FLT3,CRBN,Q96SW2,0.64,94.8,1,1,False
RVPIPKQWWAAQIK,O=C1CCC(N2CC3=CC(NCCCN4CCN(CCOC5=CC=C([C@@H]6C7=CC=C(O)C=C7CC[C@@H]6C6=CC=CC=C6)C=C5)CC4)=CC=C3C2=O)C(=O)N1,P03372,ERalpha,CRBN,Q96SW2,50.0,50.0,1,0,False
RVWBTXSGZFJYEH,O=C1CCC(N2C(=O)C3=CC=CC(OCCCCCN4C=C(CCCCCN5CCC(NC(=O)C6=C(NC(=O)C7=C(Cl)C=CC=C7Cl)C=N[NH]6)CC5)N=N4)=C3C2=O)C(=O)N1,P50750,CDK9,CRBN,Q96SW2,950.0,68.5,1,0,False
RVYUHHWSAXOCDU,CN1CCN([C@@H]2CCCN(C3=CN=C(C(N)=O)C(NC4=CC=C(C5CCN(CC6CN(C7=CC=C8C(=O)N([C@@H]9CCC(=O)NC9=O)C(=O)C8=C7)C6)CC5)C=C4)=N3)C2)C1=O,Q06187,BTK,CRBN,Q96SW2,0.8,97.0,1,1,False
RWHALQYVRUPHFK,CCC1=C(F)C=CC2=CC(O)=CC(C3=NC=C4C(N5CC6CCC(C5)N6)=NC(OCCN5CCC(C)(CN6CCN(CC7CCN(C8=CC=C9C(=C8)N(C)C(=O)N9C8CCC(=O)NC8=O)CC7)CC6)CC5)=NC4=C3F)=C12,P01116,KRAS,CRBN,Q96SW2,100.0,70.0,1,0,False
RWZUENRHOXLKRD,O=C1CCC(N2C(=O)C3=CC=CC(OCCCCN4C=C(CCCCN5CCC(NC(=O)C6=C(NC(=O)C7=C(Cl)C=CC=C7Cl)C=N[NH]6)CC5)N=N4)=C3C2=O)C(=O)N1,P50750,CDK9,CRBN,Q96SW2,70.0,79.1,1,0,False
RXBULKVYMPTZLG,CC1=C(C)C2=C(S1)N1C(C)=NN=C1[C@H](CC(=O)NCCCCCCCCC(=O)NCC(=O)N[C@H]1CC(=O)NC1=O)N=C2C1=CC=C(Cl)C=C1,O60885,BRD4,CRBN,Q96SW2,82.0,98.0,1,1,False
RXPVERGCEPLCLB,CC1=NC=C(C2=CC=C3N=C(NC(=O)COCCOCCOCCOCC(=O)N[C@H](C(=O)N4C[C@H](O)C[C@H]4C(=O)NCC4=CC=C(C5=C(C)N=CS5)C=C4)C(C)(C)C)SC3=C2)C=C1NC(=O)OC1CCCCC1,Q13546,RIPK1,VHL,P40337,20000.0,92.0,1,0,False
RYBGNXHUCGXEPA,O=C1CCC(N2C(=O)C3=CC=C(N4CCC(CN5CCN(CC6=CC=C(NC(=O)C7=N[NH]C=C7NC7=NC=NC8=C7C=C[NH]8)C=C6)CC5)C4)C=C3C2=O)C(=O)N1,P24941,CDK2,CRBN,Q96SW2,1.63,76.14,1,0,False
RYTCYGKCRMOACE,C#CC1=C(F)C=CC2=CC(O)=CC(C3=NC=C4C(N5CC6CCC(C5)N6)=NC(OCCN5CCN(CC6CCN(CC7CCN(C8=CC=C9C(=C8)N(C)C(=O)N9C8CCC(=O)NC8=O)CC7)CC6)CC5)=NC4=C3F)=C12,P01116,KRAS,CRBN,Q96SW2,100.0,70.0,1,0,False
RYXWEURGJSYECJ,O=C1CCC(N2CC3=CC(N4CCN(C5CC(CCOC6=CC=C([C@@H]7C8=CC=C(O)C=C8CC[C@@H]7C7=CC=CC=C7)C=C6)C5)CC4)=CC=C3C2=O)C(=O)N1,P03372,ERalpha,CRBN,Q96SW2,5.0,50.0,1,0,False
RYYXXDIANYNUAB,CC1=NOC(C)=C1C1=CC=C2C(=C1)N=C([C@@H]1CCCC(=O)N1C1=CC=C(F)C(F)=C1)N2[C@H]1CC[C@H](OCC(=O)N2CCN(CCNC3=CC=C4C(=O)N(C5CCC(=O)NC5=O)C(=O)C4=C3)CC2)CC1,Q92793,CBP,CRBN,Q96SW2,108.0,62.5,2,0,False
RZWSJHUMBKJCQC,O=C1CC[C@H](N2CC3=C(C=CC4=C3OCC43CCN(C(=O)CN4CC5(CCN(C6=CC=C([C@@H]7C8=CC=C(O)C=C8CC[C@@H]7C7=CC=CC=C7)C=C6)CC5)C4)CC3)C2=O)C(=O)N1,P03372,ERalpha,CRBN,Q96SW2,0.01845,100.0,1,1,False
SCMQMXRHAQISDZ,CC(=O)N1CCC2=C(C1)C(N1CCCC3=CC(C4=NN(C)C=C4)=C(C(F)F)C=C31)=NN2C1CCC(CCN2CC3=CC4=C(C=C3C2)C(=O)N(C2CCC(=O)NC2=O)C4=O)CC1,Q92793,CBP,CRBN,Q96SW2,6.65,88.0,2,1,False
SDVXVVRZUBGBIP,O=C1CC[C@H](N2CC3=C(C=CC4=C3OCC43CCN(CC(=O)N4CCC5(CCN(C6=CC=C([C@@H]7C8=CC=C(O)C=C8CC[C@@H]7C7=CC=CC=C7)C=C6)CC5)C4)CC3)C2=O)C(=O)N1,P03372,ERalpha,CRBN,Q96SW2,0.0419,100.0,1,1,False
SDWUURRMSCHVOR,CC1=C(C)C2=C(S1)N1C(C)=NN=C1[C@H](CC(=O)N1CCN(CC(=O)NCCCCCOC3=CC=CC4=C3C(=O)N(C3CCC(=O)NC3=O)C4=O)CC1)N=C2C1=CC=C(Cl)C=C1,O60885,BRD4,CRBN,Q96SW2,60.0,94.0,1,1,False
SEHKDMKQRSFFAP,C[C@@H]1CC2=C([NH]C3=CC=CC=C23)[C@@H](C2=C(F)C=C(N3CCC4(CCN(C(=O)CN5CC6=CC7=C(C=C6C5)C(=O)N(C5CCC(=O)NC5=O)C7=O)CC4)CC3)C=C2F)N1CC(F)(F)CO,P03372,ERalpha,CRBN,Q96SW2,0.1,97.0,1,1,False
SEIYSBOQHBULFI,O=C1CCC(N2CC3=CC(N4CCN(CC5CCN(C6=C(F)C=C([C@@H]7C8=CC=C(O)C=C8CC[C@@H]7C7=CC=CC=C7)C=C6F)CC5)CC4)=CC=C3C2=O)C(=O)N1,P03372,ERalpha,CRBN,Q96SW2,5.0,50.0,1,0,False
SENCERWTVQUVEP,O=C1CCC(N2CC3=CC(N4CCC(N5CC(CCOC6=CC=C([C@@H]7C8=CC=C(O)C=C8CC[C@@H]7C7=CC=CC=C7)C=C6)C5)CC4)=CC=C3C2=O)C(=O)N1,P03372,ERalpha,CRBN,Q96SW2,5.0,50.0,1,0,False
SEPZFBBSIBKESI,CN(CCOCCOCCOCC(=O)NC1=CC=CC2=C1C(=O)N(C1CCC(=O)NC1=O)C2=O)CC[C@@H](C1=CC=CC=C1)N1C=C(NC(=O)C2=N[NH]C3=C2CCC(C)(C)C3)C=N1,Q08881,ITK,CRBN,Q96SW2,352.6,75.0,1,0,False
SFAZMJOUZPQYHW,COC1=CC=C(C(=O)O)C=C1OCC1=CC=C(C(=O)NCCCCNC2=CC=CC3=C2C(=O)N(C2CCC(=O)NC2=O)C3=O)C=C1,Q9BY41,HDAC8,CRBN,Q96SW2,616.5,75.5,2,0,False
SFOKKIBXAXDNRS,CCN1CCC(N2C=C(C3=C[NH]C4=NC=C(C5=CC=C(N6CCC(OC7CCN(C(=O)C8=CC=C(Cl)C(N9CCC(=O)NC9=O)=C8)CC7)CC6)C(F)=C5)N=C34)C=N2)CC1,Q92918,MAP4K1,CRBN,Q96SW2,7.2,78.0,1,0,False
SGAIHYROHDVCQP,C#CC1=C(F)C=CC2=CC(O)=CC(C3=NC=C4C(N5CC6CCC(C5)N6)=NC(OCCN5CCC6(CC5)CN(CC5CCN(C7=CC=CC8=C7CN(C7CCC(=O)NC7=O)C8=O)CC5)C6)=NC4=C3F)=C12,P01116,KRAS,CRBN,Q96SW2,1000.0,50.0,1,0,False
SGUKLZBZSKIVPN,CN(CCOCCOCCNC(=O)CNC1=CC=CC2=C1C(=O)N(C1CCC(=O)NC1=O)C2=O)CC[C@@H](C1=CC=CC=C1)N1C=C(NC(=O)C2=N[NH]C3=C2CCC(C)(C)C3)C=N1,Q08881,ITK,CRBN,Q96SW2,32.7,95.0,1,1,False
SHAMJIRSIDFELO,C#CC1=C(F)C=CC2=CC(O)=CC(C3=NC=C4C(N5CC6CCC(C5)N6)=NC(OCCN5CCC(CN6CCN(CC7CCN(C8=CC=C9C(=O)N(C%10CCC(=O)NC%10=O)CC9=C8F)CC7)CC6)CC5)=NC4=C3F)=C12,P01116,KRAS,CRBN,Q96SW2,100.0,70.0,1,0,False
SHFVBIUYQVOCJQ,CC1=CC(C2=C[NH]C3=NC=C(C4=CC=C(C5CCN(C(=O)C6CN(C7=CC=C8C(=O)N(C9CCC(=O)NC9=O)C(=O)C8=C7)C6)CC5)C=C4)N=C23)=CC=C1C(=O)N(C)C,Q92918,MAP4K1,CRBN,Q96SW2,10000.0,42.6,1,0,False
SHUBDEMMLLDYQT,CC(=O)N1CCC2=C(C1)C(N1CCCC3=CC(C4=CN(C)N=C4)=C(C(F)F)C=C31)=NN2C1CCN(C(=O)CCNC2=CC=CC3=C2C(=O)N(C2CCC(=O)NC2=O)C3=O)CC1,Q92793,CBP,CRBN,Q96SW2,13.0,84.5,2,1,False
SKYVEYPEIVTKRF,CC1=CSC(C2=CC=C(CNC(=O)[C@@H]3C[C@@H](O)CN3C(=O)[C@@H](NC(=O)CCCCCCCCSSCCCCC(=O)N[C@H](C(=O)N3C[C@H](O)C[C@H]3C(=O)NCC3=CC=C(C4=C(C)N=CS4)C=C3)C(C)(C)C)C(C)(C)C)C=C2)=N1,P40337,VHL30,VHL,P40337,35.0,98.0,1,1,False
SLDAFIDROUHPMA,CCC1=C(F)C=CC2=CC(O)=CC(C3=NC=C4C(N5CC6CCC(C5)N6)=NC(OCCN5CCC6(CC5)CCN(CC5CCN(C7=CC=C8C(=C7)N(C)C(=O)N8C7CCC(=O)NC7=O)CC5)CC6)=NC4=C3F)=C12,P01116,KRAS,CRBN,Q96SW2,100.0,70.0,1,0,False
SLPWRCRRHVRNRM,CC1=C(C2=CC=C([C@H](C)NC(=O)C3C[C@@H](O)CN3C(=O)[C@H](NC(=O)COCCOCCOCCNC(=O)C[C@@H]3N=C(C4=CC=C(Cl)C=C4)C4=C(SC(C)=C4C)N4C(C)=NN=C34)C(C)(C)C)C=C2)SC=N1,O60885,BRD4,VHL,P40337,31.23,77.47,1,0,False
SLXOQKCZCGWOCQ,C#CC1=C(F)C=CC2=CC(O)=CC(C3=NC=C4C(N5CC6CCC(C5)N6)=NC(OC[C@@H]5C[C@@H](OC6CCN(CC7CCN(C8=CC=C9C(=C8)N(C)C(=O)N9C8CCC(=O)NC8=O)CC7)CC6)CN5C)=NC4=C3F)=C12,P01116,KRAS,CRBN,Q96SW2,100.0,70.0,1,0,False
SMENADKMMXTZAZ,CN[C@@H](C)C(=O)N[C@H](C(=O)N1C[C@@H](OC2=CC=CC(OCCCCC(=O)N[C@H](C(=O)N3C[C@H](O)C[C@H]3C(=O)N[C@@H](C)C3=CC=C(C4=C(C)N=CS4)C=C3)C(C)(C)C)=C2)C[C@H]1C(=O)N[C@@H]1CCCC2=CC=CC=C21)C1CCCCC1,Q13490,cIAP1,VHL,P40337,2.4,99.0,3,1,False
SMHVFMFQPBBUHA,O=C1CCC(N2CC3=CC(N4CCN(CCCCCOC5=CC=C([C@@H]6C7=CC=C(O)C=C7CC[C@@H]6C6=CC=CC=C6)C=C5)CC4)=CC(F)=C3C2=O)C(=O)N1,P03372,ERalpha,CRBN,Q96SW2,5.0,75.0,1,0,False
SMKTVPFZZQSNAM,CCSCC1=CC=C2C(=C1)C1=C3C(=O)NCC3=C3C4=CC(CSCC)=CC=C4N4C3=C1N2[C@H]1C[C@](O)(C(=O)NCCOCCOCCOCC(=O)N[C@H](C(=O)N2C[C@H](O)C[C@H]2C(=O)N[C@@H](C)C2=CC=C(C3=C(C)N=CS3)C=C2)C(C)(C)C)[C@]4(C)O1,Q16584,MAP3K11,VHL,P40337,50.0,77.0,1,0,False
SMSRIGRAQRHPFR,COC1=CC2=C(C=C1NC(=O)C1=CC=CC(C(F)(F)F)=N1)OC([C@H]1CC[C@H](CN3CC4(CC(CCNC5=CC=CC6=C5C(=O)N(C5CCC(=O)NC5=O)C6=O)C4)C3)CC1)=N2,Q9NWZ3,IRAK4,CRBN,Q96SW2,190.0,68.0,1,0,False
SNFHOQNUKDBRTG,C#CC1=C(F)C=CC2=CC(O)=CC(C3=NC=C4C(N5CC6CCC(C5)N6)=NC(OC[C@]56CCCN5[C@H](CN5CCN(CC7CCN(C8=CC=C9C(=O)N(C%10CCC(=O)NC%10=O)CC9=C8)CC7)CC5)CC6)=NC4=C3F)=C12,P01116,KRAS,CRBN,Q96SW2,100.0,70.0,1,0,False
SNJZSKLBOABMIB,CCC1=CC=CC2=CC(O)=CC(C3=NC=C4C(N5CC6CCC(C5)N6)=NC(OC[C@]56CCCN5[C@@H](COC(=O)N5CCN(C7=CC=C8C(=O)N(C9CCC(=O)NC9=O)C(=O)C8=C7)CC5)CC6)=NC4=C3F)=C12,P01116,KRAS,CRBN,Q96SW2,100.0,50.0,1,0,False
SNZNXOBIZPAUMI,O=C1CCC(N2C(=O)C3=CC=C(N4CCN(CC5CCN(CCOC6=CC=C([C@@H]7C8=CC=C(O)C=C8CC[C@@H]7C7=CC=CC=C7)C=C6)CC5)CC4)C=C3C2=O)C(=O)N1,P03372,ERalpha,CRBN,Q96SW2,5.0,50.0,1,0,False
SPGWKNITNYHIGX,NC1=NC=NC2=C1C(C1=CC=C(OC3=CC=CC=C3)C=C1)=NN2C1CCN(C(=O)CN2CCN(CC3CN(C4=CC=C5C(=O)N(C6CCC(=O)NC6=O)C(=O)C5=C4)C3)CC2)CC1,Q06187,BTK,CRBN,Q96SW2,3.18,99.9,1,1,False
SPNPKWMYQVSWMP,O=C1CC[C@H](N2CC3=C(C=CC4=C3OCC43CCN(CCCCCC4CCN(C5=CC=C([C@@H]6C7=CC=C(O)C=C7CC[C@@H]6C6=CC=CC=C6)C=C5)CC4)CC3)C2=O)C(=O)N1,P03372,ERalpha,CRBN,Q96SW2,0.4206,100.0,1,1,False
SPOKXBBLGTXPAP,CCC1=CC=CC2=CC(O)=CC(C3=NC=C4C(N5CC6CCC(C5)N6)=NC(OC[C@@H]5C[C@@H](OC6CCN(CC7CCN(C8=CC=CC9=C8CN(C8CCC(=O)NC8=O)C9=O)CC7)CC6)CN5C)=NC4=C3F)=C12,P01116,KRAS,CRBN,Q96SW2,100.0,70.0,1,0,False
SPYDQPKKJXKFTG,CC1=C(C2=CC=C([C@H](C)NC(=O)[C@@H]3C[C@@H](O)CN3C(=O)[C@@H](C3=CC(OCCN4CCC(C5=CC=C6C(=C5)C(C)(C)C5=NC(=O)C7=C(Cl)C=CC=C7N65)CC4)=NO3)C(C)C)C=C2)SC=N1,P51531,SMARCA2,VHL,P40337,16.55,88.0,2,1,False
SQPYBBMCORULCB,O=C1CCC(N2C(=O)C3=CC4=C(C=C3C2=O)CN(CCCCC2CCN(C3=CC=C([C@@H]5C6=CC=C(O)C=C6CC[C@@H]5C5=CC=CC=C5)C=C3)CC2)C4)C(=O)N1,P03372,ERalpha,CRBN,Q96SW2,236.0,67.0,1,0,False
SQUXSHGWVMZWGG,CCC1=CC=CC2=CC(O)=CC(C3=NC=C4C(N5C[C@@H]6CC[C@H](C5)N6)=NC(OC[C@@H]5CCCN5CCCCCCCCC(=O)N[C@H](C(=O)N5C[C@H](O)C[C@H]5C(=O)N[C@@H](C)C5=CC=C(C6=C(C)N=CS6)C=C5)C(C)(C)C)=NC4=C3F)=C12,P01116,KRAS G12D,VHL,P40337,165.0,89.3,1,0,False
SRLZRPSMOFUVHL,C#CC1=C(F)C=CC2=CC(O)=CC(C3=NC=C4C(N5CC6CCC(C5)N6)=NC(OCCN5CCC6(CC5)CCN(CC5CCN(C7=CC=CC8=C7N(C)C(=O)N8C7CCC(=O)NC7=O)CC5)CC6)=NC4=C3F)=C12,P01116,KRAS,CRBN,Q96SW2,100.0,70.0,1,0,False
SRUVBNFPTDBESG,O=C(CNC1=CC=CC2=C1C(=O)N(C1CCC(=O)NC1=O)C2=O)NCCCCCCCCCCC(=O)N1CCC(NC(=O)C2=N[NH]C=C2NC(=O)C2=C(Cl)C=CC=C2Cl)CC1,P50750,CDK9,CRBN,Q96SW2,30.0,91.6,1,1,False
SSOKRQHDQUGNMI,C#CC1=C(F)C=CC2=CC(O)=CC(C3=NC=C4C(N5CC6CCC(C5)N6)=NC(OC[C@]56CCCN5[C@H](CN5CCN(CC7CCN(C8=CC=C9C(=C8)N(C)C(=O)N9C8CCC(=O)NC8=O)CC7)CC5)CC6)=NC4=C3F)=C12,P01116,KRAS,CRBN,Q96SW2,100.0,70.0,1,0,False
STBAQMSNPQNEBZ,CN1CCN(C2=CC=C(C3=CC=CC(CN4CCN(CCNC(=O)CCCCCCCNC5=CC=CC6=C5C(=O)N(C5CCC(=O)NC5=O)C6=O)CC4)=C3)C=C2NC(=O)C2=C[NH]C(=O)C=C2C(F)(F)F)CC1,P61964,WDR5,CRBN,Q96SW2,42.0,77.0,1,0,False
STGFOSWNXWQTTP,CC1=NOC([C@H](C(=O)N2C[C@H](O)C[C@H]2C(=O)N[C@@H](CC(=O)NCCCCNC(=O)C[C@@H]2N=C(C3=CC=C(Cl)C=C3)C3=C(SC(C)=C3C)N3C(C)=NN=C23)C2=CC=C(Cl)C=C2)C(C)C)=C1,O60885,BRD4,VHL,P40337,190.0,80.0,1,0,False
STHPOQGBRMGDBA,O=C1CCC(N2C(=O)C3=CC4=C(C=C3C2=O)CN(C2CCN(C3=CC=C([C@@H]5C6=CC=C(O)C=C6CC[C@@H]5C5=CC=CC=C5)C=C3)CC2)C4)C(=O)N1,P03372,ERalpha,CRBN,Q96SW2,1000.0,32.0,1,0,False
STPDFUQEUGSSGJ,CC1=C(C)C2=C(S1)N1C(C)=NN=C1[C@H](CC(=O)NCCCCCCCCC(=O)NCC(=O)N[C@H]1CCC(=O)NC1=O)N=C2C1=CC=C(Cl)C=C1,O60885,BRD4,CRBN,Q96SW2,228.0,94.0,1,0,False
STQLATQFUCKOTB,C#CC1=C(F)C=CC2=CC(O)=CC(C3=NC=C4C(N5CC6CCC(C5)N6)=NC(OC[C@@H]5C[C@@H](OC6CCN(CC7CCN(C8=CC=C9C(=O)N(C%10CCC(=O)NC%10=O)CC9=C8F)CC7)CC6)CN5C)=NC4=C3F)=C12,P01116,KRAS,CRBN,Q96SW2,100.0,70.0,1,0,False
SUAWFHWYJIGRTP,CCS(=O)(=O)N1C=C(C2=NC(NC3=CC=C(N4CCN(CCCCCCCCC(=O)NC5=CC=CC6=C5CN(C5CCC(=O)NC5=O)C6=O)CC4)C=C3)=NC=C2C(F)(F)F)C2=CC=CC=C21,P00533,EGFR L858R/T790M/C797S,CRBN,Q96SW2,33.2,95.0,1,1,False
SUEXREHSPDZBHX,O=C1CCC(N2C(=O)C3=CC=CC(NCC4=CN(CCCCOC5=CC=C(CN6C=CC7=CC=C(C(=O)NO)C=C76)C=C5)N=N4)=C3C2=O)C(=O)N1,Q9BY41,HDAC8,CRBN,Q96SW2,470.0,90.21,1,0,False
SVKZUEZCCKLNIM,COC1=CC(C2=CN(C)C(=O)C3=CC=CC=C23)=CC(OC)=C1CN1CCC(CN2CCC(C3=CC=C4C5=C(C=CC=C35)C(=O)N4C3CCC(=O)NC3=O)CC2)CC1,Q9H8M2,BRD9,CRBN,Q96SW2,0.016,97.0,1,1,False
SVRBHTWHQQHKEZ,CC(C)N(CC1CCN(C2=CC=C([C@@H]3C4=CC=C(O)C=C4CC[C@@H]3C3=CC=CC=C3)C=C2)CC1)[C@H]1C[C@H](OC2=CC=C3C(=O)N(C4CCC(=O)NC4=O)CC3=C2)C1,P03372,ERalpha,CRBN,Q96SW2,50.0,50.0,1,0,False
SVVPYQZZEPKRFE,CC1=CC=C(NC(=O)CN2C=C(C3=CC=C4C(NC(=O)C5=CC=C(NC(=O)CCCCC(=O)N6CCN(CCCCCCC(=O)N[C@H](C(=O)N7C[C@H](O)C[C@H]7C(=O)NCC7=CC=C(C8=C(C)N=CS8)C=C7)C(C)(C)C)CC6)C=C5)=N[NH]C4=C3)C=N2)C=C1C(F)(F)F,P35968,VEGFR-2,VHL,P40337,3330.0,31.0,1,0,False
SXZKGSBCJAOABL,N#CC1=CC=C(N2CCC3(CCN(C4=CC=C(C(=O)N5CCC(CN6CCC7=CC8=C(C=C7C6)C(=O)N(C6CCC(=O)NC6=O)C8=O)CC5)C=C4)CC3)C2)C=C1Cl,P10275,AR,CRBN,Q96SW2,25.0,53.0,1,0,False
SZDXMPRNFHXVNO,CC1=C(C2=CC=C([C@H](C)NC(=O)[C@@H]3C[C@@H](O)CN3C(=O)[C@@H](C3=CC(OCC4(CN5CCC(C6=CC=C7C(=C6)C(C)(C)C6=NC(=O)C8=C(Cl)C=CC=C8N76)CC5)CC4)=NO3)C(C)C)C=C2)SC=N1,P51531,SMARCA2,VHL,P40337,146.5,70.0,2,0,False
SZONFWWCHSLCFP,C#CC1=C(F)C=CC2=CC(O)=CC(C3=NC=C4C(N5CC6CCC(C5)N6)=NC(OC[C@]56CCCN5[C@H](CN5CCN(CC7CCN(C8=CC=C9C(=C8)N(C(C)C)C(=O)N9C8CCC(=O)NC8=O)CC7)CC5)CC6)=NC4=C3F)=C12,P01116,KRAS,CRBN,Q96SW2,100.0,70.0,1,0,False
SZPWQHSVDSLOKN,CC1=NC(NC2=NC=C(C(=O)NC3=C(C)C=CC=C3Cl)S2)=CC(N2CCN(CCCN3CCN(C4=CC=C(C5CCC(=O)NC5=O)C=C4)CC3)CC2)=N1,P06239,LCK,CRBN,Q96SW2,7.49,90.0,1,1,False
TUUWHNYEHKKJLJ,CN1CCN([C@@H]2CCCN(C3=CN=C(C(N)=O)C(NC4=CC=C(C5CCN(C[C@H]6CC[C@H](NC7=CC=CC8=C7C(=O)N([C@@H]7CCC(=O)NC7=O)C8=O)CC6)CC5)C=C4)=N3)C2)C1=O,Q06187,BTK,CRBN,Q96SW2,4.3,89.0,2,1,False
TVCUEWZCGMZLHG,COC1=NC(OCC2=CC=CC(C3=CC=CC=C3)=C2C)=CC=C1CNCCNC(=O)CCCCCCCCNC(=O)COC1=CC=C(C2CCC(=O)NC2=O)C=C1,Q9NZQ7,PD-L1,CRBN,Q96SW2,609.0,85.0,1,0,False
TVMXJIGSIBLAGJ,CC(=O)N1CCC2=C(C1)C(N1CCCC3=CC(C4=CN(C)N=C4)=C(C(F)F)C=C31)=NN2C1CCN(C2CN(C3=CC=C4C(=O)N(C5CCC(=O)NC5=O)C(=O)C4=C3)C2)CC1,Q92793,CBP,CRBN,Q96SW2,1.2000000000000002,95.0,2,1,False
TWAGGTXQMAYEOO,CCC1=CC=CC2=CC(O)=CC(C3=NC=C4C(N5CC6CCC(C5)N6)=NC(OCCN5CCC(CN6CCN(C7=CC=CC8=C7CN(C7CCC(=O)NC7=O)C8=O)CC6)CC5)=NC4=C3F)=C12,P01116,KRAS,CRBN,Q96SW2,1000.0,25.0,1,0,False
TWINIHLSGOQBHE,COC1=CC2=NC(C)=NC(N[C@H](C)C3=CC(N)=CC(C(F)(F)F)=C3)=C2C=C1OCC1(CN(C)C(=O)CCCOC2CCC(NC3=CC=CC4=C3C(=O)N(C3CCC(=O)NC3=O)C4=O)CC2)CC1,Q07889,SOS1,CRBN,Q96SW2,35.0,90.0,1,1,False
TWOFAZAACVAICW,O=C1CCC(N2C(=O)C3=CC=C(N4CCN(CCCN5CC(OC6=CC=C([C@@H]7C8=CC=C(O)C=C8CC[C@@H]7C7=CC=CC=C7)C=C6)C5)CC4)C=C3C2=O)C(=O)N1,P03372,ERalpha,CRBN,Q96SW2,5.0,50.0,1,0,False
TWOJJPDVUSFLLS,C#CC1=C(F)C=CC2=CC(O)=CC(C3=NC=C4C(N5CC6CCC(C5)N6)=NC(OCCN5CCC(C)(CC6CCN(CC7CCN(C8=CC=C9C(=C8)N(C)C(=O)N9C8CCC(=O)NC8=O)CC7)CC6)CC5)=NC4=C3F)=C12,P01116,KRAS,CRBN,Q96SW2,100.0,70.0,1,0,False
TXNMTSWVZKOGFM,CC1(C)CCC2=C(C1)[NH]N=C2C(=O)NC1=CN([C@@H](CCN2CCN(CCC3CN(C4=CC=C5C(=O)N(C6CCC(=O)NC6=O)C(=O)C5=C4)C3)CC2)C2=CC=CC=C2)N=C1,Q08881,ITK,CRBN,Q96SW2,142.0,90.0,1,0,False
TZJCAGSJIMIXFS,C[C@H]1CN(C(=O)C2=CC=CC3=C2C(=O)N(C2CCC(=O)NC2=O)C3=O)CCN1C1=CC=C(NC2=CC(C3=CC=NC(N4CCN5C(=CC6=C5CC(C)(C)C6)C4=O)=C3CO)=CN(C)C2=O)N=C1,Q06187,BTK,CRBN,Q96SW2,3000.0,30.1,1,0,False
UAHMFJLWVDFQBK,CC1=C(C2=CC=C([C@H](C)NC(=O)[C@@H]3C[C@@H](O)CN3C(=O)[C@@H](NC(=O)CCCCCCCN3C=C(C4=CC(C5=CC=CC=C5O)=NN=C4N)C=N3)C(C)(C)C)C=C2)SC=N1,P51531,SMARCA2,VHL,P40337,13.0,92.5,2,1,False
UBVYEIBZPNMNKR,O=C1CCC(N2C(=O)C3=CC=C(N4CCN(CCOC5CCC(OC6=CC=C([C@@H]7C8=CC=C(O)C=C8CC[C@@H]7C7=CC=C(F)C=C7)C=C6)CC5)CC4)C=C3C2=O)C(=O)N1,P03372,ERalpha,CRBN,Q96SW2,5.0,50.0,1,0,False
UBZCBNADOGDNJL,CN(CCCOC1=CC=CC2=C1CN(C1CCC(=O)NC1=O)C2=O)C[C@H]1CC[C@H](N2C=C3C=C(NC(=O)C4=CC=CC(C(F)(F)F)=N4)C(C(C)(C)O)=CC3=N2)CC1,Q9NWZ3,IRAK4,CRBN,Q96SW2,5.0,80.0,1,1,False
UDDMKZNXAVTLDN,CN1CC[C@H]2CC[C@@H](C(=O)N[C@@H](CCC(N)=O)C(=O)N[C@H](C(=O)NCCCC#CC3=CC=CC4=C3CN(C3CCC(=O)NC3=O)C4=O)C3=CC=CC=C3)N2C(=O)[C@@H](NC(=O)C2=CC3=CC(C(F)(F)P(=O)(O)O)=CC=C3S2)C1,P40763,STAT3,CRBN,Q96SW2,5000.0,16.0,1,0,False
UDDNXWUXCJGKNU,CC(=O)N1CCC2=C(C1)C(N1CCCC3=CC(C4=CN(C)N=C4)=C(C(F)F)C=C31)=NN2[C@H]1CC[C@H](CN2CCN(C3=CC4=C(C=C3F)C(=O)N(C3CCC(=O)NC3=O)C4=O)CC2)CC1,Q92793,CBP,CRBN,Q96SW2,1.2,94.0,2,1,False
UEGYINBUVRLJOR,CCC1=C(F)C=CC2=CC(O)=CC(C3=NC=C4C(N5CC6CCC(C5)N6)=NC(OCCN5CCC(C)(CC6CCN(CC7CCN(C8=CC=C9C(=C8)N(C)C(=O)N9C8CCC(=O)NC8=O)CC7)CC6)CC5)=NC4=C3F)=C12,P01116,KRAS,CRBN,Q96SW2,100.0,70.0,1,0,False
UFYIMECIJKGAMU,C#CC1=C(F)C=CC2=CC(O)=CC(C3=NC=C4C(N5CC6CCC(C5)N6)=NC(OCCN5CCC(CN6CCN(CC7CCN(C8=CC=C9C(=O)N(C%10CCC(=O)NC%10=O)CC9=C8F)CC7)C(C)(C)C6)CC5)=NC4=C3F)=C12,P01116,KRAS,CRBN,Q96SW2,100.0,70.0,1,0,False
UGRBBCCLXHIOQB,N#CC1=CC=CC(C2=NN(CC3=CC=CC(C4=NC=C(OCC5CCN(CCCCC(=O)NC6=CC=CC7=C6C(=O)N(C6CCC(=O)NC6=O)C7=O)CC5)C=N4)=C3)C(=O)C=C2)=C1,P08581,c-Met,CRBN,Q96SW2,3.1,95.0,1,1,False
UHDFIAWELQMFHN,O=C1CCC(N2CC3=CC(N4CCN(CCCCCOC5=CC=C([C@@H]6C7=CC(F)=C(O)C=C7CC[C@@H]6C6=CC=CC=C6)C=C5)CC4)=CC=C3C2=O)C(=O)N1,P03372,ERalpha,CRBN,Q96SW2,5.0,50.0,1,0,False
UIDIHKOIENLISM,O=C1CC[C@H](N2CC3=C(C=CC4=C3OC[C@H]3CN(C(=O)CCCOC5=CC=C([C@@H]6C7=CC=C(O)C=C7CC[C@@H]6C6=CC=CC=C6)C=C5)CCN43)C2=O)C(=O)N1,P03372,ERalpha,CRBN,Q96SW2,0.1,56.0,1,0,False
UIERTIMQQRRSTO,CC1=NOC([C@H](C(=O)N2C[C@H](O)C[C@H]2C(=O)N[C@@H](C)C2=CC=C(C3=C(C)N=CS3)C=C2OCCOCCOCCOCCNC(=O)C[C@@H]2N=C(C3=CC=C(Cl)C=C3)C3=C(SC(C)=C3C)N3C(C)=NN=C23)C(C)C)=C1,O60885,BRD4,VHL,P40337,16.0,82.0,1,1,False
UIHTYCUVTLDXKB,C#CC1=C(F)C=CC2=CC(O)=CC(C3=NC=C4C(N5CC6CCC(C5)N6)=NC(OCCN5CCC6(CC5)CCN(CC5CCN(C7=CC(C)=C8C(=O)N(C9CCC(=O)NC9=O)CC8=C7F)CC5)CC6)=NC4=C3F)=C12,P01116,KRAS,CRBN,Q96SW2,100.0,70.0,1,0,False
UIURKLRUDKJYNZ,O=C1CC[C@H](N2CC3=C(C=CC4=C3OCC43CCN(C(=O)CCC4CCN(C5=CC=C([C@@H]6C7=CC=C(O)C=C7CC[C@@H]6C6=CC=CC=C6)C=C5)CC4)CC3)C2=O)C(=O)N1,P03372,ERalpha,CRBN,Q96SW2,0.1161,89.0,1,1,False
UJJUIGOBDCVXPK,C#CC1=C(F)C=CC2=CC(O)=CC(C3=NC=C4C(N5CC6CCC(C5)N6)=NC(OCCN5CCC(CC6CCN(CC7CCN(C8=CC=C9C(=C8F)N(C)C(=O)N9C8CCC(=O)NC8=O)CC7)CC6)CC5)=NC4=C3F)=C12,P01116,KRAS,CRBN,Q96SW2,100.0,70.0,1,0,False
UJUPYASGRVZCKP,O=C1CCC(N2C(=O)C3=CC=CC(OCCCCCCCN4C=C(CCCCCCCN5CCC(NC(=O)C6=C(NC(=O)C7=C(Cl)C=CC=C7Cl)C=N[NH]6)CC5)N=N4)=C3C2=O)C(=O)N1,P50750,CDK9,CRBN,Q96SW2,60.0,78.0,1,0,False
UJVKDCMDMYRGBD,CC1=NOC(C)=C1C1=CC=C2C(=C1)N=C([C@@H]1CCCC(=O)N1C1=CC=C(F)C(F)=C1)N2[C@H]1CC[C@H](OCC(=O)N2CCC(CCNC3=CC=C4C(=O)N(C5CCC(=O)NC5=O)C(=O)C4=C3)CC2)CC1,Q92793,CBP,CRBN,Q96SW2,33.05,71.0,2,0,False
UKGSYSRFJNUWOD,CC1=CC(C2=C[NH]C3=NC=C(C4=CC=C(C5CCN(C6CN(C(=O)C7CCN(C8=CC=C9C(=O)N(C%10CCC(=O)NC%10=O)C(=O)C9=C8)CC7)C6)CC5)C=C4)N=C23)=CC=C1C(=O)N(C)C,Q92918,MAP4K1,CRBN,Q96SW2,10000.0,30.1,1,0,False
UKRCYNJTZLLRJJ,CCC1=CC=CC2=CC(O)=CC(C3=NC=C4C(N5C[C@@H]6CC[C@H](C5)N6)=NC(OC[C@@H]5CCCN5C5CC6(CCN(CC(=O)N[C@H](C(=O)N7C[C@H](O)C[C@H]7C(=O)N[C@@H](C)C7=CC=C(C8=C(C)N=CS8)C=C7)C(C)(C)C)CC6)C5)=NC4=C3F)=C12,P01116,KRAS G12D,VHL,P40337,133.8,85.1,1,0,False
UKWUFBDMSBMUEO,CC1=CC(C2=C[NH]C3=NC=C(C4=CC=C(N5CCN(CC6CCN(C7=CC=C8C(=O)N(C9CCC(=O)NC9=O)C(=O)C8=C7)C6)CC5)C=C4)N=C23)=CC=C1C(=O)N(C)C,Q92918,MAP4K1,CRBN,Q96SW2,245.5,56.6,1,0,False
UKYOBTPNHRPOON,CC(=O)N(CCOCCOCCNC1=CC=CC2=C1C(=O)N(C1CCC(=O)NC1=O)C2=O)O[C@H]1C[C@@]2(C)C(CC[C@@H]2O)C2CCC3=CC(O)=CC=C3C21,P03372,ERalpha,CRBN,Q96SW2,67.0,90.0,1,1,False
UMTQIEZQMKUPMO,O=C1CCC(N2CC3=CC(N4CCN(CC5CCN(C6=CC=C([C@@H]7C8=CC=C(O)C=C8CC[C@@H]7C7=CC=CC=C7)C=C6)CC5)CC4)=NC=C3C2=O)C(=O)N1,P03372,ERalpha,CRBN,Q96SW2,5.0,75.0,1,0,False
UNANGLGEAYVLNY,NC1=NN=C(C2=CC=CC=C2O)C=C1N1CCN(CC2=CC=C(OCCOCCNC3=CC=C4C(=O)N(C5CCC(=O)NC5=O)C(=O)C4=C3)C(F)=C2)CC1,P51531,SMARCA2,CRBN,Q96SW2,78.94999999999999,77.25,2,0,False
UNWPIZFKSBHBSV,CN1CCN([C@@H]2CCCN(C3=CN=C(C(N)=O)C(NC4=CC=C(C5CCN(C[C@H]6CCN(C7=CC=C8C(=O)N([C@H]9CCC(=O)NC9=O)CC8=C7)C6)CC5)C=C4)=N3)C2)C1=O,Q06187,BTK,CRBN,Q96SW2,0.25,96.0,1,1,False
UOMVLLWXQVPAPT,O=C1CC[C@H](N2CC3=C(C=CC4=C3OC[C@H]3CN(CC5CCC6(CCN(C7=CC=C([C@@H]8C9=CC=C(O)C=C9CC[C@@H]8C8=CC=CC=C8)C=C7)CC6)C5)CCN43)C2=O)C(=O)N1,P03372,ERalpha,CRBN,Q96SW2,4.9,86.0,1,1,False
UPIBNOLFMMNBCB,O=C1CC[C@H](N2CC3=C(C=CC4=C3OC[C@H]3CN(C(=O)CN5CC6(CCN(C7=CC=C([C@@H]8C9=CC=C(O)C=C9CC[C@@H]8C8=CC=CC=C8)C=C7)CC6)C5)CCN43)C2=O)C(=O)N1,P03372,ERalpha,CRBN,Q96SW2,0.193,99.0,1,1,False
UPQRJEMPJLRIMJ,O=C1CCC(N2C(=O)C3=CC4=C(C=C3C2=O)CN(C(=O)CN2CCC3(CC2)CCN(C2=CC=C([C@@H]5C6=CC=C(O)C=C6CC[C@@H]5C5=CC=CC=C5)C=C2)CC3)C4)C(=O)N1,P03372,ERalpha,CRBN,Q96SW2,1000.0,16.0,1,0,False
UPYUCZKNJVKYQR,O=C1CC[C@H](N2CC3=C(C=CC4=C3OC[C@H]3CN(CCC5CC6(CCN(C7=CC=C([C@@H]8C9=CC=C(O)C=C9CC[C@@H]8C8=CC=CC=C8)C=C7)CC6)C5)CCN43)C2=O)C(=O)N1,P03372,ERalpha,CRBN,Q96SW2,1.1,92.0,1,1,False
UQTRNIWZKUJRCB,COC1=CC2=NC(C)=NC(N[C@H](C)C3=CC(N)=CC(C(F)(F)F)=C3)=C2C=C1OCC1(CN(C)C(=O)C2CCN(C3CCC(NC4=CC=CC5=C4C(=O)N(C4CCC(=O)NC4=O)C5=O)CC3)CC2)CC1,Q07889,SOS1,CRBN,Q96SW2,55.0,75.0,1,0,False
URLXCHBJTUCNAT,CC1=C(C2=CC=C([C@H](C)NC(=O)[C@@H]3C[C@@H](O)CN3C(=O)[C@@H](NC(=O)[C@H]3CC[C@H](CN4CCC(C5=CC=C6C(=C5)N5C(=NC(=O)C7=C(Cl)C=CC=C75)C6(C)C)CC4)CC3)C(C)(C)C)C=C2)SC=N1,P51531,SMARCA2,VHL,P40337,505.0,58.5,2,0,False
URXAZELVUQQBKF,COC1=CC(NC2=NC(N3CCN(CCOCCNC4=CC=CC5=C4C(=O)N(C4CCC(=O)N(C)C4=O)C5=O)CC3)=NC=C2F)=CC=C1NC(=O)C1=CC=C(C2=CCCC2)S1,P41182,BCL6,CRBN,Q96SW2,10000.0,29.4,1,0,False
USNPVGJUXHCJDF,N#CC1=CC=CC(C2=NN(CC3=CC=CC(C4=NC=C(OCC5CCN(CC(=O)N6CCN(CCNC7=CC=C8C(=O)N(C9CCC(=O)NC9=O)C(=O)C8=C7)CC6)CC5)C=N4)=C3)C(=O)C=C2)=C1,P08581,c-Met,CRBN,Q96SW2,0.83,99.0,1,1,False
USTJNUZXLICUHG,N#CC1=CC=C(N2CCC(C3=CC=C(OCCCCCN4CCN(C5=CC=C6C(=O)N(C7CCC(=O)NC7=O)CC6=C5)CC4)C=C3)CC2)C=C1C(F)(F)F,P10275,AR,CRBN,Q96SW2,15.0,94.0,1,1,False
UTVJRQFHWBOCCR,CC1=C(C2=CC=C([C@H](C)NC(=O)[C@@H]3C[C@@H](O)CN3C(=O)[C@@H](NC(=O)C3=CC=NC(N4CCN(C5=CC(C6=CC=CC=C6O)=NN=C5N)CC4)=C3)C(C)(C)C)C=C2)SC=N1,P51531,SMARCA2,VHL,P40337,28.0,98.0,1,1,False
UTZVLJZPTDCKCT,CC1=C(C2=CC=C(CNC(=O)[C@@H]3C[C@@H](O)CN3C(=O)[C@@H](NC(=O)C3(F)CC3)C(C)(C)C)C(OCCC3=CC=C(CN4CCN(C5=CC(C6=CC=CC=C6O)=NN=C5N)CC4)C=C3)=C2)SC=N1,P51531,SMARCA2,VHL,P40337,221.0,53.0,1,0,False
UUGAXXIBAJSGLG,O=C1CC[C@H](N2CC3=C(C=CC4=C3OC[C@H]3CN(C(=O)CN5CCC6(CCN(C7=CC=C([C@@H]8C9=CC=C(O)C=C9CC[C@@H]8C8=CC=CC=C8)C=C7)CC6)C5)CCN43)C2=O)C(=O)N1,P03372,ERalpha,CRBN,Q96SW2,0.07,100.0,1,1,False
UUUQRHRNYAGRFZ,CC1=C(C2=CC=C([C@H](C)NC(=O)[C@@H]3C[C@@H](O)CN3C(=O)[C@@H](NC(=O)CCN3CCC(CCCN4C=C(C5=CC(C6=CC=CC=C6O)=NN=C5N)C=N4)CC3)C(C)(C)C)C=C2)SC=N1,P51531,SMARCA2,VHL,P40337,1000.0,6.0,2,0,False
UVAFNIDORKJQQG,CC1=C(C2=CC=C([C@H](C)NC(=O)[C@@H]3C[C@@H](O)CN3C(=O)[C@@H](NC(=O)[C@H]3CC[C@H](CN4CCC5(CCC(N6C=C(C7=CC(C8=CC=CC=C8O)=NN=C7N)C=N6)CC5)CC4)CC3)C(C)(C)C)C=C2)SC=N1,P51531,SMARCA2,VHL,P40337,112.0,78.0,2,0,False
UVLQOVGDDSJYRQ,CC1=NC(NC2=NC=C(C(=O)NC3=C(C)C=CC=C3Cl)S2)=CC(N2CCN(CCCC(=O)N3CCN(C4=CC=C(C5CCC(=O)NC5=O)C=C4)CC3)CC2)=N1,P06239,LCK,CRBN,Q96SW2,7.29,93.0,1,1,False
UWJLAZKYKPQXDR,O=C1CCC(N2CC3=CC(N4C[C@@H]5CN(CCCCOC6=CC=C([C@@H]7C8=CC=C(O)C=C8CC[C@@H]7C7=CC=CC=C7)C=C6)C[C@@H]5C4)=CC=C3C2=O)C(=O)N1,P03372,ERalpha,CRBN,Q96SW2,5.0,50.0,1,0,False
UXDSSWFXNSDICT,CCS(=O)(=O)N1C=C(C2=NC(NC3=CC=C(N4CCN(CCOCCOCC(=O)NC5=CC=CC6=C5CN(C5CCC(=O)NC5=O)C6=O)CC4)C=C3)=NC=C2C(F)(F)F)C2=CC=CC=C21,P00533,EGFR L858R/T790M/C797S,CRBN,Q96SW2,25.3,95.0,1,1,False
UXVDWFPWZZBVNL,CCN(CC)C/C=C/C(=O)NC1=CC2=C(NC3=CC=C(F)C(Cl)=C3)N=CN=C2C=C1OCC1=CN(CCCCCCCCCCC(=O)N[C@H](C(=O)N2C[C@H](O)C[C@H]2C(=O)NCC2=CC=C(C3=C(C)N=CS3)C=C2)C(C)(C)C)N=N1,P00533,EGFR 19del,VHL,P40337,204.34,96.0,2,0,False
UYQSFCRTUJKQHR,C#CC1=C(F)C=CC2=CC(O)=CC(C3=NC=C4C(N5CC6CCC(C5)N6)=NC(OCCN5CCC(CC6CCN(CC7CCN(C8=CC(F)=C9C(=C8F)N(C)C(=O)N9C8CCC(=O)NC8=O)CC7)CC6)CC5)=NC4=C3F)=C12,P01116,KRAS,CRBN,Q96SW2,100.0,70.0,1,0,False
UYRXXCNFMFNUCD,CCC1=C(F)C=CC2=CC(O)=CC(C3=NC=C4C(N5CC6CCC(C5)N6)=NC(OCCN5CCC(CC6CCN(CC7CCN(C8=CC=C9C(=O)N(C%10CCC(=O)NC%10=O)CC9=C8)CC7)CC6)CC5)=NC4=C3F)=C12,P01116,KRAS,CRBN,Q96SW2,100.0,70.0,1,0,False
UZRZWUYKTDBEPJ,O=C1CCC(N2CC3=CC(OCC4CCN(CC5CCN(C6=CC=C([C@@H]7C8=CC=C(O)C=C8CC[C@@H]7C7=CC=CC=C7)C=C6)CC5)CC4)=CC=C3C2=O)C(=O)N1,P03372,ERalpha,CRBN,Q96SW2,5.0,50.0,1,0,False
VAAGRGATPAEEPQ,O=C1CCC(N2C(=O)C3=CC=C(N4C[C@H]5C[C@@H]4CN5CCCCCCC4=CC=C([C@@H]5C6=CC=C(O)C=C6CC[C@@H]5C5=CC=CC=C5)C=C4)C=C3C2=O)C(=O)N1,P03372,ERalpha,CRBN,Q96SW2,5.0,50.0,1,0,False
VAIDIUXXWDFKON,C#CC1=C(F)C=CC2=CC(O)=CC(C3=NC=C4C(N5CC6CCC(C5)N6)=NC(OCCN5CCC(CN6CCC7(CC6)CCN(C6=CC=C8C(=O)N(C9CCC(=O)NC9=O)CC8=C6)CC7)CC5)=NC4=C3F)=C12,P01116,KRAS,CRBN,Q96SW2,100.0,70.0,1,0,False
VBMKCGVNGRQNJV,CN(CCCCCCCCC(=O)NC1=CC=C2C(=O)N(C3CCC(=O)NC3=O)C(=O)C2=C1)CC[C@@H](C1=CC=CC=C1)N1C=C(NC(=O)C2=N[NH]C3=C2CCC(C)(C)C3)C=N1,Q08881,ITK,CRBN,Q96SW2,5.5,93.0,1,1,False
VCOSWEBKUXOFPA,CC1=C(C2=CC=C(CNC(=O)[C@@H]3C[C@@H](O)CN3C(=O)[C@@H](NC(=O)C3(F)CC3)C(C)(C)C)C(OCCCCCCC(=O)N3CCC4(CC3)CCN(C3=CN=CC(NC5=NC=C(Cl)C(C6=CC=CC(C7=CC=CC=C7)=C6)=N5)=C3)C4=O)=C2)SC=N1,Q8TBX8,PIP4K2C,VHL,P40337,107.0,70.0,1,0,False
VCTKTOYXUCNDHN,C#CC1=C(F)C=CC2=CC(O)=CC(C3=NC=C4C(N5CC6CCC(C5)N6)=NC(OCC5(CN6CCN(CC7CCN(C8=CC=C9C(=O)N(C%10CCC(=O)NC%10=O)CC9=C8Cl)CC7)CC6)CC5)=NC4=C3F)=C12,P01116,KRAS,CRBN,Q96SW2,100.0,70.0,1,0,False
VCUCDKXHGHFYTG,CC1=C(C2=CC=C(CNC(=O)[C@@H]3C[C@@H](O)CN3C(=O)[C@@H](NC(=O)CCCCCCCCSSCCCCCCCCC(=O)N[C@H](C(=O)N3C[C@H](O)C[C@H]3C(=O)NCC3=CC=C(C4=C(C)N=CS4)C=C3)C(C)(C)C)C(C)(C)C)C=C2)SC=N1,P40337,VHL30,VHL,P40337,31.5,80.0,2,1,False
VDWZBRQJPDYIPL,C#CC1=C(F)C=CC2=CC(O)=CC(C3=NC=C4C(N5CC6CCC(C5)N6)=NC(OCCN5CCC(CC6CCN(CC7CCN(C8=CC=C9C(=O)N(C%10CCC(=O)NC%10=O)CC9=C8Cl)CC7)CC6)CC5)=NC4=C3F)=C12,P01116,KRAS,CRBN,Q96SW2,100.0,70.0,1,0,False
VEXHAYJVIHUVPL,CC(=O)N1CCC2=C(C1)C(N1CCCC3=CC(C4=CN(C)N=C4)=C(C(F)F)C=C31)=NN2C1CCN(C(=O)N2CC3=CC4=C(C=C3C2)C(=O)N(C2CCC(=O)NC2=O)C4=O)CC1,Q92793,CBP,CRBN,Q96SW2,1000.0,32.0,2,0,False
VEXHWRJKHDYBDL,C#CC1=C(F)C=CC2=CC(O)=CC(C3=NC=C4C(N5CC6CCC(C5)N6)=NC(OCCN5CCC(CC6CCN(CC7CCN(C8=CC=CC9=C8CN(C8CCC(=O)NC8=O)C9=O)CC7)CC6)CC5)=NC4=C3F)=C12,P01116,KRAS,CRBN,Q96SW2,100.0,70.0,1,0,False
VFCKFYFVFDCREF,CC1=C(C2=CC=C([C@H](C)NC(=O)[C@@H]3C[C@@H](O)CN3C(=O)[C@@H](NC(=O)CCCCCCCCCCCN3C=C(C4=CC(C5=CC=CC=C5O)=NN=C4N)C=N3)C(C)(C)C)C=C2)SC=N1,P51531,SMARCA2,VHL,P40337,8.0,95.5,2,1,False
VFVIXZOYLFQEFB,CCN1CCC(N2C=C(C3=C[NH]C4=NC=C(C5=CC=C(N6CCC(CC7CCN(C(=O)C8=CC=C(C)C(N9CCC(=O)NC9=O)=C8)CC7)CC6)C=C5)N=C34)C=N2)CC1,Q92918,MAP4K1,CRBN,Q96SW2,616.2,53.0,1,0,False
VHAQFGGOEALDLG,CC1=C(C)C2=C(S1)N1C(C)=NN=C1[C@H](CC(=O)NCCCCCCCCC(=O)N[C@@H](CCCCN)C(=O)N[C@H]1CCC(=O)NC1=O)N=C2C1=CC=C(Cl)C=C1,O60885,BRD4,CRBN,Q96SW2,180.0,97.0,1,0,False
VHZFOSLAXPXGEN,COC1=CC(C2=CN(C)C(=O)C3=CN(C)N=C23)=CC(OC)=C1C(=O)N1CCC2(CCC(CN3CC4=CC5=C(C=C4C3)C(=O)N(C3CCC(=O)NC3=O)C5=O)CC2)CC1,Q9H8M2,BRD9,CRBN,Q96SW2,168.0,99.0,1,0,False
VITPUOAMPGBJPT,CC1=CC(C2=C[NH]C3=NC=C(C4=CC=C(N5CCN(C6=CC=C7C(=O)N(C8CCC(=O)NC8=O)C(=O)C7=C6)CC5)C=C4)N=C23)=CC=C1C(=O)N(C)C,Q92918,MAP4K1,CRBN,Q96SW2,10000.0,22.3,1,0,False
VJBTZFUBOYQFGT,NC1=NC=NC2=C1C(C1=CC=C(OC3=CC=CC=C3)C=C1)=NN2C1CCN(C2CCN(CC#CC3=CC=C4C(=O)N(C5CCC(=O)NC5=O)CC4=C3)CC2)CC1,Q06187,BTK,CRBN,Q96SW2,5.84,96.0,1,1,False
VJDHUJCABJDGPS,CC(=O)N1CC[C@H]2CC[C@@H](C(=O)N[C@@H](CCC(N)=O)C(=O)N[C@@H](CC3=CC=C(F)C(F)=C3)C(=O)N3CCC(CCC#CC4=CC=CC5=C4CN(C4CCC(=O)NC4=O)C5=O)CC3)N2C(=O)[C@@H](NC(=O)C2=CC3=CC(C(F)(F)P(=O)(O)O)=CC=C3S2)C1,P40763,STAT3,CRBN,Q96SW2,1050.0,76.0,2,0,False
VJLJYODMWIENNK,N#CC1=CC=C(N2CCC(C(=O)NC3=CC=C(N4CCC(CN5CCN(CC6CCN(C7=CC=C8C(=O)N(C9CCC(=O)NC9=O)C(=O)C8=C7)CC6)CC5)CC4)C=N3)CC2)C=C1C(F)(F)F,P10275,AR,CRBN,Q96SW2,3.15,81.0,1,1,False
VJOZHCXLOSNDQR,C#CC1=C(F)C=CC2=CC(O)=CC(C3=NC=C4C(N5CC6CCC(C5)N6)=NC(OCC5(CN6CCC(CN7CCN(C8=CC=C9C(=O)N(C%10CCC(=O)NC%10=O)CC9=C8Cl)CC7)CC6)CC5)=NC4=C3F)=C12,P01116,KRAS,CRBN,Q96SW2,100.0,70.0,1,0,False
VJSRTKOZKJSNOV,CC1=C(C2=CC=C([C@H](C)NC(=O)[C@@H]3C[C@@H](O)CN3C(=O)[C@@H](NC(=O)C3=CC=CC(N4CCN(C5=CC(C6=CC=CC=C6O)=NN=C5N)CC4)=C3)C(C)(C)C)C=C2)SC=N1,P51531,SMARCA2,VHL,P40337,99.0,96.0,1,1,False
VJTKDRZMEZVMQR,CC(C)N1CC[C@H]2CC[C@@H](C(=O)N[C@@H](CCC(N)=O)C(=O)N[C@@H](CC3=CC=C(F)C(F)=C3)C(=O)N3CCC(CCC#CC4=CC=CC5=C4CN(C4CCC(=O)NC4=O)C5=O)CC3)N2C(=O)[C@@H](NC(=O)C2=CC3=CC(C(F)(F)P(=O)(O)O)=CC=C3S2)C1,P40763,STAT3,CRBN,Q96SW2,500.0,83.0,1,0,False
VKFATBOBTAEKQC,COC1=CC(C2=CN(C)C(=O)C3=CN=C(C4CC4)C=C23)=CC(OC)=C1C(=O)N1CCC2(CCC(CN3CC4=CC5=C(C=C4C3)C(=O)N(C3CCC(=O)NC3=O)C5=O)CC2)CC1,Q9H8M2,BRD9,CRBN,Q96SW2,117.0,99.0,1,0,False
VKZQGYKMSJMEIB,O=C1CCC(N2CC3=CC(N4CCN(CC[C@H]5C[C@@H](OC6=CC=C([C@@H]7C8=CC=C(O)C=C8CC[C@@H]7C7=CC=CC=C7)C=C6)C5)CC4)=CC=C3C2=O)C(=O)N1,P03372,ERalpha,CRBN,Q96SW2,5.0,75.0,2,0,False
VLJYPDPFDHUAPD,C[C@@H]1CC2=C([NH]C3=CC=CC=C23)[C@@H](C2=C(F)C=C(N3CCC4(CCN(C(=O)CN5CC6=CC7=C(C=C6C5)C(=O)N(C5CCC(=O)NC5=O)C7=O)CC4)CC3)C=C2F)N1CC(C)(C)F,P03372,ERalpha,CRBN,Q96SW2,0.8,83.0,1,1,False
VLNFMLOAARXOIU,COC1=CC(C2=CN(C)C(=O)C3=CN=CC=C23)=CC(OC)=C1C(=O)N1CCC(CN2CC3=CC4=C(C=C3C2)C(=O)N(C2CCC(=O)NC2=O)C4)CC1,Q9H8M2,BRD9,CRBN,Q96SW2,4.4,99.0,1,1,False
VMSBUFTUDPOUJE,CN(CCCOCCCC1=CC=CC2=C1N(C)C(=O)N2C1CCC(=O)NC1=O)C[C@H]1CC[C@H](N2C=C(NC(=O)C3=C4N=C(N5C[C@H](N)CC(F)(F)C5)C=CN4N=C3)C(C(F)F)=N2)CC1,Q9NWZ3,IRAK4,CRBN,Q96SW2,7.0,95.0,1,1,False
VOBNMPSGPBDLFJ,O=C1CCC(N2CC3=CC(N4CCN(C5CCN(CCCC6=CC=C([C@@H]7C8=CC=C(O)C=C8CC[C@@H]7C7=CC=CC=C7)C=C6)CC5)CC4)=CC=C3C2=O)C(=O)N1,P03372,ERalpha,CRBN,Q96SW2,5.0,50.0,1,0,False
VOHRGIXPJZQORO,N#CC1=CC=C(N2CCC3(CCN(C4=CC=C(C(=O)N5CCC(CN6CCC7=CC8=C(C=C7CC6)C(=O)N(C6CCC(=O)NC6=O)C8=O)CC5)C=C4)CC3)C2)C=C1Cl,P10275,AR,CRBN,Q96SW2,51.0,51.0,1,0,False
VPCHZAQARNLMRU,CC1=NOC([C@H](C(=O)N2C[C@H](O)C[C@H]2C(=O)N[C@@H](CC(=O)NCCOCCOCCOCCNC(=O)C[C@@H]2N=C(C3=CC=C(Cl)C=C3)C3=C(SC(C)=C3C)N3C(C)=NN=C23)C2=CC=C(Cl)C=C2)C(C)C)=C1,O60885,BRD4,VHL,P40337,1100.0,100.0,1,0,False
VQDMELMTAYEQQK,NC(=O)C1=CC=CC2=CN(C3=CC=C([C@@H]4CCCN(C(=O)CC5CCN(CCC6CCN(CC7CN(C8=CC=C9C(=O)N(C%10CCC(=O)NC%10=O)C(=O)C9=C8)C7)CC6)CC5)C4)C=C3)N=C12,P09874,PARP1,CRBN,Q96SW2,500.0,83.57,1,0,False
VQVZAQCNYUSBIJ,CC(=O)N1CCC2=C(C1)C(C1=CC=CC3=CC(C4=CC=C(C(=O)NCCCCNC5=CC=CC6=C5C(=O)N(C5CCC(=O)NC5=O)C6=O)N=C4)=NC=C13)=NN2C1CCOCC1,Q92793,CBP,CRBN,Q96SW2,1.05,73.5,2,0,False
VRDKRKMMGPZFND,CC1=CC=C(NC(=O)CN2C=C(C3=CC=C4C(NC(=O)C5=CC=C(NC(=O)CCCCCCCCCCC(=O)N[C@H](C(=O)N6C[C@H](O)C[C@H]6C(=O)NCC6=CC=C(C7=C(C)N=CS7)C=C6)C(C)(C)C)C=C5)=N[NH]C4=C3)C=N2)C=C1C(F)(F)F,P35968,VEGFR-2,VHL,P40337,890.0,42.9,1,0,False
VRIFSIGVKYUINW,CCC1=CC=CC2=CC(O)=CC(C3=NC=C4C(N5CC6CCC(C5)N6)=NC(OCCN5CCC(CCCN6CCN(C7=CC=C8C(=O)N(C9CCC(=O)NC9=O)C(=O)C8=C7)CC6)CC5)=NC4=C3F)=C12,P01116,KRAS,CRBN,Q96SW2,1000.0,25.0,1,0,False
VRMPXKBZOXAAOA,CCC1=CC=CC2=CC(O)=CC(C3=NC=C4C(N5CC6CCC(C5)N6)=NC(OCCN5CCC(CCC6CCN(C7=CC=C8C(=O)N(C9CCC(=O)NC9=O)C(=O)C8=C7)CC6)CC5)=NC4=C3F)=C12,P01116,KRAS,CRBN,Q96SW2,1000.0,25.0,1,0,False
VSVKGKAVEFCRLD,O=C1CCC(N2C(=O)C3=CC4=C(C=C3C2=O)CN(CCCC2CCN(C3=CC=C([C@@H]5C6=CC=C(O)C=C6CC[C@@H]5C5=CC=CC=C5)C=C3)CC2)C4)C(=O)N1,P03372,ERalpha,CRBN,Q96SW2,171.0,79.0,1,0,False
VTOSAOJQRFRJRP,O=C1CCC(N2C(=O)C3=CC4=C(C=C3C2=O)CN(CC(=O)N2CC3(CCN(C5=CC=C([C@@H]6C7=CC=C(O)C=C7CC[C@@H]6C6=CC=CC=C6)C=C5)CC3)C2)C4)C(=O)N1,P03372,ERalpha,CRBN,Q96SW2,2.8,71.0,1,0,False
VTQDDHGFBOZGOU,CN1C=C(C2=CC=NC(N3N=CC4=CC(C(C)(C)C)=CC(F)=C4C3=O)=C2CO)C=C(NC2=NN3CCN(C(=O)CCOCCCC4=CC=CC5=C4CN([C@H]4CCC(=O)NC4=O)C5=O)CC3=C2)C1=O,Q06187,BTK,CRBN,Q96SW2,50.0,79.0,1,0,False
VUGUNNWXJMBUFV,C#CC1=C(F)C=CC2=CC(O)=CC(C3=NC=C4C(N5CC6CCC(C5)N6)=NC(OCCN5CCC(CC6CCN(CC7CCN(C8=CC=C9C(=O)N(C%10CCC(=O)NC%10=O)CC9=C8F)CC7)CC6)CC5)=NC4=C3F)=C12,P01116,KRAS,CRBN,Q96SW2,100.0,70.0,4,0,False
VUUHHNWFNGGVNN,O=C1CCC(N2C(=O)C3=CC=CC(OCCCCCCCN4C=C(CCCCCN5CCC(NC(=O)C6=C(NC(=O)C7=C(Cl)C=CC=C7Cl)C=N[NH]6)CC5)N=N4)=C3C2=O)C(=O)N1,P50750,CDK9,CRBN,Q96SW2,100.0,70.1,1,0,False
VUUVFBLMCDLJPY,C#CC1=C(F)C=CC2=CC(O)=CC(C3=CC=C4C(N5CC6CCC(C5)N6)=NC(OC[C@@H]5CC[C@@H](COC(=O)N6CCN(C7=CC=C8C(=O)N(C9CCC(=O)NC9=O)CC8=C7)CC6)N5C)=NC4=C3F)=C12,P01116,KRAS,CRBN,Q96SW2,100.0,25.0,1,0,False
VWELFQOMWDAJDG,O=C1CCC(N2C(=O)C3=CC=C(N4CCC(CCN5CCC(CC(=O)N[C@H]6CC[C@@H](NC7=NC=NC8=C7C(C(=O)C7=CC=C(OC9=CC=CC=C9)C=C7Cl)=C[NH]8)CC6)CC5)CC4)C=C3C2=O)C(=O)N1,Q06187,BTK,CRBN,Q96SW2,8.8,94.1,1,1,False
VXKRNJLOBYGLJC,O=C1CCC(N2C(=O)C3=CC=CC(NCC4=CN(CCCCCOC5=CC=C(CN6C=CC7=CC=C(C(=O)NO)C=C76)C=C5)N=N4)=C3C2=O)C(=O)N1,Q9BY41,HDAC8,CRBN,Q96SW2,620.0,90.16,1,0,False
VXLNSYNTGQHOOZ,CC1=C(C2=CC=C([C@H](C)NC(=O)[C@@H]3C[C@@H](O)CN3C(=O)[C@@H](C3=CC(N4CCC(CN5CCC(C6=CC=CC7=C6C(C)(C)C6=NC(=O)C8=C(Cl)C=CC=C8N76)CC5)CC4)=NO3)C(C)C)C=C2)SC=N1,P51531,SMARCA2,VHL,P40337,19.7,89.0,2,1,False
VYMPLVUGLSBJJX,CC(C)S(=O)(=O)C1=CC=CC=C1NC1=NC(NC2=CC=C(N3CCN(C(=O)COCCOCC(=O)NC4=CC=CC5=C4C(=O)N(C4CCC(=O)NC4=O)C5=O)CC3)C=C2)=NC2=C1N=C[NH]2,O14965,AURKA,CRBN,Q96SW2,1260.0,62.1,1,0,False
VYOVFSMWNUHZTO,C#CC1=C(F)C=CC2=CC(O)=CC(C3=NC=C4C(N5CC6CCC(C5)N6)=NC(OCCN5CCC(CN6CCN(CC7CCN(C8=CC=C9C(=O)N(C%10CCC(=O)NC%10=O)CC9=C8Cl)CC7)CC6)CC5)=NC4=C3F)=C12,P01116,KRAS,CRBN,Q96SW2,100.0,70.0,1,0,False
VYWPIENJSRHBGS,NC(=O)C1=CC=CC2=CN(C3=CC=C([C@@H]4CCCN(C(=O)CCCCCCNC5=CC=C6C(=O)N(C7CCC(=O)NC7=O)C(=O)C6=C5)C4)C=C3)N=C12,P09874,PARP1,CRBN,Q96SW2,20000.0,37.28,1,0,False
VYYGKORDPITVLF,O=C1CCC(N2CC3=CC(N4CCN5CCN(CCCCOC6=CC=C([C@@H]7C8=CC=C(O)C=C8CC[C@@H]7C7=CC=CC=C7)C=C6)CC5C4)=CC=C3C2=O)C(=O)N1,P03372,ERalpha,CRBN,Q96SW2,5.0,50.0,1,0,False
VZFLGBAUHUFQIW,COC1=CC(C2=CN(C)C(=O)C3=CN=CC=C23)=CC(OC)=C1C(=O)N1CCC2(CC1)CC(CN1CC3=CC4=C(C=C3C1)C(=O)N(C1CCC(=O)NC1=O)C4=O)C2,Q9H8M2,BRD9,CRBN,Q96SW2,62.0,99.0,1,1,False
VZVNRZMYYBZOEH,CC1=NOC(C)=C1C1=CC=C2C(=C1)N=C([C@@H]1CCCC(=O)N1C1=CC=C(F)C(F)=C1)N2[C@H]1CC[C@H](OCC(=O)NC2CN(C3=CC=C4C(=O)N(C5CCC(=O)NC5=O)C(=O)C4=C3)C2)CC1,Q92793,CBP,CRBN,Q96SW2,81.75,54.5,2,0,False
WAIHYAJCHLPMKK,C[C@@H]1CC2=C(C=CC3=C2C=N[NH]3)[C@@H](C2=CC=C(N3CCC4(CCN(C(=O)CN5CC6=CC7=C(C=C6C5)C(=O)N(C5CCC(=O)NC5=O)C7=O)CC4)CC3)C=N2)N1CC(F)(F)F,P03372,ERalpha,CRBN,Q96SW2,3.8,107.0,1,1,False
WBCDANJGKYYWKX,O=C1CCC(N2C(=O)C3=CC4=C(C=C3C2=O)CN(CC(=O)N2CCC3(C2)CN(C2=CC=C([C@@H]5C6=CC=C(O)C=C6CC[C@@H]5C5=CC=CC=C5)C=C2)C3)C4)C(=O)N1,P03372,ERalpha,CRBN,Q96SW2,1000.0,23.0,1,0,False
WBFUHQGQDBHUHR,O=C1CCC(N2CC3=CC(N4CCN(C[C@H]5CC[C@H](COC6=CC=C([C@@H]7C8=CC=C(O)C=C8CC[C@@H]7C7=CC=CC=C7)C=C6)O5)CC4)=CC=C3C2=O)C(=O)N1,P03372,ERalpha,CRBN,Q96SW2,5.0,62.5,4,0,False
WBIMQWZSRFMWEW,C#CC1=C(F)C=CC2=CC(O)=CC(C3=NC=C4C(N5CC6CCC(C5)N6)=NC(OCCN5CCC(CN6CC7(CCN(C8=CC=C9C(=O)N(C%10CCC(=O)NC%10=O)CC9=C8)CC7)C6)CC5)=NC4=C3F)=C12,P01116,KRAS,CRBN,Q96SW2,100.0,70.0,1,0,False
WBIVQSOBWUMMPM,C#CC1=C(F)C=CC2=CC(O)=CC(C3=NC=C4C(N5CC6CCC(C5)N6)=NC(OCCN5CCC(CC6(F)CCN(CC7CCN(C8=CC=C9C(=O)N(C%10CCC(=O)NC%10=O)CC9=C8)CC7)CC6)CC5)=NC4=C3F)=C12,P01116,KRAS,CRBN,Q96SW2,1000.0,25.0,1,0,False
WBMJNGGUHCHFHY,C[C@H]1CC2(CCN(C3=CC=C(C(=O)N4CCN(C5CN(C6=CC=C7C(=O)N(C8CCC(=O)NC8=O)C(=O)C7=C6)C5)CC4)C=C3)CC2)CN1C1=CC=C(C#N)C(Cl)=C1,P10275,AR,CRBN,Q96SW2,0.6,97.0,1,1,False
WBRLVFUNFSROOW,CCS(=O)(=O)N1C=C(C2=NC(NC3=CC=C(N4CCN(CCCC(=O)NC5=CC=CC6=C5CN(C5CCC(=O)NC5=O)C6=O)CC4)C=C3)=NC=C2C(F)(F)F)C2=CC=CC=C21,P00533,EGFR L858R/T790M/C797S,CRBN,Q96SW2,49.7,95.0,1,1,False
WBWCGTJXNCHFJI,NC1=NN=C(C2=CC=CC=C2O)C=C1N1CCN(CC2=CC=C(N3CCN(CCOC4=CC=CC5=C4C(=O)N(C4CCC(=O)NC4=O)C5=O)CC3)C(F)=C2)CC1,P51531,SMARCA2,CRBN,Q96SW2,13.25,98.935,2,1,False
WBYWTMBEFZPCDI,CC(=O)N1CCC2=C(C1)C(C1=CC=CC3=CC(C4=CC=C(C(=O)NCCCCCC5=CC=CC6=C5CN(C5CCC(=O)NC5=O)C6=O)N=C4)=NC=C13)=NN2C1CCOCC1,Q92793,CBP,CRBN,Q96SW2,0.15000000000000002,99.0,2,1,False
WDAIGOZXKMXZKM,CC1C2=CC(N3CCN(CC4CCN(C5=CC=C([C@@H]6C7=CC=C(O)C=C7CC[C@@H]6C6=CC=CC=C6)C=C5)CC4)CC3)=CC=C2C(=O)N1C1CCC(=O)NC1=O,P03372,ERalpha,CRBN,Q96SW2,5.0,50.0,1,0,False
WDLZHYCTSMXJHB,C#CC1=C(F)C=CC2=CC(O)=CC(C3=NC=C4C(N5CC6CCC(C5)N6)=NC(OCCN5CCC(C)(CN6CCN(CC7CCN(C8=CC=C9C(=C8)N(C)C(=O)N9C8CCC(=O)NC8=O)CC7)CC6)CC5)=NC4=C3F)=C12,P01116,KRAS,CRBN,Q96SW2,100.0,70.0,1,0,False
WECSQMYJFLXZBV,O=C1CCC(N2CC3=CC(F)=C(N4CCN(CCCCCOC5=CC=C([C@@H]6C7=CC=C(O)C=C7CC[C@@H]6C6=CC=CC=C6)C=C5)CC4)C=C3C2=O)C(=O)N1,P03372,ERalpha,CRBN,Q96SW2,5.0,50.0,1,0,False
WETJEURCIBDILQ,O=C1CCC(N2C(=O)C3=CC=C(N4CCC(CN5CCC(NC(=O)C6=N[NH]C=C6NC(=O)C6=C(Cl)C=CC=C6Cl)CC5)C4)C=C3C2=O)C(=O)N1,P24941,CDK2,CRBN,Q96SW2,4.71,67.28,1,0,False
WEVHKLUDFWCWDR,O=C1CCC(N2CC3=CC(N4CCN(CC5CC6CC(OC7=CC=C([C@@H]8C9=CC=C(O)C=C9CC[C@@H]8C8=CC=C(F)C=C8)C=C7)CC6C5)CC4)=CC=C3C2=O)C(=O)N1,P03372,ERalpha,CRBN,Q96SW2,5.0,50.0,1,0,False
WFDYOAWNEOGIPM,CN1CCN([C@@H]2CCCN(C3=CN=C(C(N)=O)C(NC4=CC=C(C5CCN(C[C@@H]6CCN(C7=CC=C8C(=O)N([C@@H]9CCC(=O)NC9=O)C(=O)C8=C7)C6)CC5)C=C4)=N3)C2)C1=O,Q06187,BTK,CRBN,Q96SW2,0.85,94.5,2,1,False
WGGPAPYRIGTXOE,CC1=CC(C2=C[NH]C3=NC=C(C4=CC=C(C5CCN(C6CCN(C7=CC=C8C(=O)N(C9CCC(=O)NC9=O)C(=O)C8=C7)C6)CC5)C=C4)N=C23)=CC=C1C(=O)N(C)C,Q92918,MAP4K1,CRBN,Q96SW2,94.0,76.6,1,0,False
WGJGFPKWFPZEQC,CC1=CC(C2=C[NH]C3=NC=C(C4=CC=C(C5CCN(C6CN(C(=O)CNC7=CC=CC8=C7C(=O)N(C7CCC(=O)NC7=O)C8=O)C6)CC5)C=C4)N=C23)=CC=C1C(=O)N(C)C,Q92918,MAP4K1,CRBN,Q96SW2,10000.0,22.7,1,0,False
WGMFZIISHOKQMF,CN1CC[C@H]2CC[C@@H](C(=O)N[C@@H](CCC(N)=O)C(=O)N[C@H](C(=O)NCCCCCCCCCC#CC3=CC=CC4=C3CN(C3CCC(=O)NC3=O)C4=O)C3=CC=CC=C3)N2C(=O)[C@@H](NC(=O)C2=CC3=CC(C(F)(F)P(=O)(O)O)=CC=C3S2)C1,P40763,STAT3,CRBN,Q96SW2,300.0,66.0,1,0,False
WHYMRXDDDKXAAH,CC1=C(C2=CC=C(CNC(=O)[C@@H]3C[C@@H](O)CN3C(=O)[C@@H](NC(=O)CCCC(=O)N3CCN(C4=CC=C(NC5=NC(NC6=CC=CC=C6S(=O)(=O)C(C)C)=C6N=C[NH]C6=N5)C=C4)CC3)C(C)(C)C)C=C2)SC=N1,O14965,AURKA,VHL,P40337,1703.0,35.2,1,0,False
WISQYAWVRSJAJK,N#CC1=CC=C(N2CCC3(CCN(C4=CC=C(C(=O)N5CCC(N6CCC7=CC8=C(C=C7C6)C(=O)N(C6CCC(=O)NC6=O)C8=O)CC5)C=C4)CC3)C2)C=C1Cl,P10275,AR,CRBN,Q96SW2,73.0,63.0,1,0,False
WIXGTYZXQCOTOO,CN1CCN([C@@H]2CCCN(C3=CN=C(C(N)=O)C(NC4=CC=C(C5(C)CCN(C[C@H]6CCN(C7=CC=C8C(=O)N([C@@H]9CCC(=O)NC9=O)C(=O)C8=C7)C6)CC5)C=C4)=N3)C2)C1=O,Q06187,BTK,CRBN,Q96SW2,0.6,96.0,1,1,False
WKMVMHORNDWWMD,CC(=O)C1=C(C)C2=CN=C(NC3=CC=C(N4CCN(CCCCCCC(=O)N5CCC[C@H]5C(=O)N[C@@H]5CCC(=O)NC5=O)CC4)C=N3)N=C2N(C2CCCC2)C1=O,P11802,CDK4,CRBN,Q96SW2,49.0,58.5,2,0,False
WLNCYXQRZBMBKC,COC1=CC(C2=CN(C)C(=O)C3=CN=CC=C23)=CC(OC)=C1C(=O)N1CC2(CCC(CN3CC4=CC5=C(C=C4C3)C(=O)N(C3CCC(=O)NC3=O)C5=O)CC2)C1,Q9H8M2,BRD9,CRBN,Q96SW2,198.0,95.0,1,0,False
WLTPLZGGRXBLKV,CC1=CC=C(NC(=O)CN2C=C(C3=CC=C4C(NC(=O)C5=CC=C(NC(=O)CCCCCCC(=O)N[C@H](C(=O)N6C[C@H](O)C[C@H]6C(=O)NCC6=CC=C(C7=C(C)N=CS7)C=C6)C(C)(C)C)C=C5)=N[NH]C4=C3)C=N2)C=C1C(F)(F)F,P35968,VEGFR-2,VHL,P40337,280.0,48.0,1,0,False
WLVURAOQRSTWDQ,CCC1=CC=CC2=CC(O)=CC(C3=NC=C4C(N5CC6CCC(C5)N6)=NC(OCCN5CCC(CN6CCC(OC7=CC=CC8=C7C(=O)N(C7CCC(=O)NC7=O)C8=O)CC6)CC5)=NC4=C3F)=C12,P01116,KRAS,CRBN,Q96SW2,1000.0,25.0,1,0,False
WLWKNXUSLSOAGM,COC1=CC2=NC(C)=NC(N[C@H](C)C3=CC(N)=CC(C(F)(F)F)=C3)=C2C=C1OCC1(CN(C)C(=O)CCCCCCNC2=CC=CC3=C2C(=O)N(C2CCC(=O)NC2=O)C3=O)CC1,Q07889,SOS1,CRBN,Q96SW2,13.0,88.0,1,1,False
WMEBCPXSPHQTBP,CC1=C(C2=CC=C([C@H](C)NC(=O)[C@@H]3C[C@@H](O)CN3C(=O)[C@@H](NC(=O)CCN3C=C(C4=CC(C5=CC=CC=C5O)=NN=C4N)C=N3)C(C)(C)C)C=C2)SC=N1,P51531,SMARCA2,VHL,P40337,1000.0,9.5,2,0,False
WNEWREMJBRGDRZ,O=C1CCC(N2C(=O)C3=CC=C(N4CCN(CC5CN(CCOC6=CC=C([C@@H]7C8=CC=C(O)C=C8CC[C@@H]7C7=CC=CC=C7)C=C6)C5)CC4)C=C3C2=O)C(=O)N1,P03372,ERalpha,CRBN,Q96SW2,5.0,50.0,1,0,False
WNTMFWJFGDGXOH,CC1=NN=C2COCC3=C(SC(C#CC4=CN(C5(CCN6CCN(C)CC6)CN(C6=CC=CC7=C6C(=O)N(C6CCC(=O)NC6=O)C7=O)C5)N=C4)=C3CC3=CC=CC=C3)N12,P25440,BRD2,CRBN,Q96SW2,1000.0,18.0,9,0,False
WORAYIFYRBXMHL,C#CC1=C(F)C=CC2=CC(O)=CC(C3=NC=C4C(N5CC6CCC(C5)N6)=NC(OCCN5CCC(CCC6CCN(C7=CC=CC8=C7CN(C7CCC(=O)NC7=O)C8=O)CC6)CC5)=NC4=C3F)=C12,P01116,KRAS,CRBN,Q96SW2,250.0,70.0,1,0,False
WOWBMCKVEBETPS,CCC1=CC=CC2=CC(O)=CC(C3=NC=C4C(N5CC6CCC(C5)N6)=NC(OCCN5CCC6(CC5)CCN(CC5CCN(C7=CC=C8C(=O)N(C9CCC(=O)NC9=O)C(=O)C8=C7)CC5)CC6)=NC4=C3F)=C12,P01116,KRAS,CRBN,Q96SW2,100.0,50.0,1,0,False
WQAXDAXKKXPWDH,CC1=NC(NC2=NC=C(C(=O)NC3=C(C)C=CC=C3Cl)S2)=CC(N2CCN(CCCN3CC4CC3CN4C3=CC=C(C4CCC(=O)NC4=O)C=C3)CC2)=N1,P06239,LCK,CRBN,Q96SW2,20.3,83.0,1,1,False
WQCUYCXVAFPYDC,CN1C=C(C2=CC=NC(N3CCN4C(=CC5=C4CC(C)(C)C5)C3=O)=C2CO)C=C(NC2=CC=C(N3CCN(C(=O)CCCCCCNC4=CC=CC5=C4C(=O)N(C4CCC(=O)NC4=O)C5=O)CC3)C=N2)C1=O,Q06187,BTK,CRBN,Q96SW2,2.0,96.9,1,1,False
WQEHHOOLWBGLLA,O=C1CCC(N2CC3=CC(N4CCN(CCO[C@H]5C[C@H](OC6=CC=C([C@@H]7C8=CC=C(O)C=C8CC[C@@H]7C7=CC=CC=C7)C=C6)C5)CC4)=CC=C3C2=O)C(=O)N1,P03372,ERalpha,CRBN,Q96SW2,5.0,62.5,2,0,False
WQYDJYODLBQPRD,O=C1CCC(N2C(=O)C3=CC=CC(OCCCCCN4C=C(CCCCN5CCC(NC(=O)C6=C(NC(=O)C7=C(Cl)C=CC=C7Cl)C=N[NH]6)CC5)N=N4)=C3C2=O)C(=O)N1,P50750,CDK9,CRBN,Q96SW2,130.0,67.5,1,0,False
WRZYMJHWCLMXPV,O=C1CCC(N2C(=O)C3=CC=C(N4CCN(CC5CCN(C6=CC=C([C@@H]7C8=CC=C(O)C=C8CC[C@@H]7C7=CC=CC=C7)C=N6)CC5)CC4)C=C3C2=O)C(=O)N1,P03372,ERalpha,CRBN,Q96SW2,5.0,75.0,1,0,False
WSCDDQDDVVHUBS,CC(=O)N1CCC2=C(C1)C(N1CCCC3=CC(C4=CN(C)N=C4)=C(C(F)F)C=C31)=NN2C1CCN(C(=O)CCCCCNC2=CC=CC3=C2C(=O)N(C2CCC(=O)NC2=O)C3=O)CC1,Q92793,CBP,CRBN,Q96SW2,0.30000000000000004,95.0,2,1,False
WSRMBRDBSUTIRU,CC(=O)N1CCC2=C(C1)C(N1CCCC3=CC(C4=CN(C)N=C4)=C(C(F)F)C=C31)=NN2C1CCN(C(=O)NC2=CC=C3C(=O)N(C4CCC(=O)NC4=O)C(=O)C3=C2)CC1,Q92793,CBP,CRBN,Q96SW2,0.2,95.0,2,1,False
WUMPBGARIFQLBV,CCC1=CC=CC2=CC(O)=CC(C3=NC=C4C(N5CC6CCC(C5)N6)=NC(OCCN5CCC(O[C@H]6C[C@H](OC7CCN(C8=CC=CC9=C8CN(C8CCC(=O)NC8=O)C9=O)CC7)C6)CC5)=NC4=C3F)=C12,P01116,KRAS,CRBN,Q96SW2,250.0,25.0,1,0,False
WUXCNLMXASWHTR,CN1CC[C@H]2CC[C@@H](C(=O)N[C@@H](CCC(N)=O)C(=O)N[C@@H](CC3=CC=CC=C3)C(=O)N3CCC(CCC#CC4=CC=CC5=C4CN(C4CCC(=O)NC4=O)C5=O)CC3)N2C(=O)[C@@H](NC(=O)C2=CC3=CC(C(F)(F)P(=O)(O)O)=CC=C3S2)C1,P40763,STAT3,CRBN,Q96SW2,130.0,94.0,1,0,False
WUYXNOSTUQQLBT,CC1=NOC([C@H](C(=O)N2C[C@H](O)C[C@H]2C(=O)N[C@@H](C)C2=CC=C(C3=C(C#CCOCCOCCOCCNC(=O)C[C@@H]4N=C(C5=CC=C(Cl)C=C5)C5=C(SC(C)=C5C)N5C(C)=NN=C45)N=CS3)C=C2)C(C)C)=C1,O60885,BRD4,VHL,P40337,16.0,98.0,1,1,False
WVMKYLVDQAXAQJ,O=C1CCC(N2C(=O)C3=CC=C(N4CCCN(CCCCCOC5=CC=C([C@@H]6C7=CC=C(O)C=C7CC[C@@H]6C6=CC=CC=C6)C=C5)CC4)C=C3C2=O)C(=O)N1,P03372,ERalpha,CRBN,Q96SW2,5.0,50.0,1,0,False
WVZMAPKGVNYBBQ,O=C1CCN(C2=CC(C(=O)N3CCC(CC4CCN(C5=CC=C(C6=CN=C7[NH]C=C(C8=CN(CC9CC9)N=C8)C7=N6)C=N5)CC4)CC3)=CC=C2Cl)C(=O)N1,Q92918,MAP4K1,CRBN,Q96SW2,632.3,52.0,1,0,False
WWIWRKBFUYUZCF,O=C1CCC(N2C(=O)C3=CC=C(N4CCN(CCN5CCC(OC6=CC=C([C@@H]7C8=CC=C(O)C=C8CC[C@@H]7C7=CC=CC=C7)C=C6)CC5)CC4)C=C3C2=O)C(=O)N1,P03372,ERalpha,CRBN,Q96SW2,5.0,50.0,1,0,False
WWKHZRWKTJZXRY,CC1=C(C2=CC=C([C@H](C)NC(=O)[C@@H]3C[C@@H](O)CN3C(=O)[C@@H](NC(=O)CCCCCCOC3=CC=CC=C3C3=CSC(C4=CSC(NC5=CC=C(Cl)C=C5)=N4)=N3)C(C)(C)C)C=C2)SC=N1,Q16678,CYP1B1,VHL,P40337,0.1,80.0,1,1,False
WWUUIOHCIGBTOS,O=C1CCC(N2CC3=CC(N4CCN(CCCCCOC5=CC=C([C@@H]6C7=CC=C(O)C=C7CC[C@@H]6C6=CC=CC=C6)C=C5)CC4)=CC=C3C2=O)C(=O)N1,P03372,ERalpha,CRBN,Q96SW2,5.0,75.0,1,0,False
WXEOAYUJLFQPPX,O=C1CCC(N2C(=O)C3=CC=C(N4CC(C(=O)N5CCC(NC(=O)C6=N[NH]C=C6NC(=O)C6=C(Cl)C=CC=C6Cl)CC5)C4)C=C3C2=O)C(=O)N1,P24941,CDK2,CRBN,Q96SW2,100.0,34.2,1,0,False
WXSOTMXNHJTFKS,CC1=C(C)C2=C(S1)N1C(C)=NN=C1[C@H](CC(=O)N1CCC(C3=CC=C4C(=O)N(C5CCC(=O)NC5=O)CC4=C3)CC1)N=C2C1=CC=C(Cl)C=C1,O60885,BRD4,CRBN,Q96SW2,9.1,97.0,1,1,False
WYAGKTWXXPHQHY,COCCN1C=C(C2=C[NH]C3=NC=C(C4=CC=C(N5CCC(CC6CCN(C(=O)C7=CC=C(Cl)C(N8CCC(=O)NC8=O)=C7)CC6)CC5)N=C4)N=C23)C=N1,Q92918,MAP4K1,CRBN,Q96SW2,30.6,76.0,1,0,False
WYGVTHFBQTVIFP,O=C1CCC(N2CC3=CC(OCCCOCCCOC4=CC=C([C@@H]5C6=CC=C(O)C=C6CC[C@@H]5C5=CC=CC=C5)C=C4)=CC=C3C2=O)C(=O)N1,P03372,ERalpha,CRBN,Q96SW2,50.0,50.0,1,0,False
WYWJHXKHDRJYLX,O=C(CCCCOC1=CC=C(CCNC(=O)C2=CC=CC(C(=O)NO)=C2)C=C1)NCCCCCCNC1=CC=CC2=C1C(=O)N(C1CCC(=O)NC1=O)C2=O,Q9BY41,HDAC8,CRBN,Q96SW2,147.0,93.0,1,0,False
WZAJDWUHOWVKTB,CC1=NOC([C@@H](C(=O)N2C[C@H](O)C[C@H]2C(=O)N[C@@H](CC(=O)NCCCCCCCCN2C=C(C3=CC(C4=CC=CC=C4O)=NN=C3N)C=N2)C2=CC=C(C3=C(C)N=CS3)C=C2)C(C)C)=C1,P51531,SMARCA2,VHL,P40337,66.5,92.0,2,1,False
XAGBOVYJSAYQKP,O=C1CC[C@H](N2CC3=C(C=CC4=C3OCC43CCN(C(=O)CN4CCC5(CC4)CN(C4=CC=C([C@@H]6C7=CC=C(O)C=C7CC[C@@H]6C6=CC=CC=C6)C=C4)C5)CC3)C2=O)C(=O)N1,P03372,ERalpha,CRBN,Q96SW2,0.03427,96.0,1,1,False
XAIUILGXTPIVSR,CC1=C(C2=CC=C(CNC(=O)[C@@H]3C[C@@H](O)CN3C(=O)[C@H](NC(=O)CCC(=O)NCCNC(=O)CCC(=O)N3CCN(C4=CC=C(NC5=NC(NC6CCCCC6)=C6N=C[NH]C6=N5)C=C4)CC3)C(C)(C)C)C=C2)SC=N1,P33981,TTK,VHL,P40337,5651.0,29.1,5,0,False
XAVPYITYYYJIQW,O=C1CCC(N2C(=O)C3=CC=C(N4CCN(C5CC6CC(OC7=CC=C([C@@H]8C9=CC=C(O)C=C9CC[C@@H]8C8=CC=C(F)C=C8)C=C7)CC6C5)CC4)C=C3C2=O)C(=O)N1,P03372,ERalpha,CRBN,Q96SW2,5.0,75.0,1,0,False
XCBCSMPJWBDVGA,CN1CC[C@H]2CC[C@@H](C(=O)N[C@@H](CCC(N)=O)C(=O)N[C@](C)(C(=O)N3CCC(CCC#CC4=CC=CC5=C4CN(C4CCC(=O)NC4=O)C5=O)CC3)C3=CC=CC=C3)N2C(=O)[C@@H](NC(=O)C2=CC3=CC(C(F)(F)P(=O)(O)O)=CC=C3S2)C1,P40763,STAT3,CRBN,Q96SW2,5000.0,2.0,1,0,False
XCKSBMUXNUXUCS,O=C1CCC(N2CC3=CC(N4CCN(CC5=CC=C(COC6=CC=C([C@@H]7C8=CC=C(O)C=C8CC[C@@H]7C7=CC=CC=C7)C=C6)N=N5)CC4)=CC=C3C2=O)C(=O)N1,P03372,ERalpha,CRBN,Q96SW2,5.0,75.0,1,0,False
XCPBPBXTEDKQFJ,O=C1CC[C@H](N2CC3=C(C=CC4=C3OCC43CCN(CC(=O)N4CCCC5(CCN(C6=CC=C([C@@H]7C8=CC=C(O)C=C8CC[C@@H]7C7=CC=CC=C7)C=C6)CC5)C4)CC3)C2=O)C(=O)N1,P03372,ERalpha,CRBN,Q96SW2,0.02888,99.0,1,1,False
XCPFPRATYXSOSM,O=C1CC[C@H](N2CC3=C(C=CC4=C3OC[C@H]3CN(CC(=O)N5CCN(C6=CC=C([C@@H]7C8=CC=C(O)C=C8CC[C@@H]7C7=CC=CC=C7)C=C6)CC5)CCN43)C2=O)C(=O)N1,P03372,ERalpha,CRBN,Q96SW2,0.1,86.0,1,1,False
XETBTLFBEYTSGJ,CC(=O)N1CCC2=C(C1)C(C1=CC=CC3=CC(C4=CC=C(C(=O)NCCCNC5=CC=CC6=C5CN(C5CCC(=O)NC5=O)C6=O)N=C4)=NC=C13)=NN2C1CCOCC1,Q92793,CBP,CRBN,Q96SW2,1.0,96.5,2,1,False
XFCSJLLJBWEKHM,CC1=NOC(C)=C1C1=CC=C2C(=C1)N=C([C@@H]1CCCC(=O)N1C1=CC=C(F)C(F)=C1)N2[C@H]1CC[C@H](OCC(=O)NC2CCN(C3=CC=C4C(=O)N(C5CCC(=O)NC5=O)C(=O)C4=C3)CC2)CC1,Q92793,CBP,CRBN,Q96SW2,96.80000000000001,77.5,2,0,False
XFWHUBPGSYYZFD,CC(C)S(=O)(=O)C1=CC=CC=C1NC1=NC(NC2=CC=C(N3CCN(C(=O)CCCC(=O)NC4=CC=CC5=C4C(=O)N(C4CCC(=O)NC4=O)C5=O)CC3)C=C2)=NC2=C1N=C[NH]2,P33981,TTK,CRBN,Q96SW2,168.0,38.8,3,0,False
XGLDUONNQKNIIH,O=C1CCC(N2CC3=C(C=CC(N4CCC(CN5CCC(CC6CCN(CCOC7=NC(N8CC9CCC(C8)N9)=C8C=NC(C9=CC(O)=CC(Cl)=C9C9CC9)=C(F)C8=N7)CC6)CC5)CC4)=C3F)C2=O)C(=O)N1,P01116,KRAS,CRBN,Q96SW2,100.0,70.0,1,0,False
XHEUEZODLRVMMV,CC(=O)N1CCC2=C(C1)C(C1=CC=CC3=CC(C4=CC=C(C(=O)NCCNC5=CC=C6C(=O)N(C7CCC(=O)NC7=O)CC6=C5)N=C4)=NC=C13)=NN2C1CCOCC1,Q92793,CBP,CRBN,Q96SW2,3.0999999999999996,76.5,2,0,False
XHLTXBOEIXDCPZ,COC1=CC(N2CCN(CC3CCN(C4=CC(F)=C(C5CCN(C6=CC=C(C#N)C(C(F)(F)F)=C6F)CC5)C(F)=C4)CC3)CC2)=CC2=C1C(=O)N(C1CCC(=O)NC1=O)C2,P10275,AR,CRBN,Q96SW2,325.5,90.0,2,0,False
XIDSBFCBCIVRKK,CC1=C(C)C2=C(S1)N1C(C)=NN=C1[C@H](CC(=O)NCCCCCCCCC(=O)N[C@@H](CO)C(=O)N[C@H]1CCC(=O)NC1=O)N=C2C1=CC=C(Cl)C=C1,O60885,BRD4,CRBN,Q96SW2,440.0,84.0,1,0,False
XINDLZAKDOXYAG,CCC1=CC=CC2=CC(O)=CC(C3=NC=C4C(N5CC6CCC(C5)N6)=NC(OCCN5CCN(CC6CCN(C7=CC=C(N8CCC(=O)NC8=O)C(F)=C7)CC6)CC5)=NC4=C3F)=C12,P01116,KRAS,CRBN,Q96SW2,1000.0,25.0,1,0,False
XLACHYFHBVMREJ,C#CC1=C(F)C=CC2=CC(O)=CC(C3=NC=C4C(N5CC6CCC(C5)N6)=NC(OCCN5CCC(CC6CCN(CC7CCN(C8=CC=C9C(=C8)N(C(C)C)C(=O)N9C8CCC(=O)NC8=O)CC7)CC6)CC5)=NC4=C3F)=C12,P01116,KRAS,CRBN,Q96SW2,100.0,70.0,1,0,False
XLGXYNSRFYOHBS,CN1C=C(C2=CC=NC(N3CCN4C(=CC5=C4CC(C)(C)C5)C3=O)=C2CO)C=C(NC2=CC=C(N3CCN(C(=O)CCCCCCOCCOCC(=O)NC4=CC=CC5=C4C(=O)N(C4CCC(=O)NC4=O)C5=O)CC3)C=N2)C1=O,Q06187,BTK,CRBN,Q96SW2,4.0,98.3,1,1,False
XLTDZGQZLOIMGM,C#CC1=C(F)C=CC2=CC(O)=CC(C3=NC=C4C(N5CC6CCC(C5)N6)=NC(OC[C@@H]5C[C@@H](OC6CCN(CC7CCN(C8=CC=C9C(=C8F)N(C)C(=O)N9C8CCC(=O)NC8=O)CC7)CC6)CN5C)=NC4=C3F)=C12,P01116,KRAS,CRBN,Q96SW2,100.0,70.0,1,0,False
XLWJWCMQMBVNSG,NC(=O)C1=NC=C(N2CCCCC2)N=C1NC1=CC=C(C2CCN(C[C@H]3CCN(C4=CC=C5C(=O)N([C@H]6CCC(=O)NC6=O)C(=O)C5=C4)C3)CC2)C=C1,Q06187,BTK,CRBN,Q96SW2,4.5,94.0,1,1,False
XMIOCXZSPKUWLC,CC1=C(C2=CC=C([C@H](C)NC(=O)[C@@H]3C[C@@H](O)CN3C(=O)[C@@H](NC(=O)CCC3=CC=NC(N4CCN(C5=CC(C6=CC=CC=C6O)=NN=C5N)CC4)=C3)C(C)(C)C)C=C2)SC=N1,P51531,SMARCA2,VHL,P40337,379.0,80.0,1,0,False
XMQFHNQKUCBVPQ,O=C1CCC(N2C(=O)C3=CC4=C(C=C3C2=O)CN(C2CN(CC3CCN(C5=CC=C([C@@H]6C7=CC=C(O)C=C7CC[C@@H]6C6=CC=CC=C6)C=C5)CC3)C2)C4)C(=O)N1,P03372,ERalpha,CRBN,Q96SW2,989.0,50.0,1,0,False
XMWSKICAFPPYSY,NC1=NC=NC2=C1C(C1=CC=C(OC3=CC=CC=C3)C=C1)=NN2C1CCN(CC2=CC=C(C#CC3CCN(C4=CC=C5C(=O)N(C6CCC(=O)NC6=O)C(=O)C5=C4)CC3)N=C2)CC1,Q06187,BTK,CRBN,Q96SW2,51.1,97.75,1,1,False
XNBPWGHLZPHXLY,CC(=O)C1=C(C)C2=CN=C(NC3=CC=C(N4CCN(CCCCCCC(=O)N5CCC[C@H]5C(=O)N[C@H]5CC(=O)NC5=O)CC4)C=N3)N=C2N(C2CCCC2)C1=O,P11802,CDK4,CRBN,Q96SW2,6.0,82.5,2,1,False
XNMNRUWTRAUODP,CC1=CC(C2=C[NH]C3=NC=C(C4=CC=C(N5CCN(CC6CN(C7=CC=C8C(=O)N(C9CCC(=O)NC9=O)C(=O)C8=C7)C6)CC5)C=C4)N=C23)=CC=C1C(=O)N(C)C,Q92918,MAP4K1,CRBN,Q96SW2,133.9,94.6,1,0,False
XNTVMRGEBFMCMD,CC1=C(C)C2=C(S1)N1C(C)=NN=C1[C@H](CC(=O)NCCCCCCCCC(=O)N[C@@H](CCC(=O)O)C(=O)N[C@H]1CC(=O)NC1=O)N=C2C1=CC=C(Cl)C=C1,O60885,BRD4,CRBN,Q96SW2,1810.0,56.0,1,0,False
XNWOVOPPKBOHMJ,O=C1CCC(N2CC3=CC(NCCN4CCN(CCOC5=CC=C([C@@H]6C7=CC=C(O)C=C7CC[C@@H]6C6=CC=CC=C6)C=C5)CC4)=CC=C3C2=O)C(=O)N1,P03372,ERalpha,CRBN,Q96SW2,50.0,50.0,1,0,False
XNWVLBYXKNUCIV,CCC1=C(F)C=CC2=CC(O)=CC(C3=NC=C4C(N5CC6CCC(C5)N6)=NC(OC[C@@H]5C[C@@H](OC6CCN(CC7CCN(C8=CC=C9C(=C8)N(C)C(=O)N9C8CCC(=O)NC8=O)CC7)CC6)CN5C)=NC4=C3F)=C12,P01116,KRAS,CRBN,Q96SW2,100.0,70.0,1,0,False
XNZUEQHJIKGPEJ,CCCN1C=C(C2=CC(OC)=C(C(=O)N3CCC4(CCC(CN5CC6=CC7=C(C=C6C5)C(=O)N(C5CCC(=O)NC5=O)C7=O)CC4)CC3)C(OC)=C2)C2=CC=NC=C2C1=O,Q9H8M2,BRD9,CRBN,Q96SW2,372.0,97.0,1,0,False
XODFKBNXCCEPRN,CCN1CCC(N2C=C(C3=C[NH]C4=NC=C(C5=CC=C(N6CCC(CC7CCN(C(=O)C8=CC=C(Cl)C(N9CCC(=O)NC9=O)=C8)CC7C)CC6)C=C5)N=C34)C=N2)CC1,Q92918,MAP4K1,CRBN,Q96SW2,23.54,66.0,1,0,False
XOEMYWOGFGPWDQ,C#CC1=C(F)C=CC2=CC=CC(C3=NC=C4C(N5CC6CCC(C5)N6)=NC(OC[C@@H]5C[C@@H](OC6CCN(CC7CCN(C8=CC=C9C(=O)N(C%10CCC(=O)NC%10=O)CC9=C8)CC7)CC6)CN5C)=NC4=C3F)=C12,P01116,KRAS,CRBN,Q96SW2,100.0,25.0,1,0,False
XOGYVOVLDZMERE,CC1=CC(C2=C[NH]C3=NC=C(C4=CC=C(C5CCN(C6CN(C7=CC8=C(C=C7F)C(=O)N(C7CCC(=O)NC7=O)C8=O)C6)CC5)C=C4)N=C23)=CC=C1C(=O)N(C)C,Q92918,MAP4K1,CRBN,Q96SW2,78.8,84.2,1,1,False
XOSARNKAKHCARF,O=C1CCN(C2=CC(C(=O)N3CCC(CC4CCN(C5=CC=C(C6=CN=C7[NH]C=C(C8=C[NH]N=C8)C7=N6)C=N5)CC4)CC3)=CC=C2Cl)C(=O)N1,Q92918,MAP4K1,CRBN,Q96SW2,32.9,92.0,1,1,False
XOSIYVXFXZWEFK,O=C1CC[C@H](N2CC3=C(C=CC4=C3OC[C@H]3CN(C(=O)CCCCOC5=CC=C([C@@H]6C7=CC=C(O)C=C7CC[C@@H]6C6=CC=CC=C6)C=C5)CCN43)C2=O)C(=O)N1,P03372,ERalpha,CRBN,Q96SW2,0.12,79.0,1,0,False
XPICNVKPGAOVBF,CC1=C(C2=CC=C([C@H](C)NC(=O)[C@@H]3C[C@@H](O)CN3C(=O)[C@@H](NC(=O)CCCCCCCCCNC(=O)C3=CC=C4CC[C@@H](NC(=O)C5=NOC(C6=CC=C(C(=O)N(C)C)C(O)=C6)=C5)C4=C3)C(C)(C)C)C=C2)SC=N1,Q03111,MLLT1,VHL,P40337,3.5,99.8,1,1,False
XPLADRVOATVVDO,O=C1CCC(N2CC3=CC(N4CCN(CCCN5CCC(C6=CC=C([C@@H]7C8=CC=C(O)C=C8CC[C@@H]7C7=CC=CC=C7)C=C6)CC5)CC4)=CC=C3C2=O)C(=O)N1,P03372,ERalpha,CRBN,Q96SW2,5.0,75.0,1,0,False
XPOGTFDQDPCEDH,CC(=O)N1CCC2=C(C1)C(C1=CC=CC3=CC(C4=CC=C(C(=O)NC5CCN(C6=CC=CC7=C6C(=O)N(C6CCC(=O)NC6=O)C7=O)CC5)N=C4)=NC=C13)=NN2C1CCOCC1,Q92793,CBP,CRBN,Q96SW2,0.9,99.0,2,1,False
XQGDFPOIKRRKQS,C#CC1=C(F)C=CC2=CC(O)=CC(C3=NC=C4C(N5CC6CCC(C5)N6)=NC(OC[C@@H]5C[C@@H](OC6CCN(CC7CCN(C8=CC(F)=C9C(=C8F)N(C)C(=O)N9C8CCC(=O)NC8=O)CC7)CC6)CN5C)=NC4=C3F)=C12,P01116,KRAS,CRBN,Q96SW2,100.0,70.0,1,0,False
XSKRXFBHRXSSKG,CCC1=CC=CC2=CC(O)=CC(C3=NC=C4C(N5C[C@@H]6CC[C@H](C5)N6)=NC(OC[C@@H]5CCCN5CCC(=O)NCCC(=O)N[C@H](C(=O)N5C[C@H](O)C[C@H]5C(=O)N[C@@H](C)C5=CC=C(C6=C(C)N=CS6)C=C5)C(C)(C)C)=NC4=C3F)=C12,P01116,KRAS G12D,VHL,P40337,3813.0,83.6,1,0,False
XSQDNYGBWGIJGO,CCC1=CC2=C(C=C1C(F)F)N(C1=NN(C3CCN(C(=O)CN4CC5=CC6=C(C=C5C4)C(=O)N(C4CCC(=O)NC4=O)C6=O)CC3)C3=C1CN(C(C)=O)CC3)CCC2,Q92793,CBP,CRBN,Q96SW2,53.5,92.0,2,1,False
XSRGEWJBJKGLQM,O=C1CC[C@H](N2CC3=C(C=CC4=C3OCC43CCN(C(=O)CC4CCN(C5=CC=C([C@@H]6C7=CC=C(O)C=C7CC[C@@H]6C6=CC=CC=C6)C=C5)CC4)CC3)C2=O)C(=O)N1,P03372,ERalpha,CRBN,Q96SW2,0.02453,86.0,1,1,False
XWUNOGVGBAIJRS,C#CC1=C(F)C=CC2=CC(O)=CC(C3=NC=C4C(N5CC6CCC(C5)N6)=NC(N(C)CCN5CCC(CC6CCN(CC7CCN(C8=CC=C9C(=O)N(C%10CCC(=O)NC%10=O)CC9=C8F)CC7)CC6)CC5)=NC4=C3F)=C12,P01116,KRAS,CRBN,Q96SW2,100.0,25.0,1,0,False
XXORMIPKQOJWQL,CC1=C(C2=CC=C(CNC(=O)[C@@H]3C[C@H](O)CN3C(=O)[C@@H](NC(=O)COCCCCCCOC3=CC=C(C4CCN(C5=NN6C(=NN=C6C(F)(F)F)CC5)CC4)C=C3)C(C)(C)C)C=C2)SC=N1,P10275,AR,VHL,P40337,3995.0,85.0,2,0,False
XXXDSEGLTLSYLY,CC(=O)N1CCC2=C(C1)C(N1CCCC3=CC(C4=CN(C)N=C4)=C(C(F)F)C=C31)=NN2C1CCN(C(=O)C2=CC=C3C(=O)N(C4CCC(=O)NC4=O)C(=O)C3=C2)CC1,Q92793,CBP,CRBN,Q96SW2,1000.0,50.0,2,0,False
XYPXCLNICDKSPC,CC1=CC=C(NC(=O)CN2C=C(C3=CC=C4C(NC(=O)C5=CC=C(NC(=O)CCCCC(=O)N[C@H](C(=O)N6C[C@H](O)C[C@H]6C(=O)NCC6=CC=C(C7=C(C)N=CS7)C=C6)C(C)(C)C)C=C5)=N[NH]C4=C3)C=N2)C=C1C(F)(F)F,P35968,VEGFR-2,VHL,P40337,330.0,62.6,1,0,False
XYYUNISMYJIRKN,C#CC1=C(F)C=CC2=CC(O)=CC(C3=NC=C4C(N5CC6CCC(C5)N6)=NC(OCCN5CCC(F)(CC6CCN(CC7CCN(C8=CC=C9C(=O)N(C%10CCC(=O)NC%10=O)CC9=C8)CC7)CC6)CC5)=NC4=C3F)=C12,P01116,KRAS,CRBN,Q96SW2,100.0,70.0,1,0,False
XYYUYGWDNCPZBC,CCC1=C(F)C=CC2=CC(O)=CC(C3=NC=C4C(N5CC6CCC(C5)N6)=NC(OC[C@@H]5C[C@@H](OC6CCN(CC7CCN(C8=CC=C9C(=O)N(C%10CCC(=O)NC%10=O)CC9=C8)CC7)CC6)CN5C)=NC4=C3F)=C12,P01116,KRAS,CRBN,Q96SW2,100.0,70.0,1,0,False
YAFINHBYDWHTLL,O=C1CCC(N2C(=O)C3=CC=C(N4CCN(CCCCCCC5=CC=C([C@@H]6C7=CC=C(O)C=C7CC[C@@H]6C6=CC=CC=C6)C=C5)CC4)C=C3C2=O)C(=O)N1,P03372,ERalpha,CRBN,Q96SW2,5.0,75.0,1,0,False
YALIJINQGHADRA,C#CC1=C(F)C=CC2=CC(O)=CC(C3=NC=C4C(N5CC6CCC(C5)N6)=NC(OCCN5CCC(CC6CCN(C7=CC=C8C(=C7)N(C(C)C)C(=O)N8C7CCC(=O)NC7=O)CC6)CC5)=NC4=C3F)=C12,P01116,KRAS,CRBN,Q96SW2,100.0,70.0,1,0,False
YAQFFVWVNFWKSY,O=C1CCC(N2CC3=CC(N4CCN(CCCCCOC5=CC=C([C@@H]6C7=CC=C(O)C=C7CC[C@@H]6C6=CC=C(F)C=C6)C=C5)CC4)=CC=C3C2=O)C(=O)N1,P03372,ERalpha,CRBN,Q96SW2,5.0,75.0,1,0,False
YAROSLHUTOCQHE,O=C1CCC(N2CC3=CC(N4CC5(CCN(CC6CCN(C7=CC=C([C@@H]8C9=CC=C(O)C=C9CC[C@@H]8C8=CC=CC=C8)C=C7)CC6)CC5)C4)=CC=C3C2=O)C(=O)N1,P03372,ERalpha,CRBN,Q96SW2,5.0,75.0,1,0,False
YCBIOWPIZXJGRB,O=C1CCC(N2C(=O)C3=CC4=C(C=C3C2=O)CN(CC2CCN(C(=O)C3CN(C5=CC=C([C@@H]6C7=CC=C(O)C=C7CC[C@@H]6C6=CC=CC=C6)C=C5)C3)CC2)C4)C(=O)N1,P03372,ERalpha,CRBN,Q96SW2,32.0,87.0,1,1,False
YCNBETLTIQSJCQ,CC1=C(C2=CC=C(CNC(=O)[C@@H]3C[C@@H](O)CN3C(=O)[C@@H](NC(=O)COCCOCCOCCOCCOC3=CC(F)=C([C@@H]4C5=C(C[C@@H](C)N4CC(C)(C)F)C4=CC=CC=C4[NH]5)C(F)=C3)C(C)(C)C)C=C2)SC=N1,P03372,ERalpha,VHL,P40337,3.2,100.0,1,1,False
YDQJNTYQLKYGDA,CC1=C(C)C2=C(S1)N1C(C)=NN=C1[C@H](CC(=O)NCCCCCCCCC(=O)N[C@@H](CO)C(=O)N[C@H]1CC(=O)NC1=O)N=C2C1=CC=C(Cl)C=C1,O60885,BRD4,CRBN,Q96SW2,91.0,98.0,1,1,False
YDRHAKKUUAJFHB,O=C1CCC(N2C(=O)C3=CC=CC(OCCOCCOCCOCCNC(=O)[C@]4(CC5=CC=CC(NC6=NC=CS6)=N5)CC[C@@H](OC5=CC=CC(Cl)=C5F)CC4)=C3C2=O)C(=O)N1,O14965,AURKA,CRBN,Q96SW2,3.9,89.0,1,1,False
YDSIHFQQFOMKLW,CCC1=CC=CC2=CC(O)=CC(C3=NC=C4C(N5CC6CCC(C5)N6)=NC(OCCN5CCC6(CC5)CCN(C5=CC=C7C(=O)N(C8CCC(=O)NC8=O)C(=O)C7=C5)CC6)=NC4=C3F)=C12,P01116,KRAS,CRBN,Q96SW2,1000.0,50.0,1,0,False
YDSSGSFQYZPROQ,CCC1=CC=CC2=CC(O)=CC(C3=NC=C4C(N5CC6CCC(C5)N6)=NC(OCCN5CCC(COCC6CCN(C7=CC=C8C(=O)N(C9CCC(=O)NC9=O)C(=O)C8=C7)CC6)CC5)=NC4=C3F)=C12,P01116,KRAS,CRBN,Q96SW2,1000.0,25.0,1,0,False
YDXGLXSGGLHGPG,CC(=O)N1CCC2=C(C1)C(C1=CC=CC3=CC(C4=CC=C(C(=O)NC5CCN(C6=CC=C7C(=O)N(C8CCC(=O)NC8=O)C(=O)C7=C6)CC5)N=C4)=NC=C13)=NN2C1CCOCC1,Q92793,CBP,CRBN,Q96SW2,1.45,99.0,2,1,False
YEBLVGIRTINSCW,O=C1CCC(N2CC3=CC(N4CCN(CCC5CCN(C6=CC=C([C@@H]7C8=CC=C(O)C=C8CC[C@@H]7C7=CC=CC=C7)C=C6F)CC5)CC4)=CC=C3C2=O)C(=O)N1,P03372,ERalpha,CRBN,Q96SW2,5.0,75.0,1,0,False
YECMHOCJNONAQJ,C[C@H]1CC2(CCN(C3=CC=C(C(=O)N4CCC(C)(CN5CC6=CC7=C(C=C6C5)C(=O)N(C5CCC(=O)NC5=O)C7=O)CC4)C=C3)CC2)CN1C1=CC=C(C#N)C(Cl)=C1,P10275,AR,CRBN,Q96SW2,3.8,97.0,1,1,False
YEEWMSGCZCRCGP,C[C@H]1CN(C(=O)CCCCCCOCCOCC(=O)NC2=CC=CC3=C2C(=O)N(C2CCC(=O)NC2=O)C3=O)CCN1C1=CC=C(NC2=CC(C3=CC=NC(N4CCN5C(=CC6=C5CC(C)(C)C6)C4=O)=C3CO)=CN(C)C2=O)N=C1,Q06187,BTK,CRBN,Q96SW2,6.6,97.1,1,1,False
YFEMRRDWCBPEPU,CC1=C(C)C2=C(S1)N1C(C)=NN=C1[C@H](CC(=O)NCCCCCCCCC(=O)N[C@@H](CC1=CC=C(O)C=C1)C(=O)N[C@H]1CCC(=O)NC1=O)N=C2C1=CC=C(Cl)C=C1,O60885,BRD4 BD1,CRBN,Q96SW2,103.0,89.0,3,0,False
YFJUNDZEBBSSOT,CC1=C(C2=CC=C([C@H](C)NC(=O)[C@@H]3C[C@@H](O)CN3C(=O)[C@@H](NC(=O)C3=CC=CC(N4CCN(C5=NC(C6=CC=CC=C6O)=NN=C5N)CC4)=N3)C(C)(C)C)C=C2)SC=N1,P51531,SMARCA2,VHL,P40337,372.0,74.0,1,0,False
YFRPALABJCDXSI,O=C1CCC(N2CC3=CC(N4CC[C@H](NCC5CCN(C6=CC=C([C@@H]7C8=CC=C(O)C=C8CC[C@@H]7C7=CC=CC=C7)C=C6)CC5)C4)=CC=C3C2=O)C(=O)N1,P03372,ERalpha,CRBN,Q96SW2,5.0,50.0,2,0,False
YGQPHRIYSFWECL,CC1=NOC(C)=C1C1=CC=C2C(=C1)N=C([C@@H]1CCCC(=O)N1C1=CC=C(F)C(F)=C1)N2[C@H]1CC[C@H](OCC(=O)NC2=CC=C(N3CCN(C4=CC=C5C(=O)N(C6CCC(=O)NC6=O)C(=O)C5=C4)CC3)N=C2)CC1,Q92793,CBP,CRBN,Q96SW2,2.0,57.5,2,0,False
YHETUEINSPJYOH,NC(=O)C1=CC=CC2=CN(C3=CC=C([C@@H]4CCCN(C(=O)C5CCN(CC6CCN(C7=CC=C8C(=O)N(C9CCC(=O)NC9=O)C(=O)C8=C7)C6)CC5)C4)C=C3)N=C12,P09874,PARP1,CRBN,Q96SW2,20000.0,32.77,1,0,False
YHJRUTZUIKOAAH,CCC1=CC=CC2=CC(O)=CC(C3=NC=C4C(N5CC6CCC(C5)N6)=NC(OCCN5CCC(C6=CC=C7C(=O)N(C8CCC(=O)NC8=O)CC7=C6)CC5)=NC4=C3F)=C12,P01116,KRAS,CRBN,Q96SW2,250.0,50.0,1,0,False
YHLWMZQWXHPQAS,COC1=CC(C2=CN(C)C(=O)C3=CN=CC=C23)=CC(OC)=C1CN1CCC(N2CC3=CC4=C(C=C3C2)C(=O)N(C2CCC(=O)NC2=O)C4)CC1,Q9H8M2,BRD9,CRBN,Q96SW2,49.0,99.0,1,1,False
YHMPXHIAAMNQIN,O=C1CC[C@H](N2CC3=C(C=CC4=C3OC[C@H]3CN(C(=O)CC5CCN(C6=CC=C([C@@H]7C8=CC=C(O)C=C8CC[C@@H]7C7=CC=CC=C7)C=C6)CC5)CCN43)C2=O)C(=O)N1,P03372,ERalpha,CRBN,Q96SW2,0.011,73.0,1,0,False
YHTOZJXOOFKGHU,O=C1CCC(N2C(=O)C3=CC4=C(C=C3C2=O)CN(CC2CCN(C(=O)C3CCN(C5=CC=C([C@@H]6C7=CC=C(O)C=C7CC[C@@H]6C6=CC=CC=C6)C=C5)CC3)CC2)C4)C(=O)N1,P03372,ERalpha,CRBN,Q96SW2,13.0,76.0,1,0,False
YINXRHBANVHQMY,CC1=NN=C2COCC3=C(SC(C#CC4=CN(CC5CN(C6=CC=CC7=C6C(=O)N(C6CCC(=O)NC6=O)C7=O)C5)N=C4)=C3CC3=CC=CC=C3)N12,P25440,BRD2,CRBN,Q96SW2,0.3,98.0,3,1,False
YKHQHSABZFWTIC,CCC1=CC=CC2=CC(O)=CC(C3=NC=C4C(N5CC6CCC(C5)N6)=NC(OC[C@@H]5C[C@@H](OC6CCN(CC7CCN(C8=CC=C9C(=O)N(C%10CCC(=O)NC%10=O)CC9=C8)CC7)CC6)CN5C)=NC4=C3F)=C12,P01116,KRAS,CRBN,Q96SW2,100.0,70.0,1,0,False
YKNCBQZAFZIWSX,O=C1CCC(N2CC3=CC=C(N4CCN(CC5CCN(C6=CC=C([C@@H]7C8=CC=C(O)C=C8CC[C@@H]7C7=CC=CC=C7)C=C6)CC5)CC4)C=C3C2=O)C(=O)N1,P03372,ERalpha,CRBN,Q96SW2,5.0,50.0,1,0,False
YLCCKMAJUCGEMO,C#CC1=C(F)C=CC2=CC(O)=CC(C3=NC=C4C(N5CC6CCC(C5)N6)=NC(OCCN5CCC(CC6CCN(CC7CN(C8=CC=C9C(=O)N(C%10CCC(=O)NC%10=O)CC9=C8)C7)CC6)CC5)=NC4=C3F)=C12,P01116,KRAS,CRBN,Q96SW2,100.0,70.0,1,0,False
YLFPZGFBGPLUOM,CC1=NOC([C@H](C(=O)N2C[C@H](O)C[C@H]2C(=O)N[C@@H](C)C2=CC=C(C3=C(C#CCOCCOCCOCCOCCNC(=O)C[C@@H]4N=C(C5=CC=C(Cl)C=C5)C5=C(SC(C)=C5C)N5C(C)=NN=C45)N=CS3)C=C2)C(C)C)=C1,O60885,BRD4,VHL,P40337,40.0,100.0,1,1,False
YLSZFDJVLKZOBQ,O=C1CCC(N2CC3=CC(N4CCN(CCOCCOC5=CC=C([C@@H]6C7=CC=C(O)C=C7CC[C@@H]6C6=CC=CC=C6)C=C5)CC4)=CC=C3C2=O)C(=O)N1,P03372,ERalpha,CRBN,Q96SW2,5.0,50.0,1,0,False
YMMKUKGITHRLPG,CCC1=CC=CC2=CC(O)=CC(C3=NC=C4C(N5CC6CCC(C5)N6)=NC(OCCN5CCC(CC6CCN(C7=CC=CC8=C7CN(C7(C)CCC(=O)NC7=O)C8=O)CC6)CC5)=NC4=C3F)=C12,P01116,KRAS,CRBN,Q96SW2,1000.0,25.0,1,0,False
YMVRCVMMAZWAJM,CCN1CCC(N2C=C(C3=C[NH]C4=NC=C(C5=CC=C(N6CCC(CC7CCN(C(=O)C8=CC=C(Cl)C(N9CCC(=O)NC9=O)=C8)CC7)CC6)N=C5)N=C34)C=N2)CC1,Q92918,MAP4K1,CRBN,Q96SW2,2.1,93.0,1,1,False
YMZQGDLPBIOGLS,CC1=C(C2=CC=C(CNC(=O)[C@@H]3C[C@@H](O)CN3C(=O)[C@@H](NC(=O)COCCOC3=CC(F)=C([C@@H]4C5=C(C[C@@H](C)N4CC(C)(C)F)C4=CC=CC=C4[NH]5)C(F)=C3)C(C)(C)C)C=C2)SC=N1,P03372,ERalpha,VHL,P40337,0.6,89.0,1,1,False
YOQASZIMEWDOQF,N#CC1=CC=C(N2CCC(C3=CC=C(N4CCC(CN5CCN(C6=CC7=C(C=C6F)C(=O)N(C6CCC(=O)NC6=O)C7=O)CC5)CC4)C=C3)CC2)C(F)=C1C(F)(F)F,P10275,AR,CRBN,Q96SW2,539.5,100.0,2,0,False
YPHNRJJXIRMLCD,O=C1CC[C@H](N2CC3=C(C=CC4=C3OCC43CCN(CC4CCC5(CCN(C6=CC=C([C@@H]7C8=CC=C(O)C=C8CC[C@@H]7C7=CC=CC=C7)C=C6)CC5)OC4)CC3)C2=O)C(=O)N1,P03372,ERalpha,CRBN,Q96SW2,0.1393,100.0,3,1,False
YQYHHQWWWNOOKZ,CCN(CC)C/C=C/C(=O)NC1=CC2=C(NC3=CC=C(F)C(Cl)=C3)N=CN=C2C=C1OCC1=CN(CCCCCCCC(=O)N[C@H](C(=O)N2C[C@H](O)C[C@H]2C(=O)N[C@H](C)C2=CC=C(C3=C(C)N=CS3)C=C2)C(C)(C)C)N=N1,P00533,EGFR 19del,VHL,P40337,250.0,94.0,3,0,False
YRAXWSWUXNZXEI,CC(=O)N1CCC2=C(C1)C(N1CCCC3=CC(C4=CN(C)N=C4)=C(C(F)F)C=C31)=NN2[C@H]1CC[C@H](CN2CCN(C3=CC=CC4=C3C(=O)N(C3CCC(=O)NC3=O)C4=O)CC2)CC1,Q92793,CBP,CRBN,Q96SW2,850.0,43.0,2,0,False
YRFWMYLCBNWJEI,CCC1=CC=CC2=CC(O)=CC(C3=NC=C4C(N5C[C@@H]6CC[C@H](C5)N6)=NC(OC[C@@H]5CCCN5CCCCCCC(=O)N[C@H](C(=O)N5C[C@H](O)C[C@H]5C(=O)N[C@@H](C)C5=CC=C(C6=C(C)N=CS6)C=C5)C(C)(C)C)=NC4=C3F)=C12,P01116,KRAS G12D,VHL,P40337,571.9,98.9,1,0,False
YRLBDMOISHPRMW,C#CC1=C(F)C=CC2=CC(O)=CC(C3=NC=C4C(N5CC6CCC(C5)N6)=NC(OCCN5CCC(CN6CCC(CC7CCN(C8=CC=C9C(=O)N(C%10CCC(=O)NC%10=O)CC9=C8F)CC7)CC6)CC5)=NC4=C3F)=C12,P01116,KRAS,CRBN,Q96SW2,100.0,70.0,1,0,False
YRMYHBHIFJXIGI,CN(CCOCCOCC(=O)NC1=CC=C2C(=O)N(C3CCC(=O)NC3=O)C(=O)C2=C1)CC[C@@H](C1=CC=CC=C1)N1C=C(NC(=O)C2=N[NH]C3=C2CCC(C)(C)C3)C=N1,Q08881,ITK,CRBN,Q96SW2,26.7,95.0,1,1,False
YSOCLZCUXLLPFU,CC(=O)N1CCC2=C(C1)C(N1CCCC3=CC(Br)=C(C(F)F)C=C31)=NN2C1CCN(C(=O)CN2CC3=CC4=C(C=C3C2)C(=O)N(C2CCC(=O)NC2=O)C4=O)CC1,Q92793,CBP,CRBN,Q96SW2,40.5,85.0,2,1,False
YSTQEPBPZJFTEG,O=C1CCC(N2C(=O)C3=CC=C(N4CCN(CC5CCN(C(=O)C6=CC=C(C7=NN8C(CC9=CC=C%10N=CC=CC%10=C9)=CN=C8N=C7)C=C6F)CC5)CC4)C=C3C2=O)C(=O)N1,P08581,c-Met,CRBN,Q96SW2,6.21,96.83,1,1,False
YUFHVVATBPCYPQ,CC1=C(C2=CC=C(CNC(=O)[C@@H]3C[C@@H](O)CN3C(=O)[C@@H](NC(=O)C3(F)CC3)C(C)(C)C)C(OCCCN3CCC(C4=CC=C5C(=C4)N(C4CCCC4)C4=NC(=O)C6=C(Br)C=CC=C6N54)CC3)=C2)SC=N1,P51531,SMARCA2,VHL,P40337,78.0,46.0,1,0,False
YVXTYEKDOUWSSR,CC1=NOC([C@H](C(=O)N2C[C@H](S(=O)(=O)F)C[C@@H]2C(=O)N[C@@H](CC(=O)N2CCC(C#CC3=CC=C(C(=O)N[C@H]4C(C)(C)[C@H](OC5=CC=C(C#N)C(Cl)=C5)C4(C)C)C=C3)CC2)C2=CC=C(C3=C(C)N=CS3)C=C2)C(C)C)=C1,P10275,AR,VHL,P40337,212.0,59.0,1,0,False
YWCHTWJTAVEIKG,O=C1CCC(N2C(=O)C3=CC4=C(C=C3C2=O)CN(CCC2CCN(C3=CC=C([C@@H]5C6=CC=C(O)C=C6CC[C@@H]5C5=CC=CC=C5)C=C3)CC2)C4)C(=O)N1,P03372,ERalpha,CRBN,Q96SW2,1000.0,50.0,1,0,False
YWMGYZOTBRTAPC,O=C1CCC(N2CC3=CC(N4CCC(CCN5CCC(CC(=O)N[C@H]6CC[C@@H](NC7=NC=NC8=C7C(C(=O)C7=CC=C(OC9=CC=CC=C9)C=C7Cl)=C[NH]8)CC6)CC5)CC4)=C(F)C=C3C2=O)C(=O)N1,Q06187,BTK,CRBN,Q96SW2,7.0,96.5,1,1,False
YWUNYWODKIAGET,O=C1CC[C@H](N2CC3=CC(O[C@@H]4CCN(CC5CCN(C6=CC=C([C@@H]7C8=CC=C(O)C=C8CC[C@@H]7C7=CC=CC=C7)C=C6)CC5)C4)=CC=C3C2=O)C(=O)N1,P03372,ERalpha,CRBN,Q96SW2,5.0,50.0,1,0,False
YXANKPHSGKSVAX,C[C@H]1CC2(CCN(C3=CC=C(C(=O)N4CCC(CN5CC6=CC7=C(C=C6C5)C(=O)N(C5CCC(=O)NC5=O)C7=O)CC4)N=N3)CC2)CN1C1=CC=C(C#N)C(Cl)=C1,P10275,AR,CRBN,Q96SW2,2.7,99.0,1,1,False
YZGOHLDCHGJLSU,C#CC1=C(F)C=CC2=CC(O)=CC(C3=NC=C4C(N5CC6CCC(C5)N6)=NC(OCCN5CCC(F)(CC6CCN(CC7CCN(C8=CC=CC9=C8CN(C8CCC(=O)NC8=O)C9=O)CC7)CC6)CC5)=NC4=C3F)=C12,P01116,KRAS,CRBN,Q96SW2,100.0,70.0,1,0,False
YZSAJFVSANFUKR,O=C1CCC(N2CC3=CC(N4CCN(CCC5CCN(C6=C(F)C=C([C@H]7C8=CC=C(O)C=C8CC[C@H]7C7=CC=CC=C7)C=C6F)CC5)CC4)=CC=C3C2=O)C(=O)N1,P03372,ERalpha,CRBN,Q96SW2,27.5,62.5,2,0,False
ZAGZYDLBQICBCA,CC(=O)N1CCC2=C(C1)C(N1CCCC3=CC(C4=NN(C)C=C4)=C(C(F)F)C=C31)=NN2[C@H]1CC[C@H](CN2CC3=CC4=C(C=C3C2)C(=O)N(C2CCC(=O)NC2=O)C4=O)CC1,Q92793,CBP,CRBN,Q96SW2,6.4,91.0,4,1,False
ZBLUHWGHQCDXPZ,COC1=CC(C2=CN(CC(C)C)C(=O)C3=CN=CC=C23)=CC(OC)=C1C(=O)N1CCC2(CCC(CN3CC4=CC5=C(C=C4C3)C(=O)N(C3CCC(=O)NC3=O)C5=O)CC2)CC1,Q9H8M2,BRD9,CRBN,Q96SW2,585.0,45.0,1,0,False
ZBNHSSRODJHXLX,O=C1CCC(N2CC3=CC(N4CCN(C5CC6(CCN(C7=CC=C([C@@H]8C9=CC=C(O)C=C9CC[C@@H]8C8=CC=CC=C8)C=C7)CC6)C5)CC4)=CC=C3C2=O)C(=O)N1,P03372,ERalpha,CRBN,Q96SW2,5.0,50.0,1,0,False
ZCOPIRBPZIGHDU,CC1=C(C)C2=C(S1)N1C(C)=NN=C1[C@H](CC(=O)NCCCN1CCC(C3=CC=C4C(=O)N(C5CCC(=O)NC5=O)CC4=C3)CC1)N=C2C1=CC=C(Cl)C=C1,O60885,BRD4,CRBN,Q96SW2,2.3,98.0,1,1,False
ZDIXSZMEOKTHNY,C#CC1=C(F)C=CC2=CC(O)=CC(C3=NC=C4C(N5CC6CCC(C5)N6)=NC(OC[C@@H]5C[C@@H](OC6CCN(CC7CN(C8=CC=C9C(=O)N(C%10CCC(=O)NC%10=O)CC9=C8)C7)CC6)CN5C)=NC4=C3F)=C12,P01116,KRAS,CRBN,Q96SW2,100.0,70.0,1,0,False
ZEBCDQYGDUWIRO,CN1C=C(C2=C[NH]C3=NC=C(C4=CC=C(N5CCC(CC6CCN(C(=O)C7=CC=C(Cl)C(N8CCC(=O)NC8=O)=C7)CC6)CC5)N=C4)N=C23)C=N1,Q92918,MAP4K1,CRBN,Q96SW2,11.0,91.0,2,1,False
ZETUMISSKGCCDQ,CCC1=CC=CC2=CC(O)=CC(C3=NC=C4C(N5C[C@@H]6CC[C@H](C5)N6)=NC(OC[C@@H]5CCCN5CCOCCC(=O)N[C@H](C(=O)N5C[C@H](O)C[C@H]5C(=O)N[C@@H](C)C5=CC=C(C6=C(C)N=CS6)C=C5)C(C)(C)C)=NC4=C3F)=C12,P01116,KRAS G12D,VHL,P40337,1822.0,89.5,1,0,False
ZFNPGRKSSUUBPW,C#CC1=C(F)C=CC2=CC(O)=CC(C3=NC=C4C(N5CC6CCC(C5)N6)=NC(N5CC[C@@H](N6CCC(CC7CCN(C8=CC=C9C(=C8)N(C)C(=O)N9C8CCC(=O)NC8=O)CC7)CC6)C5)=NC4=C3F)=C12,P01116,KRAS,CRBN,Q96SW2,100.0,70.0,1,0,False
ZFPPZANCBCHIBI,CCC1=CC=CC2=CC(O)=CC(C3=NC=C4C(N5CC6CCC(C5)N6)=NC(OCCN5CCC(CC6CCN(C7=CC=C8C(=O)N(C9CCC(=O)NC9=O)C(=O)C8C7)CC6)CC5)=NC4=C3F)=C12,P01116,KRAS,CRBN,Q96SW2,1000.0,25.0,1,0,False
ZGPNXKLXPYNPQS,CCC1=CC=CC2=CC(O)=CC(C3=NC=C4C(N5CC6CCC(C5)N6)=NC(OCCN5CCC(C6=CC=C7CN(C8CCC(=O)NC8=O)C(=O)C7=C6)CC5)=NC4=C3F)=C12,P01116,KRAS,CRBN,Q96SW2,1000.0,25.0,1,0,False
ZGRDOVMMKHCMTA,O=C1CCC(N2C(=O)C3=CC=C(N4CCN(C5CCN(CCOC6=CC=C([C@@H]7C8=CC=C(O)C=C8CC[C@@H]7C7=CC=CC=C7)C=C6)CC5)CC4)C=C3C2=O)C(=O)N1,P03372,ERalpha,CRBN,Q96SW2,5.0,50.0,1,0,False
ZHYXPILHQRRHFF,COC1=CC(N2CCC3(CCN(C(=O)CN4CC5=CC6=C(C=C5C4)C(=O)N(C4CCC(=O)NC4=O)C6=O)CC3)CC2)=CC=C1[C@@H]1C2=CC=C3[NH]N=CC3=C2C[C@@H](C)N1CC(F)F,P03372,ERalpha,CRBN,Q96SW2,1.4,82.0,1,1,False
ZINWKRRJFFHFNJ,COC1=CC(C2=CN(C)C(=O)C3=CN=C(C)C=C23)=CC(OC)=C1C(=O)N1CCC2(CCC(CN3CC4=CC5=C(C=C4C3)C(=O)N(C3CCC(=O)NC3=O)C5=O)CC2)CC1,Q9H8M2,BRD9,CRBN,Q96SW2,84.0,98.0,1,1,False
ZIUVTWBLWUJBEY,O=C1CCC(N2C(=O)C3=CC=CC(OCCCCN4C=C(CCCCCCN5CCC(NC(=O)C6=C(NC(=O)C7=C(Cl)C=CC=C7Cl)C=N[NH]6)CC5)N=N4)=C3C2=O)C(=O)N1,P50750,CDK9,CRBN,Q96SW2,100.0,75.3,1,0,False
ZIWYDZVCVGTCDI,COC1=CC(C2=CN(C(C)C)C(=O)C3=CN=CC=C23)=CC(OC)=C1C(=O)N1CCC2(CCC(CN3CC4=CC5=C(C=C4C3)C(=O)N(C3CCC(=O)NC3=O)C5=O)CC2)CC1,Q9H8M2,BRD9,CRBN,Q96SW2,2521.0,65.0,1,0,False
ZJPSMLNQMKTKJJ,NC(=O)C1=CC=CC2=CN(C3=CC=C([C@@H]4CCCN(C(=O)C5CCN(C(=O)C6CCN(C7=CC=C8C(=O)N(C9CCC(=O)NC9=O)C(=O)C8=C7)CC6)CC5)C4)C=C3)N=C12,P09874,PARP1,CRBN,Q96SW2,20000.0,15.66,1,0,False
ZJVJGKQPQHVYSL,O=C1CC[C@H](N2CC3=C(C=CC4=C3OC[C@H]3CN(CC(=O)N5CC6(CCN(C7=CC=C([C@@H]8C9=CC=C(O)C=C9CC[C@@H]8C8=CC=CC=C8)C=C7)CC6)C5)CCN43)C2=O)C(=O)N1,P03372,ERalpha,CRBN,Q96SW2,0.05,89.0,1,1,False
ZKHJDOCZHQUBCZ,CCC1=CC=CC2=CC(O)=CC(C3=NC=C4C(N5CC6CCC(C5)N6)=NC(OCCN5CCC(CN6CCC7(CC6)CN(C6=CC=CC8=C6CN(C6CCC(=O)NC6=O)C8=O)C7)CC5)=NC4=C3F)=C12,P01116,KRAS,CRBN,Q96SW2,1000.0,50.0,1,0,False
ZKMPZGMDXOECHS,CC1=C(C)C2=C(S1)N1C(C)=NN=C1[C@H](CC(=O)NCCN1CCC3(CCC(C4=CC=C5C(=O)N(C6CCC(=O)NC6=O)CC5=C4)CC3)CC1)N=C2C1=CC=C(Cl)C=C1,O60885,BRD4,CRBN,Q96SW2,1.9,95.0,1,1,False
ZKQAJOXLLFEVTK,NC(=O)C1=CC=CC2=CN(C3=CC=C([C@@H]4CCCN(C(=O)CC5CCN(CCC6CCN(CC7CCN(C8=CC=C9C(=O)N(C%10CCC(=O)NC%10=O)C(=O)C9=C8)CC7)CC6)CC5)C4)C=C3)N=C12,P09874,PARP1,CRBN,Q96SW2,40.0,57.09,1,0,False
ZLOIRWPQMNYBGL,CN(CCCCCCC(=O)NC1=CC=C2C(=O)N(C3CCC(=O)NC3=O)C(=O)C2=C1)CC[C@@H](C1=CC=CC=C1)N1C=C(NC(=O)C2=N[NH]C3=C2CCC(C)(C)C3)C=N1,Q08881,ITK,CRBN,Q96SW2,9.0,90.0,1,1,False
ZLPNUFSEIVRDOK,CC1=C(C)C2=C(S1)N1C(C)=NN=C1[C@H](CC(=O)NCCCCCCCCC(=O)N[C@@H](C)C(=O)N[C@H]1CCC(=O)NC1=O)N=C2C1=CC=C(Cl)C=C1,O60885,BRD4 BD1,CRBN,Q96SW2,41.0,86.0,3,1,False
ZLZHJUUEUPUMNH,CN1CCN([C@@H]2CCCN(C3=CN=C(C(N)=O)C(NC4=CC=C(N5CC6(C5)CN(C5=CC=C7C(=O)N([C@@H]8CCC(=O)NC8=O)C(=O)C7=C5)C6)C=C4)=N3)C2)C1=O,Q06187,BTK,CRBN,Q96SW2,0.9,94.0,1,1,False
ZMDQNICGZRRDHD,CC1=C(C2=CC=C([C@H](C)NC(=O)[C@@H]3C[C@@H](O)CN3C(=O)[C@@H](C3=CC(N4CCC(CN5CCC(C6=CC=C7C(=C6)N6C(=NC(=O)C8=C(Cl)C=CC=C86)C7(C)C)CC5)CC4)=NO3)C(C)C)C=C2)SC=N1,P51531,SMARCA2,VHL,P40337,32.35,83.0,2,1,False
ZNECZZKRMJMPEX,CCN1CCC(N2C=C(C3=C[NH]C4=NC=C(C5=CN=C(OCCNC(=O)C6=CC=C(Cl)C(N7CCC(=O)NC7=O)=C6)C(C)=C5)N=C34)C=N2)CC1,Q92918,MAP4K1,CRBN,Q96SW2,55.0,86.0,1,1,False
ZNZALUOUNWVYJN,N#CC1=CC=C(N2CCC(C3=CC=C(N4CCC(CN5CCN(C6=CC=C7C(=O)N(C8CCC(=O)NC8=O)CC7=C6)CC5)CC4)C=C3)CC2)C=C1C(F)(F)F,P10275,AR,CRBN,Q96SW2,18.0,85.0,1,1,False
ZOHWFBXCBZWQOF,C#CC1=C(F)C=CC2=CC(O)=CC(C3=NC=C4C(N5CC6CCC(C5)N6)=NC(OCCN5CCN(CC6CCN(CC7CCN(C8=CC=C9C(=C8)N(C)C(=O)N9C8CCC(=O)NC8=O)CC7)CC6)CC5(C)C)=NC4=C3F)=C12,P01116,KRAS,CRBN,Q96SW2,100.0,70.0,1,0,False
ZOUWJSGGCIZRQH,O=C1CCC(N2CC3=CC(N4CCN(CCCCCOC5=CC=C([C@@H]6C7=CC=C(O)C=C7CC[C@@H]6C6=CC=CC=C6)C=C5)CC4)=CC(Cl)=C3C2=O)C(=O)N1,P03372,ERalpha,CRBN,Q96SW2,5.0,75.0,1,0,False
ZOUZDKJIHOEVRI,O=C1CCC(N2CC3=C(C=C(F)C(N4CCN(CC(O)CCCOC5=CC=C([C@@H]6C7=CC=C(O)C=C7CC[C@@H]6C6=CC=CC=C6)C=C5)CC4)=C3F)C2=O)C(=O)N1,P03372,ERalpha,CRBN,Q96SW2,5.0,50.0,1,0,False
ZPQWOIFULQMSEH,CC1=NC(NC2=NC=C(C(=O)NC3=C(C)C=CC=C3Cl)S2)=CC(N2CCN(CCCN3CCN(CC4=CC=C(C5CCC(=O)NC5=O)C=C4)CC3)CC2)=N1,P06239,LCK,CRBN,Q96SW2,4.48,84.0,1,1,False
ZPYLDDHVODJBLD,O=C1CC[C@H](N2CC3=CC(CCN4CCCN(CC5CCN(C6=CC=C([C@@H]7C8=CC=C(O)C=C8CC[C@@H]7C7=CC=CC=C7)C=C6)CC5)CC4)=CC=C3C2=O)C(=O)N1,P03372,ERalpha,CRBN,Q96SW2,5.0,75.0,1,0,False
ZQBPERKIXUCCNQ,CNC(=O)C1=CN=C(NC2=CC=C(C(=O)NCCCCCCCCCC(=O)N[C@H](C(=O)N3C[C@H](O)C[C@H]3C(=O)NCC3=CC=C(C4=C(C)N=CS4)C=C3)C(C)(C)C)C=N2)C=C1NC1=CC=CC(C2=NN(C)C=N2)=C1OC,P29597,TYK2,VHL,P40337,5007.0,51.5,2,0,False
ZRCHTNWZJSGBTQ,O=C1CCC(N2C(=O)C3=CC=C(N4CCN(C5CCC6CCC(OC7=CC=C([C@@H]8C9=CC=C(O)C=C9CC[C@@H]8C8=CC=C(F)C=C8)C=C7)CC6C5)CC4)C=C3C2=O)C(=O)N1,P03372,ERalpha,CRBN,Q96SW2,5.0,75.0,1,0,False
ZRDNEVGTKURPRA,CC1=C(C2=CC=C([C@H](C)NC(=O)[C@@H]3C[C@@H](O)CN3C(=O)[C@@H](NC(=O)CCCCN3C=C(C4=CC(C5=CC=CC=C5O)=NN=C4N)C=N3)C(C)(C)C)C=C2)SC=N1,P51531,SMARCA2,VHL,P40337,567.0,71.0,2,0,False
ZREFLFMSMWOJIS,O=C1CCC(N2C(=O)C3=CC=C(N4CCN(CC[C@@H]5C[C@H]5COC5=CC=C([C@@H]6C7=CC=C(O)C=C7CC[C@@H]6C6=CC=CC=C6)C=C5)CC4)C=C3C2=O)C(=O)N1,P03372,ERalpha,CRBN,Q96SW2,5.0,50.0,1,0,False
ZSULAKQIVKYPMS,NC(=O)C1=NC=C(C2=NC=CS2)N=C1NC1=CC=C(C2CCN(C[C@H]3CCN(C4=CC=C5C(=O)N([C@H]6CCC(=O)NC6=O)C(=O)C5=C4)C3)CC2)C=C1,Q06187,BTK,CRBN,Q96SW2,1.7,95.0,1,1,False
ZTLBMWCJSVCNQM,CC(=O)N1CCC2=C(C1)C(N1CCCC3=CC(C4=CN(C)N=C4)=C(C(F)F)C=C31)=NN2C1CCN(C(=O)CCNC2=CC=C3C(=O)N(C4CCC(=O)NC4=O)C(=O)C3=C2)CC1,Q92793,CBP,CRBN,Q96SW2,0.65,95.0,2,1,False
ZTQZAOMTCIBFNG,CC1=CC(C2=C[NH]C3=NC=C(C4=CC=C(C5CCN(CCC6CCN(C7=CC=C8C(=O)N(C9CCC(=O)NC9=O)C(=O)C8=C7)CC6)CC5)C=C4)N=C23)=CC=C1C(=O)N(C)C,Q92918,MAP4K1,CRBN,Q96SW2,1063.3,58.5,1,0,False
ZUAOSWXWYFMGRN,O=C1CCC(N2CC3=CC(N4CCN(C[C@H]5C[C@@H](COC6=CC=C([C@@H]7C8=CC=C(O)C=C8CC[C@@H]7C7=CC=CC=C7)C=C6)C5)CC4)=CC=C3C2=O)C(=O)N1,P03372,ERalpha,CRBN,Q96SW2,5.0,50.0,2,0,False
ZWQJQEMPNYBFQE,CN(CCOCCOCC(=O)NC1=CC=CC2=C1C(=O)N(C1CCC(=O)NC1=O)C2=O)CC[C@@H](C1=CC=CC=C1)N1C=C(NC(=O)C2=N[NH]C3=C2CCC(C)(C)C3)C=N1,Q08881,ITK,CRBN,Q96SW2,220.5,75.0,1,0,False
ZWWVXLXRJJSTQN,CCC1=CC=CC2=CC(O)=CC(C3=NC=C4C(N5CC6CCC(C5)N6)=NC(OCCN5CCC(CN6CC7(C6)CN(C6=CC=C8C(=O)N(C9CCC(=O)NC9=O)C(=O)C8=C6)C7)CC5)=NC4=C3F)=C12,P01116,KRAS,CRBN,Q96SW2,250.0,25.0,1,0,False
ZWXDWXHNSALXLR,CN1C=C(C2=CC=NC(N3CCN4C(=CC5=C4CC(C)(C)C5)C3=O)=C2CO)C=C(NC2=CC=C(N3CCN(CCCCCCOCCOCC(=O)NC4=CC=CC5=C4C(=O)N(C4CCC(=O)NC4=O)C5=O)CC3)C=N2)C1=O,Q06187,BTK,CRBN,Q96SW2,5.3,97.2,1,1,False
ZXEZOPTWSHMEHU,CC(=O)N1CCC2=C(C1)C(C1=CC=CC3=CC(C4=CC=C(C(=O)N5CCC(C6CN(C7=CC=CC8=C7C(=O)N(C7CCC(=O)NC7=O)C8=O)C6)CC5)N=C4)=NC=C13)=NN2C1CCOCC1,Q92793,CBP,CRBN,Q96SW2,3.7,85.0,1,1,False
ZXEZSPAYGZVVCZ,CCN1C=C(C2=CC(OC)=C(C(=O)N3CCC4(CCC(CN5CC6=CC7=C(C=C6C5)C(=O)N(C5CCC(=O)NC5=O)C7=O)CC4)CC3)C(OC)=C2)C2=CC=NC=C2C1=O,Q9H8M2,BRD9,CRBN,Q96SW2,92.0,99.0,1,1,False
ZXNULVVIUVDDCE,O=C1CCC(N2C(=O)C3=CC=C(N4CC5(CCN(CCCCOC6=CC=C([C@@H]7C8=CC=C(O)C=C8CC[C@@H]7C7=CC=C(F)C=C7)C=C6)CC5)C4)C=C3C2=O)C(=O)N1,P03372,ERalpha,CRBN,Q96SW2,5.0,75.0,1,0,False
ZXVRYWSSUREJGW,O=C1CCC(N2CC3=NC(N4CCN(CCCCCOC5=CC=C([C@@H]6C7=CC=C(O)C=C7CC[C@@H]6C6=CC=CC=C6)C=C5)CC4)=CC=C3C2=O)C(=O)N1,P03372,ERalpha,CRBN,Q96SW2,5.0,75.0,1,0,False
ZZCOGFONUQKPPF,CCS(=O)(=O)N1C=C(C2=NC(NC3=CC=C(N4CCN(C(=O)CCCC(=O)NC5=CC=CC6=C5CN(C5CCC(=O)NC5=O)C6=O)CC4)C=C3)=NC=C2C(F)(F)F)C2=CC=CC=C21,P00533,EGFR L858R/T790M/C797S,CRBN,Q96SW2,152.6,80.4,1,0,False
ZZUHCIBVSLMEGQ,O=C1CCC(N2CC3=CC(N4CCN(CCC5CCN(C6=CC=C([C@@H]7C8=CC=C(O)C=C8CC[C@@H]7C7=CC=CC=C7)C=C6)C5)CC4)=CC=C3C2=O)C(=O)N1,P03372,ERalpha,CRBN,Q96SW2,5.0,50.0,1,0,False
