ik14,Smiles,Uniprot,Target,E3 ligase,e3u,dc50_nM,dmax_pct,n_assay,active,leaked,cell_line
ABUVLEBOCBCHTJ,CCCCCCNNC(=O)C1=CC=C(CNC(=O)CCCCCCCCC(=O)N[C@H](C(=O)N2C[C@H](O)C[C@H]2C(=O)NCC2=CC=C(C3=C(C)N=CS3)C=C2)C(C)(C)C)C=C1,Q9BY41,HDAC8,VHL,P40337,62.1,93.0,1,1,False,Jurkat
ACFXVKUYZHYIDS,C[C@H]1CN(C(=O)COC2=CC=CC3=C2C(=O)N(C2CCC(=O)NC2=O)C3=O)CCN1C1=CC=C(NC2=CC(C3=CC=NC(N4CCN5C(=CC6=C5CC(C)(C)C6)C4=O)=C3CO)=CN(C)C2=O)N=C1,Q06187,BTK,CRBN,Q96SW2,1.7,96.2,1,1,False,Ramos/JeKo-1
ACMROOUABKJKKG,CN(CCCC(=O)N1CCN2C3=CC=C4C(=O)N([C@H]5CCC(=O)NC5=O)CC4=C3OC[C@H]2C1)C1=CC=C([C@@H]2C3=CC=C(O)C=C3CC[C@@H]2C2=CC=CC=C2)C=C1,P03372,ERalpha,CRBN,Q96SW2,1.6,55.0,1,0,False,MCF-7
ACOYARXDWOCIQF,CN1CCN([C@@H]2CCCN(C3=CN=C(C(N)=O)C(NC4=CN(C5CCN(CC6CCN(C7=CC=C8C(=O)N([C@@H]9CCC(=O)NC9=O)C(=O)C8=C7)CC6)CC5)N=C4)=N3)C2)C1=O,Q06187,BTK,CRBN,Q96SW2,0.63,96.0,1,1,False,TMD8
ACPPLMFDTMNKCM,C#CC1=C(F)C=CC2=CC(O)=CC(C3=NC=C4C(N5CC6CCC(C5)N6)=NC(OCCN5CCC6(CC5)CCN(CC5CCN(C7=CC=C8C(=C7)N(C(C)C)C(=O)N8C7CCC(=O)NC7=O)CC5)CC6)=NC4=C3F)=C12,P01116,KRAS,CRBN,Q96SW2,100.0,70.0,1,0,False,AsPC-1
ACWNPHGMLLQDAP,C#CC1=C(F)C=CC2=CC(O)=CC(C3=NC=C4C(N5CC6CCC(C5)N6)=NC(OC[C@@H]5C[C@@H](OC6CCN(CC7CCN(C8=CC=C9C(=O)N(C%10CCC(=O)NC%10=O)CC9=C8Cl)CC7)CC6)CN5C)=NC4=C3F)=C12,P01116,KRAS,CRBN,Q96SW2,100.0,70.0,1,0,False,AsPC-1
ADRHCEUDBUBWKX,CN(CCOCCOCCOCCOCC(=O)NC1=CC=CC2=C1C(=O)N(C1CCC(=O)NC1=O)C2=O)CC[C@@H](C1=CC=CC=C1)N1C=C(NC(=O)C2=N[NH]C3=C2CCC(C)(C)C3)C=N1,Q08881,ITK,CRBN,Q96SW2,286.2,75.0,1,0,False,Jurkat
ADRVUGPWBAQVJT,CC(=O)N1CCC2=C(C1)C(N1CCCC3=CC(C4=CN(C)N=C4)=C(C(F)F)C=C31)=NN2C1CCN(C(=O)CN2CC3=CC4=C(C=C3C2)C(=O)N(C2CCC(=O)NC2=O)C4=O)CC1,Q92793,CBP,CRBN,Q96SW2,13.95,90.5,2,1,False,
ADSIIVHEKXSDKX,CC(=O)N1CCC2=C(C1)C(N1CCCC3=CC(C4CC4)=C(C(F)F)C=C31)=NN2C1CCN(C(=O)CN2CC3=CC4=C(C=C3C2)C(=O)N(C2CCC(=O)NC2=O)C4=O)CC1,Q92793,CBP,CRBN,Q96SW2,40.5,94.0,2,1,False,
AEKWJGQYDRXUQW,CC1=C(C2=CC=C(CNC(=O)[C@@H]3C[C@@H](O)CN3C(=O)[C@@H](NC(=O)COCCOCC(=O)N3CCN(C4=CC=C(NC5=NC(NC6=CC=CC=C6S(=O)(=O)C(C)C)=C6N=C[NH]C6=N5)C=C4)CC3)C(C)(C)C)C=C2)SC=N1,P33981,TTK,VHL,P40337,1158.0,44.0,5,0,False,MV4-11 HiBiT-TTK
AFOZBJWRMXDABQ,O=C1CCC(N2CC3=CC(N4CCN(C5CCC(CCOC6=CC=C([C@@H]7C8=CC=C(O)C=C8CC[C@@H]7C7=CC=CC=C7)C=C6)C5)CC4)=CC=C3C2=O)C(=O)N1,P03372,ERalpha,CRBN,Q96SW2,5.0,50.0,1,0,False,MCF7
AGGBOQMCNPMCEP,O=C1CC[C@H](N2CC3=C(C=CC4=C3OCC43CCN(CC4CC5(CCN(C6=CC=C([C@@H]7C8=CC=C(O)C=C8CC[C@@H]7C7=CC=CC=C7)C=C6)CC5)CO4)CC3)C2=O)C(=O)N1,P03372,ERalpha,CRBN,Q96SW2,0.3034,94.0,1,1,False,MCF-7
AIHGVELLLJOFHL,COC1=CC2=NC(C)=NC(N[C@H](C)C3=CC(N)=CC(C(F)(F)F)=C3)=C2C=C1C1CCN(C(=O)COCCCC(=O)N[C@H](C(=O)N2C[C@H](O)C[C@H]2C(=O)N[C@@H](C)C2=CC=C(C3=C(C)N=CS3)C=C2)C(C)(C)C)CC1,Q07889,SOS1,VHL,P40337,49.3,97.9,1,1,False,NCI-H358
AIYLTRIUQAADGD,CC(C)(O)C1=CC2=C(C=NN2CCCCCCCCCNC2=CC=CC3=C2C(=O)N(C2CCC(=O)NC2=O)C3=O)C=C1NC(=O)C1=CC=CC(C(F)(F)F)=N1,Q9NWZ3,IRAK4,CRBN,Q96SW2,10000.0,30.0,1,0,False,OCI-Ly10
AIYNYUZXZDOMQJ,C#CC1=C(F)C=CC2=CC(O)=CC(C3=NC=C4C(N5CC6CCC(C5)N6)=NC(OCCN5CCC(CC6CCN(CC7CCN(C8=CC=CC9=C8N(C(C)C)C(=O)N9C8CCC(=O)NC8=O)CC7)CC6)CC5)=NC4=C3F)=C12,P01116,KRAS,CRBN,Q96SW2,100.0,70.0,1,0,False,AsPC-1
AJLHRCDOQDFNEX,N#CC1=CC=C(N2CCC3(CCN(C4=CC=C(C(=O)N5CCC(CCN6CCC7=CC8=C(C=C7C6)C(=O)N(C6CCC(=O)NC6=O)C8=O)CC5)C=C4)CC3)C2)C=C1Cl,P10275,AR,CRBN,Q96SW2,125.0,79.0,1,0,False,VCaP
AJSOJCBVVBEEBC,O=C1CCC(N2C(=O)C3=CC=C(N4CCN(CC5CCN(C6=C(F)C=C([C@@H]7C8=CC=C(O)C=C8CC[C@@H]7C7=CC=CC=C7)C=C6F)CC5)CC4)C=C3C2=O)C(=O)N1,P03372,ERalpha,CRBN,Q96SW2,5.0,50.0,1,0,False,MCF7
AJWSNEGCXBPCNT,C#CC1=C(F)C=CC2=CC(O)=CC(C3=NC=C4C(N5CC6CCC(C5)N6)=NC(OCCN5CCC(CN6CCN(CC7CCN(C8=CC=C9C(=C8)N(C(C)C)C(=O)N9C8CCC(=O)NC8=O)CC7)CC6)CC5)=NC4=C3F)=C12,P01116,KRAS,CRBN,Q96SW2,100.0,70.0,1,0,False,AsPC-1
AJYXITCISXKKRG,CC1=NOC([C@@H](C(=O)N2C[C@H](O)C[C@H]2C(=O)N[C@@H](CC(=O)NCCCCCCN2C=C(C3=CC(C4=CC=CC=C4O)=NN=C3N)C=N2)C2=CC=C(C3=C(C)N=CS3)C=C2)C(C)C)=C1,P51531,SMARCA2,VHL,P40337,115.5,85.0,2,0,False,
AJZOFKWTODCUAD,C[C@H]1CN(C(=O)CCOCCCC2=CC=CC3=C2CN([C@@H]2CCC(=O)NC2=O)C3=O)CCN1C1=CC=C(NC2=CC(C3=CC=NC(N4CCN5C(=CC6=C5CC(C)(C)C6)C4=O)=C3CO)=CN(C)C2=O)N=C1,Q06187,BTK,CRBN,Q96SW2,7.2,88.0,1,1,False,Ramos
AKBJWICECZPIMD,CC1=C(C2=CC=C([C@H](C)NC(=O)[C@@H]3C[C@@H](O)CN3C(=O)[C@@H](NC(=O)COCCOCCOCCN3C=C(C4=CC(C5=CC=CC=C5O)=NN=C4N)C=N3)C(C)(C)C)C=C2)SC=N1,P51531,SMARCA2,VHL,P40337,727.5,58.5,2,0,False,
ALCVDCCTZNCEIQ,CCS(=O)(=O)N1C=C(C2=NC(NC3=CC=C(N4CCN(CCCCCCCC(=O)NC5=CC=CC6=C5CN(C5CCC(=O)NC5=O)C6=O)CC4)C=C3)=NC=C2C(F)(F)F)C2=CC=CC=C21,P00533,EGFR L858R/T790M/C797S,CRBN,Q96SW2,17.0,95.0,1,1,False,H1975-TM
ALNALCAXCHYNEZ,C#CC1=C(F)C=CC2=CC(O)=CC(C3=NC=C4C(N5CC6CCC(C5)N6)=NC(OC[C@@H]5C[C@@H](OC6CCN(CC7CCN(C8=CC=C9C(=C8)N(C(C)C)C(=O)N9C8CCC(=O)NC8=O)CC7)CC6)CN5C)=NC4=C3F)=C12,P01116,KRAS,CRBN,Q96SW2,100.0,70.0,1,0,False,AsPC-1
AMLZOEQMRXMGBU,O=C1CCC(N2CC3=CC(N4CCN(CCCCCOC5=C(F)C=C([C@@H]6C7=CC=C(O)C=C7CC[C@@H]6C6=CC=CC=C6)C=C5F)CC4)=CC=C3C2=O)C(=O)N1,P03372,ERalpha,CRBN,Q96SW2,5.0,75.0,1,0,False,MCF7
AMUZAYCPNSMZKI,CC1=CC=C(NC(=O)CN2C=C(C3=CC=C4C(NC(=O)C5=CC=C(N6CCN(CCCCC(=O)N[C@H](C(=O)N7C[C@H](O)C[C@H]7C(=O)NCC7=CC=C(C8=C(C)N=CS8)C=C7)C(C)(C)C)CC6)C=C5)=N[NH]C4=C3)C=N2)C=C1C(F)(F)F,P35968,VEGFR-2,VHL,P40337,3330.0,8.7,1,0,False,HGC-27
AMVGRMOPMWIDQT,NC(=O)C1=CC=CC2=CN(C3=CC=C([C@@H]4CCCN(C(=O)C5CCN(CC6CCN(C7=CC=C8C(=O)N(C9CCC(=O)NC9=O)C(=O)C8=C7)CC6)CC5)C4)C=C3)N=C12,P09874,PARP1,CRBN,Q96SW2,20000.0,30.21,1,0,False,HCT-116
ANCKEXHDLITENC,CCC1=CC=CC2=CC(O)=CC(C3=NC=C4C(N5CC6CCC(C5)N6C)=NC(OC[C@@]56CCCN5[C@H](COC(=O)N5CCN(C7=CC=C8C(=O)N(C9CCC(=O)NC9=O)CC8=C7)CC5)CC6)=NC4=C3F)=C12,P01116,KRAS,CRBN,Q96SW2,1000.0,25.0,1,0,False,AsPC-1
ANFCGPPDNWPTOU,CC(=O)N1CCC2=C(C1)C(N1CCCC3=CC(C4=CN(C)N=C4)=C(C(F)F)C=C31)=NN2C1CCN(C(=O)CCCN2CC3=CC4=C(C=C3C2)C(=O)N(C2CCC(=O)NC2=O)C4=O)CC1,Q92793,CBP,CRBN,Q96SW2,236.5,52.5,2,0,False,
ANFFPFFAJDSUIN,CC(=O)N1CCC2=C(C1)C(C1=CC=CC3=CC(C4=CC=C(C(=O)N5CC6(CC(NC7=CC=CC8=C7C(=O)N(C7CCC(=O)NC7=O)C8=O)C6)C5)N=C4)=NC=C13)=NN2C1CCOCC1,Q92793,CBP,CRBN,Q96SW2,0.7000000000000001,97.0,2,1,False,RS4;11
APWOOBMCOBNDHY,O=C1CCC(N2CC3=CC(N4CCN(CCCCCS(=O)(=O)C5=CC=C([C@@H]6C7=CC=C(O)C=C7CC[C@@H]6C6=CC=CC=C6)C=C5)CC4)=CC=C3C2=O)C(=O)N1,P03372,ERalpha,CRBN,Q96SW2,5.0,75.0,1,0,False,MCF7
ARGWXWOIQUCZEV,CC(C)(C#N)N1C=C(C2=C[NH]C3=NC=C(C4=CC=C(N5CCC(CC6CCN(C(=O)C7=CC=C(Cl)C(N8CCC(=O)NC8=O)=C7)CC6)CC5)N=C4)N=C23)C=N1,Q92918,MAP4K1,CRBN,Q96SW2,214.0,64.0,1,0,False,Jurkat
ARONHQOAKYUHEE,CC1=C(C2=CC=C(CNC(=O)[C@@H]3C[C@@H](O)CN3C(=O)[C@@H](NC(=O)[C@H]3C[C@@H](NC(=O)C4=CC=C(C5=CN=C(NCC6=CC=CO6)N6C=NN=C56)C=C4)C3)C(C)(C)C)C=C2)SC=N1,O75530,EED,VHL,P40337,33.5,54.0,6,0,False,DB
ASAZRIHLBRZDGN,C#CC1=C(F)C=CC2=CC(O)=CC(C3=NC=C4C(N5CC6CCC(C5)N6)=NC(OC[C@@H](C)N5CCC(CC6CCN(CC7CCN(C8=CC=C9C(=O)N(C%10CCC(=O)NC%10=O)CC9=C8F)CC7)CC6)CC5)=NC4=C3F)=C12,P01116,KRAS,CRBN,Q96SW2,100.0,70.0,2,0,False,AsPC-1
ASWBOXVCGUROKR,N#CC1=CC=C(N2CCC(C3=CC=C(N4CCC(CN5CCN(C6=CC=C7C(=O)N(C8CCC(=O)NC8=O)CC7=C6)CC5)CC4)C=C3)CC2)C(F)=C1C(F)(F)F,P10275,AR,CRBN,Q96SW2,50.0,80.0,2,1,False,LnCAP
ATBRMGQNZNGMFO,C#CC1=C(F)C=CC2=CC(O)=CC(C3=NC=C4C(N5CC6CCC(C5)N6)=NC(OCCN5CCC(CC6(F)CCN(CC7CCN(C8=CC=CC9=C8CN(C8CCC(=O)NC8=O)C9=O)CC7)CC6)CC5)=NC4=C3F)=C12,P01116,KRAS,CRBN,Q96SW2,100.0,70.0,1,0,False,AsPC-1
ATCDGTRJVOCNNM,CC1=C(C2=CC=C([C@H](C)NC(=O)[C@@H]3C[C@@H](O)CN3C(=O)[C@@H](C3=CC(OCCCN4CCC(C5=CC=C6C(=C5)C(C)(C)C5=NC(=O)C7=C(Cl)C=CC=C7N65)CC4)=NO3)C(C)C)C=C2)SC=N1,P51531,SMARCA2,VHL,P40337,13.7,95.0,2,1,False,HT1080 HiBiT
AUSKCHAXYLLRLE,O=C1CCC(N2CC3=CC=C(N4CCN(CCC5CCN(C6=CC=C([C@@H]7C8=CC=C(O)C=C8CC[C@@H]7C7=CC=CC=C7)C=C6)CC5)CC4)C=C3C2=O)C(=O)N1,P03372,ERalpha,CRBN,Q96SW2,5.0,75.0,1,0,False,MCF7
AUTNFFMAIXBPJH,O=C1CCN(C2=CC(C(=O)N3CCC(CC4CCN(C5=CC=C(C6=CN=C7[NH]C=C(C8=CN([C@@H]9CCOC9)N=C8)C7=N6)C=N5)CC4)CC3)=CC=C2Cl)C(=O)N1,Q92918,MAP4K1,CRBN,Q96SW2,83.0,84.0,1,1,False,Jurkat
AVBGZOOQMRTGSE,CC1=C(C2=CC=C(CNC(=O)[C@@H]3C[C@@H](O)CN3C(=O)[C@@H](NC(=O)COCCOCCCCCCC(=O)N3CCN(C4=CC=C(NC5=CC(C6=CC=NC(N7CCN8C(=CC9=C8CC(C)(C)C9)C7=O)=C6CO)=CN(C)C5=O)N=C4)[C@@H](C)C3)C(C)(C)C)C=C2)SC=N1,Q06187,BTK,VHL,P40337,3000.0,70.0,1,0,False,Ramos/JeKo-1
AWHKRHYGENDDAD,CC[C@H]1CC2(CCN(C3=CC=C(C(=O)N4CCC(CN5CC6=CC7=C(C=C6C5)C(=O)N(C5CCC(=O)NC5=O)C7=O)CC4)C=C3)CC2)CN1C1=CC=C(C#N)C(Cl)=C1,P10275,AR,CRBN,Q96SW2,0.2,99.0,1,1,False,VCaP/LNCaP
AXNIHWLGUQGCDA,COC1=CC2=NC(C)=NC(N[C@H](C)C3=CC=CC(C(F)F)=C3F)=C2C=C1OCC1(CN(C)C(=O)CCCCCCNC2=CC=CC3=C2C(=O)N(C2CCC(=O)NC2=O)C3=O)CC1,Q07889,SOS1,CRBN,Q96SW2,540.0,72.0,1,0,False,H358
AXPGRWCCCLWKQJ,CC(=O)N1CCC2=C(C1)C(C1=CC=CC3=CC(C4=CC=C(C(=O)NCCCCCCNC5=CC=CC6=C5C(=O)N(C5CCC(=O)NC5=O)C6=O)N=C4)=NC=C13)=NN2C1CCOCC1,Q92793,CBP,CRBN,Q96SW2,0.6,93.0,2,1,False,RS4;11
AXRKIGKHAWQOIW,C#CC1=C(F)C=CC2=CC(O)=CC(C3=NC=C4C(N5CC6CCC(C5)N6)=NC(OC[C@@H]5C[C@@H](OC6CCN(C7=CC=C8C(=O)N(C9CCC(=O)NC9=O)CC8=C7)CC6)CN5C)=NC4=C3F)=C12,P01116,KRAS,CRBN,Q96SW2,100.0,70.0,1,0,False,AsPC-1
AYAZRRMDIRRQIO,NC(=O)C1=CC=CC2=CN(C3=CC=C([C@@H]4CCCN(C(=O)C5CCN(CC6CN(C7=CC=C8C(=O)N(C9CCC(=O)NC9=O)C(=O)C8=C7)C6)CC5)C4)C=C3)N=C12,P09874,PARP1,CRBN,Q96SW2,19050.0,53.86,1,0,False,HCT-116
AYSNCSVZNJFPCS,CC1=C(C2=CC=C([C@H](CO[C@H](C)CN3CCC(C4=CC=C5C(=C4)N(C4CCCC4)C4=NC(=O)C6=C(Br)C=CC=C6N54)CC3)NC(=O)[C@@H]3C[C@@H](O)CN3C(=O)[C@@H](NC(=O)C3(N(C)C)CC3)C(C)(C)C)C=C2)SC=N1,P51531,SMARCA2,VHL,P40337,88.5,75.0,2,0,False,RKO
AZHUEXVTSOWSHM,CC1=CC(C2=C[NH]C3=NC=C(C4=CC=C(C5CCN(CC6CCN(C7CN(C8=CC=C9C(=O)N(C%10CCC(=O)NC%10=O)C(=O)C9=C8)C7)CC6)CC5)C=C4)N=C23)=CC=C1C(=O)N(C)C,Q92918,MAP4K1,CRBN,Q96SW2,10000.0,38.0,1,0,False,Jurkat
AZUMMPMTXCIABP,NC(=O)C1=CC=CC2=CN(C3=CC=C([C@@H]4CCCN(C(=O)COCCOCCOCCOCCNC5=CC=C6C(=O)N(C7CCC(=O)NC7=O)C(=O)C6=C5)C4)C=C3)N=C12,P09874,PARP1,CRBN,Q96SW2,60.0,78.9,1,0,False,HCT-116
BABOKNCCEBLQBS,C#CC1=C(F)C=CC2=CC(O)=CC(C3=NC=C4C(N5CC6CCC(C5)N6)=NC(OCCN5CCC(CN6CCC(CC7CCN(C8=CC=C9C(=C8F)N(C(C)C)C(=O)N9C8CCC(=O)NC8=O)CC7)CC6)CC5)=NC4=C3F)=C12,P01116,KRAS,CRBN,Q96SW2,100.0,50.0,1,0,False,AsPC-1
BACGQACNNRMVST,C#CC1=C(F)C=CC2=CC(O)=CC(C3=NC=C4C(N5CC6CCC(C5)N6)=NC(OCCN5CCC(CN6CCN(CC7CCN(C8=CC=C9C(=O)N(C%10CCC(=O)NC%10=O)CC9=C8F)CC7)CC6)CC5(C)C)=NC4=C3F)=C12,P01116,KRAS,CRBN,Q96SW2,100.0,70.0,1,0,False,AsPC-1
BACJQQPMNYUFEJ,C#CC1=C(F)C=CC2=CC(O)=CC(C3=NC=C4C(N5CC6CCC(C5)N6)=NC(OC[C@@H]5C[C@@H](OC6CCN(C7=CC=C8C(=O)N(C9CCC(=O)NC9=O)CC8=C7F)CC6)CN5C)=NC4=C3F)=C12,P01116,KRAS,CRBN,Q96SW2,100.0,70.0,1,0,False,AsPC-1
BAFZCYGZGRCZBY,CN1CC[C@H]2CC[C@@H](C(=O)N[C@@H](CCC(N)=O)C(=O)N[C@H](CC(=O)N3CCC(C#CC4=CC=CC5=C4CN(C4CCC(=O)NC4=O)C5=O)CC3)C3=CC=CC=C3)N2C(=O)[C@@H](NC(=O)C2=CC3=CC(C(F)(F)P(=O)(O)O)=CC=C3S2)C1,P40763,STAT3,CRBN,Q96SW2,5000.0,0.0,1,0,False,STAT3 HiBiT KI HeLa
BARNYIMGLISMCW,O=C1CCC(N2C(=O)C3=CC=C(N4CC(CN5CCC(NC(=O)C6=N[NH]C=C6NC(=O)C6=C(Cl)C=CC=C6Cl)CC5)C4)C=C3C2=O)C(=O)N1,P24941,CDK2,CRBN,Q96SW2,12.98,63.19,1,0,False,HL-60
BAWWFFPYQBHNQE,O=C1CCC(N2C(=O)C3=CC4=C(C=C3C2=O)CN(C2CCN(C(=O)C3CCN(C5=CC=C([C@@H]6C7=CC=C(O)C=C7CC[C@@H]6C6=CC=CC=C6)C=C5)CC3)CC2)C4)C(=O)N1,P03372,ERalpha,CRBN,Q96SW2,1.6,95.0,1,1,False,
BAWXEUCXVYETST,CCS(=O)(=O)N1C=C(C2=NC(NC3=CC=C(N4CCN(C(=O)CCCCC(=O)NC5=CC=CC6=C5CN(C5CCC(=O)NC5=O)C6=O)CC4)C=C3)=NC=C2C(F)(F)F)C2=CC=CC=C21,P00533,EGFR L858R/T790M/C797S,CRBN,Q96SW2,300.0,48.3,1,0,False,H1975-TM
BCEPXVPMTREAEK,NC(=O)C1=CC=CC2=CN(C3=CC=C([C@@H]4CCCN(C(=O)CC5CCN(CC6CCN(C7=CC=C8C(=O)N(C9CCC(=O)NC9=O)C(=O)C8=C7)CC6)CC5)C4)C=C3)N=C12,P09874,PARP1,CRBN,Q96SW2,15560.0,59.38,1,0,False,HCT-116
BCFXYRJITKSCTA,CC1=C(C2=CC=C([C@H](C)NC(=O)[C@@H]3C[C@@H](O)CN3C(=O)[C@@H](C3=CC(OCCCCN4CCC(C5=CC=C6C(=C5)C(C)(C)C5=NC(=O)C7=C(Cl)C=CC=C7N65)CC4)=NO3)C(C)C)C=C2)SC=N1,P51531,SMARCA2,VHL,P40337,11.95,95.5,2,1,False,HT1080 HiBiT
BCTQCVAIXQOKKW,CCC1=CC=CC2=CC(O)=CC(C3=NC=C4C(N5CC6CCC(C5)N6)=NC(OCCN5CCC(CN6CCN(CC7CCN(C8=CC=C9C(=O)N(C%10CCC(=O)NC%10=O)C(=O)C9=C8)CC7)CC6)CC5)=NC4=C3F)=C12,P01116,KRAS,CRBN,Q96SW2,250.0,50.0,1,0,False,AsPC-1
BCVLYCZNORVOHF,C#CC1=C(F)C=CC2=CC(O)=CC(C3=NC=C4C(N5CC6CCC(C5)N6)=NC(OC[C@@H]5C[C@@H](OC6CCN(CC7CCN(C8=CC=CC9=C8CN(C8CCC(=O)NC8=O)C9=O)CC7)CC6)CN5C)=NC4=C3F)=C12,P01116,KRAS,CRBN,Q96SW2,100.0,70.0,1,0,False,AsPC-1
BCYNZOLSRVQEEA,CC1=NC=C(C2=CC=C3N=C(NC(=O)CCOCCCOCCC(=O)N[C@H](C(=O)N4C[C@H](O)C[C@H]4C(=O)NCC4=CC=C(C5=C(C)N=CS5)C=C4)C(C)(C)C)SC3=C2)C=C1NC(=O)OC1CCCCC1,Q13546,RIPK1,VHL,P40337,40000.0,84.0,1,0,False,
BDKALJFRDMDIAS,NC(=O)C1=CC=CC2=CN(C3=CC=C([C@@H]4CCCN(C(=O)CC5CCN(CCC6CCN(C7=CC=C8C(=O)N(C9CCC(=O)NC9=O)C(=O)C8=C7)CC6)CC5)C4)C=C3)N=C12,P09874,PARP1,CRBN,Q96SW2,20000.0,30.08,1,0,False,HCT-116
BDNSXFYBAGJQEM,O=C1CCC(N2CC3=CC(N4CCN(CC5CCN(C6=CC=C([C@@H]7C8=CC=C(O)C=C8CC[C@@H]7C7=CC=CC=C7)C(F)=C6)CC5)CC4)=CC=C3C2=O)C(=O)N1,P03372,ERalpha,CRBN,Q96SW2,5.0,50.0,1,0,False,MCF7
BFCFJGZUZGPRLK,CC(=O)N1CCC2=C(C1)C(N1CCCC3=CC(C4CCCCC4)=C(C(F)F)C=C31)=NN2C1CCN(C(=O)CN2CC3=CC4=C(C=C3C2)C(=O)N(C2CCC(=O)NC2=O)C4=O)CC1,Q92793,CBP,CRBN,Q96SW2,38.0,90.0,2,1,False,
BFIQFJPAAODXMJ,C#CC1=C(F)C=CC2=CC(O)=CC(C3=CC=C4C(N5CC6CCC(C5)N6)=NC(OCCN5CCC(CC6CCN(CC7CCN(C8=CC=C9C(=O)N(C%10CCC(=O)NC%10=O)CC9=C8F)CC7)CC6)CC5)=NC4=C3)=C12,P01116,KRAS,CRBN,Q96SW2,100.0,70.0,1,0,False,AsPC-1
BFJAUQYYPAGZSF,O=C1CC[C@H](N2CC3=C(C=CC4=C3OC[C@H]3CN(CC5COC6(CCN(C7=CC=C([C@@H]8C9=CC=C(O)C=C9CC[C@@H]8C8=CC=CC=C8)C=C7)CC6)O5)CCN43)C2=O)C(=O)N1,P03372,ERalpha,CRBN,Q96SW2,0.5,84.0,1,1,False,MCF-7
BGFZCKUUCGMNJV,CC1=C(C)C2=C(S1)N1C(C)=NN=C1[C@H](CC(=O)NCCCCCCCCC(=O)N[C@@H](CC(C)C)C(=O)N[C@H]1CC(=O)NC1=O)N=C2C1=CC=C(Cl)C=C1,O60885,BRD4,CRBN,Q96SW2,8.0,99.0,1,1,False,HEK293T
BGOYIRIGJGUHKW,O=C1CCC(N2C(=O)C3=CC=C(OCC4CCN(CC5CCN(C6=CC=C([C@@H]7C8=CC=C(O)C=C8CC[C@@H]7C7=CC=CC=C7)C=C6)CC5)CC4)C=C3C2=O)C(=O)N1,P03372,ERalpha,CRBN,Q96SW2,5.0,75.0,1,0,False,MCF7
BHFGWNJOMROHBE,O=C1CC[C@H](N2CC3=C(C=CC4=C3OCC43CCN(CC4CCC5(CCN(C6=CC=C([C@@H]7C8=CC=C(O)C=C8CC[C@@H]7C7=CC=CC=C7)C=C6)CC5)O4)CC3)C2=O)C(=O)N1,P03372,ERalpha,CRBN,Q96SW2,0.6049,86.0,1,1,False,MCF-7
BHJMKXPWFAXZQO,C#CC1=C(F)C=CC2=CC(O)=CC(C3=NC=C4C(N5CC6CCC(C5)N6)=NC(OCCN5CCC(F)(CN6CCC(CC7CCN(C8=CC=C9C(=C8)N(C)C(=O)N9C8CCC(=O)NC8=O)CC7)CC6)CC5)=NC4=C3F)=C12,P01116,KRAS,CRBN,Q96SW2,100.0,70.0,1,0,False,AsPC-1
BIAFTUVWZFGLLG,O=C1CCC(N2CC3=CC(N4CCN(CC5CCN(C6=CC=C([C@@H]7C8=CC=C(O)C=C8CC[C@@H]7C7=CC=C(O)C=C7)C=C6)CC5)CC4)=CC=C3C2=O)C(=O)N1,P03372,ERalpha,CRBN,Q96SW2,5.0,75.0,1,0,False,MCF7
BIASTFAZPRBBSG,CC1=CC(C2=C[NH]C3=NC=C(C4=CC=C(C5CCN(C6CN(C7CN(C8=CC=C9C(=O)N(C%10CCC(=O)NC%10=O)C(=O)C9=C8)C7)C6)CC5)C=C4)N=C23)=CC=C1C(=O)N(C)C,Q92918,MAP4K1,CRBN,Q96SW2,295.1,58.1,1,0,False,Jurkat
BIDOMOZYZFXRJX,CCC1=CC=CC2=CC(O)=CC(C3=NC=C4C(N5CC6CCC(C5)N6)=NC(OCCN5CCC(CC6CCN(CC7CCN(C8=CC=CC9=C8CN(C8CCC(=O)NC8=O)C9=O)CC7)CC6)CC5)=NC4=C3F)=C12,P01116,KRAS,CRBN,Q96SW2,100.0,50.0,1,0,False,AsPC-1
BIXUQMFHSNFYGK,COC1=CC(C2=CN(C)C(=O)C3=CN=CC=C23)=CC(OC)=C1CN1CCC2(CC1)CC(N1CC3=CC4=C(C=C3C1)C(=O)N(C1CCC(=O)NC1=O)C4)C2,Q9H8M2,BRD9,CRBN,Q96SW2,12.9,99.0,1,1,False,HEK 293
BJMXASDRKLKNMF,CC(=O)N1CCC2=C(C1)C(N1CCCC3=CC(C4=CN(C)N=C4)=C(C(F)F)C=C31)=NN2C1CCN(C(=O)CCCCNC2=CC=C3C(=O)N(C4CCC(=O)NC4=O)C(=O)C3=C2)CC1,Q92793,CBP,CRBN,Q96SW2,0.4,95.0,2,1,False,VCaP
BKOBTLASDDXIFV,CC1=C(C2=CC=C(CNC(=O)[C@@H]3C[C@@H](O)CN3C(=O)[C@@H](NC(=O)CCCC(=O)NCC(=O)N3CCN(C4=CC=C(NC5=NC(NC6=CC=CC=C6S(=O)(=O)C(C)C)=C6N=C[NH]C6=N5)C=C4)CC3)C(C)(C)C)C=C2)SC=N1,O14965,AURKA,VHL,P40337,619.0,43.65,2,0,False,MV4-11 HiBiT-TTK
BKPOBOXXAAENEJ,CCC1=C(F)C=CC2=CC(O)=CC(C3=NC=C4C(N5C[C@@H]6CC[C@H](C5)N6)=NC(OC[C@@H]5C[C@@H](F)CN5CCCCOCC(=O)N[C@H](C(=O)N5C[C@H](O)C[C@H]5C(=O)N[C@@H](C)C5=CC=C(C6=C(C)N=CS6)C=C5)C(C)(C)C)=NC4=C3F)=C12,P01116,KRAS G12D,VHL,P40337,87.2,96.2,1,1,False,AsPC-1
BKRHXSCTDWOIHA,N#CC1=CC=CC(C2=NN(CC3=CC=CC(C4=NC=C(OCC5CCN(CC(=O)NCCOCCNC6=CC=C7C(=O)N(C8CCC(=O)NC8=O)C(=O)C7=C6)CC5)C=N4)=C3)C(=O)C=C2)=C1,P08581,c-Met,CRBN,Q96SW2,0.69,99.0,1,1,False,EBC-1/Hs746T
BLWSMGOTKQNWIF,CC1=C(C2=CC=C(CNC(=O)[C@@H]3C[C@@H](O)CN3C(=O)[C@@H](NC(=O)COCCCCOC3=CC=C(C4CCN(C5=NN6C(=NN=C6C(F)(F)F)CC5)CC4)C=C3)C(C)(C)C)C=C2)SC=N1,P10275,AR,VHL,P40337,3420.0,94.0,2,0,False,LNCaP/CWR22Rv1/VCaP
BLZCIKKOCYPIFK,CC1=NC(NC2=NC=C(C(=O)NC3=C(C)C=CC=C3Cl)S2)=CC(N2CCN(CCCN3CCC(C4=CC=C(C5CCC(=O)NC5=O)C=C4)CC3)CC2)=N1,P06239,LCK,CRBN,Q96SW2,2.46,87.0,1,1,False,KOPT-K1
BMFQDIJFSLSDGG,CC(=O)N1CCC2=C(C1)C(N1CCCC3=CC(C4=CN(C)N=C4)=C(C(F)F)C=C31)=NN2C1CCN(CC2CN(C3=CC=C4C(=O)N(C5CCC(=O)NC5=O)C(=O)C4=C3)C2)CC1,Q92793,CBP,CRBN,Q96SW2,0.75,95.0,2,1,False,VCaP
BMKXYTSUYCUXGR,CCS(=O)(=O)N1C=C(C2=NC(NC3=CC=C(N4CCN(C(=O)CCC(=O)NC5=CC=CC6=C5CN(C5CCC(=O)NC5=O)C6=O)CC4)C=C3)=NC=C2C(F)(F)F)C2=CC=CC=C21,P00533,EGFR L858R/T790M/C797S,CRBN,Q96SW2,180.2,88.4,1,0,False,H1975-TM
BNBZPIRDZWDOBS,CC1=CC(C2=C[NH]C3=NC=C(C4=CC=C(C5CCN(C6CN(C(=O)C7CCN(C8=CC=C(NC9CCC(=O)NC9=O)C=C8)CC7)C6)CC5)C=C4)N=C23)=CC=C1C(=O)N(C)C,Q92918,MAP4K1,CRBN,Q96SW2,10000.0,41.4,1,0,False,Jurkat
BNXHIGZFJKRLPQ,NC(=O)C1=CC=CC2=CN(C3=CC=C([C@@H]4CCCN(C(=O)CC5CCN(C(=O)CC6CCN(C(=O)C7CCN(C8=CC=C9C(=O)N(C%10CCC(=O)NC%10=O)C(=O)C9=C8)CC7)CC6)CC5)C4)C=C3)N=C12,P09874,PARP1,CRBN,Q96SW2,20000.0,6.96,1,0,False,HCT-116
BNZBBHXKCFPTND,CC1=C(C)C2=C(S1)N1C(C)=NN=C1[C@H](CC(=O)NCCCNC1=CC=C(CC3=CC=C4C(=O)N(C5CCC(=O)NC5=O)CC4=C3)C=C1)N=C2C1=CC=C(Cl)C=C1,O60885,BRD4,CRBN,Q96SW2,16.7,48.0,1,0,False,HEK293
BOGUYWKARAFBPH,O=C1CC[C@H](N2CC3=C(C=CC4=C3OCC43CCN(CCCC4CCN(C5=CC=C([C@@H]6C7=CC=C(O)C=C7CC[C@@H]6C6=CC=CC=C6)C=C5)CC4)CC3)C2=O)C(=O)N1,P03372,ERalpha,CRBN,Q96SW2,0.03802,98.0,1,1,False,MCF-7
BOTLERLEUZNEQQ,COC1=CC(C2=CN(C)C(=O)C3=CN=CC=C23)=CC(OC)=C1CN1CC(N2CC3=CC4=C(C=C3C2)C(=O)N(C2CCC(=O)NC2=O)C4)C1,Q9H8M2,BRD9,CRBN,Q96SW2,144.0,68.0,1,0,False,HEK 293
BOTNYBYGXINQBK,C#CC1=C(F)C=CC2=CC=CC(C3=NC=C4C(N5CC6CCC(C5)N6)=NC(OCC5(CN6CCC(F)(CN7CCN(C8=CC=C9C(=C8)N(C)C(=O)N9C8CCC(=O)NC8=O)CC7)CC6)CC5)=NC4=C3F)=C12,P01116,KRAS,CRBN,Q96SW2,100.0,50.0,1,0,False,AsPC-1
BOVQJWFEGGGBSA,C#CC1=C(F)C=CC2=CC(O)=CC(C3=NC=C4C(N5CC6CCC(C5)N6)=NC(OCCN5CCC(CN6CCC(CC7CCN(C8=CC=C9C(=C8F)N(C)C(=O)N9C8CCC(=O)NC8=O)CC7)CC6)CC5)=NC4=C3F)=C12,P01116,KRAS,CRBN,Q96SW2,100.0,70.0,1,0,False,AsPC-1
BOYDCCMACMIQHO,CC1=CC(C2=C[NH]C3=NC=C(C4=CC=C(C5CCN(C6CN(CC7CCN(C8=CC=C(N9CCC(=O)NC9=O)C(C)=C8)CC7)C6)CC5)C=C4)N=C23)=CC=C1C(=O)N(C)C,Q92918,MAP4K1,CRBN,Q96SW2,126.9,79.3,1,0,False,Jurkat
BPMPMTNALPLART,CC1=C(C)C2=C(S1)N1C(C)=NN=C1[C@H](CC(=O)NCCCCCCCCC(=O)N[C@@H](CC1=CC=C(O)C=C1)C(=O)N[C@H]1CC(=O)NC1=O)N=C2C1=CC=C(Cl)C=C1,O60885,BRD4 BD1,CRBN,Q96SW2,168.0,82.0,3,0,False,HEK293T
BQMMQVMQKXUBSK,C[C@@H]1CC2=C([NH]C3=CC=CC=C23)[C@@H](C2=C(F)C=C(N3CCC4(CCN(C(=O)CN5CC6=CC7=C(C=C6C5)C(=O)N(C5CCC(=O)NC5=O)C7=O)CC4)CC3)C=C2F)N1CC(F)F,P03372,ERalpha,CRBN,Q96SW2,0.8,106.0,1,1,False,
BQQDAXSFOGOWRE,CC1=NOC(C)=C1C1=CC=C2C(=C1)N=C([C@@H]1CCCC(=O)N1C1=CC=C(F)C(F)=C1)N2[C@H]1CC[C@H](OCC(=O)NC2=CC=C(OC3CCN(C4=CC=C5C(=O)N(C6CCC(=O)NC6=O)C(=O)C5=C4)CC3)C=C2)CC1,Q92793,CBP,CRBN,Q96SW2,1.4,92.5,2,1,False,22Rv1/LNCaP/VCaP
BRTHDWUEKWQNLW,O=C1CCC(N2C(=O)C3=CC=C(C4=CN=C(N5CCN(CCOC6=CC=C([C@@H]7C8=CC=C(O)C=C8CC[C@@H]7C7=CC=C(F)C=C7)C=C6)CC5)C=N4)C=C3C2=O)C(=O)N1,P03372,ERalpha,CRBN,Q96SW2,50.0,75.0,1,0,False,MCF7
BRVKXRGJXOTRLD,CC1=C(C)C2=C(S1)N1C(C)=NN=C1[C@H](CC(=O)NCCCCCCCCC(=O)N[C@@H](CC1=C[NH]C3=CC=CC=C13)C(=O)N[C@H]1CCC(=O)NC1=O)N=C2C1=CC=C(Cl)C=C1,O60885,BRD4,CRBN,Q96SW2,48.0,99.0,1,1,False,HEK293T
BSQNILTVRXZUQD,O=C1CC[C@H](N2CC3=C(C=CC4=C3OC[C@H]3CN(C(=O)CN5CCC6(CC5)CN(C5=CC=C([C@@H]7C8=CC=C(O)C=C8CC[C@@H]7C7=CC=CC=C7)C=C5)C6)CCN43)C2=O)C(=O)N1,P03372,ERalpha,CRBN,Q96SW2,0.021,100.0,1,1,False,MCF-7
BTFZUHUKXYZEIP,CC1=NOC(C)=C1C1=CC=C2C(=C1)N=C([C@@H]1CCCC(=O)N1C1=CC=C(F)C(F)=C1)N2[C@H]1CC[C@H](OCC(=O)N(C)C2CCN(C3=CC=C4C(=O)N(C5CCC(=O)NC5=O)C(=O)C4=C3)CC2)CC1,Q92793,CBP,CRBN,Q96SW2,45.35,82.0,2,1,False,22Rv1
BUEXWHUMUYQITQ,COC1=CC(OC)=C(Cl)C(NC(=O)N(C)C2=CC(NC3=CC=C(N4CCN(C(=O)C5CCN(C6=CC=C7C(=O)N(C8CCC(=O)NC8=O)C(=O)C7=C6)CC5)CC4)C=C3)=NC=N2)=C1Cl,P21802,FGFR2,CRBN,Q96SW2,11.8,80.0,1,1,False,KATO III
BUSHRVRBJUJRHC,C#CC1=C(F)C=CC2=CC=CC(C3=NC=C4C(N5CC6CCC(C5)N6)=NC(OC[C@@]56CCCN5[C@H](CN5CCN(CC7CCN(C8=CC=C9C(=O)N(C%10CCC(=O)NC%10=O)CC9=C8F)CC7)CC5)CC6)=NC4=C3F)=C12,P01116,KRAS,CRBN,Q96SW2,100.0,70.0,1,0,False,AsPC-1
BUVZNGYPKFISMJ,CC[C@@H](C)[C@H](NC(=O)CCCCCCCCNC(=O)C[C@@H]1N=C(C2=CC=C(Cl)C=C2)C2=C(SC(C)=C2C)N2C(C)=NN=C12)C(=O)N[C@H]1CCC(=O)NC1=O,O60885,BRD4,CRBN,Q96SW2,8.0,99.0,1,1,False,HEK293T
BVUCYUHIVLTURA,CC1=C(C2=CC=C(CNC(=O)[C@@H]3C[C@@H](O)CN3C(=O)[C@@H](NC(=O)CCCCCCCCNC(=O)CN3CCN(C(=O)C4=CC=C(NC5=NC(C6CC6)=CN6C(C7=C[NH]N=C7)=CN=C56)C(F)=C4)CC3)C(C)(C)C)C=C2)SC=N1,Q13882,PTK6,VHL,P40337,21.0,84.0,1,1,False,MDA-MB-231/LM2-4
BWFPCIGALPXWPF,CC1=C(C2=CC=C([C@H](CO[C@H](C)CN3CCC(C4=CC=C5C(=C4)N(C4CCCC4)C4=NC(=O)C6=C(Br)C=CC=C6N54)CC3)NC(=O)[C@@H]3C[C@@H](O)CN3C(=O)[C@@H](NC(=O)C3(F)CC3)C(C)(C)C)C=C2)SC=N1,P51531,SMARCA2,VHL,P40337,892.0,82.0,2,0,False,RKO
BWHOAPFNBIFKAF,CC(=O)N1CCC2=C(C1)C(N1CCCC3=CC(C4=CN(C)N=C4)=C(C(F)F)C=C31)=NN2C1CCN(C(=O)CCCCCN2CC3=CC4=C(C=C3C2)C(=O)N(C2CCC(=O)NC2=O)C4=O)CC1,Q92793,CBP,CRBN,Q96SW2,235.0,84.5,2,0,False,
BXBADDOYKAVBPB,O=C1CCC(N2CC3=C(C=C(F)C(N4CCN(C5CC6(C5)CN(CCOC5=CC=C([C@@H]7C8=CC=C(O)C=C8CC[C@@H]7C7=CC=CC=C7)C=C5)C6)CC4)=C3F)C2=O)C(=O)N1,P03372,ERalpha,CRBN,Q96SW2,5.0,75.0,1,0,False,MCF7
BXZCAZQCSDZOPG,C#CC1=C(F)C=CC2=CC=CC(C3=NC=C4C(N5CC6CCC(C5)N6)=NC(OC[C@]56CCCN5[C@H](CN5CCN(C7=CC=C8C(=O)N(C9CCC(=O)NC9=O)CC8=C7)CC5)CC6)=NC4=C3F)=C12,P01116,KRAS,CRBN,Q96SW2,625.0,60.0,2,0,False,AsPC-1
BYPUUWWNEKQLNS,CC1=NC(NC2=NC=C(C(=O)NC3=C(C)C=CC=C3Cl)S2)=CC(N2CCC(CN3CCN(C4=CC=C(C5CCC(=O)NC5=O)C=C4)CC3)CC2)=N1,P06239,LCK,CRBN,Q96SW2,17.5,77.0,1,0,False,KOPT-K1
BZECJEIHNUUQGB,NC1=NC=NC2=C1C(C1=CC=C(OC3=CC=CC=C3)C=C1)=NN2C1CCN(C(=O)CN2CCN(CC3CN(C4=CC=CC5=C4C(=O)N(C4CCC(=O)NC4=O)C5=O)C3)CC2)CC1,Q06187,BTK,CRBN,Q96SW2,7.27,97.56,1,1,False,Ramos/Mino
CAIZDTGPHVIVNW,C#CC1=C(F)C=CC2=CC(O)=CC(C3=NC=C4C(N5CC6CCC(C5)N6)=NC(OCCN5CCC(CC6CCN(CC7CCN(C8=CC=C9C(=O)N(C%10CCC(=O)NC%10=O)CC9=C8)CC7)CC6)CC5)=NC4=C3F)=C12,P01116,KRAS,CRBN,Q96SW2,100.0,70.0,3,0,False,AsPC-1
CCGDUFKHVCWPGU,O=C1CCC(N2CC3=NC(N4CCN(CC5CCN(C6=CC=C([C@@H]7C8=CC=C(O)C=C8CC[C@@H]7C7=CC=CC=C7)C=C6F)CC5)CC4)=CC=C3C2=O)C(=O)N1,P03372,ERalpha,CRBN,Q96SW2,5.0,75.0,1,0,False,MCF7
CDPPFGYWNYFBJP,O=C1CCC(N2CC3=CC(C4=CN(C5CN(C[C@@H]6CCN(C7=CC=C([C@@H]8C9=CC=C(O)C=C9CC[C@@H]8C8=CC=CC=C8)C=C7)C6)C5)N=C4)=CC=C3C2=O)C(=O)N1,P03372,ERalpha,CRBN,Q96SW2,5.0,75.0,2,0,False,MCF7
CDTOXJLABDJMQI,CC1(C2=CC=C(OCCCCCN3CCN(C4=CC=C5C(=O)N(C6CCC(=O)NC6=O)C(=O)C5=C4)CC3)C=C2)C2=CC=C(O)C=C2CCN1C1=CC=C(F)C=C1,P03372,ERalpha,CRBN,Q96SW2,5.0,75.0,1,0,False,MCF7
CEEFTINJRMZDCF,O=C1CCC(N2C(=O)C3=CC=C(N4CC(CN5CCC(N6CCC(NC(=O)C7=N[NH]C=C7NC(=O)C7=C(Cl)C=CC=C7Cl)CC6)CC5)C4)C=C3C2=O)C(=O)N1,P24941,CDK2,CRBN,Q96SW2,100.0,43.3,1,0,False,HL-60
CEQYTRYZACKCQQ,CC[C@@H](CO)NC1=NC2=C(C(C)C)C=NN2C(NCC2=CC=C(NC(=O)N3CCC(N4CCN(C5=CC=C6C(=O)N(C7CCC(=O)NC7=O)C(=O)C6=C5)CC4)CC3)C=C2)=C1,P50750,CDK9,CRBN,Q96SW2,3.16,100.0,1,1,False,MDA-MB-231
CEVGSAQBAYMCOM,CN(CCCOCCCC1=CC=CC2=C1N(C)C(=O)N2C1CCC(=O)NC1=O)C[C@H]1CC[C@H](N2C=C(NC(=O)C3=C4N=CC=CN4N=C3)C(C(F)F)=N2)CC1,Q9NWZ3,IRAK4,CRBN,Q96SW2,10000.0,95.0,1,0,False,OCI-Ly10
CFJHWTNVZZUCND,C#CC1=C(F)C=CC2=CC(O)=CC(C3=NC=C4C(N5CC6CCC(C5)N6)=NC(OCCN5CCC(CN6CCC(CC7CCN(C8=CC=C9C(=O)N(C%10CCC(=O)NC%10=O)CC9=C8)CC7)CC6)CC5)=NC4=C3F)=C12,P01116,KRAS,CRBN,Q96SW2,100.0,70.0,1,0,False,AsPC-1
CFKSLEVNKGAZLG,O=C1CC[C@H](N2CC3=C(C=CC4=C3OCC43CCN(CC(=O)N4CCC5(CC4)CCN(C4=CC=C([C@@H]6C7=CC=C(O)C=C7CC[C@@H]6C6=CC=CC=C6)C=C4)CC5)CC3)C2=O)C(=O)N1,P03372,ERalpha,CRBN,Q96SW2,0.03638,100.0,1,1,False,MCF-7
CIERPKOAWWRVGL,CN1CC[C@H]2CC[C@@H](C(=O)N[C@@H](CCC(N)=O)C(=O)NC3(C(=O)N4CCC(CCC#CC5=CC=CC6=C5CN(C5CCC(=O)NC5=O)C6=O)CC4)CCCCC3)N2C(=O)[C@@H](NC(=O)C2=CC3=CC(C(F)(F)P(=O)(O)O)=CC=C3S2)C1,P40763,STAT3,CRBN,Q96SW2,5000.0,0.0,1,0,False,STAT3 HiBiT KI HeLa
CJNXAWUQEHJXFM,CCC1=CC=CC2=CC(O)=CC(C3=NC=C4C(N5CC6CCC(C5)N6)=NC(OC[C@@]56CCCN5[C@H](COC(=O)N5CCN(C7=CC=CC8=C7CN(C7CCC(=O)NC7=O)C8=O)CC5)CC6)=NC4=C3F)=C12,P01116,KRAS,CRBN,Q96SW2,100.0,50.0,1,0,False,AsPC-1
CKVSRIJZIQJZGE,COC1=CC2=NC(C)=NC(N[C@H](C)C3=CC(N)=CC(C(F)(F)F)=C3)=C2C=C1OCC1(CN(C)C(=O)CCCCCCNC2=CC=CC3=C2CN(C2CCC(=O)NC2=O)C3=O)CC1,Q07889,SOS1,CRBN,Q96SW2,151.0,81.0,1,0,False,H358
CKXFAVYWVQQDCA,CCC(C)(C)C(=O)C(=O)N1CCCC[C@H]1C(=O)O[C@H](CCC1=CC=C(OC)C(OC)=C1)C1=CC=CC(NC(=O)CCC(=O)NCCCCCCC(=O)N[C@@H](C)C(=O)N[C@H]2CCC(=O)NC2=O)=C1,P62942,FKBP12,CRBN,Q96SW2,586.0,96.0,1,0,False,HEK293T
CLMAGEKQBJFDQU,CC(=O)N1CCC2=C(C1)C(C1=CC=CC3=CC(C4=CC=C(C(=O)N5CCC6(CC5)CC(NC5=CC=CC7=C5C(=O)N(C5CCC(=O)NC5=O)C7=O)C6)N=C4)=NC=C13)=NN2C1CCOCC1,Q92793,CBP,CRBN,Q96SW2,5.5,73.5,2,0,False,RS4;11
CLOGPFCVCQLTFP,CCC1=CC=CC2=CC(O)=CC(C3=NC=C4C(N5CC6CCC(C5)N6)=NC(OCCN5CCC(C6=CC=C7C(=O)N(C8CCC(=O)NC8=O)C(=O)C7=C6)CC5)=NC4=C3F)=C12,P01116,KRAS,CRBN,Q96SW2,1000.0,50.0,1,0,False,AsPC-1
CMAGYLGVBWUBOU,CCC1=CC=CC2=CC(O)=CC(C3=NC=C4C(N5C[C@@H]6CC[C@H](C5)N6)=NC(OC[C@@H]5CCCN5CCCCOCCC(=O)N[C@H](C(=O)N5C[C@H](O)C[C@H]5C(=O)N[C@@H](C)C5=CC=C(C6=C(C)N=CS6)C=C5)C(C)(C)C)=NC4=C3F)=C12,P01116,KRAS G12D,VHL,P40337,1310.0,90.2,1,0,False,AsPC-1
CMHZLXRKWLPGRA,CCC1=CC=CC2=CC(O)=CC(C3=NC=C4C(N5CC6CCC(C5)N6)=NC(OCCN5CCC(CN6CCN(C7=CC=C8C(=O)N(C9CCC(=O)NC9=O)C(=O)C8=C7)CC6)CC5)=NC4=C3F)=C12,P01116,KRAS,CRBN,Q96SW2,1000.0,50.0,1,0,False,AsPC-1
CMXBIGSUZMPPRI,O=C1CCC(N2C(=O)C3=CC4=C(C=C3C2=O)CN(CC(=O)N2CCC3(CCN(C5=CC=C([C@@H]6C7=CC=C(O)C=C7CC[C@@H]6C6=CC=CC=C6)C=C5)CC3)C2)C4)C(=O)N1,P03372,ERalpha,CRBN,Q96SW2,4.6,75.0,1,0,False,
CNOWYWLQWIORPN,C#CC1=C(F)C=CC2=CC(O)=CC(C3=CC=C4C(N5CC6CCC(C5)N6)=NC(OCCN5CCN(CC6CCN(CC7CCN(C8=CC=C9C(=C8)N(C)C(=O)N9C8CCC(=O)NC8=O)CC7)CC6)CC5(C)C)=NC4=C3F)=C12,P01116,KRAS,CRBN,Q96SW2,100.0,50.0,1,0,False,AsPC-1
COKARWVIPXUBBF,CC1=NOC([C@H](C(=O)N2C[C@H](O)C[C@H]2C(=O)N[C@@H](CC(=O)NCCOCCOCCOCCNC(=O)C[C@@H]2N=C(C3=CC=C(Cl)C=C3)C3=C(SC(C)=C3C)N3C(C)=NN=C23)C2=CC=C(C3=C(C)N=CS3)C=C2)C(C)C)=C1,O60885,BRD4,VHL,P40337,560.0,93.0,1,0,False,A549
CPUGPFMQNPPUFH,CC1=C(C2=CC=C([C@H](C)NC(=O)[C@@H]3C[C@@H](O)CN3C(=O)[C@@H](NC(=O)C3=CC=CC(N4CCN(C5=CC(C6=CC=CC=C6O)=NN=C5N)CC4)=N3)C(C)(C)C)C=C2)SC=N1,P51531,SMARCA2,VHL,P40337,95.0,95.0,1,1,False,A375
CRBGTTZMTNBASJ,C#CC1=C(F)C=CC2=CC(O)=CC(C3=NC=C4C(N5CC6CCC(C5)N6)=NC(OC[C@@H]5CC[C@@H](COC(=O)N6CCN(C7=CC=CC8=C7CN(C7CCC(=O)NC7=O)C8=O)CC6)N5C)=NC4=C3F)=C12,P01116,KRAS,CRBN,Q96SW2,1000.0,25.0,1,0,False,AsPC-1
CRMDRFIUPPEYQV,CC1=C(C)C2=C(S1)N1C(C)=NN=C1[C@H](CC(=O)NCCCCCCCCNC(=O)COC1=CC=CC3=C1C(=O)N(C1CC(=O)NC1=O)C3=O)N=C2C1=CC=C(Cl)C=C1,O60885,BRD4 BD1,CRBN,Q96SW2,557.0,43.0,3,0,False,HEK293T
CSNPVEIUSQQSBW,O=C1CCC(N2C(=O)C3=CC=CC(OCCCCN4C=C(CCCCCCCCCCN5CCC(NC(=O)C6=C(NC(=O)C7=C(Cl)C=CC=C7Cl)C=N[NH]6)CC5)N=N4)=C3C2=O)C(=O)N1,P50750,CDK9,CRBN,Q96SW2,40.0,88.6,1,1,False,MOLM-13
CUHQSAFKNPVULS,N#CC1=CC=C(N2CCC(C3=CC=C(OCCCCN4CCN(C5=CC=C6C(=O)N(C7CCC(=O)NC7=O)CC6=C5)CC4)C=C3)CC2)C=C1C(F)(F)F,P10275,AR,CRBN,Q96SW2,7.0,97.0,1,1,False,LnCAP
CVKQCCMWCAPLPB,NC(=O)C1=CC=CC2=CN(C3=CC=C([C@@H]4CCCN(C(=O)CC5CCN(C(=O)CC6CCN(CC7CN(C8=CC=C9C(=O)N(C%10CCC(=O)NC%10=O)C(=O)C9=C8)C7)CC6)CC5)C4)C=C3)N=C12,P09874,PARP1,CRBN,Q96SW2,16340.0,47.58,1,0,False,HCT-116
CVUVXYSJMLTDOZ,O=C1CCC(N2C(=O)C3=CC=C(N4CCN(CC5CCN(C6=CC=C([C@@H]7C8=CC=C(O)C=C8CC[C@@H]7C7=CC=CC=C7)C=C6)CC5)CC4)C=C3C2=O)C(=O)N1,P03372,ERalpha,CRBN,Q96SW2,5.0,75.0,1,0,False,MCF7
CWPYAQAUDZXPCR,O=C1CC[C@H](N2CC3=C(C=CC4=C3OCC43CCN(CC(=O)N4CCC5(CC4)CN(C4=CC=C([C@@H]6C7=CC=C(O)C=C7CC[C@@H]6C6=CC=CC=C6)C=C4)C5)CC3)C2=O)C(=O)N1,P03372,ERalpha,CRBN,Q96SW2,0.0255,100.0,1,1,False,MCF-7
CXGNUIAJMASHEF,C#CC1=C(F)C=CC2=CC(O)=CC(C3=NC=C4C(N5CC6CCC(C5)N6)=NC(OCCN5CCC(F)(CN6CCN(CC7CCN(C8=CC=C9C(=C8)N(C)C(=O)N9C8CCC(=O)NC8=O)CC7)CC6)CC5)=NC4=C3F)=C12,P01116,KRAS,CRBN,Q96SW2,100.0,70.0,1,0,False,AsPC-1
CXJGNQXWKVPWMM,CC(=O)N1CCC2=C(C1)C(N1CCCC3=CC(C4=CN(C)N=C4)=C(C(F)F)C=C31)=NN2[C@H]1CC[C@H](CN2CCN(C3=CC=C4C(=O)N(C5CCC(=O)NC5=O)C(=O)C4=C3)CC2)CC1,Q92793,CBP,CRBN,Q96SW2,0.25,95.0,2,1,False,VCaP/LNCaP/22Rv1
CXPSCYPEJFGWBU,C#CC1=C(F)C=CC2=CC(O)=CC(C3=NC=C4C(N5CC6CCC(C5)N6)=NC(OCCN5CCC(CN6CCN(CC7CCN(C8=CC=C9C(=O)N(C%10CCC(=O)NC%10=O)CC9=C8)CC7)CC6)CC5)=NC4=C3F)=C12,P01116,KRAS,CRBN,Q96SW2,100.0,70.0,1,0,False,AsPC-1
CXVXDOPSPYRBNI,O=C1CCC(N2C(=O)C3=CC4=C(C=C3C2=O)CN(CC(=O)N2CCCC3(CCN(C5=CC=C([C@@H]6C7=CC=C(O)C=C7CC[C@@H]6C6=CC=CC=C6)C=C5)CC3)C2)C4)C(=O)N1,P03372,ERalpha,CRBN,Q96SW2,393.0,58.0,1,0,False,
CYJFWNTWVNSCOX,CC(C)S(=O)(=O)C1=CC=CC=C1NC1=NC(NC2=CC=C(N3CCN(CC(=O)NC4=CC=CC5=C4C(=O)N(C4CCC(=O)NC4=O)C5=O)CC3)C=C2)=NC2=C1N=C[NH]2,P33981,TTK,CRBN,Q96SW2,205.0,33.4,3,0,False,MV4-11 HiBiT-TTK
CYJKOWYZBRAJJB,CC1=CC=C(NC(=O)CN2C=C(C3=CC=C4C(NC(=O)C5=CC=C(N6CCN(C(=O)CCCCC(=O)N[C@H](C(=O)N7C[C@H](O)C[C@H]7C(=O)NCC7=CC=C(C8=C(C)N=CS8)C=C7)C(C)(C)C)CC6)C=C5)=N[NH]C4=C3)C=N2)C=C1C(F)(F)F,P35968,VEGFR-2,VHL,P40337,3330.0,17.3,1,0,False,HGC-27
CYKIHYPQZUDKDD,CC1=CC=C(NC(=O)CN2C=C(C3=CC=C4C(NC(=O)C5=CC=C(NC(=O)CCCCC(=O)N6CCN(CCCCC(=O)N[C@H](C(=O)N7C[C@H](O)C[C@H]7C(=O)NCC7=CC=C(C8=C(C)N=CS8)C=C7)C(C)(C)C)CC6)C=C5)=N[NH]C4=C3)C=N2)C=C1C(F)(F)F,P35968,VEGFR-2,VHL,P40337,640.0,38.5,1,0,False,HGC-27/HUVEC
CZJSNFIBYLCJGN,CC1=C(C)C2=C(S1)N1C(C)=NN=C1[C@H](CC(=O)NCCCCCCNC1=CC=C(CC3=CC=C4C(=O)N(C5CCC(=O)NC5=O)CC4=C3)C=C1)N=C2C1=CC=C(Cl)C=C1,O60885,BRD4,CRBN,Q96SW2,2.0,59.0,1,0,False,HEK293
CZPJJHAGQOTYEJ,CC1=C(C2=CC=C([C@H](C)NC(=O)[C@@H]3C[C@@H](O)CN3C(=O)[C@@H](NC(=O)C3=CC=NC(N4CCN(C5=CN=NC(C6=CC=CC=C6O)=C5)CC4)=C3)C(C)(C)C)C=C2)SC=N1,P51531,SMARCA2,VHL,P40337,469.0,65.0,1,0,False,A375
DBCBONGVJRKWGN,O=C1CCC(N2C(=O)C3=CC=C(N4CCN(CCC5CCN(C6=CC=C([C@@H]7C8=CC=C(O)C=C8CC[C@@H]7C7=CC=CC=C7)C=C6)CC5)CC4)C=C3C2=O)C(=O)N1,P03372,ERalpha,CRBN,Q96SW2,5.0,75.0,1,0,False,MCF7
DBLOHMVEVJIEPT,C#CC1=C(F)C=CC2=CC(O)=CC(C3=NC=C4C(N5CC6CCC(C5)N6)=NC(OCCN5CCC6(CC5)CCN(CC5CCN(C7=CC=C8C(=O)N(C9CCC(=O)NC9=O)CC8=C7F)CC5)CC6)=NC4=C3F)=C12,P01116,KRAS,CRBN,Q96SW2,100.0,70.0,1,0,False,AsPC-1
DBZBSIABLAXYQF,O=C1CCC(N2C(=O)C3=CN=C(N4CCN(CCCCCOC5=CC=C([C@@H]6C7=CC=C(O)C=C7CC[C@@H]6C6=CC=C(F)C=C6)C=C5)CC4)C=C3C2=O)C(=O)N1,P03372,ERalpha,CRBN,Q96SW2,5.0,50.0,1,0,False,MCF7
DCQPFBPLVREYQW,CCN1CCC(N2C=C(C3=C[NH]C4=NC=C(C5=CC=C(N6CCC(C)(CN7CCN(C(=O)C8=CC=C(Cl)C(N9CCC(=O)NC9=O)=C8)CC7)CC6)C=C5)N=C34)C=N2)CC1,Q92918,MAP4K1,CRBN,Q96SW2,52.4,81.0,1,1,False,Jurkat
DDGLFVWBLINNFM,O=C1CCC(N2CC3=CC(C4=CN(CCC5CCN(C6=CC=C([C@@H]7C8=CC=C(O)C=C8CC[C@@H]7C7=CC=CC=C7)C=C6)CC5)N=C4)=CC=C3C2=O)C(=O)N1,P03372,ERalpha,CRBN,Q96SW2,5.0,50.0,1,0,False,MCF7
DDWYIJVVFDEBAV,CC(=O)N1CCC2=C(C1)C(N1CCCC3=CC(C4=CN(C)N=C4)=C(C(F)F)C=C31)=NN2C1CCN(C(=O)NC2=CC=CC3=C2C(=O)N(C2CCC(=O)NC2=O)C3=O)CC1,Q92793,CBP,CRBN,Q96SW2,1000.0,50.0,2,0,False,VCaP
DEWYRSGQGYGJMX,CCC1=C(F)C=CC2=CC(O)=CC(C3=NC=C4C(N5CC6CCC(C5)N6)=NC(OCCN5CCC(CC6CCN(CC7CCN(C8=CC=CC9=C8N(C)C(=O)N9C8CCC(=O)NC8=O)CC7)CC6)CC5)=NC4=C3F)=C12,P01116,KRAS,CRBN,Q96SW2,100.0,70.0,1,0,False,AsPC-1
DGDYTCIJBXSVPQ,C[C@H]1CN(C(=O)CNC2=CC=CC3=C2C(=O)N(C2CCC(=O)NC2=O)C3=O)CCN1C1=CC=C(NC2=CC(C3=CC=NC(N4CCN5C(=CC6=C5CC(C)(C)C6)C4=O)=C3CO)=CN(C)C2=O)N=C1,Q06187,BTK,CRBN,Q96SW2,0.5,97.1,1,1,False,Ramos/JeKo-1
DGOOGLKGZDROBO,O=C1CC[C@H](N2CC3=C(C=CC4=C3OC[C@H]3CN(CC5COC6(CCN(C7=CC=C([C@@H]8C9=CC=C(O)C=C9CC[C@@H]8C8=CC=CC=C8)C=C7)CC6)C5)CCN43)C2=O)C(=O)N1,P03372,ERalpha,CRBN,Q96SW2,0.9,100.0,1,1,False,MCF-7
DGWYNZWAXVNGMI,CC1(C2=CC=C(OCCCCCN3CCN(C4=CC=C5C(=O)N(C6CCC(=O)NC6=O)CC5=C4)CC3)C=C2)C2=CC=C(O)C=C2CCN1C1=CC=C(F)C=C1,P03372,ERalpha,CRBN,Q96SW2,5.0,75.0,1,0,False,MCF7
DGZUZPOSHUXXIO,CN1CCN([C@@H]2CCCN(C3=CN=C(C(N)=O)C(NC4=CC=C(C5CN(C6CCN(C7=CC=C8C(=O)N([C@H]9CCC(=O)NC9=O)C(=O)C8=C7)CC6)C5)C=C4)=N3)C2)C1=O,Q06187,BTK,CRBN,Q96SW2,0.9,95.0,1,1,False,Ramos/TMD8
DIGOHPGGTBWICF,CC(=O)N1CCC2=C(C1)C(N1CCCC3=CC(C4=CC=CC=C4)=C(C(F)F)C=C31)=NN2C1CCN(C(=O)CN2CC3=CC4=C(C=C3C2)C(=O)N(C2CCC(=O)NC2=O)C4=O)CC1,Q92793,CBP,CRBN,Q96SW2,27.0,93.5,2,1,False,
DISVDHINNIWQNG,CCN1CCC(N2C=C(C3=C[NH]C4=NC=C(C5=CC=C(N6CCC(OC7CCN(C(=O)C8=CC=C(Cl)C(N9CCC(=O)NC9=O)=C8)CC7)CC6)C=C5)N=C34)C=N2)CC1,Q92918,MAP4K1,CRBN,Q96SW2,385.6,52.0,1,0,False,Jurkat
DJUXJFYQMGQWDV,CCC1=C(F)C=CC2=CC(O)=CC(C3=NC=C4C(N5CC6CCC(C5)N6)=NC(OCCN5CCC(CC6CCN(CC7CCN(C8=CC=C9C(=C8)N(C(C)C)C(=O)N9C8CCC(=O)NC8=O)CC7)CC6)CC5)=NC4=C3F)=C12,P01116,KRAS,CRBN,Q96SW2,100.0,70.0,1,0,False,AsPC-1
DKOUFZGFKKHOHN,CC1=CC(C2=C[NH]C3=NC=C(C4=CC=C(N5CCN(CCC6CCN(C7=CC=C8C(=O)N(C9CCC(=O)NC9=O)C(=O)C8=C7)CC6)CC5)C=C4)N=C23)=CC=C1C(=O)N(C)C,Q92918,MAP4K1,CRBN,Q96SW2,10000.0,48.2,1,0,False,Jurkat
DKWMHDBRVHNYTN,CN(CCOCCOCCOCCOCC(=O)NC1=CC=C2C(=O)N(C3CCC(=O)NC3=O)C(=O)C2=C1)CC[C@@H](C1=CC=CC=C1)N1C=C(NC(=O)C2=N[NH]C3=C2CCC(C)(C)C3)C=N1,Q08881,ITK,CRBN,Q96SW2,105.9,92.0,1,0,False,Jurkat
DLOJSADPWFQRKI,O=C1CCC(N2CC3=CC(N4CCN(CCCC(F)(F)COC5=CC=C([C@@H]6C7=CC=C(O)C=C7CC[C@@H]6C6=CC=CC=C6)C=C5)CC4)=CC=C3C2=O)C(=O)N1,P03372,ERalpha,CRBN,Q96SW2,5.0,75.0,1,0,False,MCF7
DLPOGGWVBFQJJL,COCC(COC)N1C(C2=CN(C)C(=O)C(C)=C2)=NC2=CC(C3CCN(C(=O)COCCOCCOCCNC(=O)C[C@H](NC(=O)[C@H]4C[C@@H](S(=O)(=O)F)CN4C(=O)[C@@H](C4=CC(C)=NO4)C(C)C)C4=CC=C(C5=C(C)N=CS5)C=C4)CC3)=CC=C21,O60885,BRD4,VHL,P40337,17000.0,60.0,1,0,False,
DMAHZRHMTGCTBW,C#CC1=C(F)C=CC2=CC=CC(C3=NC=C4C(N5CC6CCC(C5)N6)=NC(OC[C@]56CCCN5[C@H](CN5CCN(CC7CCN(C8=CC=C9C(=O)N(C%10CCC(=O)NC%10=O)CC9=C8)CC7)CC5)CC6)=NC4=C3F)=C12,P01116,KRAS,CRBN,Q96SW2,100.0,60.0,2,0,False,AsPC-1
DNFZZBXTXFSJCR,CN1CCN([C@@H]2CCCN(C3=CN=C(C(N)=O)C(NC4=CC=C(C5CCN(C6CN(C7=CC=C8C(=O)N([C@H]9CCC(=O)NC9=O)C(=O)C8=C7)C6)CC5)C=C4)=N3)C2)C1=O,Q06187,BTK,CRBN,Q96SW2,1.4,91.0,1,1,False,Ramos/TMD8
DNUGNVSIOQHXBQ,CCC1=CC=CC2=CC(O)=CC(C3=NC=C4C(N5CC6CCC(C5)N6)=NC(OCCN5CCC(CN6CC7(CCN(C8=CC=C9C(=O)N(C%10CCC(=O)NC%10=O)CC9=C8)CC7)C6)CC5)=NC4=C3F)=C12,P01116,KRAS,CRBN,Q96SW2,100.0,70.0,1,0,False,AsPC-1
DNYOJYXHYCVJKW,N#CC1=CC=C(N2CCC3(CCN(C4=CC=C(C(=O)N5CCC(CN6CC7=CC8=C(C=C7C6)C(=O)N(C6CCC(=O)NC6=O)C8=O)CC5)C=C4)CC3)C2)C=C1Cl,P10275,AR,CRBN,Q96SW2,5.7,88.0,1,1,False,VCaP
DOLDIZFTOSRBOK,CN1CCN([C@@H]2CCCN(C3=CN=C(C(N)=O)C(NC4=CC=C(C5CCN(CC6=CC=C7C(=O)N([C@@H]8CCC(=O)NC8=O)C(=O)C7=C6)CC5)C=C4)=N3)C2)C1=O,Q06187,BTK,CRBN,Q96SW2,17.0,76.0,1,0,False,TMD8
DOMKEVZKZDAYBX,CC1=C(C2=CC=C([C@H](C)NC(=O)[C@@H]3C[C@@H](O)CN3C(=O)[C@@H](NC(=O)CCCCCCCCCN3C=C(C4=CC(C5=CC=CC=C5O)=NN=C4N)C=N3)C(C)(C)C)C=C2)SC=N1,P51531,SMARCA2,VHL,P40337,5.0,93.5,2,1,False,
DOTFKJRFGSCEDL,CN1C(=O)N(C2CCC(=O)NC2=O)C2=CC=CC(CCCOCCN3C=C(NC(=O)C4=C5N=C(N6C[C@H](N)CC(F)(F)C6)C=CN5N=C4)C(C(F)F)=N3)=C21,Q9NWZ3,IRAK4,CRBN,Q96SW2,10000.0,95.0,1,0,False,OCI-Ly10
DPAZRRGSBQCZSC,O=C1CCC(N2CC3=C(C=CC(N4CCN(C5CC6(C5)CN(CCOC5=CC=C([C@@H]7C8=CC=C(O)C=C8CC[C@@H]7C7=CC=CC=C7)C=C5)C6)CC4)=C3F)C2=O)C(=O)N1,P03372,ERalpha,CRBN,Q96SW2,5.0,50.0,1,0,False,MCF7
DPIXGXIUWQFJEU,CCC1=CC=CC2=CC(O)=CC(C3=NC=C4C(N5CC6CCC(C5)N6)=NC(OCCN5CCOC(CN6CCN(CC7CCN(C8=CC=C9C(=O)N(C%10CCC(=O)NC%10=O)C(=O)C9=C8)CC7)CC6)C5)=NC4=C3F)=C12,P01116,KRAS,CRBN,Q96SW2,1000.0,25.0,1,0,False,AsPC-1
DPTJZVQTTIPIPR,CC1=C(C)C2=C(S1)N1C(C)=NN=C1[C@H](CC(=O)NCCCCCCCCC(=O)N[C@@H](CC1=CC=CC=C1)C(=O)N[C@H]1CCC(=O)NC1=O)N=C2C1=CC=C(Cl)C=C1,O60885,BRD4,CRBN,Q96SW2,5.0,99.0,1,1,False,HEK293T
DQEMJFSABASELK,N#CC1=CC=C(N2CCC(C3=CC=C(OCCCCN4CCN(C5=CC=C6C(=O)N(C7CCC(=O)NC7=O)C(=O)C6=C5)CC4)C=C3)CC2)C=C1C(F)(F)F,P10275,AR,CRBN,Q96SW2,22.0,100.0,1,1,False,LnCAP
DQGNINFYAAEZKL,CC1=C(C)C2=C(S1)N1C(C)=NN=C1[C@H](CC(=O)NCCN1CCC(C3=CC=C4C(=O)N(C5CCC(=O)NC5=O)CC4=C3)CC1)N=C2C1=CC=C(Cl)C=C1,O60885,BRD4,CRBN,Q96SW2,21.1,65.0,1,0,False,HEK293
DQMBTKIEXZWZMS,NC(=O)C1=CC=CC2=CN(C3=CC=C([C@@H]4CCCN(C(=O)CC5CCN(CC6CN(C7=CC=C8C(=O)N(C9CCC(=O)NC9=O)C(=O)C8=C7)C6)CC5)C4)C=C3)N=C12,P09874,PARP1,CRBN,Q96SW2,20000.0,31.77,1,0,False,HCT-116
DQQMOQXMKRXELC,CCCC1=NC2=CC=NN2C(N[C@@H]2CC[C@@H](NC(=O)C3=CC=C(CN4CCN(C5=CC=C6C(=O)N(C7CCC(=O)NC7=O)CC6=C5)CC4)C=C3)C2)=C1,P50750,CDK9,CRBN,Q96SW2,0.89,97.7,1,1,False,MOLT-4
DRTSZGVKXLJNNH,CCC1=CC=CC2=CC(O)=CC(C3=NC=C4C(N5C[C@@H]6CC[C@H](C5)N6)=NC(OC[C@@H]5CCCN5CCCOCCC(=O)N[C@H](C(=O)N5C[C@H](O)C[C@H]5C(=O)N[C@@H](C)C5=CC=C(C6=C(C)N=CS6)C=C5)C(C)(C)C)=NC4=C3F)=C12,P01116,KRAS G12D,VHL,P40337,131.6,98.1,1,0,False,AsPC-1
DRYYXCWLEXLNTB,C#CC1=C(F)C=CC2=CC(O)=CC(C3=NC=C4C(N5CC6CCC(C5)N6)=NC(OCCN5CCC6(CC5)CCN(CC5CCN(C7=CC=C8C(=C7F)N(C(C)C)C(=O)N8C7CCC(=O)NC7=O)CC5)CC6)=NC4=C3F)=C12,P01116,KRAS,CRBN,Q96SW2,100.0,70.0,1,0,False,AsPC-1
DUEGKYWYMGQGDW,COC1=CC(N2CCN(C(=O)CCOCC#CC3=CC=C4C(=O)N(C5CCC(=O)NC5=O)C(=O)C4=C3)CC2)=CC=C1NC(=O)C1=CC=CC(C2=CC=N[NH]2)=N1,Q9NWZ3,IRAK4,CRBN,Q96SW2,47.38,91.0,1,1,False,RAW264.7
DUKQQJLHIWJHMV,CC1=NOC([C@@H](C(=O)N2C[C@H](O)C[C@H]2C(=O)N[C@@H](CC(=O)NCCCCCCCN2C=C(C3=CC(C4=CC=CC=C4O)=NN=C3N)C=N2)C2=CC=C(C3=C(C)N=CS3)C=C2)C(C)C)=C1,P51531,SMARCA2,VHL,P40337,93.5,91.5,2,1,False,
DUKYNDYQMHGOSD,O=C1CCC(N2CC3=CC(N4CCN(CCCCOC5=CC=C([C@@H]6C7=CC=C(O)C=C7CC[C@@H]6C6=CC=CC=C6)C=C5)CC4)=CC=C3C2=O)C(=O)N1,P03372,ERalpha,CRBN,Q96SW2,5.0,50.0,1,0,False,MCF7
DUPGTSRNDUFWBT,CC1=C(C2=CC=C([C@H](CCCN3CCC(C4=CC=C5C(=C4)N(C4CCCC4)C4=NC(=O)C6=C(Br)C=CC=C6N54)CC3)NC(=O)[C@@H]3C[C@@H](O)CN3C(=O)[C@@H](NC(=O)C3(F)CC3)C(C)(C)C)C=C2)SC=N1,P51531,SMARCA2,VHL,P40337,3.5,86.5,2,1,False,RKO
DVJGBZOCDDYJLY,N#CC1=CC=C(N2CCC3(CCN(C4=CC=C(C(=O)N5CCC(N6CCC7=CC8=C(C=C7CC6)C(=O)N(C6CCC(=O)NC6=O)C8=O)CC5)C=C4)CC3)C2)C=C1Cl,P10275,AR,CRBN,Q96SW2,18.0,81.0,1,1,False,VCaP
DVPXXSLKFPXCBU,O=C1CCC(N2CC3=NC(N4CCC(NCC5CCN(C6=CC=C([C@@H]7C8=CC=C(O)C=C8CC[C@@H]7C7=CC=CC=C7)C=C6)CC5)C4)=CC=C3C2=O)C(=O)N1,P03372,ERalpha,CRBN,Q96SW2,5.0,50.0,1,0,False,MCF7
DWEHMBLINDIOGQ,O=C1CCC(N2C(=O)C3=CC=CC(NCCOCCOCCN4CCN(C5=CC=C(NC6=NC=C7N=CC(=O)N(C8CCCC8)C7=N6)C=C5)CC4)=C3C2=O)C(=O)N1,P11802,CDK4,CRBN,Q96SW2,281.25,73.5,2,0,False,Jurkat
DXWNLVKIDXFRLV,O=C1CCC(N2C(=O)C3=CC(F)=C(N4CCC(CCN5CCC(CC(=O)N[C@H]6CC[C@@H](NC7=NC=NC8=C7C(C(=O)C7=CC=C(OC9=CC=CC=C9)C=C7Cl)=C[NH]8)CC6)CC5)CC4)C=C3C2=O)C(=O)N1,Q06187,BTK,CRBN,Q96SW2,9.3,93.6,1,1,False,JeKo-1
DYJMBAGARLOCGL,O=C1CCC(N2C(=O)C3=CC4=C(C=C3C2=O)CN(CC(=O)N2CC3(C2)CN(C2=CC=C([C@@H]5C6=CC=C(O)C=C6CC[C@@H]5C5=CC=CC=C5)C=C2)C3)C4)C(=O)N1,P03372,ERalpha,CRBN,Q96SW2,11.0,65.0,1,0,False,
DYTNKDWEMQWVKR,CC(=O)N1CCC2=C(C1)C(N1CCCC3=CC(C4=CN(C)N=C4)=C(C(F)F)C=C31)=NN2C1CCN(C2CC3(C2)CN(C2=CC=C4C(=O)N(C5CCC(=O)NC5=O)C(=O)C4=C2)C3)CC1,Q92793,CBP,CRBN,Q96SW2,0.45,95.0,2,1,False,VCaP
DYVUTXZANNTVBU,O=C1CCC(N2CC3=CC(N4CCN(CCN5CCN(C6=CC=C([C@@H]7C8=CC=C(O)C=C8CC[C@@H]7C7=CC=CC=C7)C=C6)CC5)CC4)=CC=C3C2=O)C(=O)N1,P03372,ERalpha,CRBN,Q96SW2,5.0,75.0,1,0,False,MCF7
DZBLWYQPZXUQGG,CC1=C(C)C2=C(S1)N1C(C)=NN=C1[C@H](CC(=O)NCC(=O)NCCCCOC1=CC=CC3=C1C(=O)N(C1CCC(=O)NC1=O)C3=O)N=C2C1=CC=C(Cl)C=C1,O60885,BRD4,CRBN,Q96SW2,134.0,79.0,1,0,False,MDA-MB-231
DZIBQWKAJPUJCB,O=C1CCN(C2=CC(C(=O)N3CCC(CC4CCN(C5=CC=C(C6=CN=C7[NH]C=C(C8=CN(C(F)F)N=C8)C7=N6)C=N5)CC4)CC3)=CC=C2Cl)C(=O)N1,Q92918,MAP4K1,CRBN,Q96SW2,23.9,67.0,1,0,False,Jurkat
DZJCTNGKFRUZQI,O=C(COC1=CC=CC2=C1C(=O)N(C1CCC(=O)NC1=O)C2=O)NCCCCCCCCCCC(=O)N1CCC(NC(=O)C2=N[NH]C=C2NC(=O)C2=C(Cl)C=CC=C2Cl)CC1,P50750,CDK9,CRBN,Q96SW2,100.0,93.1,1,0,False,MOLM13
DZMRIRHUWOIDDQ,CCC1=CC=CC2=CC(O)=CC(C3=NC=C4C(N5C[C@@H]6CC[C@H](C5)N6)=NC(OC[C@@H]5CCCN5CCCCC(=O)N[C@H](C(=O)N5C[C@H](O)C[C@H]5C(=O)N[C@@H](C)C5=CC=C(C6=C(C)N=CS6)C=C5)C(C)(C)C)=NC4=C3F)=C12,P01116,KRAS G12D,VHL,P40337,1014.0,96.7,1,0,False,AsPC-1
FADLBLJUEXIYQO,O=C1CCC(N2C(=O)C3=CC=CC(NC(=O)COCCOCC(=O)N4CCN(C5=CC=C(NC6=NC(NC7CCCCC7)=C7N=C[NH]C7=N6)C=C5)CC4)=C3C2=O)C(=O)N1,P33981,TTK,CRBN,Q96SW2,239.0,39.4,3,0,False,MV4-11 HiBiT-TTK
FAEKXLSKLVRFEC,CCC(C)(C)C(=O)C(=O)N1CCCC[C@H]1C(=O)O[C@H](CCC1=CC=C(OC)C(OC)=C1)C1=CC=CC(NC(=O)CCC(=O)NCCCCCCC(=O)N[C@@H](CC(C)C)C(=O)N[C@H]2CC(=O)NC2=O)=C1,P62942,FKBP12,CRBN,Q96SW2,27.0,99.0,1,1,False,HEK293T
FCQXHLPMLGYZHN,CN1CCN([C@@H]2CCCN(C3=CN=C(C(N)=O)C(NC4=CC=C(C5CCN(CCCNC6=CC=CC7=C6C(=O)N([C@@H]6CCC(=O)NC6=O)C7=O)CC5)C=C4)=N3)C2)C1=O,Q06187,BTK,CRBN,Q96SW2,2.4,95.0,1,1,False,Ramos
FCQYWOVXHUEFAG,NC1=NC=NC2=C1C(C1=CC=C(OC3=CC=CC=C3)C=C1)=NN2C1CCN(C(=O)CN2CCN(CC3CCN(C4=CC=CC5=C4C(=O)N(C4CCC(=O)NC4=O)C5=O)CC3)CC2)CC1,Q06187,BTK,CRBN,Q96SW2,9.37,99.36,1,1,False,Ramos/Mino
FFAXWQXTTRSZBR,C#CC1=C(F)C=CC2=CC(O)=CC(C3=CC=C4C(N5CC6CCC(C5)N6)=NC(OCCN5CCC(CC6CCN(CC7CCN(C8=CC=C9C(=C8F)N(C)C(=O)N9C8CCC(=O)NC8=O)CC7)CC6)CC5)=NC4=C3F)=C12,P01116,KRAS,CRBN,Q96SW2,100.0,70.0,1,0,False,AsPC-1
FFVZSGOBJSJVLW,COC1=CC2=NC(C)=NC(N[C@H](C)C3=CC(N)=CC(C(F)(F)F)=C3)=C2C=C1O[C@H]1CCN(C(=O)CCCCCCCC(=O)NC2=CC=CC3=C2CN(C2CCC(=O)NC2=O)C3=O)C1,Q07889,SOS1,VHL,P40337,209.4,80.0,1,0,False,A549/HPAF-II/MIA-PACA2
FHFUBRLTXZVOQX,CCCCCCNNC(=O)C1=CC=C(CNC(=O)CN2CCC(C3=CC=C(NC4CCC(=O)NC4=O)C=C3)CC2)C=C1,Q9BY41,HDAC8,CRBN,Q96SW2,0.32,97.0,1,1,False,Jurkat/HCT116/THP-1/A549
FHKJSQYVZHOMIZ,CC1=CC(C2=C[NH]C3=NC=C(C4=CC=C(N5CCN(CC6CCN(C7=CC=C8C(=O)N(C9CCC(=O)NC9=O)C(=O)C8=C7)CC6)CC5)C=C4)N=C23)=CC=C1C(=O)N(C)C,Q92918,MAP4K1,CRBN,Q96SW2,33.9,59.9,1,0,False,Jurkat
FHKOVLSBVWFFKN,O=C1CC[C@H](N2CC3=C(C=CC4=C3OC[C@H]3CN(CC(=O)N5CCC6(CCN(C7=CC=C([C@@H]8C9=CC=C(O)C=C9CC[C@@H]8C8=CC=CC=C8)C=C7)CC6)C5)CCN43)C2=O)C(=O)N1,P03372,ERalpha,CRBN,Q96SW2,0.4,100.0,1,1,False,MCF-7
FHWJSCBNRQSVKG,O=C1CC[C@H](N2CC3=C(C=CC4=C3OC[C@H]3CN(C(=O)CCCCCOC5=CC=C([C@@H]6C7=CC=C(O)C=C7CC[C@@H]6C6=CC=CC=C6)C=C5)CCN43)C2=O)C(=O)N1,P03372,ERalpha,CRBN,Q96SW2,0.16,89.0,1,1,False,MCF-7
FJPUZJRXDULWLZ,CCN1CCC(N2C=C(C3=C[NH]C4=NC=C(C5=CC=C(N6CCC(OC7CCN(C(=O)C8=CC=C(Cl)C(N9CCC(=O)NC9=O)=C8)CC7)CC6)C(C)=C5)N=C34)C=N2)CC1,Q92918,MAP4K1,CRBN,Q96SW2,29.3,73.0,1,0,False,Jurkat
FJYJJKVJGBDHHG,O=C1CCC(N2CC3=CC(N4CCN(CC5=CC=C(COC6=CC=C([C@@H]7C8=CC=C(O)C=C8CC[C@@H]7C7=CC=CC=C7)C=C6)C=N5)CC4)=CC=C3C2=O)C(=O)N1,P03372,ERalpha,CRBN,Q96SW2,5.0,75.0,1,0,False,MCF7
FKQOKRKMDMWDTM,CCN1CCC(N2C=C(C3=C[NH]C4=NC=C(C5=CC=C(N6CCC(CC7CCCN(C(=O)C8=CC=C(Cl)C(N9CCC(=O)NC9=O)=C8)CC7)CC6)N=C5)N=C34)C=N2)CC1,Q92918,MAP4K1,CRBN,Q96SW2,385.0,56.0,1,0,False,Jurkat
FLBHHDGUOVAFMU,COC1=CC(N2CCN(CC3CCN(C4=CC=C(C5CCN(C6=CC=C(C#N)C(C(F)(F)F)=C6)CC5)C=C4)CC3)CC2)=CC2=C1C(=O)N(C1CCC(=O)NC1=O)C2,P10275,AR,CRBN,Q96SW2,26.0,92.0,1,1,False,LnCAP
FMGIOMVADBAONN,CN1CCN([C@@H]2CCCN(C3=CN=C(C(N)=O)C(NC4=CC=C(C5CCN(C[C@H]6CCN(C7=CC=C8C(=O)N([C@@H]9CCC(=O)NC9=O)C(=O)C8=C7)C6)CC5)N=C4)=N3)C2)C1=O,Q06187,BTK,CRBN,Q96SW2,1.0,96.0,1,1,False,TMD8
FMWLMMJZHGPJKO,CCC1=C(F)C=CC2=CC(O)=CC(C3=NC=C4C(N5CC6CCC(C5)N6)=NC(OC[C@@H]5C[C@@H](OC6CCN(CC7CCN(C8=CC=C9C(=O)N(C%10CCC(=O)NC%10=O)CC9=C8F)CC7)CC6)CN5C)=NC4=C3F)=C12,P01116,KRAS,CRBN,Q96SW2,100.0,70.0,1,0,False,AsPC-1
FNJHTSPTDABDEU,CC1=NOC([C@H](C(=O)N2C[C@H](S(=O)(=O)F)C[C@@H]2C(=O)N[C@@H](CC(=O)N2CCC(C#CC3=CC=C(C(=O)N[C@H]4C(C)(C)[C@H](OC5=CC=C(C#N)C(C(F)(F)F)=C5)C4(C)C)C=C3)CC2)C2=CC=C(C3=C(C)N=CS3)C=C2)C(C)C)=C1,P10275,AR,VHL,P40337,527.0,54.0,1,0,False,LNCaP
FNQIHJLUXRFLHT,CC1=C(C)C2=C(S1)N1C(C)=NN=C1[C@H](CC(=O)NCCCCCCCCC(=O)N[C@@H](C)C(=O)N[C@H]1CC(=O)NC1=O)N=C2C1=CC=C(Cl)C=C1,O60885,BRD4 BD1,CRBN,Q96SW2,34.0,88.0,3,1,False,HEK293T
FOTJPEPDXXOTQF,CC1=C(C)C2=C(S1)N1C(C)=NN=C1[C@H](CC(=O)NCCCCN1CCC(C3=CC=C4C(=O)N(C5CCC(=O)NC5=O)CC4=C3)CC1)N=C2C1=CC=C(Cl)C=C1,O60885,BRD4,CRBN,Q96SW2,12.8,94.0,1,1,False,HEK293
FPHGKABLQJCHEB,CC1=CC(C2=C[NH]C3=NC=C(C4=CC=C(C5CCN(C6CN(C(=O)CC7=CC=C(NC8CCC(=O)NC8=O)C=C7)C6)CC5)C=C4)N=C23)=CC=C1C(=O)N(C)C,Q92918,MAP4K1,CRBN,Q96SW2,10000.0,38.5,1,0,False,Jurkat
FPVWCOYFTMTBJA,CC1=CC(C2=C[NH]C3=NC=C(C4=CC=C(C5CCN(CC6CCN(C7=CC=C8C(=O)N(C9CCC(=O)NC9=O)C(=O)C8=C7)C6)CC5)C=C4)N=C23)=CC=C1C(=O)N(C)C,Q92918,MAP4K1,CRBN,Q96SW2,78.8,84.1,1,1,False,Jurkat
FQAXUEQNJLYPKH,C#CC1=C(F)C=CC2=CC(O)=CC(C3=NC=C4C(N5CC6CCC(C5)N6)=NC(OCCN5CCC6(CC5)CCN(CC5CCN(C7=CC=C8C(=O)N(C9CCC(=O)NC9=O)CC8=C7Cl)CC5)CC6)=NC4=C3F)=C12,P01116,KRAS,CRBN,Q96SW2,100.0,70.0,1,0,False,AsPC-1
FQLCLMHMOFLVSV,O=C(CCCCCCNC(=O)C1=CC=C(NC(=O)CCCCCCCNC(=O)COC2=CC=CC3=C2C(=O)N(C2CCC(=O)NC2=O)C3=O)C=C1)NO,Q9UBN7,HDAC6,CRBN,Q96SW2,3.46,84.47,1,1,False,HL-60
FRAWOGGHQRLUBB,COC1=CC(C2=CN(C)C(=O)C3=CN=C(N4CCC4)C=C23)=CC(OC)=C1C(=O)N1CCC2(CCC(CN3CC4=CC5=C(C=C4C3)C(=O)N(C3CCC(=O)NC3=O)C5=O)CC2)CC1,Q9H8M2,BRD9,CRBN,Q96SW2,70.0,99.0,1,1,False,HEK 293
FREVVLLMNHHIMW,O=C1CC[C@H](N2CC3=C(C=CC4=C3OC[C@H]3CN(CC5CC6(CCN(C7=CC=C([C@@H]8C9=CC=C(O)C=C9CC[C@@H]8C8=CC=CC=C8)C=C7)CC6)C5)CCN43)C2=O)C(=O)N1,P03372,ERalpha,CRBN,Q96SW2,1.2,97.0,1,1,False,MCF-7
FRGPLXSNBSBCPG,CC(C)C1=CC=C(N2CCC3=CC(O)=CC=C3C2(C)C2=CC=C(OCCCCCN3CCN(C4=CC=C5C(=O)N(C6CCC(=O)NC6=O)CC5=C4)CC3)C=C2)C=C1,P03372,ERalpha,CRBN,Q96SW2,5.0,50.0,1,0,False,MCF7
FSIRXDSTGGZBHJ,O=C1CCC(N2CC3=NC(N4CCN(CCC5CCN(C6=CC=C([C@@H]7C8=CC=C(O)C=C8CC[C@@H]7C7=CC=CC=C7)C=C6)CC5)CC4)=CC=C3C2=O)C(=O)N1,P03372,ERalpha,CRBN,Q96SW2,5.0,75.0,1,0,False,MCF7
FSLLSOCBDRILHS,CC1=NC(NC2=NC=C(C(=O)NC3=C(C)C=CC=C3Cl)S2)=CC(N2CCN(CCCC(=O)N3CCC(CN4CCN(C5=CC=C(C6CCC(=O)NC6=O)C=C5)CC4)CC3)CC2)=N1,P06239,LCK,CRBN,Q96SW2,25.1,84.0,1,1,False,KOPT-K1
FSXKBPXCHIQNHV,CCC1=C(F)C=CC2=CC(O)=CC(C3=NC=C4C(N5CC6CCC(C5)N6)=NC(OCCN5CCC(CC6CCN(CC7CCN(C8=CC=C9C(=C8)N(C)C(=O)N9C8CCC(=O)NC8=O)CC7)CC6)CC5)=NC4=C3F)=C12,P01116,KRAS,CRBN,Q96SW2,100.0,70.0,1,0,False,AsPC-1
FTJXONGELSWLLE,O=C1CCC(N2CC3=CC(OC4=CN=C(N5CCN(CCOC6=CC=C([C@@H]7C8=CC=C(O)C=C8CC[C@@H]7C7=CC=CC=C7)C=C6)CC5)N=C4)=CC=C3C2=O)C(=O)N1,P03372,ERalpha,CRBN,Q96SW2,5.0,75.0,1,0,False,MCF7
FTLFVUZDLOWJLU,C[C@H]1CC2(CCN(C3=CC=C(C(=O)N4CCC(O)(CN5CC6=CC7=C(C=C6C5)C(=O)N(C5CCC(=O)NC5=O)C7=O)CC4)C=C3)CC2)CN1C1=CC=C(C#N)C(Cl)=C1,P10275,AR,CRBN,Q96SW2,290.0,71.0,1,0,False,VCaP
FTNHSXYOMCZKKS,O=C1CCC(N2C(=O)C3=CC=C(OC4=CN=C(N5CCN(CCOC6=CC=C([C@@H]7C8=CC=C(O)C=C8CC[C@@H]7C7=CC=CC=C7)C=C6)CC5)N=C4)C=C3C2=O)C(=O)N1,P03372,ERalpha,CRBN,Q96SW2,50.0,75.0,1,0,False,MCF7
FUTHCLUTRFIAKK,COC1=CC=C(C(=O)N2CCC3(CCC(CN4CCN(C(=O)[C@H]5CC[C@H](C6=CC7=C(N[C@H](C)C8=CC(N)=CC(C(F)(F)F)=C8)N=CN=C7N(C)C6=O)CC5)CC4)CC3)CC2)C=C1N1CCC(=O)NC1=O,Q07889,SOS1,CRBN,Q96SW2,2.23,90.6,1,1,False,SW620/A549/DLD-1
FVLYVMPYPNMLBF,C[C@H]1CN(C(=O)CCOCCOCCNC2=CC=CC3=C2C(=O)N(C2CCC(=O)NC2=O)C3=O)CCN1C1=CC=C(NC2=CC(C3=CC=NC(N4CCN5C(=CC6=C5CC(C)(C)C6)C4=O)=C3CO)=CN(C)C2=O)N=C1,Q06187,BTK,CRBN,Q96SW2,1.3,96.1,1,1,False,Ramos/JeKo-1
FVYDZXSZKLYSRY,C=CC(=O)NC1=CC=CC(NC2=NC(NC3=CC=C(N4CCN(CC(=O)NCCNC5=CC=CC6=C5C(=O)N(C5CCC(=O)NC5=O)C6=O)CC4)C=C3OC)=NC=C2C(F)(F)F)=C1,P00533,EGFR L858R/T790M,CRBN,Q96SW2,355.9,83.0,1,0,False,H1975
FWMASPIIIQBKGD,CC(=O)N1CCC2=C(C1)C(N1CCCC3=CC(C4=CN(C)N=C4)=C(C(F)F)C=C31)=NN2C1CCN(CC(=O)N2CC3=CC4=C(C=C3C2)C(=O)N(C2CCC(=O)NC2=O)C4=O)CC1,Q92793,CBP,CRBN,Q96SW2,1000.0,31.0,2,0,False,
FWUIPQXDUCXABU,O=C1CCC(N2C(=O)C3=CC=C(N4CCC(CN5CCC(N6CCC(NC(=O)C7=N[NH]C=C7NC(=O)C7=C(Cl)C=CC=C7Cl)CC6)CC5)C4)C=C3C2=O)C(=O)N1,P24941,CDK2,CRBN,Q96SW2,100.0,28.93,1,0,False,HL-60
FXGAVYWCFCECNW,NC(=O)C1=CC=CC2=CN(C3=CC=C([C@@H]4CCCN(C(=O)CC5CCN(C(=O)CC6CCN(CC7CCN(C8=CC=C9C(=O)N(C%10CCC(=O)NC%10=O)C(=O)C9=C8)C7)CC6)CC5)C4)C=C3)N=C12,P09874,PARP1,CRBN,Q96SW2,20100.0,49.82,1,0,False,HCT-116
FXHSLFPHSQGRHN,CN(CCCCCCCCCCC(=O)NC1=CC=C2C(=O)N(C3CCC(=O)NC3=O)C(=O)C2=C1)CC[C@@H](C1=CC=CC=C1)N1C=C(NC(=O)C2=N[NH]C3=C2CCC(C)(C)C3)C=N1,Q08881,ITK,CRBN,Q96SW2,75.4,82.0,1,1,False,Jurkat
FXNWDJMYILNTOQ,CN1CCN([C@@H]2CCCN(C3=CN=C(C(N)=O)C(NC4=CC=C5CN(CC6CCN(C7=CC=C8C(=O)N([C@@H]9CCC(=O)NC9=O)C(=O)C8=C7)CC6)CCC5=C4)=N3)C2)C1=O,Q06187,BTK,CRBN,Q96SW2,2.4,95.0,1,1,False,Ramos/TMD8
FYKDAWGISLGSMC,CCC1=NC(C(N)=O)=C(NC2=CC=C(N3CCC(N4CCN(C(=O)CCCCCNC5=CC=CC6=C5C(=O)N(C5CCC(=O)NC5=O)C6=O)CC4)CC3)C(OC)=C2)N=C1NC1CCOCC1,P36888,FLT3,CRBN,Q96SW2,2.26,77.2,1,0,False,MV4-11
FYZURCIGJWTNQB,COC1=CC(C2=CN(C)C(=O)C3=CN=CC=C23)=CC(OC)=C1C(=O)N1CC2(CCC(CN3CC4=CC5=C(C=C4C3)C(=O)N(C3CCC(=O)NC3=O)C5)CC2)C1,Q9H8M2,BRD9,CRBN,Q96SW2,5.7,99.0,1,1,False,HEK 293
FZPFOKCSBXRUCY,CC1=C(C)C2=C(S1)N1C(C)=NN=C1[C@H](CC(=O)NCC(=O)NCCCOC1=CC=CC3=C1C(=O)N(C1CCC(=O)NC1=O)C3=O)N=C2C1=CC=C(Cl)C=C1,O60885,BRD4,CRBN,Q96SW2,97.1,88.0,1,1,False,MDA-MB-231
GBTBLBKXKPUBEP,O=C1CCC(N2CC3=NC(N4CCN(CCCC(F)(F)COC5=CC=C([C@@H]6C7=CC=C(O)C=C7CC[C@@H]6C6=CC=CC=C6)C=C5)CC4)=CC=C3C2=O)C(=O)N1,P03372,ERalpha,CRBN,Q96SW2,5.0,75.0,1,0,False,MCF7
GCZBURKTXXRCIT,C#CC1=C(F)C=CC2=CC(O)=CC(C3=NC=C4C(N5CC6CCC(C5)N6)=NC(OC[C@@H]5C[C@@H](OC6CCN(CC7CCN(C8=CC=C9C(=O)N(C%10CCC(=O)NC%10=O)CC9=C8)CC7)CC6)CN5CC)=NC4=C3F)=C12,P01116,KRAS,CRBN,Q96SW2,100.0,70.0,1,0,False,AsPC-1
GDANDLJOHBUYJS,CC1=C(C2=CC=C([C@H](C)NC(=O)[C@@H]3C[C@@H](O)CN3C(=O)[C@@H](C3=CC(O[C@H]4CC[C@H](CN5CCC(C6=CC=C7C(=C6)N6C(=NC(=O)C8=C(Cl)C=CC=C86)C7(C)C)CC5)CC4)=NO3)C(C)C)C=C2)SC=N1,P51531,SMARCA2,VHL,P40337,6.295,95.5,2,1,False,HT1080 HiBiT
GDRMTFAUTGSZHO,O=C1CCC(N2C(=O)C3=CC4=C(C=C3C2=O)CN(C2CCN(CC3CN(C5=CC=C([C@@H]6C7=CC=C(O)C=C7CC[C@@H]6C6=CC=CC=C6)C=C5)C3)CC2)C4)C(=O)N1,P03372,ERalpha,CRBN,Q96SW2,295.0,57.0,1,0,False,
GEFVFURTMGEFHQ,CC1=C(C2=CC=C([C@H](C)NC(=O)[C@@H]3C[C@@H](O)CN3C(=O)[C@@H](NC(=O)C3CCC(N4CCC5(CCC(N6C=C(C7=CC(C8=CC=CC=C8O)=NN=C7N)C=N6)CC5)CC4)CC3)C(C)(C)C)C=C2)SC=N1,P51531,SMARCA2,VHL,P40337,174.5,81.0,2,0,False,
GEZDLCVCOOEQEF,O=C1CCC(N2C(=O)C3=CC=C(N4CCC(CN5CCN(CC6=CC=C(NC(=O)C7=N[NH]C=C7NC7=NC=NC8=C7C=C[NH]8)C=C6)CC5)CC4)C=C3C2=O)C(=O)N1,P24941,CDK2,CRBN,Q96SW2,12.69,81.89,1,1,False,HL-60
GFOZJMJTJXZPGN,CN1C(=O)N(C2CCC(=O)NC2=O)C2=CC=CC(CCCOC3CCN(C[C@H]4CC[C@H](N5C=C(NC(=O)C6=C7N=C(N8C[C@H]9C[C@@H]8CO9)C=CN7N=C6)C(C(F)F)=N5)CC4)CC3)=C21,Q9NWZ3,IRAK4,CRBN,Q96SW2,7.0,95.0,1,1,False,OCI-Ly10
GFTPPVNUXHWDAA,O=C1CCC(N2CC3=CC(N4CCN(CC5CCN(C6=CC=C([C@@H]7C8=CC=C(O)C=C8CC[C@@H]7C7=CC=CC=C7)C=N6)CC5)CC4)=CC=C3C2=O)C(=O)N1,P03372,ERalpha,CRBN,Q96SW2,5.0,75.0,1,0,False,MCF7
GFVYFOWLPWYPDD,NC(=O)C1=CC=CC2=CN(C3=CC=C([C@@H]4CCCN(CCC5CCN(CCC6CCN(CC7CCN(C8=CC=C9C(=O)N(C%10CCC(=O)NC%10=O)C(=O)C9=C8)CC7)CC6)CC5)C4)C=C3)N=C12,P09874,PARP1,CRBN,Q96SW2,9565.0,85.515,2,0,False,HCT-116
GGLGXBGGASXSIW,CNC(=O)C1=CN=C(NC2=CC=C(C(=O)NCCCCCCCCCC(=O)N[C@H](C(=O)N3C[C@H](O)C[C@H]3C(=O)NCC3=CC=C(C4=C(C)N=CS4)C=C3)C(C)(C)C)C=N2)C=C1NC1=CC=CC(C(=O)NC)=C1OC,P29597,TYK2,VHL,P40337,230.0,77.0,1,0,False,Jurkat
GIBHYBDXJQVMRG,C#CC1=C(F)C=CC2=CC(O)=CC(C3=NC=C4C(N5CC6CCC(C5)N6)=NC(OCCN5CCC(CC6CCN(CC7CCN(C8=CC=C9C(=C8)N(C)C(=O)N9C8CCC(=O)NC8=O)CC7)CC6)CC5)=NC4=C3F)=C12,P01116,KRAS,CRBN,Q96SW2,100.0,60.0,2,0,False,AsPC-1
GINGGRXLSOEZKB,O=C1CCC(N2CC3=CC(N4CCCN(CCCCCOC5=CC=C([C@@H]6C7=CC=C(O)C=C7CC[C@@H]6C6=CC=CC=C6)C=C5)CC4)=CC=C3C2=O)C(=O)N1,P03372,ERalpha,CRBN,Q96SW2,5.0,75.0,1,0,False,MCF7
GIOJKPKLODMSGU,CC(=O)N1CCC2=C(C1)C(N1CCCC3=CC(C4=CN(C)N=C4)=C(C(F)F)C=C31)=NN2C1CCN(C(=O)CCCCNC2=CC=CC3=C2C(=O)N(C2CCC(=O)NC2=O)C3=O)CC1,Q92793,CBP,CRBN,Q96SW2,0.25,95.0,2,1,False,VCaP
GJBSUVKCGKFMQI,CC1=C(C)C2=C(S1)N1C(C)=NN=C1[C@H](CC(=O)NCCCCCCCCC(=O)N1CCC[C@H]1C(=O)N[C@H]1CCC(=O)NC1=O)N=C2C1=CC=C(Cl)C=C1,O60885,BRD4,CRBN,Q96SW2,780.0,77.0,1,0,False,HEK293T
GLIOFKBFGNGYKR,O=C1CCC(N2C(=O)C3=CC4=C(C=C3C2=O)CN(CC2CCN(CC3CCN(C5=CC=C([C@@H]6C7=CC=C(O)C=C7CC[C@@H]6C6=CC=CC=C6)C=C5)CC3)CC2)C4)C(=O)N1,P03372,ERalpha,CRBN,Q96SW2,4.3,79.0,1,0,False,
GMCWCUOAGNWNLO,CC1=C(C2=CC=C([C@H](C)NC(=O)[C@@H]3C[C@@H](O)CN3C(=O)[C@@H](NC(=O)[C@H]3CC[C@H](CN4CC5(CCC(N6C=C(C7=CC(C8=CC=CC=C8O)=NN=C7N)C=N6)CC5)C4)CC3)C(C)(C)C)C=C2)SC=N1,P51531,SMARCA2,VHL,P40337,506.0,67.5,2,0,False,SK-Mel-28
GMMGGIPNNQKWOV,CC(=O)N1CCC2=C(C1)C(N1CCCC3=CC=C(C(F)F)C=C31)=NN2C1CCN(C(=O)CN2CC3=CC4=C(C=C3C2)C(=O)N(C2CCC(=O)NC2=O)C4=O)CC1,Q92793,CBP,CRBN,Q96SW2,361.5,70.5,2,0,False,
GMNPITQICRXILF,CCC1=C(F)C=CC2=CC(O)=CC(C3=NC=C4C(N5CC6CCC(C5)N6)=NC(OCCN5CCC(CC6CCN(CC7CCN(C8=CC=CC9=C8CN(C8CCC(=O)NC8=O)C9=O)CC7)CC6)CC5)=NC4=C3F)=C12,P01116,KRAS,CRBN,Q96SW2,100.0,50.0,1,0,False,AsPC-1
GNVVSENDBDNIGW,O=C1CC[C@H](N2CC3=C(C=CC4=C3OCC43CCN(C(=O)CCCC4CCN(C5=CC=C([C@@H]6C7=CC=C(O)C=C7CC[C@@H]6C6=CC=CC=C6)C=C5)CC4)CC3)C2=O)C(=O)N1,P03372,ERalpha,CRBN,Q96SW2,0.07929,95.0,1,1,False,MCF-7
GOPHMTKUFKPSCI,O=C1CC[C@H](N2CC3=CC(CCN4CCCN(CC5CN(C6=CC=C([C@@H]7C8=CC=C(O)C=C8CC[C@@H]7C7=CC=CC=C7)C=C6)C5)CC4)=CC=C3C2=O)C(=O)N1,P03372,ERalpha,CRBN,Q96SW2,5.0,50.0,1,0,False,MCF7
GOTQXALGADJXCG,C=CC(=O)N1CCN(C2=NC(=O)N(C3=C(C)C=CN=C3C(C)C)C3=NC(C4=C(F)C=CC=C4OCCCCC(=O)N[C@H](C(=O)N4C[C@H](O)C[C@H]4C(=O)NCC4=CC=C(C5=C(C)N=CS5)C=C4)C(C)(C)C)=C(F)C=C23)[C@H](C)C1,P01116,KRAS G12C,VHL,P40337,104.0,90.0,1,0,False,NCI-H358/MIA PaCa-2
GPDMQQMGEDQVDE,O=C1CCC(N2CC3=CC(N4CCN(C5CC(CCCOC6=CC=C([C@@H]7C8=CC=C(O)C=C8CC[C@@H]7C7=CC=CC=C7)C=C6)C5)CC4)=CC=C3C2=O)C(=O)N1,P03372,ERalpha,CRBN,Q96SW2,5.0,75.0,1,0,False,MCF7
GQEMFJCTLPYJIF,C#CC1=C(F)C=CC2=CC(O)=CC(C3=NC=C4C(N5CC6CCC(C5)N6)=NC(OCCN5CCC(CC6CCN(C7=CC=CC8=C7CN(C7CCC(=O)NC7=O)C8=O)CC6)CC5)=NC4=C3F)=C12,P01116,KRAS,CRBN,Q96SW2,250.0,70.0,1,0,False,AsPC-1
GQZPPJBTNANHER,CC(=O)N1CCC2=C(C1)C(C1=CC=CC3=CC(C4=CC=C(C(=O)N5CCC(NC6=CC=CC7=C6C(=O)N(C6CCC(=O)NC6=O)C7=O)CC5)N=C4)=NC=C13)=NN2C1CCOCC1,Q92793,CBP,CRBN,Q96SW2,1.8,86.0,1,1,False,RS4;11
GRCWKRCQBMPDDA,CC(=O)N1CCC2=C(C1)C(C1=CC=CC3=CC(C4=CC=C(C(=O)NCCCCCCCCNC5=CC=CC6=C5C(=O)N(C5CCC(=O)NC5=O)C6=O)N=C4)=NC=C13)=NN2C1CCOCC1,Q92793,CBP,CRBN,Q96SW2,0.9,98.0,2,1,False,RS4;11
GRNGKZZXZZUMTM,CCC1=CC=CC2=CC(O)=CC(C3=NC=C4C(N5CC6CCC(C5)N6)=NC(OCCN5CCN(C6=CC=C(C(=O)NC7CCC(=O)NC7=O)C(F)=C6)CC5)=NC4=C3F)=C12,P01116,KRAS,CRBN,Q96SW2,1000.0,25.0,1,0,False,AsPC-1
GRSNZWSQIYXFPM,C#CC1=C(F)C=CC2=CC(O)=CC(C3=NC=C4C(N5CC6CCC(C5)N6)=NC(OCCN5CCC(CC6CCN(CC7(F)CCN(C8=CC=CC9=C8CN(C8CCC(=O)NC8=O)C9=O)CC7)CC6)CC5)=NC4=C3F)=C12,P01116,KRAS,CRBN,Q96SW2,100.0,50.0,1,0,False,AsPC-1
GRTUCEOYBLSCJP,CC(=O)N1CCC2=C(C1)C(C1=CC=CC3=CC(C4=CC=C(C(=O)NCCCNC5=CC=CC6=C5C(=O)N(C5CCC(=O)NC5=O)C6=O)N=C4)=NC=C13)=NN2C1CCOCC1,Q92793,CBP,CRBN,Q96SW2,0.95,80.5,2,1,False,RS4;11
GRVXOUZOUFEVRY,C#CC1=C(F)C=CC2=CC(O)=CC(C3=NC=C4C(N5CC6CCC(C5)N6)=NC(OC[C@@H]5CC[C@@H](CN6CCN(C7=CC=C8C(=C7)N(C(C)C)C(=O)N8C7CCC(=O)NC7=O)CC6)N5C)=NC4=C3F)=C12,P01116,KRAS,CRBN,Q96SW2,100.0,70.0,1,0,False,AsPC-1
GRWBTVZBARTMKI,CCC1=C(F)C=CC2=CC(O)=CC(C3=NC=C4C(N5CC6CCC(C5)N6)=NC(OCCN5CCC(F)(CN6CCN(CC7CCN(C8=CC=C9C(=C8)N(C)C(=O)N9C8CCC(=O)NC8=O)CC7)CC6)CC5)=NC4=C3F)=C12,P01116,KRAS,CRBN,Q96SW2,100.0,70.0,1,0,False,AsPC-1
GTQNZEKBJQYAJI,CCC1=CC2=C(C=N1)C(=O)N(C)C=C2C1=CC(OC)=C(C(=O)N2CCC3(CCC(CN4CC5=CC6=C(C=C5C4)C(=O)N(C4CCC(=O)NC4=O)C6=O)CC3)CC2)C(OC)=C1,Q9H8M2,BRD9,CRBN,Q96SW2,94.0,97.0,1,1,False,HEK 293
GTVLOQRXXFNCKD,CN(CCCOCCCC1=CC=CC2=C1N(C)C(=O)N2C1CCC(=O)NC1=O)C[C@H]1CC[C@H](N2C=C(NC(=O)C3=C4N=C(N(C)C)C=CN4N=C3)C(C(F)F)=N2)CC1,Q9NWZ3,IRAK4,CRBN,Q96SW2,10000.0,95.0,1,0,False,OCI-Ly10
GUKINEBETXGZNQ,CC1=C(C)C2=C(S1)N1C(C)=NN=C1[C@H](CC(=O)NCCCCCNC1=CC=C(CC3=CC=C4C(=O)N(C5CCC(=O)NC5=O)CC4=C3)C=C1)N=C2C1=CC=C(Cl)C=C1,O60885,BRD4,CRBN,Q96SW2,2.6,62.0,1,0,False,HEK293
GUQFDBHYZUFOJM,O=C1CCC(N2C(=O)C3=CC=C(N4CCN(CCCCCOC5=CC=C(C6C7=CC=C(O)C=C7CCN6C6=CC=C(C(F)(F)F)C=C6F)C=C5)CC4)C=C3C2=O)C(=O)N1,P03372,ERalpha,CRBN,Q96SW2,5.0,50.0,1,0,False,MCF7
GUWGCJCFMYJJCN,O=C1CC[C@H](N2CC3=C(C=CC4=C3OC[C@H]3CN(CC(=O)N5CCC6(CC5)CN(C5=CC=C([C@@H]7C8=CC=C(O)C=C8CC[C@@H]7C7=CC=CC=C7)C=C5)C6)CCN43)C2=O)C(=O)N1,P03372,ERalpha,CRBN,Q96SW2,0.1,100.0,1,1,False,MCF-7
GVINOWISVXZLKA,C#CC1=C(F)C=CC2=CC(O)=CC(C3=NC=C4C(N5CC6CCC(C5)N6)=NC(OCCN5CCC(CC6CCN(CC7CCN(C8=CC=CC9=C8C(=O)N(C8CCC(=O)NC8=O)C9=O)CC7)CC6)CC5)=NC4=C3F)=C12,P01116,KRAS,CRBN,Q96SW2,100.0,50.0,1,0,False,AsPC-1
GWNHLXPYNJETCH,C#CC1=C(F)C=CC2=CC(O)=CC(C3=CC=C4C(N5CC6CCC(C5)N6)=NC(OCCN5CCC(CN6CCC(CC7CCN(C8=CC=C9C(=C8)N(C)C(=O)N9C8CCC(=O)NC8=O)CC7)CC6)CC5)=NC4=C3F)=C12,P01116,KRAS,CRBN,Q96SW2,100.0,70.0,1,0,False,AsPC-1
GXMZVRVWLSTSEG,CC1=CC=CC(C[C@@H](NC(=O)C2=CC=C3[NH]N=CC3=C2)C(=O)N2CC3=C(C[C@@H]2C(=O)NCCOCCOCCOCCOCCOCCOCCOCCNC2=CC=CC4=C2C(=O)N([C@@H]2CCC(=O)NC2=O)C4=O)C2=CC=CC=C2[NH]3)=C1,Q06187,BTK,CRBN,Q96SW2,2885.0,51.0,1,0,False,Ramos
GZPJFHIWNQNNSD,CCC1=CC=CC2=CC(O)=CC(C3=NC=C4C(N5C[C@@H]6CC[C@H](C5)N6)=NC(OC[C@@H]5CCCN5CCCCCCCC(=O)N[C@H](C(=O)N5C[C@H](O)C[C@H]5C(=O)N[C@@H](C)C5=CC=C(C6=C(C)N=CS6)C=C5)C(C)(C)C)=NC4=C3F)=C12,P01116,KRAS G12D,VHL,P40337,226.3,82.4,1,0,False,AsPC-1
HBADDMDENKIOJR,O=C1CCC(N2C(=O)C3=CC=C(N4CCC(N5CCC(NC(=O)C6=N[NH]C=C6NC(=O)C6=C(Cl)C=CC=C6Cl)CC5)CC4)C=C3C2=O)C(=O)N1,P24941,CDK2,CRBN,Q96SW2,2.8,79.2,1,0,False,HL-60
HBEJXYBKHVCHGV,CCN1CCC(N2C=C(C3=C[NH]C4=NC=C(C5=CC=C(N6CCC(F)(CN7CCN(C(=O)C8=CC=C(Cl)C(N9CCC(=O)NC9=O)=C8)CC7)CC6)C=C5)N=C34)C=N2)CC1,Q92918,MAP4K1,CRBN,Q96SW2,229.6,58.0,1,0,False,Jurkat
HBHGPBBNMZIAKT,O=C1CCC(N2CC3=CC(N4CCN(CCCCCOC5=CC=C([C@@H]6C7=CC=C(O)C=C7CC[C@@H]6C6=CC=C(F)C=C6F)C=C5)CC4)=CC=C3C2=O)C(=O)N1,P03372,ERalpha,CRBN,Q96SW2,5.0,50.0,1,0,False,MCF7
HBIFBOLRZZOMQV,C#CC1=C(F)C=CC2=CC(O)=CC(C3=NC=C4C(N5CC6CCC(C5)N6)=NC(OCCN5CCC6(CC5)CCN(CC5(F)CCN(C7=CC=C8C(=O)N(C9CCC(=O)NC9=O)CC8=C7F)CC5)CC6)=NC4=C3F)=C12,P01116,KRAS,CRBN,Q96SW2,100.0,70.0,1,0,False,AsPC-1
HBMULTNZJNRNCG,O=C1CCC(N2CC3=NC(N4CCN(CC5CCN(C6=C(F)C=C([C@@H]7C8=CC=C(O)C=C8CC[C@@H]7C7=CC=CC=C7)C=C6F)CC5)CC4)=CC=C3C2=O)C(=O)N1,P03372,ERalpha,CRBN,Q96SW2,5.0,50.0,1,0,False,MCF7
HDCCMCFIGHIDJR,CC1=C(C2=CC=C([C@H](C)NC(=O)[C@@H]3C[C@@H](O)CN3C(=O)[C@@H](NC(=O)CN3CCN(C4=CC(C5=CC=CC=C5O)=NN=C4N)CC3)C(C)(C)C)C=C2)SC=N1,P51531,SMARCA2,VHL,P40337,85.0,96.0,1,1,False,A375
HDDDLGGWALGZKG,C#CC1=C(F)C=CC2=CC(O)=CC(C3=NC=C4C(N5CC6CCC(C5)N6)=NC(OCCN5CCC6(CC5)CCN(CC5CCN(C7=CC=C8C(=O)N(C9CCC(=O)NC9=O)C(=O)C8=C7)CC5)CC6)=NC4=C3F)=C12,P01116,KRAS,CRBN,Q96SW2,100.0,70.0,1,0,False,AsPC-1
HDKHIHXXGKCSBP,O=C1CCC(N2C(=O)C3=CC=CC(NC(=O)CCCCCN4CCN(C5=CC=C(NC6=NC=C7N=CC(=O)N(C8CCCC8)C7=N6)C=C5)CC4)=C3C2=O)C(=O)N1,P11802,CDK4,CRBN,Q96SW2,36.45,90.0,2,1,False,Jurkat
HELQGVYGMYKION,CC(C)S(=O)(=O)C1=CC=CC=C1NC1=NC(NC2=CC=C(N3CCN(C(=O)CCC(=O)NCCNC4=CC=CC5=C4C(=O)N(C4CCC(=O)NC4=O)C5=O)CC3)C=C2)=NC2=C1N=C[NH]2,P33981,TTK,CRBN,Q96SW2,242.5,38.15,2,0,False,MV4-11 HiBiT-TTK
HFDHVDIXYSXIRN,CC1=NC2=CC(NC(=O)CCCCCCCNC(=O)COC3=CC=CC4=C3C(=O)N(C3CCC(=O)NC3=O)C4=O)=CC=C2N1CC1=CC=C(C(=O)NO)C=C1F,Q9UBN7,HDAC6,CRBN,Q96SW2,19.39,92.77,1,1,False,HL-60
HFMNEWFVZKPATN,CCC1=CC=CC2=C(F)C(O)=CC(C3=NC=C4C(N5CC6CCC(C5)N6)=NC(OCCN5CCC(CC6CCN(C7=CC=CC8=C7CN(C7CCC(=O)NC7=O)C8=O)CC6)CC5)=NC4=C3F)=C12,P01116,KRAS,CRBN,Q96SW2,1000.0,25.0,1,0,False,AsPC-1
HGEMTRSJRJKZAH,O=C1CC[C@H](N2CC3=C(C=CC4=C3OC[C@H]3CN(C(=O)COC5=CC=C([C@@H]6C7=CC=C(O)C=C7CC[C@@H]6C6=CC=CC=C6)C=C5)CCN43)C2=O)C(=O)N1,P03372,ERalpha,CRBN,Q96SW2,0.3,25.0,1,0,False,MCF-7
HGFFZPKBYNCGJP,CN(CCCCCC(=O)NC1=CC=C2C(=O)N(C3CCC(=O)NC3=O)C(=O)C2=C1)CC[C@@H](C1=CC=CC=C1)N1C=C(NC(=O)C2=N[NH]C3=C2CCC(C)(C)C3)C=N1,Q08881,ITK,CRBN,Q96SW2,7.0,99.0,1,1,False,Jurkat/Molt-4
HIMPUSAONKTVMA,O=C(CCCCOC1=CC=C(CCNC(=O)C2=CC=CC(C(=O)NO)=C2)C=C1)NCCCCCCNC1=CC=C2C(=O)N(C3CCC(=O)NC3=O)C(=O)C2=C1,Q9BY41,HDAC8,CRBN,Q96SW2,441.0,77.0,1,0,False,HCT-116
HJLNFVSSNIFDNV,N#CC1=CC=C(N2CCC(C3=CC=C(OCCCN4CCN(C5=CC=C6C(=O)N(C7CCC(=O)NC7=O)CC6=C5)CC4)C=C3)CC2)C=C1C(F)(F)F,P10275,AR,CRBN,Q96SW2,16.0,79.0,1,0,False,LnCAP
HKMUULSLHVOHMZ,CC(=O)N1CCC2=C(C1)C(C1=CC=CC3=CC(C4=CC=C(C(=O)NCCNC5=CC=CC6=C5C(=O)N(C5CCC(=O)NC5=O)C6=O)N=C4)=NC=C13)=NN2C1CCOCC1,Q92793,CBP,CRBN,Q96SW2,1.7,66.0,1,0,False,RS4;11
HKSBXNVKPFTBIG,CNC1=NC(NC2=CC=C(C(=O)N3CCN(C[C@H]4CC[C@H](CSC(C)(C)[C@H](NC(=O)C5(F)CC5)C(=O)N5C[C@H](O)C[C@H]5C(=O)NCC5=CC=C(C6=C(C)N=CS6)C=C5)CC4)CC3)C=C2OC)=NC=C1Cl,Q5S007,LRRK2,VHL,P40337,23.0,81.5,4,1,False,
HKYGFRGGDPTYPH,O=C1CCC(N2C(=O)C3=CC=C(N4CCN(CCCCCOC5=CC=C([C@@H]6C7=CC=C(O)C(F)=C7CC[C@@H]6C6=CC=C(F)C=C6)C=C5)CC4)C=C3C2=O)C(=O)N1,P03372,ERalpha,CRBN,Q96SW2,5.0,50.0,1,0,False,MCF7
HLFIMIUCZKHKSI,CC(=O)N1CCC2=C(C1)C(C1=CC=CC3=CC(C4=CC=C(C(=O)NCCCCC5=CC=CC6=C5CN(C5CCC(=O)NC5=O)C6=O)N=C4)=NC=C13)=NN2C1CCOCC1,Q92793,CBP,CRBN,Q96SW2,0.15,89.5,2,1,False,RS4;11
HLYLNRDFJAPWSR,O=C1CCC(N2CC3=CC(N4CCN(CCO[C@H]5CCN(C6=CC=C([C@@H]7C8=CC=C(O)C=C8CC[C@@H]7C7=CC=CC=C7)C=C6)C5)CC4)=CC=C3C2=O)C(=O)N1,P03372,ERalpha,CRBN,Q96SW2,5.0,50.0,1,0,False,MCF7
HMFPWZHVOGKYKT,C#CC1=C(F)C=CC2=CC(O)=CC(C3=NC=C4C(N5CC6CCC(C5)N6)=NC(OCCN5CCC(CC6CCN(CC7CCN(C8=CC(F)=CC9=C8CN(C8CCC(=O)NC8=O)C9=O)CC7)CC6)CC5)=NC4=C3F)=C12,P01116,KRAS,CRBN,Q96SW2,100.0,70.0,1,0,False,AsPC-1
HMGDRXZDHYGWAH,C#CC1=C(F)C=CC2=CC(O)=CC(C3=NC=C4C(N5CC6CCC(C5)N6)=NC(OCC5(CN6CCC7(CCN(CC8CCN(C9=CC=C%10C(=C9)N(C)C(=O)N%10C9CCC(=O)NC9=O)CC8)CC7)CC6)CC5)=NC4=C3F)=C12,P01116,KRAS,CRBN,Q96SW2,100.0,70.0,1,0,False,AsPC-1
HMJPYTUDBOCFFX,O=C1CCC(N2CC3=CC(N4CCN(CC5CCN(C6=CC=C([C@@H]7C8=CC=C(O)C=C8CC[C@@H]7C7=CC=CC=C7)C=C6F)CC5)CC4)=CC=C3C2=O)C(=O)N1,P03372,ERalpha,CRBN,Q96SW2,5.0,75.0,3,0,False,MCF7
HMLXCHFBGHUPHQ,CC(=O)N1CCC2=C(C1)C(C1=CC=CC3=CC(C4=CC=C(C(=O)N5CC6(CCC(NC7=CC=CC8=C7C(=O)N(C7CCC(=O)NC7=O)C8=O)CC6)C5)N=C4)=NC=C13)=NN2C1CCOCC1,Q92793,CBP,CRBN,Q96SW2,14.9,71.5,2,0,False,RS4;11
HMNVIAPVKDAEDF,CC(C)S(=O)(=O)C1=CC=CC=C1NC1=NC(NC2=CC=C(N3CCN(CCCCC(=O)NC4=CC=CC5=C4C(=O)N(C4CCC(=O)NC4=O)C5=O)CC3)C=C2)=NC2=C1N=C[NH]2,P33981,TTK,CRBN,Q96SW2,84.5,59.05,3,0,False,MV4-11 HiBiT-TTK
HNWIYSLNSNGHQL,C#CC1=C(F)C=CC2=CC(O)=CC(C3=NC=C4C(N5CC6CCC(C5)N6)=NC(OCCN5CCC(CN6CCC(CC7CCN(C8=CC(C)=C9C(=O)N(C%10CCC(=O)NC%10=O)CC9=C8F)CC7)CC6)CC5)=NC4=C3F)=C12,P01116,KRAS,CRBN,Q96SW2,100.0,70.0,1,0,False,AsPC-1
HOBINWBQKZMFPS,CC1=C(C2=CC=C([C@H](COCCN3CCC(C4=CC=C5C(=C4)N(C4CCCC4)C4=NC(=O)C6=C(Br)C=CC=C6N54)CC3)NC(=O)[C@@H]3C[C@@H](O)CN3C(=O)[C@@H](NC(=O)C3(F)CC3)C(C)(C)C)C=C2)SC=N1,P51531,SMARCA2,VHL,P40337,10.0,80.0,1,1,False,RKO
HOUFSBOLUUKSEG,CN1C(=O)N(C2CCC(=O)NC2=O)C2=CC=CC(C#CCOC3(C)CCN(C[C@H]4CC[C@H](N5C=C(NC(=O)C6=C7N=C(N8C[C@H]9C[C@@H]8CO9)C=CN7N=C6)C(C(F)F)=N5)CC4)CC3)=C21,Q9NWZ3,IRAK4,CRBN,Q96SW2,17.0,95.0,1,1,False,OCI-Ly10
HQGJFLMZLKUQQK,NC(=O)C1=CC=CC2=CN(C3=CC=C([C@@H]4CCCN(C(=O)CC5CCN(CCC6CCN(CC7CCN(C8=CC=C9C(=O)N(C%10CCC(=O)NC%10=O)C(=O)C9=C8)C7)CC6)CC5)C4)C=C3)N=C12,P09874,PARP1,CRBN,Q96SW2,20000.0,33.62,1,0,False,HCT-116
HRBKSBSBJGJLMD,O=C1CC[C@H](N2CC3=C(C=CC4=C3OCC43CCN(CC4CCC5(CCN(C6=CC=C([C@@H]7C8=CC=C(O)C=C8CC[C@@H]7C7=CC=CC=C7)C=C6)CC5)C4)CC3)C2=O)C(=O)N1,P03372,ERalpha,CRBN,Q96SW2,0.1267,92.0,1,1,False,MCF-7
HREXKQQPJFGTJW,N#CC1=CC=C(N2CCC(C3=CC=C(N4CCC(CN5CCN(C6=CC7=C(C=C6F)C(=O)N(C6CCC(=O)NC6=O)C7=O)CC5)CC4)C=C3)CC2)C=C1C(F)(F)F,P10275,AR,CRBN,Q96SW2,180.0,92.0,1,0,False,LnCAP
HSRBMGCEYQGMKV,O=C1CCC(N2C(=O)C3=CC=C(N4CCC(CN5CCC(CN6CCC(NC(=O)C7=N[NH]C=C7NC(=O)C7=C(Cl)C=CC=C7Cl)CC6)CC5)CC4)C=C3C2=O)C(=O)N1,P24941,CDK2,CRBN,Q96SW2,100.0,31.84,1,0,False,HL-60
HSRYBYBNUIXGPN,COC1=CC=C([C@H]2CCC3=CC(O)=CC=C3[C@H]2C2=CC=C(N3CCC(CCN4CCN(C5=CC=C6C(=O)N(C7CCC(=O)NC7=O)CC6=C5)CC4)CC3)C=C2)C=C1,P03372,ERalpha,CRBN,Q96SW2,5.0,75.0,1,0,False,MCF7
HSTRRNDJSXXGTP,CC1=C(C2=CC=C([C@H](C)NC(=O)[C@@H]3C[C@@H](O)CN3C(=O)[C@@H](NC(=O)CCOCCOCCN3C=C(C4=CC(C5=CC=CC=C5O)=NN=C4N)C=N3)C(C)(C)C)C=C2)SC=N1,P51531,SMARCA2,VHL,P40337,656.5,67.5,2,0,False,
HSWPRTMIJULITP,C[C@H]1CN(C(=O)CCCNC2=CC=CC3=C2C(=O)N(C2CCC(=O)NC2=O)C3=O)CCN1C1=CC=C(NC2=CC(C3=CC=NC(N4CCN5C(=CC6=C5CC(C)(C)C6)C4=O)=C3CO)=CN(C)C2=O)N=C1,Q06187,BTK,CRBN,Q96SW2,0.9,95.7,1,1,False,Ramos/JeKo-1
HTBYGFLLMYLTHB,CN1CC[C@H]2CC[C@@H](C(=O)N[C@@H](CCC(N)=O)C(=O)N[C@H](C(=O)NCCCCCCCCC#CC3=CC=CC4=C3CN(C3CCC(=O)NC3=O)C4=O)C3=CC=CC=C3)N2C(=O)[C@@H](NC(=O)C2=CC3=CC(C(F)(F)P(=O)(O)O)=CC=C3S2)C1,P40763,STAT3,CRBN,Q96SW2,800.0,60.0,1,0,False,STAT3 HiBiT KI HeLa
HTCYENAEFGXMBN,O=C1CCC(N2C(=O)C3=CC=CC(NC(=O)CCCCCN4C=C(CN5CCN(C6=CC=C(NC7=NC=C8N=CC(=O)N(C9CCCC9)C8=N7)C=C6)CC5)N=N4)=C3C2=O)C(=O)N1,P11802,CDK4,CRBN,Q96SW2,508.15,68.5,2,0,False,Jurkat
HTRPLICOUPYTSA,COC1=CC(C2=CN(C)C(=O)C3=CN=CC=C23)=CC(OC)=C1CN1CC2=CC3=C(C=C2C1)C(=O)N(C1CCC(=O)NC1=O)C3,Q9H8M2,BRD9,CRBN,Q96SW2,37.0,90.0,1,1,False,HEK 293
HTTICGLXYYLMDH,CC[C@@H](CO)NC1=NC2=C(C(C)C)C=NN2C(NCC2=CC=C(NC(=O)N3CCC(N4CCN(C5=CC6=C(C=C5F)C(=O)N(C5CCC(=O)NC5=O)C6=O)CC4)CC3)C=C2)=N1,P50750,CDK9,CRBN,Q96SW2,3.94,96.0,1,1,False,MDA-MB-231
HTZKEGBJQSNRPS,C#CC1=C(F)C=CC2=CC(O)=CC(C3=NC=C4C(N5CC6CCC(C5)N6)=NC(OC[C@@H]5C[C@@H](OC6CCN(CC7CCN(C8=CC=C9C(=C8F)N(C(C)C)C(=O)N9C8CCC(=O)NC8=O)CC7)CC6)CN5C)=NC4=C3F)=C12,P01116,KRAS,CRBN,Q96SW2,100.0,70.0,1,0,False,AsPC-1
HUPQXHIYSCJHFN,CCC1=CC=CC2=CC(O)=CC(C3=NC=C4C(N5CC6CCC(C5)N6)=NC(OC[C@H]5C[C@H](OC6CCN(C7=CC=C8C(=O)N(C9CCC(=O)NC9=O)CC8=C7)CC6)CN5C)=NC4=C3F)=C12,P01116,KRAS,CRBN,Q96SW2,100.0,70.0,1,0,False,AsPC-1
HVBHZDKTMNATQR,CCC1=CC=CC2=CC(O)=CC(C3=NC=C4C(N5CC6CCC(C5)N6)=NC(OCCN5CCC(CC6CCN(C7=CC=CC8=C7N(C)C(=O)N8C7CCC(=O)NC7=O)CC6)CC5)=NC4=C3F)=C12,P01116,KRAS,CRBN,Q96SW2,1000.0,50.0,1,0,False,AsPC-1
HVCUHKYQOOWTKP,O=C1CCC(N2CC3=CC(N4CC5(CN(CCCCOC6=CC=C([C@@H]7C8=CC=C(O)C=C8CC[C@@H]7C7=CC=C(F)C=C7)C=C6)C5)C4)=CC=C3C2=O)C(=O)N1,P03372,ERalpha,CRBN,Q96SW2,5.0,50.0,1,0,False,MCF7
HVGXJCYZTQDJAH,C#CC1=C(F)C=CC2=CC(O)=CC(C3=CC=C4C(N5CC6CCC(C5)N6)=NC(OCCN5CCC6(CC5)CCN(CC5CCN(C7=CC=C8C(=C7F)N(C)C(=O)N8C7CCC(=O)NC7=O)CC5)CC6)=NC4=C3F)=C12,P01116,KRAS,CRBN,Q96SW2,100.0,70.0,1,0,False,AsPC-1
HVKRSVRPJLSWCD,C#CC1=C(F)C=CC2=CC(O)=CC(C3=NC=C4C(N5CC6CCC(C5)N6)=NC(OCCN5CCC(CC6CCN(CC7CCN(C8=CC=CC9=C8N(C)C(=O)N9C8CCC(=O)NC8=O)CC7)CC6)CC5)=NC4=C3F)=C12,P01116,KRAS,CRBN,Q96SW2,100.0,70.0,1,0,False,AsPC-1
HVMKSQIOKMVOOE,O=C1CCC(N2C(=O)C3=CC4=C(C=C3C2=O)CN(CC2CCN(CC3CN(C5=CC=C([C@@H]6C7=CC=C(O)C=C7CC[C@@H]6C6=CC=CC=C6)C=C5)C3)CC2)C4)C(=O)N1,P03372,ERalpha,CRBN,Q96SW2,19.0,64.0,1,0,False,
HVNFFKLHUBPWOR,O=C1CCC(N2C(=O)C3=CC=C(N4CCN(CCCN5CCC(C6=CC=C([C@@H]7C8=CC=C(O)C=C8CC[C@@H]7C7=CC=CC=C7)C=C6)CC5)CC4)C=C3C2=O)C(=O)N1,P03372,ERalpha,CRBN,Q96SW2,5.0,75.0,1,0,False,MCF7
HVVUCVPBWVLAFT,COC1=CC(C2=CN(C)C(=O)C3=CN=CC=C23)=CC(OC)=C1C(=O)N1CCC(CN2CC3=CC4=C(C=C3C2)C(=O)N(C2CCC(=O)NC2=O)C4=O)CC1,Q9H8M2,BRD9,CRBN,Q96SW2,107.0,90.0,1,0,False,HEK 293
HWBJXQNUDFNRQJ,O=C1CCC(N2CC3=CC(N4CCN(CCN5CCC(OC6=CC=C([C@@H]7C8=CC=C(O)C=C8CC[C@@H]7C7=CC=CC=C7)C=C6)CC5)CC4)=CC=C3C2=O)C(=O)N1,P03372,ERalpha,CRBN,Q96SW2,5.0,50.0,1,0,False,MCF7
HWEFEZUTECUWNS,CC1=C(C2=CC=C(CNC(=O)[C@@H]3C[C@@H](O)CN3C(=O)[C@@H](NC(=O)CCCCCCCCCN3C=C(CCCOC(=O)NCC4=CC=C(C(=O)NC5=CC=CC=C5N)C=C4)N=N3)C(C)(C)C)C=C2)SC=N1,Q13547,HDAC1,VHL,P40337,2840.0,62.0,1,0,False,HCT116
HWEWHJKPIYCTHI,O=C1CC[C@H](N2CC3=C(C=CC4=C3OC[C@H]3CN(CC5CC6(CCN(C7=CC=C([C@@H]8C9=CC=C(O)C=C9CC[C@@H]8C8=CC=CC=C8)C=C7)CC6)CO5)CCN43)C2=O)C(=O)N1,P03372,ERalpha,CRBN,Q96SW2,0.9,100.0,1,1,False,MCF-7
HXJOBSTYEDSJNC,CCC1=CC=CC2=CC(O)=CC(C3=NC=C4C(N5CC6CCC(C5)N6)=NC(OCCN5CCN(CC6CCN(C7=CC=C(OC)C(C(=O)NC8CCC(=O)NC8=O)=C7)CC6)CC5)=NC4=C3F)=C12,P01116,KRAS,CRBN,Q96SW2,1000.0,25.0,1,0,False,AsPC-1
HYHSJYMZWGTVLB,CC(=O)N1CCC2=C(C1)C(C1=CC=CC3=CC(C4=CC=C(C(=O)NCCCCCNC5=CC=CC6=C5C(=O)N(C5CCC(=O)NC5=O)C6=O)N=C4)=NC=C13)=NN2C1CCOCC1,Q92793,CBP,CRBN,Q96SW2,0.65,93.5,2,1,False,RS4;11
HYVIMBFWEYTPNQ,CN1CC[C@H]2CC[C@@H](C(=O)N[C@@H](CCC(N)=O)C(=O)N[C@H](C(=O)N3CCC(CCC#CC4=CC=CC5=C4CN(C4CCC(=O)NC4=O)C5=O)CC3)C3=CC=CC=C3)N2C(=O)[C@@H](NC(=O)C2=CC3=CC(C(F)(F)P(=O)(O)O)=CC=C3S2)C1,P40763,STAT3,CRBN,Q96SW2,300.0,86.0,1,0,False,STAT3 HiBiT KI HeLa
HYZMVIWTOQSXRR,C[C@H]1CN(C(=O)CCCCCCCCCCCNC2=CC=CC3=C2C(=O)N(C2CCC(=O)NC2=O)C3=O)CCN1C1=CC=C(NC2=CC(C3=CC=NC(N4CCN5C(=CC6=C5CC(C)(C)C6)C4=O)=C3CO)=CN(C)C2=O)N=C1,Q06187,BTK,CRBN,Q96SW2,113.0,89.0,1,0,False,Ramos/JeKo-1
IBCRRCGKMSVYRY,C[C@H]1CC2(CCN(C3=CC=C(C(=O)N4CCC(CN5CC6=CC7=C(C=C6C5)C(=O)N(C5CCC(=O)NC5=O)C7=O)CC4)N=C3)CC2)CN1C1=CC=C(C#N)C(Cl)=C1,P10275,AR,CRBN,Q96SW2,15.6,99.0,1,1,False,VCaP/LNCaP
IBWMKKPVZHZHTL,O=C1CCC(N2CC3=CC(N4CCN(CCNCCOC5=CC=C([C@@H]6C7=CC=C(O)C=C7CC[C@@H]6C6=CC=CC=C6)C=C5)CC4)=CC=C3C2=O)C(=O)N1,P03372,ERalpha,CRBN,Q96SW2,5.0,50.0,1,0,False,MCF7
ICPREALNMMYIPF,O=C1CC[C@H](N2CC3=C(C=CC4=C3OC[C@H]3CN(C(=O)CN5CC6(C5)CN(C5=CC=C([C@@H]7C8=CC=C(O)C=C8CC[C@@H]7C7=CC=CC=C7)C=C5)C6)CCN43)C2=O)C(=O)N1,P03372,ERalpha,CRBN,Q96SW2,0.011,100.0,1,1,False,MCF-7
ICQRDWJIGVISFZ,COC1=CC(C2=CN(C)C(=O)C3=CN=CC=C23)=CC(OC)=C1C(=O)N1CCC2(CC1)CC(N1CC3=CC4=C(C=C3C1)C(=O)N(C1CCC(=O)NC1=O)C4)C2,Q9H8M2,BRD9,CRBN,Q96SW2,3.0,99.0,1,1,False,HEK 293
ICSOCJOBEUEOEV,CC1=C(C)C2=C(S1)N1C(C)=NN=C1[C@H](CC(=O)NCCCCCCCCC(=O)N[C@@H](CC1=CC3=CC=CC=C3[NH]1)C(=O)N[C@H]1CC(=O)NC1=O)N=C2C1=CC=C(Cl)C=C1,O60885,BRD4,CRBN,Q96SW2,30.0,99.0,1,1,False,HEK293T
IDFDLTKSQGRMMG,CC(=O)N1CCC2=C(C1)C(C1=CC=CC3=CC(C4=CC=C(C(=O)NCCCCCCCNC5=CC=CC6=C5C(=O)N(C5CCC(=O)NC5=O)C6=O)N=C4)=NC=C13)=NN2C1CCOCC1,Q92793,CBP,CRBN,Q96SW2,1.75,93.0,2,1,False,RS4;11
IDVDIZDCUKZAOV,O=C1CCC(N2CC3=CC(N4CCN(CCCCCCOC5=CC=C([C@@H]6C7=CC=C(O)C=C7CC[C@@H]6C6=CC=CC=C6)C=C5)CC4)=CC=C3C2=O)C(=O)N1,P03372,ERalpha,CRBN,Q96SW2,5.0,75.0,1,0,False,MCF7
IEFJIESJXZXMBS,CC1=CC(C2=C[NH]C3=NC=C(C4=CC=C(C5CCN(C(=O)CCOCCOCCOC6=CC=CC7=C6C(=O)N(C6CCC(=O)NC6=O)C7=O)CC5)C=C4)N=C23)=CC=C1C(=O)N(C)C,Q92918,MAP4K1,CRBN,Q96SW2,245.47,56.6,1,0,False,Jurkat
IESOKNQYZZGWEK,O=C1CCC(N2CC3=CC(N4CCN(CC5CCN(C6=CC=C([C@@H]7C8=CC=C(O)C=C8CC[C@@H]7C7=CC=C(F)C=C7)C=C6)CC5)CC4)=CC=C3C2=O)C(=O)N1,P03372,ERalpha,CRBN,Q96SW2,5.0,75.0,1,0,False,MCF7
IFFJMOZOLVHKAT,CN(CCOCC1=CC=C([C@@H]2C3=CC=C(O)C=C3CC[C@@H]2C2=CC=CC=C2)C=C1)[C@H]1CC[C@H](C2=CC=C3C(=O)N([C@H]4CCC(=O)NC4=O)CC3=C2)CC1,P03372,ERalpha,CRBN,Q96SW2,5.0,50.0,1,0,False,MCF7
IFGRJEDDLDJVFO,O=C1CCC(N2C(=O)C3=CC=CC(OCCCCN4C=C(CCCCCN5CCC(NC(=O)C6=C(NC(=O)C7=C(Cl)C=CC=C7Cl)C=N[NH]6)CC5)N=N4)=C3C2=O)C(=O)N1,P50750,CDK9,CRBN,Q96SW2,400.0,58.6,1,0,False,MOLM-13
IFPXXFMXWDLQFQ,COC1=CC2=NC(C)=NC(N[C@H](C)C3=CC(N)=CC(C(F)(F)F)=C3)=C2C=C1OCC1(CN(C)C(=O)C2CCN(CCNC3=CC=CC4=C3C(=O)N(C3CCC(=O)NC3=O)C4=O)CC2)CC1,Q07889,SOS1,CRBN,Q96SW2,44.0,90.0,1,1,False,H358
IFRRBNGUULWZMN,CC(=O)N1CCC2=C(C1)C(N1CCCC3=CC(C4=CN(C)N=C4)=C(C(F)F)C=C31)=NN2C1CCN(C(=O)CCCNC2=CC=CC3=C2C(=O)N(C2CCC(=O)NC2=O)C3=O)CC1,Q92793,CBP,CRBN,Q96SW2,1.2999999999999998,92.5,2,1,False,VCaP
IGVWCTHYJFXSBS,CCC(C)(C)C(=O)C(=O)N1CCCC[C@H]1C(=O)O[C@H](CCC1=CC=C(OC)C(OC)=C1)C1=CC=CC(NC(=O)CCC(=O)NCCCCCCC(=O)N2CCC[C@H]2C(=O)N[C@@H]2CCC(=O)NC2=O)=C1,P62942,FKBP12,CRBN,Q96SW2,428.0,88.0,1,0,False,HEK293T
IHSNQZPLVFVVMX,COC1=CC(N2CCN(CC3CCN(C4=CC=C(C5CCN(C6=CC=C(C#N)C(C(F)(F)F)=C6F)CC5)C=C4)CC3)CC2)=CC2=C1C(=O)N(C1CCC(=O)NC1=O)C2,P10275,AR,CRBN,Q96SW2,57.0,85.0,2,1,False,LnCAP
IICKZTABJMLFAS,O=C1CCC(N2C(=O)C3=CC4=C(C=C3C2=O)CN(CC(=O)N2CCC3(CC2)CCN(C2=CC=C([C@@H]5C6=CC=C(O)C=C6CC[C@@H]5C5=CC=CC=C5)C=C2)C3)C4)C(=O)N1,P03372,ERalpha,CRBN,Q96SW2,18.0,58.0,1,0,False,
IIMIYRHGPQNUTI,CC(=O)N1CCC2=C(C1)C(C1=CC=CC3=CC(C4=CC=C(C(=O)NCCCC5=CC=CC6=C5CN(C5CCC(=O)NC5=O)C6=O)N=C4)=NC=C13)=NN2C1CCOCC1,Q92793,CBP,CRBN,Q96SW2,1.7999999999999998,97.0,2,1,False,RS4;11
IIODAHZZCZHBBG,O=C1CCC(N2CC3=CC(N4CCN(CC[C@@H]5C[C@H]5COC5=CC=C([C@@H]6C7=CC=C(O)C=C7CC[C@@H]6C6=CC=CC=C6)C=C5)CC4)=CC=C3C2=O)C(=O)N1,P03372,ERalpha,CRBN,Q96SW2,5.0,62.5,2,0,False,MCF7
IIOOLBGMXUJQLM,O=C1CCC(N2C(=O)C3=CC=C(N4CCN(CC5CCN(C(=O)CN6CCN(C7=CC=C(NC8=NC=C9N=CC(=O)N(C%10CCCC%10)C9=N8)C=C7)CC6)CC5)CC4)C=C3C2=O)C(=O)N1,P11802,CDK4,CRBN,Q96SW2,70.05000000000001,79.0,2,0,False,Jurkat
IIUMLDLNPGCAPX,COC1=CC2=NC(C)=NC(N[C@H](C)C3=CC(N)=CC(C(F)(F)F)=C3)=C2C=C1C1CCN(C(=O)CCCCCC(=O)N[C@H](C(=O)N2C[C@H](O)C[C@H]2C(=O)N[C@@H](C)C2=CC=C(C3=C(C)N=CS3)C=C2)C(C)(C)C)CC1,Q07889,SOS1,VHL,P40337,15.7,100.0,1,1,False,NCI-H358
IJKCXDOACVWFTB,C[C@H]1CC2(CCN(C3=CC=C(C(=O)N4CCC(F)(CN5CC6=CC7=C(C=C6C5)C(=O)N(C5CCC(=O)NC5=O)C7=O)CC4)C=C3)CC2)CN1C1=CC=C(C#N)C(Cl)=C1,P10275,AR,CRBN,Q96SW2,0.9,99.0,1,1,False,VCaP/LNCaP
IJLLDTDBKVJVRA,C[C@@H]1CC2=C(C=CC3=C2C=N[NH]3)[C@@H](C2=CC=C(N3CCC4(CCN(C(=O)CN5CC6=CC7=C(C=C6C5)C(=O)N(C5CCC(=O)NC5=O)C7=O)CC4)CC3)C=N2)N1CC(F)F,P03372,ERalpha,CRBN,Q96SW2,14.0,112.0,1,1,False,
IJVINXKSZVCULY,CC1=CC=C(NC(=O)CN2C=C(C3=CC=C4C(NC(=O)C5=CC=C(N6CCN(CCCCCCC(=O)N[C@H](C(=O)N7C[C@H](O)C[C@H]7C(=O)NCC7=CC=C(C8=C(C)N=CS8)C=C7)C(C)(C)C)CC6)C=C5)=N[NH]C4=C3)C=N2)C=C1C(F)(F)F,P35968,VEGFR-2,VHL,P40337,3330.0,38.2,1,0,False,HGC-27
IJZXNTIKXSHEIV,O=C1CCC(N2CC3=CC(N4CCN(CC5(O)CCN(C6=CC=C([C@@H]7C8=CC=C(O)C=C8CC[C@@H]7C7=CC=C(F)C=C7)C=C6)CC5)CC4)=CC=C3C2=O)C(=O)N1,P03372,ERalpha,CRBN,Q96SW2,5.0,50.0,1,0,False,MCF7
ILDJWQYNDNRRFS,CC1=C(C)C2=C(S1)N1C(C)=NN=C1[C@H](CC(=O)NCC(=O)NCCCCCOC1=CC=CC3=C1C(=O)N(C1CCC(=O)NC1=O)C3=O)N=C2C1=CC=C(Cl)C=C1,O60885,BRD4,CRBN,Q96SW2,184.0,86.0,1,0,False,MDA-MB-231
ILHYMMRHMNAREE,CCS(=O)(=O)N1C=C(C2=NC(NC3=CC=C(N4CCN(C(=O)CCCCCCC(=O)NC5=CC=CC6=C5CN(C5CCC(=O)NC5=O)C6=O)CC4)C=C3)=NC=C2C(F)(F)F)C2=CC=CC=C21,P00533,EGFR L858R/T790M/C797S,CRBN,Q96SW2,159.3,85.9,1,0,False,H1975-TM
ILVRLRGBSSFKIE,CNC(=O)N1CCC2=C(C1)C(N1CCCC3=CC(C4=CN(C)N=C4)=C(C(F)F)C=C31)=NN2C1CCN(C(=O)CCOCCOCCOCCOCCNC2=CC=C3C(=O)N(C4CCC(=O)NC4=O)C(=O)C3=C2)CC1,Q92793,CBP,CRBN,Q96SW2,1.3,93.0,2,1,False,RS4;11
IMFZXOQNKSCRDL,O=C1CCC(N2C(=O)C3=CC=C(N4CCN(CCCCCOC5=CC=C([C@@H]6C7=CC=C(O)C=C7CC[C@@H]6C6=CC=C(F)C=C6F)C=C5)CC4)C=C3C2=O)C(=O)N1,P03372,ERalpha,CRBN,Q96SW2,5.0,75.0,1,0,False,MCF7
INSWPZLUELYCJL,CCC1=CC=CC2=CC(O)=CC(C3=NC=C4C(N5CC6CCC(C5)N6)=NC(OCCN5CCC(CC6CCN(C7=CC=CC8=C7CN(C7CCC(=O)N(C)C7=O)C8=O)CC6)CC5)=NC4=C3F)=C12,P01116,KRAS,CRBN,Q96SW2,1000.0,25.0,1,0,False,AsPC-1
IOOQRZXUJWIKSK,O=C1CCC(N2C(=O)C3=CC4=C(C=C3C2=O)CN(CC2CCN(C3=CC=C([C@@H]5C6=CC=C(O)C=C6CC[C@@H]5C5=CC=CC=C5)C=C3)CC2)C4)C(=O)N1,P03372,ERalpha,CRBN,Q96SW2,415.0,65.0,1,0,False,
IOXZCFBYXCUJFT,CCC1=CC=CC2=CC(O)=CC(C3=NC=C4C(N5CC6CCC(C5)N6)=NC(OCCN5CCC(CN6CCC7(CC6)CCN(C6=CC=C8C(=O)N(C9CCC(=O)NC9=O)C(=O)C8=C6)CC7)CC5)=NC4=C3F)=C12,P01116,KRAS,CRBN,Q96SW2,250.0,25.0,1,0,False,AsPC-1
IQTGYTVCOLETPE,CC(=O)N1CCC2=C(C1)C(N1CCCC3=CC(C4=NN(C)C=C4)=C(C(F)F)C=C31)=NN2C[C@H]1CC[C@H](CN2CC3=CC4=C(C=C3C2)C(=O)N(C2CCC(=O)NC2=O)C4=O)CC1,Q92793,CBP,CRBN,Q96SW2,1000.0,38.5,2,0,False,
IRNLRSRPNWJYIM,O=C1CCC(N2CC3=CC(N4CCN(CCC5CCN(C6=CC=C([C@@H]7C8=CC=C(O)C=C8CC[C@@H]7C7=CC=C(O)C=C7)C=C6)CC5)CC4)=CC=C3C2=O)C(=O)N1,P03372,ERalpha,CRBN,Q96SW2,5.0,75.0,1,0,False,MCF7
IRPFSGAGOIRUFS,O=C1CCC(N2C(=O)C3=CC=C(N4CCC(N5CCC(NC(=O)C6=N[NH]C=C6NC(=O)C6=C(Cl)C=CC=C6Cl)CC5)C4)C=C3C2=O)C(=O)N1,P24941,CDK2,CRBN,Q96SW2,7.13,59.07,1,0,False,HL-60
IRRDUSVGQNEVTI,O=C1CCC(N2CC3=CC(N4CCN(C5CC6(C5)CN(CCOC5=CC=C([C@@H]7C8=CC=C(O)C=C8CC[C@@H]7C7=CC=CC=C7)C=C5)C6)CC4)=CC=C3C2=O)C(=O)N1,P03372,ERalpha,CRBN,Q96SW2,5.0,75.0,1,0,False,MCF7
ISEXZTLVHYGCIH,C#CC1=C(F)C=CC2=CC(O)=CC(C3=CC=C4C(N5CC6CCC(C5)N6)=NC(OCCN5CCC(CC6CCN(CC7CCN(C8=CC=C9C(=C8)N(C)C(=O)N9C8CCC(=O)NC8=O)CC7)CC6)CC5)=NC4=C3F)=C12,P01116,KRAS,CRBN,Q96SW2,100.0,70.0,1,0,False,AsPC-1
ISGZAZCWYIOENN,CC1=C(C2=CC=C(CNC(=O)[C@@H]3C[C@@H](O)CN3C(=O)[C@@H](NC(=O)COCCN3CCN(CCOC4=CC(F)=C([C@@H]5C6=C(C[C@@H](C)N5CC(C)(C)F)C5=CC=CC=C5[NH]6)C(F)=C4)CC3)C(C)(C)C)C=C2)SC=N1,P03372,ERalpha,VHL,P40337,0.5,100.0,1,1,False,muHeps
ISJULPZNFXWDMM,NC(=O)C1=CC=CC2=CN(C3=CC=C([C@@H]4CCCN(CCC5CCN(CCC6CCN(CC7CN(C8=CC=C9C(=O)N(C%10CCC(=O)NC%10=O)C(=O)C9=C8)C7)CC6)CC5)C4)C=C3)N=C12,P09874,PARP1,CRBN,Q96SW2,30.0,71.01,1,0,False,HCT-116
ITBYGVDOJZWBJJ,CC1=C(C)C2=C(S1)N1C(C)=NN=C1[C@H](CC(=O)NCCCCCCCCC(=O)N[C@@H](CCCCN)C(=O)N[C@H]1CC(=O)NC1=O)N=C2C1=CC=C(Cl)C=C1,O60885,BRD4,CRBN,Q96SW2,1450.0,69.0,1,0,False,HEK293T
ITDXUECDKFMKGU,CC1=C(C)C2=C(S1)N1C(C)=NN=C1[C@H](CC(=O)N1CCN(CC(=O)NCCCOC3=CC=CC4=C3C(=O)N(C3CCC(=O)NC3=O)C4=O)CC1)N=C2C1=CC=C(Cl)C=C1,O60885,BRD4,CRBN,Q96SW2,239.0,81.0,1,0,False,MDA-MB-231
ITFVEYMZPFOFJY,C#CC1=C(F)C=CC2=CC(O)=CC(C3=NC=C4C(N5CC6CCC(C5)N6)=NC(OCC5(CN6CCC(CC7CCN(CC8CN(C9=CC=C%10C(=C9)N(C)C(=O)N%10C9CCC(=O)NC9=O)C8)CC7)CC6)CC5)=NC4=C3F)=C12,P01116,KRAS,CRBN,Q96SW2,100.0,70.0,1,0,False,AsPC-1
ITLFOABDYWUBGN,O=C1CCC(N2C(=O)C3=CC=C(N4CCC(CN5CCC(CCN6CCC(NC(=O)C7=N[NH]C=C7NC(=O)C7=C(Cl)C=CC=C7Cl)CC6)CC5)CC4)C=C3C2=O)C(=O)N1,P24941,CDK2,CRBN,Q96SW2,100.0,43.5,1,0,False,HL-60
ITPRXUFQAIATQP,CC1=C(C2=CC=C(CNC(=O)[C@@H]3C[C@@H](O)CN3C(=O)[C@@H](NC(=O)COCCN3CCN(CCOC4=CC=C([C@@H]5C6=CC=C(O)C=C6CC[C@@H]5C5=CC=CC=C5)C=C4)CC3)C(C)(C)C)C=C2)SC=N1,P03372,ERalpha,VHL,P40337,5.0,75.0,1,0,False,MCF7
ITSNPCRTAAEVPC,CC(=O)N1CCC2=C(C1)C(C1=CC=CC3=CC(C4=CC=C(C(=O)N5CCC(C6CCN(C7=CC=CC8=C7C(=O)N(C7CCC(=O)NC7=O)C8=O)CC6)CC5)N=C4)=NC=C13)=NN2C1CCOCC1,Q92793,CBP,CRBN,Q96SW2,40.0,58.0,1,0,False,RS4;11
ITSRILWBOAUMKU,O=C(CCCCN1CCN(C2=CC=C(NC3=NC=C4N=CC(=O)N(C5CCCC5)C4=N3)C=C2)CC1)NCCNC1=CC=CC2=C1C(=O)N(C1CCC(=O)NC1=O)C2=O,P11802,CDK4,CRBN,Q96SW2,6.5,98.0,2,1,False,Jurkat
ITZXGDOGIKODRB,CCN1C=C(C2=C[NH]C3=NC=C(C4=CC=C(N5CCC(CC6CCN(C(=O)C7=CC=C(Cl)C(N8CCC(=O)NC8=O)=C7)CC6)CC5)N=C4)N=C23)C=N1,Q92918,MAP4K1,CRBN,Q96SW2,29.2,87.0,1,1,False,Jurkat
IVGNPUWRFBJCCN,O=C1CCC(N2C(=O)C3=CC4=C(C=C3C2=O)CN(CCCCCC2CCN(C3=CC=C([C@@H]5C6=CC=C(O)C=C6CC[C@@H]5C5=CC=CC=C5)C=C3)CC2)C4)C(=O)N1,P03372,ERalpha,CRBN,Q96SW2,31.0,106.0,1,1,False,
IVPRENIRIBNJBG,O=C1CC[C@H](N2CC3=C(C=CC4=C3OCC43CCN(C(=O)C4CCN(C5=CC=C([C@@H]6C7=CC=C(O)C=C7CC[C@@H]6C6=CC=CC=C6)C=C5)CC4)CC3)C2=O)C(=O)N1,P03372,ERalpha,CRBN,Q96SW2,0.0277,82.0,1,1,False,MCF-7
IVXQINIZGYXEJQ,O=C1CCC(N2C(=O)C3=CC=C(OCCN4CCN(C5=CC=C(OC6=CC=C([C@@H]7C8=CC=C(O)C=C8CC[C@@H]7C7=CC=CC=C7)C=C6)N=C5)CC4)C=C3C2=O)C(=O)N1,P03372,ERalpha,CRBN,Q96SW2,50.0,50.0,1,0,False,MCF7
IXBCMKKLQPZOMV,CC1=NC(NC2=NC=C(C(=O)NC3=C(C)C=CC=C3Cl)S2)=CC(N2CCN(CCCN3CCC4(CC3)CCN(C3=CC=C(C5CCC(=O)NC5=O)C=C3)CC4)CC2)=N1,P06239,LCK,CRBN,Q96SW2,9.1,93.0,1,1,False,KOPT-K1
IYFKRANQUJUTKF,O=C(CNC1=CC=CC(C2=CC(C3=CC=C4OCOC4=C3)=N[NH]2)=C1)NCCOCCOCCOCCNC1=CC=CC2=C1C(=O)N(C1CCC(=O)NC1=O)C2=O,P37840,Alpha-syn,CRBN,Q96SW2,7510.0,89.0,1,0,False,Snca OE-PFF seeding HEK293T
JAACHRNVNHCLBW,O=C1CCC(N2C(=O)C3=CC=C(N4CCC(CN5CCC(NC(=O)C6=N[NH]C=C6NC(=O)C6=C(Cl)C=CC=C6Cl)CC5)CC4)C=C3C2=O)C(=O)N1,P24941,CDK2,CRBN,Q96SW2,1.17,75.76,1,0,False,HL-60
JBTHUOYYUUPUOZ,CC1=C(C2=CC=C([C@H](CC[C@H](C)CCN3CCC(C4=CC=C5C(=C4)N(C4CCCC4)C4=NC(=O)C6=C(Br)C=CC=C6N54)CC3)NC(=O)[C@@H]3C[C@@H](O)CN3C(=O)[C@@H](NC(=O)C3(F)CC3)C(C)(C)C)C=C2)SC=N1,P51531,SMARCA2,VHL,P40337,16.5,74.0,2,0,False,RKO
JBXSWHJQZJJXBZ,CC1=CC(C2=C[NH]C3=NC=C(C4=CC=C(C5CCN(C(=O)C6CCN(C7=CC=C8C(=O)N(C9CCC(=O)NC9=O)C(=O)C8=C7)CC6)CC5)C=C4)N=C23)=CC=C1C(=O)N(C)C,Q92918,MAP4K1,CRBN,Q96SW2,1751.2,63.6,1,0,False,Jurkat
JCHASSLZOGHKHL,CCC1=CC=CC2=CC(O)=CC(C3=NC=C4C(N5CC6CCC(C5)N6)=NC(OC[C@@]56CCCN5[C@H](OC(=O)N5CCN(C7=CC=C8C(=O)N(C9CCC(=O)NC9=O)C(=O)C8=C7)CC5)CC6)=NC4=C3F)=C12,P01116,KRAS,CRBN,Q96SW2,1000.0,25.0,1,0,False,AsPC-1
JDHSDRNQZAVOGP,CC1=CC(C2=C[NH]C3=NC=C(C4=CC=C(C5CCN(C(=O)CCNC6=CC=CC7=C6C(=O)N(C6CCC(=O)NC6=O)C7=O)CC5)C=C4)N=C23)=CC=C1C(=O)N(C)C,Q92918,MAP4K1,CRBN,Q96SW2,962.35,63.6,1,0,False,Jurkat
JDQGWTMLOHNUSV,O=C1CCC(N2C(=O)C3=CC=C(N4CC(CN5CCC(CN6CCC(NC(=O)C7=N[NH]C=C7NC(=O)C7=C(Cl)C=CC=C7Cl)CC6)CC5)C4)C=C3C2=O)C(=O)N1,P24941,CDK2,CRBN,Q96SW2,100.0,9.07,1,0,False,HL-60
JDRDALVTZCWYCS,O=C1CCC(N2C(=O)C3=CC=C(N4CC(CN5CCN(CC6=CC=C(NC(=O)C7=N[NH]C=C7NC7=NC=NC8=C7C=C[NH]8)C=C6)CC5)C4)C=C3C2=O)C(=O)N1,P24941,CDK2,CRBN,Q96SW2,1.23,58.76,1,0,False,HL-60
JDVSENGAVOVVHS,CN(CCCOCCCC1=CC=CC2=C1N(C)C(=O)N2C1CCC(=O)NC1=O)C[C@H]1CC[C@H](N2C=C(NC(=O)C3=C4N=C(N5C[C@@H]6C[C@H]5CO6)C=CN4N=C3)C(C(F)F)=N2)CC1,Q9NWZ3,IRAK4,CRBN,Q96SW2,14.5,95.0,2,1,False,OCI-Ly10
JDYBGBPAMLEXPQ,O=C1CC[C@H](N2CC3=C(C=CC4=C3OC[C@H]3CN(CC5CCC6(CCN(C7=CC=C([C@@H]8C9=CC=C(O)C=C9CC[C@@H]8C8=CC=CC=C8)C=C7)CC6)O5)CCN43)C2=O)C(=O)N1,P03372,ERalpha,CRBN,Q96SW2,2.0,86.0,1,1,False,MCF-7
JEJOSVAWAGNRAP,O=C1CCC(N2CC3=C(C=CC(N4CCN(CC5CCN(C6=CC=C([C@H]7C8=CC=C(O)C=C8CC[C@H]7C7=CC=C(F)C=C7)C=C6)CC5)CC4)=C3F)C2=O)C(=O)N1,P03372,ERalpha,CRBN,Q96SW2,27.5,62.5,2,0,False,MCF7
JFSVSFBLGUFRRC,CC1=C(C)C2=C(S1)N1C(C)=NN=C1[C@H](CC(=O)NCCN1CC3(CCC(C4=CC=C5C(=O)N(C6CCC(=O)NC6=O)CC5=C4)CC3)C1)N=C2C1=CC=C(Cl)C=C1,O60885,BRD4,CRBN,Q96SW2,11.2,99.0,1,1,False,HEK293
JGIOMPGGEFKPSU,CC(=O)N1CCC2=C(C1)C(N1CCCC3=CC(C4=NN(C)C=C4)=C(C(F)F)C=C31)=NN2CC1CCC(N2CC3=CC4=C(C=C3C2)C(=O)N(C2CCC(=O)NC2=O)C4=O)CC1,Q92793,CBP,CRBN,Q96SW2,43.5,69.5,2,0,False,
JGLKHXACODUKAA,CC1(C)CCC2=C(C1)[NH]N=C2C(=O)NC1=CN([C@@H](CCN2CCN(CC3CN(C4=CC=C5C(=O)N(C6CCC(=O)NC6=O)C(=O)C5=C4)C3)CC2)C2=CC=CC=C2)N=C1,Q08881,ITK,CRBN,Q96SW2,10.0,85.0,1,1,False,Jurkat
JGSHALKSNDEZMT,CN1CC[C@H]2CC[C@@H](C(=O)N[C@@H](CCC(N)=O)C(=O)N[C@H](C(=O)NCCCCC#CC3=CC=CC4=C3CN(C3CCC(=O)NC3=O)C4=O)C3=CC=CC=C3)N2C(=O)[C@@H](NC(=O)C2=CC3=CC(C(F)(F)P(=O)(O)O)=CC=C3S2)C1,P40763,STAT3,CRBN,Q96SW2,5000.0,42.0,1,0,False,STAT3 HiBiT KI HeLa
JGXDPWZXCKIGCC,O=C1CCN(C2=CC(C(=O)N3CCC(CC4CCN(C5=CC=C(C6=CN=C7[NH]C=C(C8=CN(CC(F)F)N=C8)C7=N6)C=N5)CC4)CC3)=CC=C2Cl)C(=O)N1,Q92918,MAP4K1,CRBN,Q96SW2,18.7,81.0,1,1,False,Jurkat
JGZZWIGUYGIMSC,C#CC1=C(F)C=CC2=CC(O)=CC(C3=NC=C4C(N5CC6CCC(C5)N6)=NC(OCCN5CCC6(CC5)CCN(CC5CCN(C7=CC=C8C(=O)N(C9CCC(=O)NC9=O)CC8=C7)CC5)CC6)=NC4=C3F)=C12,P01116,KRAS,CRBN,Q96SW2,100.0,70.0,1,0,False,AsPC-1
JHVZXEQESAUISG,O=C1CCC(N2CC3=CC=C(N4CCC(CCN5CCC(CC(=O)N[C@H]6CC[C@@H](NC7=NC=NC8=C7C(C(=O)C7=CC=C(OC9=CC=CC=C9)C=C7Cl)=C[NH]8)CC6)CC5)CC4)C=C3C2=O)C(=O)N1,Q06187,BTK,CRBN,Q96SW2,7.4,90.6,1,1,False,JeKo-1
JHWDFSXFSRGZNA,NC(=O)C1=CC=CC2=CN(C3=CC=C([C@@H]4CCCN(C(=O)CCCCCCCCNC5=CC=C6C(=O)N(C7CCC(=O)NC7=O)C(=O)C6=C5)C4)C=C3)N=C12,P09874,PARP1,CRBN,Q96SW2,2210.0,58.8,1,0,False,HCT-116
JIAQFYBZFXKVGG,CC1=CC(C2=C[NH]C3=NC=C(C4=CC=C(C5CCN(CC6CCN(C7=CC=C8C(=O)N(C9CCC(=O)NC9=O)C(=O)C8=C7)CC6)CC5)C=C4)N=C23)=CC=C1C(=O)N(C)C,Q92918,MAP4K1,CRBN,Q96SW2,420.1,84.1,1,0,False,Jurkat
JITDKOVFOBYSTL,CC(=O)N1CCC2=C(C1)C(N1CCCC3=CC(C(C)C)=C(C(F)F)C=C31)=NN2C1CCN(C(=O)CN2CC3=CC4=C(C=C3C2)C(=O)N(C2CCC(=O)NC2=O)C4=O)CC1,Q92793,CBP,CRBN,Q96SW2,48.5,87.0,2,1,False,
JJAOKTCUPOPPCN,O=C1CCC(N2CC3=NC(N4CCN(CC5(F)CCN(C6=CC=C([C@@H]7C8=CC=C(O)C=C8CC[C@@H]7C7=CC=CC=C7)C=C6)CC5)CC4)=CC=C3C2=O)C(=O)N1,P03372,ERalpha,CRBN,Q96SW2,5.0,50.0,1,0,False,MCF7
JJTZDEMRCYDOLS,CC[C@@H](CO)NC1=NC2=C(C(C)C)C=NN2C(NCC2=CC=C(NC(=O)N3CCN(C4CCN(C5=CC6=C(C=C5F)C(=O)N(C5CCC(=O)NC5=O)C6=O)CC4)CC3)C=C2)=C1,P50750,CDK9,CRBN,Q96SW2,9.39,100.0,1,1,False,MDA-MB-231
JJWLIXJPPKOFQJ,CC(=O)N1CCC2=C(C1)C(C1=CC=CC3=CC(C4=CC=C(C(=O)NCCCNC5=CC=C6C(=O)N(C7CCC(=O)NC7=O)CC6=C5)N=C4)=NC=C13)=NN2C1CCOCC1,Q92793,CBP,CRBN,Q96SW2,0.2,99.0,2,1,False,RS4;11
JKRQXHCPIBZINH,C#CC1=C(F)C=CC2=CC(O)=CC(C3=NC=C4C(N5CC6CCC(C5)N6)=NC(OCC5(CN6CCC(CC7CCN(C8=CC=C9C(=O)N(C%10CCC(=O)NC%10=O)CC9=C8)CC7)CC6)CC5)=NC4=C3F)=C12,P01116,KRAS,CRBN,Q96SW2,100.0,70.0,1,0,False,AsPC-1
JLMFQUVPPKMJDH,C#CC1=C(F)C=CC2=CC(O)=CC(C3=NC=C4C(N5CC6CCC(C5)N6)=NC(OCCN5CCC(CC6CCN(CC7CCN(C8=CC=C9C(=C8F)N(C(C)C)C(=O)N9C8CCC(=O)NC8=O)CC7)CC6)CC5)=NC4=C3F)=C12,P01116,KRAS,CRBN,Q96SW2,100.0,70.0,1,0,False,AsPC-1
JLSDHTOSWKIMIP,C#CC1=C(F)C=CC2=CC(O)=CC(C3=NC=C4C(N5CC6CCC(C5)N6)=NC(OCCN5CCC(F)(CC6CCN(CC7CCN(C8=CC=C9C(=C8)N(C)C(=O)N9C8CCC(=O)NC8=O)CC7)CC6)CC5)=NC4=C3F)=C12,P01116,KRAS,CRBN,Q96SW2,100.0,70.0,1,0,False,AsPC-1
JLTNQZFNQLUGOC,O=C1CCC(N2C(=O)C3=CC4=C(C=C3C2=O)CN(CC(=O)N2CC3(CCN(C5=CC=C([C@@H]6C7=CC=C(O)C=C7CC[C@@H]6C6=CC=CC=C6)C=C5)C3)C2)C4)C(=O)N1,P03372,ERalpha,CRBN,Q96SW2,4.0,63.0,1,0,False,
JLTPUUTXJFECDU,O=C1CC[C@H](N2CC3=C(C=CC4=C3OCC43CCN(CC4CC5(CCN(C6=CC=C([C@@H]7C8=CC=C(O)C=C8CC[C@@H]7C7=CC=CC=C7)C=C6)CC5)C4)CC3)C2=O)C(=O)N1,P03372,ERalpha,CRBN,Q96SW2,0.1476,87.0,1,1,False,MCF-7
JMIDUPXMGAGLDO,CCN1CC[C@H]2CC[C@@H](C(=O)N[C@@H](CCC(N)=O)C(=O)N[C@@H](CC3=CC=C(F)C(F)=C3)C(=O)N3CCC(CCC#CC4=CC=CC5=C4CN(C4CCC(=O)NC4=O)C5=O)CC3)N2C(=O)[C@@H](NC(=O)C2=CC3=CC(C(F)(F)P(=O)(O)O)=CC=C3S2)C1,P40763,STAT3,CRBN,Q96SW2,200.0,92.0,1,0,False,STAT3 HiBiT KI HeLa
JNAQDGFRVGMPDL,CC1=CC=C(C(C)C)C=C1OC1=NC=CC(C2=C(C3=CC=C(C(F)(F)F)C=C3)N=CN2C2CCN(CCOCCOCCNC(=O)COC3=CC=CC4=C3C(=O)N(C3CCC(=O)NC3=O)C4=O)CC2)=N1,O60885,BRD4,CRBN,Q96SW2,280.0,77.0,1,0,False,MM.1S
JNBFRLRAULBTTO,O=C1CC[C@H](N2CC3=C(C=CC4=C3OCC43CCN(CC4COC5(CCN(C6=CC=C([C@@H]7C8=CC=C(O)C=C8CC[C@@H]7C7=CC=CC=C7)C=C6)CC5)OC4)CC3)C2=O)C(=O)N1,P03372,ERalpha,CRBN,Q96SW2,0.1675,100.0,1,1,False,MCF-7
JNESGEBHIQTVTD,NC1=NC=NC2=C1C(C1=CC=C(OC3=CC=CC=C3)C=C1)=NN2C1CCN(C(=O)C2=CC=C(N3CCN(C4=CC=C5C(=O)N(C6CCC(=O)NC6=O)C(=O)C5=C4)CC3)N=C2)CC1,Q06187,BTK,CRBN,Q96SW2,26.87,97.78,1,1,False,Ramos
JNTVYQDGZFPURZ,O=C1CCC(N2C(=O)C3=CC=CC(NC(=O)CCCCCCN4CCN(C5=CC=C(NC6=NC=C7N=CC(=O)N(C8CCCC8)C7=N6)C=C5)CC4)=C3C2=O)C(=O)N1,P11802,CDK4,CRBN,Q96SW2,503.3,68.0,2,0,False,Jurkat
JOAPUHSOSFLPQT,CCC1=CC=CC2=CC(O)=CC(C3=NC=C4C(N5CC6CCC(C5)N6)=NC(OCCN5CCC(C(C)(C)N6CCN(C7=CC=C8C(=O)N(C9CCC(=O)NC9=O)C(=O)C8=C7)CC6)CC5)=NC4=C3F)=C12,P01116,KRAS,CRBN,Q96SW2,1000.0,25.0,1,0,False,AsPC-1
JOPGQIZLLSYHFY,O=C1CCC(N2C(=O)C3=CC4=C(C=C3C2=O)CN(CC2CN(CC3CCN(C5=CC=C([C@@H]6C7=CC=C(O)C=C7CC[C@@H]6C6=CC=CC=C6)C=C5)CC3)C2)C4)C(=O)N1,P03372,ERalpha,CRBN,Q96SW2,21.0,59.0,1,0,False,
JPHQXKUCNCWZFO,CC1=C(C2=CC=C([C@H](C)NC(=O)[C@@H]3C[C@@H](O)CN3C(=O)[C@@H](C3=CC(OCC(C)CN4CCC(C5=CC=C6C(=C5)C(C)(C)C5=NC(=O)C7=C(Cl)C=CC=C7N65)CC4)=NO3)C(C)C)C=C2)SC=N1,P51531,SMARCA2,VHL,P40337,6.85,94.5,2,1,False,HT1080 HiBiT
JQVRKLODHZNHPT,CN1C(=O)CCC(N2C(=O)C3=CC=CC(NC(=O)CCCC(=O)NCC(=O)N4CCN(C5=CC=C(NC6=NC(NC7CCCCC7)=C7N=C[NH]C7=N6)C=C5)CC4)=C3C2=O)C1=O,P33981,TTK,CRBN,Q96SW2,363.0,48.3,3,0,False,MV4-11 HiBiT-TTK
JRGCGYYFOJDXJB,C#CC1=C(F)C=CC2=CC=CC(C3=NC=C4C(N5CC6CCC(C5)N6)=NC(OC[C@@]56CCCN5[C@H](CN5CCN(CC7CCN(C8=CC=C9C(=C8)N(C)C(=O)N9C8CCC(=O)NC8=O)CC7)CC5)CC6)=NC4=C3F)=C12,P01116,KRAS,CRBN,Q96SW2,100.0,70.0,1,0,False,AsPC-1
JRIMCBDHDPCIQH,CN(CCCOCCCC1=CC=CC2=C1N(C)C(=O)N2C1CCC(=O)NC1=O)C[C@H]1CC[C@H](N2C=C(NC(=O)C3=C4N=C(N5CCNCC5)C=CN4N=C3)C(C(F)F)=N2)CC1,Q9NWZ3,IRAK4,CRBN,Q96SW2,18.0,95.0,1,1,False,OCI-Ly10
JRMRZEZYXIMMJI,COC1=CC(C2=CN(C)C(=O)C3=CN=CC=C23)=CC(OC)=C1C(=O)N1CCC2(CC1)CC(CN1CC3=CC4=C(C=C3C1)C(=O)N(C1CCC(=O)NC1=O)C4)C2,Q9H8M2,BRD9,CRBN,Q96SW2,10.4,99.0,1,1,False,HEK 293
JRNFTJXJPJEMDR,CC(=O)N1CCC2=C(C1)C(N1CCCC3=CC(C4=CC=CS4)=C(C(F)F)C=C31)=NN2C1CCN(C(=O)CN2CC3=CC4=C(C=C3C2)C(=O)N(C2CCC(=O)NC2=O)C4=O)CC1,Q92793,CBP,CRBN,Q96SW2,28.5,93.0,2,1,False,
JSJNRSSILOESKP,CC1=C(C2=CC=C([C@H](C)NC(=O)[C@@H]3C[C@@H](O)CN3C(=O)[C@@H](NC(=O)CC3=CC=NC(N4CCN(C5=CC(C6=CC=CC=C6O)=NN=C5N)CC4)=C3)C(C)(C)C)C=C2)SC=N1,P51531,SMARCA2,VHL,P40337,850.0,55.0,1,0,False,A375
JSLJXCMFGCYXEV,O=C1CCC(N2C(=O)C3=CC4=C(C=C3C2=O)CN(CC(=O)N2CCC3(CC2)CN(C2=CC=C([C@@H]5C6=CC=C(O)C=C6CC[C@@H]5C5=CC=CC=C5)C=C2)C3)C4)C(=O)N1,P03372,ERalpha,CRBN,Q96SW2,1.8,68.0,1,0,False,
JSOJSELRECLYBC,O=C1CCC(N2C(=O)C3=CC4=C(C=C3C2=O)CN(C(=O)C2CCN(CC3CN(C5=CC=C([C@@H]6C7=CC=C(O)C=C7CC[C@@H]6C6=CC=CC=C6)C=C5)C3)CC2)C4)C(=O)N1,P03372,ERalpha,CRBN,Q96SW2,1000.0,40.0,1,0,False,
JSQFSAUVTNADLF,C[C@@H](OC1=CC(C2=CN(C3CCN(C(=O)CCCCCCCOC4=CC=CC5=C4C(=O)N(C4CCC(=O)NC4=O)C5=O)CC3)N=C2)=CN=C1N)C1=C(Cl)C=CC(F)=C1Cl,P08581,c-Met,CRBN,Q96SW2,203.0,82.8,1,0,False,MKN-45
JSRVLXCZJSLCIE,O=C1CC[C@H](N2CC3=C(C=CC4=C3OCC43CCN(CC(=O)N4CC5(CCN(C6=CC=C([C@@H]7C8=CC=C(O)C=C8CC[C@@H]7C7=CC=CC=C7)C=C6)CC5)C4)CC3)C2=O)C(=O)N1,P03372,ERalpha,CRBN,Q96SW2,0.0341,100.0,1,1,False,MCF-7
JSSQQBFOZFHGQK,C#CC1=C(F)C=CC2=CC(O)=CC(C3=NC=C4C(N5CC6CCC(C5)N6)=NC(OC[C@@]56CCCN5[C@H](CN5CCN(CC7CCN(C8=CCC9C(=O)N(C%10CCC(=O)NC%10=O)CC9=C8)CC7)CC5)CC6)=NC4=C3F)=C12,P01116,KRAS,CRBN,Q96SW2,100.0,70.0,1,0,False,AsPC-1
JTXHXYXYGGEYBL,CC1=NN=C2COCC3=C(SC(C#CC4=CN(C5CN(C6=CC=CC7=C6C(=O)N(C6CCC(=O)NC6=O)C7=O)C5)N=C4)=C3CC3=CC=CC=C3)N12,P25440,BRD2,CRBN,Q96SW2,1000.0,34.0,9,0,False,MV4;11/RS4;11/HL60
JXHPWXKTNOBJEO,C#CC1=C(F)C=CC2=CC(O)=CC(C3=NC=C4C(N5CC6CCC(C5)N6)=NC(OCC5(CN6CCC(CN7CCN(C8=CC=C9C(=C8)N(C)C(=O)N9C8CCC(=O)NC8=O)CC7)CC6)CC5)=NC4=C3F)=C12,P01116,KRAS,CRBN,Q96SW2,100.0,70.0,1,0,False,AsPC-1
JYFDCQYCCGNSLT,CN1C(=O)N(C2CCC(=O)NC2=O)C2=CC=CC([C@H]3C[C@H](COC4CCN(C[C@H]5CC[C@H](N6C=C(NC(=O)C7=C8N=C(N9C[C@H]%10C[C@@H]9CO%10)C=CN8N=C7)C(C(F)F)=N6)CC5)CC4)C3)=C21,Q9NWZ3,IRAK4,CRBN,Q96SW2,5.0,95.0,1,1,False,OCI-Ly10
JYMXBPOHAJNIQZ,C#CC1=C(F)C=CC2=CC(O)=CC(C3=NC=C4C(N5CC6CCC(C5)N6)=NC(OCCN5CCC(CN6CCN(CC7CCN(C8=CC=C9C(=C8F)N(C(C)C)C(=O)N9C8CCC(=O)NC8=O)CC7)CC6)CC5)=NC4=C3F)=C12,P01116,KRAS,CRBN,Q96SW2,100.0,70.0,1,0,False,AsPC-1
JYTKFPGXQWYDJN,O=C1CCC(N2CC3=NC(N4CCN(CC5CCN(C6=CC=C([C@@H]7C8=CC=C(O)C=C8CC[C@@H]7C7=CC=CC=C7)C=C6)CC5)CC4)=CC=C3C2=O)C(=O)N1,P03372,ERalpha,CRBN,Q96SW2,5.0,75.0,1,0,False,MCF7
JZSBEVUPYXMLNW,O=C1CCC(N2CC3=CC(C4=CC=C(O[C@H]5CCN(CCOC6=CC=C([C@@H]7C8=CC=C(O)C=C8CC[C@@H]7C7=CC=CC=C7)C=C6)C5)N=C4)=CC=C3C2=O)C(=O)N1,P03372,ERalpha,CRBN,Q96SW2,5.0,50.0,1,0,False,MCF7
KAEKKDMNWPBDJG,CN1CC[C@H]2CC[C@@H](C(=O)N[C@@H](CCC(=O)NN)C(=O)N[C@H](C(=O)N3CCC(CCC#CC4=CC=CC5=C4CN(C4CCC(=O)NC4=O)C5=O)CC3)C(C)(C)C)N2C(=O)[C@@H](NC(=O)C2=CC3=CC(C(F)(F)P(=O)(O)O)=CC=C3S2)C1,P40763,STAT3,CRBN,Q96SW2,1010.0,80.0,1,0,False,STAT3 HiBiT KI HeLa
KBRMZLCZKKMRCU,O=C1CC[C@H](N2CC3=C(C=CC4=C3OCC43CCN(CCCCC4CCN(C5=CC=C([C@@H]6C7=CC=C(O)C=C7CC[C@@H]6C6=CC=CC=C6)C=C5)CC4)CC3)C2=O)C(=O)N1,P03372,ERalpha,CRBN,Q96SW2,0.03053,100.0,1,1,False,MCF-7
KBVMPLTYXHSHLH,C[C@H]1CC2(CCN(C3=CN=C(C(=O)N4CCC(CN5CC6=CC7=C(C=C6C5)C(=O)N(C5CCC(=O)NC5=O)C7=O)CC4)C=N3)CC2)CN1C1=CC=C(C#N)C(Cl)=C1,P10275,AR,CRBN,Q96SW2,4.6,99.0,1,1,False,VCaP/LNCaP
KCISDTKUQMDSAB,CCC1=CC=CC2=CC(O)=CC(C3=NC=C4C(N5CC6CCC(C5)N6)=NC(OC[C@]56CCCN5[C@@H](COC(=O)N5CCN(C7=CC=CC8=C7CN(C7CCC(=O)N(C)C7=O)C8=O)CC5)CC6)=NC4=C3F)=C12,P01116,KRAS,CRBN,Q96SW2,1000.0,25.0,2,0,False,AsPC-1
KCOUHHCBWGTRAA,O=C1CCC(N2C(=O)C3=CC=CC(NC(=O)CCCC(=O)N4CCN(C5=CC=C(NC6=NC(NC7CCCCC7)=C7N=C[NH]C7=N6)C=C5)CC4)=C3C2=O)C(=O)N1,P33981,TTK,CRBN,Q96SW2,94.0,30.6,3,0,False,MV4-11 HiBiT-TTK
KDCYYVAKGGBCRY,CN(CCOCCOCCOCCNC(=O)CNC1=CC=CC2=C1C(=O)N(C1CCC(=O)NC1=O)C2=O)CC[C@@H](C1=CC=CC=C1)N1C=C(NC(=O)C2=N[NH]C3=C2CCC(C)(C)C3)C=N1,Q08881,ITK,CRBN,Q96SW2,62.2,93.0,1,1,False,Jurkat
KDTNFRBAMMZQLW,O=C1CCC(N2C(=O)C3=CC=C(N4CCN(CCCCCOC5=CC=C([C@@H]6C7=CC=C(O)C=C7CC[C@@H]6C6=CC=CC=C6)C=C5)CC4)C=C3C2=O)C(=O)N1,P03372,ERalpha,CRBN,Q96SW2,5.0,50.0,1,0,False,MCF7
KFODTDSGVNLISY,C[C@H]1CN(C(=O)CNC2=CC=CC3=C2CN(C2CCC(=O)NC2=O)C3=O)CCN1C1=CC=C(NC2=CC(C3=CC=NC(N4CCN5C(=CC6=C5CC(C)(C)C6)C4=O)=C3CO)=CN(C)C2=O)N=C1,Q06187,BTK,CRBN,Q96SW2,3.6,89.8,1,1,False,Ramos/JeKo-1
KGHDNYQIHSSPRB,CN1CCN([C@@H]2CCCN(C3=CN=C(C(N)=O)C(NC4=CC=C(C5CCN(C(=O)CCOCCNC6=CC=CC7=C6C(=O)N([C@H]6CCC(=O)NC6=O)C7=O)CC5)C=C4)=N3)C2)C1=O,Q06187,BTK,CRBN,Q96SW2,6.3,80.0,1,1,False,Ramos
KHIURKSPHCFKCV,CCC1=C(F)C=CC2=CC(O)=CC(C3=NC=C4C(N5C[C@@H]6CC[C@H](C5)N6)=NC(OC[C@@H]5CCCN5CCCCOCC(=O)N[C@H](C(=O)N5C[C@H](O)C[C@H]5C(=O)N[C@@H](C)C5=CC=C(C6=C(C)N=CS6)C=C5)C(C)(C)C)=NC4=C3F)=C12,P01116,KRAS G12D,VHL,P40337,38.06,98.9,1,1,False,AsPC-1
KHOMKHHKZYGMFE,O=C1CCC(N2C(=O)C3=CC=C(N4CCC(CCN5CCC(NC(=O)C6=N[NH]C=C6NC(=O)C6=C(Cl)C=CC=C6Cl)CC5)CC4)C=C3C2=O)C(=O)N1,P24941,CDK2,CRBN,Q96SW2,26.51,54.85,1,0,False,HL-60
KLYSMYCRNSVSBN,C[C@@]1(N2CC3=CC(N4CCN(CC5CCN(C6=CC=C([C@@H]7C8=CC=C(O)C=C8CC[C@@H]7C7=CC=CC=C7)C=C6)CC5)CC4)=CC=C3C2=O)CCC(=O)NC1=O,P03372,ERalpha,CRBN,Q96SW2,50.0,50.0,1,0,False,MCF7
KMHPNLLKJABVEG,NC(=O)C1=CC=CC2=CN(C3=CC=C([C@@H]4CCCN(C(=O)COCCOCCOCCOCCOCCNC5=CC=C6C(=O)N(C7CCC(=O)NC7=O)C(=O)C6=C5)C4)C=C3)N=C12,P09874,PARP1,CRBN,Q96SW2,19090.0,47.71,1,0,False,HCT-116
KMQQCGMHNQZQAT,O=C1CCC(N2CC3=CC(N4CCC(NC5CCN(C6=CC=C([C@@H]7C8=CC=C(O)C=C8CC[C@@H]7C7=CC=CC=C7)C=C6)CC5)CC4)=CC=C3C2=O)C(=O)N1,P03372,ERalpha,CRBN,Q96SW2,5.0,75.0,1,0,False,MCF7
KMRPJSGSHASTCU,CC(=O)N1CCC2=C(C1)C(N1CCCC3=CC(C4=CN(C)N=C4)=C(C(F)F)C=C31)=NN2C1CCN(C(=O)C2=CC=CC3=C2C(=O)N(C2CCC(=O)NC2=O)C3=O)CC1,Q92793,CBP,CRBN,Q96SW2,1000.0,50.0,2,0,False,VCaP
KMYFHJHTJAUVMF,CCC(C)(C)C(=O)C(=O)N1CCCC[C@H]1C(=O)O[C@H](CCC1=CC=C(OC)C(OC)=C1)C1=CC=CC(NC(=O)CCC(=O)NCCCCCCC(=O)N[C@@H](C)C(=O)N[C@H]2CC(=O)NC2=O)=C1,P62942,FKBP12,CRBN,Q96SW2,48.0,99.0,1,1,False,HEK293T
KNADHPZWCDESPW,CC(C)S(=O)(=O)C1=CC=CC=C1NC1=NC(NC2=CC=C(N3CCN(CCCC(=O)NC4=CC=CC5=C4C(=O)N(C4CCC(=O)NC4=O)C5=O)CC3)C=C2)=NC2=C1N=C[NH]2,P33981,TTK,CRBN,Q96SW2,89.1,52.95,3,0,False,MV4-11 HiBiT-TTK
KNQONRDAELENAD,O=C1CCC(N2C(=O)C3=CC=C(N4CCN(CCCCCOC5=CC=C([C@@H]6C7=CC(F)=C(O)C(F)=C7CC[C@@H]6C6=CC=C(F)C=C6)C=C5)CC4)C=C3C2=O)C(=O)N1,P03372,ERalpha,CRBN,Q96SW2,5.0,50.0,1,0,False,MCF7
KNZBNFZCBUUGFF,O=C1CCC(N2CC3=NC(N4CCN(CC5CC6(CCN(C7=CC=C([C@@H]8C9=CC=C(O)C=C9CC[C@@H]8C8=CC=CC=C8)C=C7)C6)C5)CC4)=CC=C3C2=O)C(=O)N1,P03372,ERalpha,CRBN,Q96SW2,5.0,50.0,1,0,False,MCF7
KNZQLGYCRUKXQY,CCCCCCNNC(=O)C1=CC=C(CNC(=O)CCCCCCNC2=CC=CC3=C2C(=O)N(C2CCC(=O)NC2=O)C3=O)C=C1,Q9BY41,HDAC8,CRBN,Q96SW2,16.7,88.0,1,1,False,Jurkat
KONIXAAENWXDHK,C#CC1=C(F)C=CC2=CC(O)=CC(C3=NC=C4C(N5CC6CCC(C5)N6)=NC(OCCN5CCC(CN6CCC(CC7CCN(C8=CC=C9C(=C8)N(C)C(=O)N9C8CCC(=O)NC8=O)CC7)CC6)CC5)=NC4=C3F)=C12,P01116,KRAS,CRBN,Q96SW2,100.0,70.0,1,0,False,AsPC-1
KPVPTAQOHQLCNM,CC1=C(C2=CC=C([C@H](C)NC(=O)[C@@H]3C[C@@H](O)CN3C(=O)[C@@H](N3C=C([C@H]4CC[C@H](CN5CCC(C6=CC=C7C(=C6)N6C(=NC(=O)C8=C(Cl)C=CC=C86)C7(C)C)CC5)CC4)N=N3)C(C)(C)C)C=C2)SC=N1,P51531,SMARCA2,VHL,P40337,47.65,82.5,2,1,False,HT1080 HiBiT
KQYIIOGMBKKCCZ,O=C1CCC(N2C(=O)C3=CC=CC(OCCCCCCCCN4C=C(CCN5CCC(NC(=O)C6=C(NC(=O)C7=C(Cl)C=CC=C7Cl)C=N[NH]6)CC5)N=N4)=C3C2=O)C(=O)N1,P50750,CDK9,CRBN,Q96SW2,60.0,88.3,1,1,False,MOLM-13
KRPIEYYWXMOWMP,CC1=NOC([C@H](C(=O)N2C[C@H](O)C[C@H]2C(=O)N[C@@H](CC(=O)NCCCCNC(=O)C[C@@H]2N=C(C3=CC=C(Cl)C=C3)C3=C(SC(C)=C3C)N3C(C)=NN=C23)C2=CC=C(C3=C(C)N=CS3)C=C2)C(C)C)=C1,O60885,BRD4,VHL,P40337,320.0,94.0,1,0,False,A549
KRVPZJHWNIRZJA,CC1=CC(C2=C[NH]C3=NC=C(C4=CC=C(C5CCN(C6CN(C(=O)C7CN(C8=CC=C9C(=O)N(C%10CCC(=O)NC%10=O)C(=O)C9=C8)C7)C6)CC5)C=C4)N=C23)=CC=C1C(=O)N(C)C,Q92918,MAP4K1,CRBN,Q96SW2,10000.0,39.4,1,0,False,Jurkat
KUFRQLJFJNPGTO,COC1(C(=O)N2CC3=NC(Cl)=NC(N[C@H](C)C4=CC(N)=CC(C(F)(F)F)=C4)=C3C2)CCN(C(=O)CCCCN2CCC(C3=CC4=C(C=C3F)C(=O)N(C3CCC(=O)NC3=O)C4)CC2)CC1,Q07889,SOS1,CRBN,Q96SW2,0.5,96.0,1,1,False,MIA PaCa-2/LoVo
KURBRTADELYHMR,O=C1CCC(N2C(=O)C3=CC=C(N4CCC(CN5CCC(CCN6CCC(NC(=O)C7=N[NH]C=C7NC(=O)C7=C(Cl)C=CC=C7Cl)CC6)CC5)C4)C=C3C2=O)C(=O)N1,P24941,CDK2,CRBN,Q96SW2,100.0,38.88,1,0,False,HL-60
KVDLSQZBDWJNSG,CC1=NC=C(C2=CC=C3N=C(NC(=O)CCCCCCCCCCC(=O)N[C@H](C(=O)N4C[C@H](O)C[C@H]4C(=O)NCC4=CC=C(C5=C(C)N=CS5)C=C4)C(C)(C)C)SC3=C2)C=C1NC(=O)OC1CCCCC1,Q13546,RIPK1,VHL,P40337,50000.0,101.0,1,0,False,
KVIBRHCHVACLEP,CN1CC[C@H]2CC[C@@H](C(=O)N[C@@H](CCC(N)=O)C(=O)N[C@H](C(=O)NCCCCCC#CC3=CC=CC4=C3CN(C3CCC(=O)NC3=O)C4=O)C3=CC=CC=C3)N2C(=O)[C@@H](NC(=O)C2=CC3=CC(C(F)(F)P(=O)(O)O)=CC=C3S2)C1,P40763,STAT3,CRBN,Q96SW2,5000.0,34.0,1,0,False,STAT3 HiBiT KI HeLa
KVNNMYZARVAXAH,C#CC1=C(F)C=CC2=CC(O)=CC(C3=NC=C4C(N5CC6CCC(C5)N6)=NC(OCCN5CCC(CC6CCN(CC7CCN(C8=CC=C9CN(C%10CCC(=O)NC%10=O)C(=O)C9=C8)CC7)CC6)CC5)=NC4=C3F)=C12,P01116,KRAS,CRBN,Q96SW2,100.0,70.0,1,0,False,AsPC-1
KVYJABKVKUTYLH,CC1=C(C2=CC=C([C@H](C)NC(=O)[C@@H]3C[C@@H](O)CN3C(=O)[C@@H](C3=CC(N4CCC(CN5CCC(C6=CC=C7C(=C6)C(C)(C)C6=NC(=O)C8=C(Cl)C=CC=C8N76)CC5)CC4)=NO3)C(C)C)C=C2)SC=N1,P51531,SMARCA2,VHL,P40337,2.255,97.0,2,1,False,HT1080 HiBiT
KWHREFRVFQGWOC,O=C1CCC(N2C(=O)C3=CC4=C(C=C3C2=O)CN(CC2CN(C(=O)C3CCN(C5=CC=C([C@@H]6C7=CC=C(O)C=C7CC[C@@H]6C6=CC=CC=C6)C=C5)CC3)C2)C4)C(=O)N1,P03372,ERalpha,CRBN,Q96SW2,6.0,84.0,1,1,False,
KWUVPIGIRSXRLS,O=C1CC[C@H](N2CC3=C(C=CC4=C3OCC43CCN(C(=O)CN4CC5(C4)CN(C4=CC=C([C@@H]6C7=CC=C(O)C=C7CC[C@@H]6C6=CC=CC=C6)C=C4)C5)CC3)C2=O)C(=O)N1,P03372,ERalpha,CRBN,Q96SW2,0.01089,99.0,1,1,False,MCF-7
KWVWALGKWKFAOY,CN1CC[C@H]2CC[C@@H](C(=O)N[C@@H](CCC(N)=O)C(=O)N[C@H](CCC(=O)N3CCC(C#CC4=CC=CC5=C4CN(C4CCC(=O)NC4=O)C5=O)CC3)C3=CC=CC=C3)N2C(=O)[C@@H](NC(=O)C2=CC3=CC(C(F)(F)P(=O)(O)O)=CC=C3S2)C1,P40763,STAT3,CRBN,Q96SW2,5000.0,31.0,1,0,False,STAT3 HiBiT KI HeLa
KXHYUMQIBXKYPG,CC1=C(C2=CC=C([C@H](C)NC(=O)[C@@H]3C[C@@H](O)CN3C(=O)[C@@H](C3=CC(OCCCCCNC(=O)C[C@@H]4N=C(C5=CC=C(Cl)C=C5)C5=C(SC(C)=C5C)N5C(C)=NN=C45)=NO3)C(C)C)C=C2)SC=N1,O60885,BRD4,VHL,P40337,4.0,99.0,1,1,False,A549
KXPOIDVWNQGMHV,CC1C2=CC(N3CCN(CC4CCN(C5=CC=C([C@@H]6C7=CC=C(O)C=C7CC[C@@H]6C6=CC=CC=C6)C=C5F)CC4)CC3)=CC=C2C(=O)N1C1CCC(=O)NC1=O,P03372,ERalpha,CRBN,Q96SW2,5.0,50.0,1,0,False,MCF7
KXXLNHXQEBCMQC,CCC1=CC=CC2=CC(O)=CC(C3=NC=C4C(N5CC6CCC(C5)N6)=NC(OCCN5CCC(CC6CCN(C7=CC=CC8=C7CN(C7CCC(=O)NC7=O)C8=O)CC6)CC5)=NC4=C3F)=C12,P01116,KRAS,CRBN,Q96SW2,1000.0,50.0,1,0,False,AsPC-1
KYHAJKMOOZHQFA,CCC1=CC=CC2=CC(O)=CC(C3=NC=C4C(N5C[C@@H]6CC[C@H](C5)N6)=NC(OC[C@@H]5CCCN5CCCCOCC(=O)N[C@H](C(=O)N5C[C@H](O)C[C@H]5C(=O)N[C@@H](C)C5=CC=C(C6=C(C)N=CS6)C=C5)C(C)(C)C)=NC4=C3F)=C12,P01116,KRAS G12D,VHL,P40337,164.4,99.4,1,0,False,AsPC-1
KYXYESGJSUXASK,C[C@H]1CC2(CCN(C3=CC=C(C(=O)N4CCC(CN5CC6=CC7=C(C=C6C5)C(=O)N(C5CCC(=O)NC5=O)C7=O)CC4)C=N3)CC2)CN1C1=CC=C(C#N)C(Cl)=C1,P10275,AR,CRBN,Q96SW2,2.3,99.0,1,1,False,VCaP/LNCaP
LAECKGLWOSIZEO,CC1=C(C)C2=C(S1)N1C(C)=NN=C1[C@H](CC(=O)N1CCN(CC(=O)NCCCCOC3=CC=CC4=C3C(=O)N(C3CCC(=O)NC3=O)C4=O)CC1)N=C2C1=CC=C(Cl)C=C1,O60885,BRD4,CRBN,Q96SW2,89.9,78.0,1,0,False,MDA-MB-231
LBBRZPMNWCJEJR,CC(C)S(=O)(=O)C1=CC=CC=C1NC1=NC(NC2=CC=C(N3CCN(C(=O)CCC(=O)NC4=CC=CC5=C4C(=O)N(C4CCC(=O)NC4=O)C5=O)CC3)C=C2)=NC2=C1N=C[NH]2,P33981,TTK,CRBN,Q96SW2,42.0,35.2,3,0,False,MV4-11 HiBiT-TTK
LBOQQOZSFDCXGL,CC1=NN=C2COCC3=C(SC(C#CC4=CN(C5CCN(C6=CC=CC7=C6C(=O)N(C6CCC(=O)NC6=O)C7=O)CC5)N=C4)=C3CC3=CC=CC=C3)N12,P25440,BRD2,CRBN,Q96SW2,50.0,68.0,3,0,False,MV4;11
LCDOWJXQUYPYLJ,CCS(=O)(=O)N1C=C(C2=NC(NC3=CC=C(N4CCN(CCC(=O)NC5=CC=CC6=C5CN(C5CCC(=O)NC5=O)C6=O)CC4)C=C3)=NC=C2C(F)(F)F)C2=CC=CC=C21,P00533,EGFR L858R/T790M/C797S,CRBN,Q96SW2,26.1,94.7,1,1,False,H1975-TM
LCTDAEHHXXZLPR,O=C1CCC(N2CC3=C(NC(=O)COCCCCOC4=CC=C(C5CCN(C6=NN7C(=NN=C7C(F)(F)F)CC6)CC5)C=C4)C=CC=C3C2=O)C(=O)N1,P10275,AR,CRBN,Q96SW2,1710.5,95.0,2,0,False,LNCaP/CWR22Rv1/VCaP
LDBCCXBMENSDJX,C#CC1=C(F)C=CC2=CC(O)=CC(C3=NC=C4C(N5CC6CCC(C5)N6)=NC(OCC5(CN6CCC(CC7CCN(C8=CC=C9C(=C8)N(C(C)C)C(=O)N9C8CCC(=O)NC8=O)CC7)CC6)CC5)=NC4=C3F)=C12,P01116,KRAS,CRBN,Q96SW2,100.0,70.0,1,0,False,AsPC-1
LEUWQTQWZRMFBC,CN(CCCCC(=O)NC1=CC=C2C(=O)N(C3CCC(=O)NC3=O)C(=O)C2=C1)CC[C@@H](C1=CC=CC=C1)N1C=C(NC(=O)C2=N[NH]C3=C2CCC(C)(C)C3)C=N1,Q08881,ITK,CRBN,Q96SW2,5.3,90.0,1,1,False,Jurkat
LFEWLBGYDYYTPV,CC1=CC(C2=C[NH]C3=NC=C(C4=CC=C(C5CCN(C6=CC=C7C(=O)N(C8CCC(=O)NC8=O)C(=O)C7=C6)CC5)C=C4)N=C23)=CC=C1C(=O)N(C)C,Q92918,MAP4K1,CRBN,Q96SW2,10000.0,3.4,1,0,False,Jurkat
LFKQQSAMRGXAPP,O=C(CCCC(=O)NC1=CC=CC2=C1C(=O)N(C1CCC(=O)NC1=O)C2=O)NCC(=O)N1CCN(C2=CC=C(NC3=NC(NC4CCCCC4)=C4N=C[NH]C4=N3)C=C2)CC1,P33981,TTK,CRBN,Q96SW2,108.67,66.5,3,0,False,MV4-11 HiBiT-TTK
LFMRXLMXCGNDAP,N#CC1=CC=C(N2CCC(C3=CC=C(N4CCC(CN5CCN(C6=CC=C7C(=O)N(C8CCC(=O)NC8=O)C(=O)C7=C6)CC5)CC4)C=C3)CC2)C(F)=C1C(F)(F)F,P10275,AR,CRBN,Q96SW2,750.0,100.0,2,0,False,LnCAP
LFNMIAGMJGUCIW,NC1=NC=NC2=C1C(C1=CC=C(OC3=CC=CC=C3)C=C1)=NN2C1CCN(C(=O)CN2CCN(CC3CCN(C4=CC=C5C(=O)N(C6CCC(=O)NC6=O)C(=O)C5=C4)CC3)CC2)CC1,Q06187,BTK,CRBN,Q96SW2,6.11,99.73,1,1,False,Ramos/Mino
LGKKOKNDCIZXCI,C#CC1=C(F)C=CC2=CC(O)=CC(C3=NC=C4C(N5CC6CCC(C5)N6)=NC(OCCN5CCC(CC6CCN(C7=CC=CC8=C7N(C)C(=O)N8C7CCC(=O)NC7=O)CC6)CC5)=NC4=C3F)=C12,P01116,KRAS,CRBN,Q96SW2,100.0,70.0,1,0,False,AsPC-1
LGLIJCNQEXOSBW,CCS(=O)(=O)N1C=C(C2=NC(NC3=CC=C(N4CCN(CCCCC(=O)NC5=CC=CC6=C5CN(C5CCC(=O)NC5=O)C6=O)CC4)C=C3)=NC=C2C(F)(F)F)C2=CC=CC=C21,P00533,EGFR L858R/T790M/C797S,CRBN,Q96SW2,82.5,95.0,1,1,False,H1975-TM
LGXPQFXPRCMMII,O=C1CC[C@H](N2CC3=C(C=CC4=C3OCC43CCN(CCC4CCN(C5=CC=C([C@@H]6C7=CC=C(O)C=C7CC[C@@H]6C6=CC=CC=C6)C=C5)CC4)CC3)C2=O)C(=O)N1,P03372,ERalpha,CRBN,Q96SW2,0.004332,80.0,1,1,False,MCF-7
LHUVKOFLIPGEIS,CC1=C(C)C2=C(S1)N1C(C)=NN=C1[C@H](CC(=O)NCCN1CC(N3CCC(C4=CC=C5C(=O)N(C6CCC(=O)NC6=O)CC5=C4)CC3)C1)N=C2C1=CC=C(Cl)C=C1,O60885,BRD4,CRBN,Q96SW2,11.2,55.0,1,0,False,HEK293
LJVKRQPLCQUUFT,O=C1CCC(N2C(=O)C3=CC4=C(C=C3C2=O)CN(C2CCN(CC3CCN(C5=CC=C([C@@H]6C7=CC=C(O)C=C7CC[C@@H]6C6=CC=CC=C6)C=C5)CC3)CC2)C4)C(=O)N1,P03372,ERalpha,CRBN,Q96SW2,2.3,84.0,1,1,False,
LJVOTWPXASNBJI,N#CC1=CC=CC(C2=NN(CC3=CC=CC(C4=NC=C(OCC5CCN(CC(=O)NCCOCCOCCOCCNC6=CC=C7C(=O)N(C8CCC(=O)NC8=O)C(=O)C7=C6)CC5)C=N4)=C3)C(=O)C=C2)=C1,P08581,c-Met,CRBN,Q96SW2,1.7,95.0,1,1,False,EBC-1/Hs746T
LJYDOPFRVGCVNV,C#CC1=C(F)C=CC2=CC(O)=CC(C3=NC=C4C(N5CC6CCC(C5)N6)=NC(OCCCN5CCC(CC6CCN(CC7CCN(C8=CC=C9C(=C8)N(C)C(=O)N9C8CCC(=O)NC8=O)CC7)CC6)CC5)=NC4=C3F)=C12,P01116,KRAS,CRBN,Q96SW2,100.0,70.0,1,0,False,AsPC-1
LKDUBCUGMNXYHO,C#CC1=C(F)C=CC2=CC(O)=CC(C3=NC=C4C(N5CC6CCC(C5)N6)=NC(OCC5(CN6CCC(CC7CCN(C8=CC=C9C(=O)N(C%10CCC(=O)NC%10=O)CC9=C8Cl)CC7)CC6)CC5)=NC4=C3F)=C12,P01116,KRAS,CRBN,Q96SW2,100.0,70.0,1,0,False,AsPC-1
LKXINOXWGXXHRE,O=C1CCC(N2CC3=CC(N4CCN(CCC5CCN(C6=CC=C([C@@H]7C8=CC=C(O)C=C8CC[C@@H]7C7=CC=CC=C7)C=C6)CC5)CC4)=NC=C3C2=O)C(=O)N1,P03372,ERalpha,CRBN,Q96SW2,5.0,75.0,1,0,False,MCF7
LLALFIRAFOKTLZ,CCC1=CC=CC2=CC(O)=CC(C3=NC=C4C(N5CC6CCC(C5)N6)=NC(OCCN5CCC(C6CCN(C7=CC=C8C(=O)N(C9CCC(=O)NC9=O)C(=O)C8=C7)CC6)CC5)=NC4=C3F)=C12,P01116,KRAS,CRBN,Q96SW2,1000.0,25.0,1,0,False,AsPC-1
LLKJUUPYYLCBPC,COC1=CC(NC2=NC(N3CCN(CCOCCNC4=CC=CC5=C4C(=O)N(C4CCC(=O)NC4=O)C5=O)CC3)=NC=C2F)=CC=C1NC(=O)C1=CC=C(C2=CCCC2)S1,P41182,BCL6,CRBN,Q96SW2,676.1,93.0,1,0,False,SU-DHL-4/DOHH2
LOJMZDCMSCZZAJ,CN(CCOCCNC(=O)CNC1=CC=CC2=C1C(=O)N(C1CCC(=O)NC1=O)C2=O)CC[C@@H](C1=CC=CC=C1)N1C=C(NC(=O)C2=N[NH]C3=C2CCC(C)(C)C3)C=N1,Q08881,ITK,CRBN,Q96SW2,32.7,99.0,1,1,False,Jurkat
LQLPTNNZWVJXTH,CCC1=CC=CC2=CC(O)=CC(C3=NC=C4C(N5CC6CCC(C5)N6)=NC(OCCN5CCC(CN(C)[C@H]6C[C@H](OC7=CC=C8C(=O)N(C9CCC(=O)NC9=O)C(=O)C8=C7)C6)CC5)=NC4=C3F)=C12,P01116,KRAS,CRBN,Q96SW2,1000.0,25.0,1,0,False,AsPC-1
LQUNSJPAJSBGGO,COC1=CC(N2CCC(OCC(=O)N3CCN(C4=CC=CC5=C4C(=O)N(C4CCC(=O)NC4=O)C5=O)CC3)CC2)=CC=C1NC1=NC(NC2=CC=CC=C2S(=O)(=O)C(C)C)=C2N=C[NH]C2=N1,O14965,AURKA,CRBN,Q96SW2,981.5,42.650000000000006,2,0,False,MV4-11 HiBiT-TTK
LQWQZMSJYZUFKC,CN(CCCCC(=O)N1CCN2C3=CC=C4C(=O)N([C@H]5CCC(=O)NC5=O)CC4=C3OC[C@H]2C1)C1=CC=C([C@@H]2C3=CC=C(O)C=C3CC[C@@H]2C2=CC=CC=C2)C=C1,P03372,ERalpha,CRBN,Q96SW2,0.46,63.0,1,0,False,MCF-7
LRCAYGWAXRSIDX,C=CC(=O)N1CCN(C2=NC(=O)N(C3=C(C)C=CN=C3C(C)C)C3=NC(C4=C(F)C=CC=C4OCC4CCN(CCCC(=O)N[C@H](C(=O)N5C[C@H](O)C[C@H]5C(=O)NCC5=CC=C(C6=C(C)N=CS6)C=C5)C(C)(C)C)CC4)=C(F)C=C23)[C@@H](C)C1,P01116,KRAS G12C,VHL,P40337,67.0,95.0,1,1,False,NCI-H358/MIA PaCa-2
LSIDXOKLOKUYHG,CN1N=CC(Cl)=C1C1=C(Cl)OC(C(=O)N[C@@H]2CN[C@H](CC(=O)NC3=CC=C(OCCOCCOCCNC4=CC=CC5=C4C(=O)N(C4CCC(=O)NC4=O)C5=O)C=C3)C[C@H]2C2=CC=CC(F)=C2)=C1,P31749,AKT1,CRBN,Q96SW2,28.0,95.0,1,1,False,Jeko-1
LSJSNFCQEAIURY,CCC1=C(F)C=CC2=CC(O)=CC(C3=NC=C4C(N5CC6CCC(C5)N6)=NC(OC[C@@H]5C[C@@H](OC6CCN(CC7CCN(C8=CC=C9C(=O)N(C%10CCC(=O)NC%10=O)CC9=C8Cl)CC7)CC6)CN5C)=NC4=C3F)=C12,P01116,KRAS,CRBN,Q96SW2,100.0,70.0,1,0,False,AsPC-1
LSNMFSVTYIAARE,CN1CCN(C2=NC3=C(C(=O)NC4=CN([C@H]5CC[C@H](CN(C)CCCOCCCC6=CC=CC7=C6N(C)C(=O)N7C6CCC(=O)NC6=O)CC5)N=C4C(F)F)C=NN3C=C2)CC1,Q9NWZ3,IRAK4,CRBN,Q96SW2,10000.0,95.0,1,0,False,OCI-Ly10
LSWIANBXHYJRMO,C#CC1=C(F)C=CC2=CC(O)=CC(C3=NC=C4C(N5CC6CCC(C5)N6)=NC(OCCN5CCC6(CC5)CCN(CC5CCN(C7=CC=C8C(=C7F)N(C)C(=O)N8C7CCC(=O)NC7=O)CC5)CC6)=NC4=C3F)=C12,P01116,KRAS,CRBN,Q96SW2,100.0,70.0,1,0,False,AsPC-1
LVBLFGLDAZXTFH,C#CC1=C(F)C=CC2=CC(O)=CC(C3=NC=C4C(N5CC6CCC(C5)N6)=NC(OCCN5CCC6(CC5)CCN(CC5CCN(C7=CC=C8C(=C7)N(C)C(=O)N8C7CCC(=O)NC7=O)CC5)CC6)=NC4=C3F)=C12,P01116,KRAS,CRBN,Q96SW2,100.0,70.0,1,0,False,AsPC-1
LVIMBRCFLXHKBA,O=C1CCC(N2CC3=CC(N4CCN(CC5CCN(C6=NC=C([C@@H]7C8=CC=C(O)C=C8CC[C@@H]7C7=CC=CC=C7)C=N6)CC5)CC4)=CC=C3C2=O)C(=O)N1,P03372,ERalpha,CRBN,Q96SW2,5.0,50.0,1,0,False,MCF7
LVLDWQVFCNOREG,CC(=O)N1CCC2=C(C1)C(N1CCCC3=CC(C4=CN(C)N=C4)=C(C(F)F)C=C31)=NN2C1CCN(C(=O)CCN2CC3=CC4=C(C=C3C2)C(=O)N(C2CCC(=O)NC2=O)C4=O)CC1,Q92793,CBP,CRBN,Q96SW2,1000.0,39.5,2,0,False,
LVLGGRYQUFHNRI,CCN1CCC(N2C=C(C3=C[NH]C4=NC=C(C5=CC=C(N6CCC(CC7CCN(C(=O)C8=CC=C(Cl)C(N9CCC(=O)NC9=O)=C8)CC7)CC6)C(F)=C5)N=C34)C=N2)CC1,Q92918,MAP4K1,CRBN,Q96SW2,175.8,63.0,1,0,False,Jurkat
LVPBHZKWLXQHNZ,O=C1CCC(N2CC3=CC(N4CCN(CCC(O)CCOC5=CC=C([C@@H]6C7=CC=C(O)C=C7CC[C@@H]6C6=CC=CC=C6)C=C5)CC4)=CC=C3C2=O)C(=O)N1,P03372,ERalpha,CRBN,Q96SW2,5.0,75.0,1,0,False,MCF7
LWEDXBCUQGFFBW,CN1CC[C@H]2CC[C@@H](C(=O)N[C@@H](CCC(N)=O)C(=O)N[C@@H](CC3=CC=C(F)C=C3)C(=O)N3CCC(CCC#CC4=CC=CC5=C4CN(C4CCC(=O)NC4=O)C5=O)CC3)N2C(=O)[C@@H](NC(=O)C2=CC3=CC(C(F)(F)P(=O)(O)O)=CC=C3S2)C1,P40763,STAT3,CRBN,Q96SW2,90.0,94.0,1,1,False,STAT3 HiBiT KI HeLa
LWTDOZDASMNJOK,CC1=C(C)C2=C(S1)N1C(C)=NN=C1[C@H](CC(=O)NCCCCCCCCC(=O)N[C@H]1CC(=O)NC1=O)N=C2C1=CC=C(Cl)C=C1,O60885,BRD4,CRBN,Q96SW2,2500.0,10.0,1,0,False,HEK293T
LWYPNYJEUXMBSL,C#CC1=C(F)C=CC2=CC(O)=CC(C3=NC=C4C(N5CC6CCC(C5)N6)=NC(OCC5(CN6CCN(CC7CCN(C8=CC=C9C(=C8)N(C)C(=O)N9C8CCC(=O)NC8=O)CC7)CC6)CC5)=NC4=C3F)=C12,P01116,KRAS,CRBN,Q96SW2,100.0,70.0,1,0,False,AsPC-1
LXFAGTBVIUWBOR,C[C@@H]1CC2=C(C=CC3=C2C=N[NH]3)[C@@H](C2=C(F)C=C(N3CCC4(CCN(C(=O)CN5CC6=CC7=C(C=C6C5)C(=O)N(C5CCC(=O)NC5=O)C7=O)CC4)CC3)C=C2F)N1CC(F)(F)F,P03372,ERalpha,CRBN,Q96SW2,2.0,88.0,1,1,False,
LXGXWTBAJXFYLG,CC1=CC(C2=C[NH]C3=NC=C(C4=CC=C(C5CCN(C6CN(C7=CC=C8C(=O)N(C9CCC(=O)NC9=O)C(=O)C8=C7)C6)CC5)C=C4)N=C23)=CC=C1C(=O)N(C)C,Q92918,MAP4K1,CRBN,Q96SW2,4.5,99.0,1,1,False,Jurkat
LXLLREDMOVXLOW,COC1=CC(C2=CN(C)C(=O)C3=CN=CC=C23)=CC(OC)=C1C(=O)N1CCC2(CCC(CN3CC4=CC5=C(C=C4C3)C(=O)N(C3CCC(=O)NC3=O)C5=O)CC2)CC1,Q9H8M2,BRD9,CRBN,Q96SW2,44.0,99.0,1,1,False,HEK 293
LZOALELKGAAMAJ,CCC1=C(F)C=CC2=CC(O)=CC(C3=NC=C4C(N5CC6CCC(C5)N6)=NC(OC[C@@H]5C[C@@H](OC6CCN(CC7CCN(C8=CC=C9C(=C8)N(C(C)C)C(=O)N9C8CCC(=O)NC8=O)CC7)CC6)CN5C)=NC4=C3F)=C12,P01116,KRAS,CRBN,Q96SW2,100.0,70.0,1,0,False,AsPC-1
LZRIFABWFGIEBB,CC1=CC(C2=C[NH]C3=NC=C(C4=CC=C(C5CCN(C6CN(C7=CC=CC8=C7C(=O)N(C7CCC(=O)NC7=O)C8=O)C6)CC5)C=C4)N=C23)=CC=C1C(=O)N(C)C,Q92918,MAP4K1,CRBN,Q96SW2,152.5,64.9,1,0,False,Jurkat
MANMYZQCTDYCCS,CC1(C)CCC2=C(C1)[NH]N=C2C(=O)NC1=CN([C@@H](CCN2CCN(CC3CCN(C4=CC=C5C(=O)N(C6CCC(=O)NC6=O)C(=O)C5=C4)CC3)CC2)C2=CC=CC=C2)N=C1,Q08881,ITK,CRBN,Q96SW2,29.3,90.0,1,1,False,Jurkat
MATWIHXEJKPGER,CCC1=CC=CC2=CC(O)=CC(C3=NC=C4C(N5C[C@@H]6CC[C@H](C5)N6)=NC(OC[C@@H]5CCCN5CCCCCC(=O)N[C@H](C(=O)N5C[C@H](O)C[C@H]5C(=O)N[C@@H](C)C5=CC=C(C6=C(C)N=CS6)C=C5)C(C)(C)C)=NC4=C3F)=C12,P01116,KRAS G12D,VHL,P40337,1204.0,89.7,1,0,False,AsPC-1
MBDWZXCEYCOJBR,C#CC1=C(F)C=CC2=CC(O)=CC(C3=NC=C4C(N5CC6CCC(C5)N6)=NC(OC[C@@H]5CC[C@@H](CN6CCN(CC7CCN(C8=CC=C9C(=C8)N(C(C)C)C(=O)N9C8CCC(=O)NC8=O)CC7)CC6)N5C)=NC4=C3F)=C12,P01116,KRAS,CRBN,Q96SW2,100.0,50.0,1,0,False,AsPC-1
MCCIEZLYIAJGSE,COC1=CC(N2CCN(C(=O)CNC3=CC=CC4=C3C(=O)N(C3CCC(=O)NC3=O)C4=O)CC2)=CC=C1NC1=NC=C(Cl)C(NC2=CC=CC=C2S(=O)(=O)C(C)C)=N1,Q9UM73,ALK,CRBN,Q96SW2,4.6,92.28,1,1,False,Karpas299/H3122
MDAOEBYSZBCXNE,O=C1CCC(N2CC3=CC(N4CCN(CCC5CCN(C6=CC=C([C@@H]7C8=CC=C(O)C=C8CC[C@@H]7C7=CC=CC=C7)C=N6)CC5)CC4)=CC=C3C2=O)C(=O)N1,P03372,ERalpha,CRBN,Q96SW2,5.0,75.0,1,0,False,MCF7
MDGIUACWARAFPO,C#CC1=C(F)C=CC2=CC(O)=CC(C3=NC=C4C(N5CC6CCC(C5)N6)=NC(OCCN5CCC(CN6CCC7(CC6)CCN(C6=CC=C8C(=O)N(C9CCC(=O)NC9=O)CC8=C6F)CC7)CC5)=NC4=C3F)=C12,P01116,KRAS,CRBN,Q96SW2,100.0,70.0,1,0,False,AsPC-1
MEHBZJQWERYZKL,CC1=C(C)C2=C(S1)N1C(C)=NN=C1[C@H](CC(=O)NCCCCCOC1=NOC([C@@H](C(=O)N3C[C@H](O)C[C@H]3C(=O)N[C@@H](C)C3=CC=C(Cl)C=C3)C(C)C)=C1)N=C2C1=CC=C(Cl)C=C1,O60885,BRD4,VHL,P40337,190.0,80.0,1,0,False,A549
MGCQUHFNXHFJQG,NC(=O)C1=CC=CC2=CN(C3=CC=C([C@@H]4CCCN(C(=O)CC5CCN(C(=O)CC6CCN(CC7CCN(C8=CC=C9C(=O)N(C%10CCC(=O)NC%10=O)C(=O)C9=C8)CC7)CC6)CC5)C4)C=C3)N=C12,P09874,PARP1,CRBN,Q96SW2,230.0,65.07,1,0,False,HCT-116
MHDMODTXRYQRFP,CC1=C(C)C2=C(S1)N1C(C)=NN=C1[C@H](CC(=O)NCCCCCCCCC(=O)N1CCC[C@H]1C(=O)N[C@H]1CC(=O)NC1=O)N=C2C1=CC=C(Cl)C=C1,O60885,BRD4,CRBN,Q96SW2,37.0,97.0,1,1,False,HEK293T
MIHQDVSIMCDUSP,CC1=NOC([C@H](C(=O)N2C[C@H](O)C[C@H]2C(=O)N[C@@H](CC(=O)NCCOCCOCCNC(=O)C[C@@H]2N=C(C3=CC=C(Cl)C=C3)C3=C(SC(C)=C3C)N3C(C)=NN=C23)C2=CC=C(Cl)C=C2)C(C)C)=C1,O60885,BRD4,VHL,P40337,1500.0,100.0,1,0,False,A549
MIVYMDRKVBLXBB,CC1=C(C)C2=C(S1)N1C(C)=NN=C1[C@H](CC(=O)NCCCCCCCCC(=O)N[C@@H](CC1=CC=CC=C1)C(=O)N[C@H]1CC(=O)NC1=O)N=C2C1=CC=C(Cl)C=C1,O60885,BRD4,CRBN,Q96SW2,7.0,99.0,1,1,False,HEK293T
MJDWPGJDJCEZOD,CCS(=O)(=O)N1C=C(C2=NC(NC3=CC=C(N4CCN(CC(=O)NC5=CC=CC6=C5CN(C5CCC(=O)NC5=O)C6=O)CC4)C=C3)=NC=C2C(F)(F)F)C2=CC=CC=C21,P00533,EGFR L858R/T790M/C797S,CRBN,Q96SW2,30.1,89.3,1,1,False,H1975-TM
MKEPVVNHRYBPIL,CCC(C)(C)C(=O)C(=O)N1CCCC[C@H]1C(=O)O[C@H](CCC1=CC=C(OC)C(OC)=C1)C1=CC=CC(NC(=O)CCC(=O)NCCCCCCC(=O)N[C@@H](CC(C)C)C(=O)N[C@@H]2CCC(=O)NC2=O)=C1,P62942,FKBP12,CRBN,Q96SW2,71.0,95.0,1,1,False,HEK293T
MKKJFNRNDUNJRJ,CC1(CN2CCN(C3=CC=C4C(=O)N(C5CCC(=O)NC5=O)CC4=C3)CC2)CCN(C2=CC=C([C@@H]3C4=CC=C(O)C=C4CC[C@@H]3C3=CC=CC=C3)C=C2)CC1,P03372,ERalpha,CRBN,Q96SW2,5.0,50.0,1,0,False,MCF7
MKYFFZGQPZGNQS,CC1=C(C2=CC=C([C@H](C)NC(=O)[C@@H]3C[C@@H](O)CN3C(=O)[C@@H](NC(=O)CCCCCCC(=O)N3CCN(C[C@]4(C)CCC(C5=CC=C(Cl)C=C5)=C(CN5CCN(C6=CC=C(C(=O)NS(=O)(=O)C7=CC=C(N[C@H](CCN8CCOCC8)CSC8=CC=CC=C8)C(S(=O)(=O)C(F)(F)C(F)(F)F)=C7)C=C6)CC5)C4)CC3)C(C)(C)C)C=C2)SC=N1,P10415,BCL2,VHL,P40337,24.5,52.35,2,0,False,H146/H211/H1059
MLZVIASYUVCSEA,CC1=NOC([C@@H](C(=O)N2C[C@H](O)C[C@H]2C(=O)N[C@@H](CC(=O)NCCCCCCCCCCCCN2C=C(C3=CC(C4=CC=CC=C4O)=NN=C3N)C=N2)C2=CC=C(C3=C(C)N=CS3)C=C2)C(C)C)=C1,P51531,SMARCA2,VHL,P40337,68.0,91.0,2,1,False,
MMBLDFRSCIREAD,C#CC1=C(F)C=CC2=CC(O)=CC(C3=NC=C4C(N5CC6CCC(C5)N6)=NC(OCC5(CN6CCC(CC7CCN(C8=CC=C9C(=C8)N(C)C(=O)N9C8CCC(=O)NC8=O)CC7)CC6)CC5)=NC4=C3F)=C12,P01116,KRAS,CRBN,Q96SW2,100.0,70.0,1,0,False,AsPC-1
MPOBYMKETYQAHT,COC1=CC2=NC(C)=NC(N[C@H](C)C3=CC(N)=CC(C(F)(F)F)=C3)=C2C=C1OCC1(CN(C)C(=O)CCCCCCNC2=CC=C(F)C3=C2C(=O)N(C2CCC(=O)NC2=O)C3=O)CC1,Q07889,SOS1,CRBN,Q96SW2,63.0,90.0,1,1,False,H358
MQKYUGINEQYSTG,CC1=C(C)C2=C(N3CCC[C@H](NC(=O)CCCCCCC4=CC=CC5=C4CN([C@H]4CCC(=O)NC4=O)C5=O)C3)C(F)=CC(C(N)=O)=C2[NH]1,Q06187,BTK,CRBN,Q96SW2,10000.0,20.0,1,0,False,Ramos
MRSVWDNVFGFAMR,O=C1CCC(N2CC3=CC(N4CCN(CC5CCN(C6=CC=CC([C@@H]7C8=CC=C(O)C=C8CC[C@@H]7C7=CC=CC=C7)=C6)CC5)CC4)=CC=C3C2=O)C(=O)N1,P03372,ERalpha,CRBN,Q96SW2,50.0,50.0,1,0,False,MCF7
MRWQDJXZCHOLFL,O=C1CCC(N2CC3=C(C=CC4=C3OCC43CCN(CC4COC5(CCN(C6=CC=C([C@@H]7C8=CC=C(O)C=C8CC[C@@H]7C7=CC=CC=C7)C=C6)CC5)C4)CC3)C2=O)C(=O)N1,P03372,ERalpha,CRBN,Q96SW2,0.04062,79.0,1,0,False,MCF-7
MVDQDTKGGYOLOX,C#CC1=C(F)C=CC2=CC(O)=CC(C3=NC=C4C(N5CC6CCC(C5)N6)=NC(OCCN5CCC(CN6CCN(CC7CCN(C8=CC=CC9=C8CN(C8CCC(=O)NC8=O)C9=O)CC7)CC6)CC5)=NC4=C3F)=C12,P01116,KRAS,CRBN,Q96SW2,100.0,70.0,1,0,False,AsPC-1
MWQUPRSQYJGFTN,O=C1CC[C@H](N2CC3=C(C=CC4=C3OCC43CCN(CC4CCC5(CC4)CN(C4=CC=C([C@@H]6C7=CC=C(O)C=C7CC[C@@H]6C6=CC=CC=C6)C=C4)C5)CC3)C2=O)C(=O)N1,P03372,ERalpha,CRBN,Q96SW2,0.1103,95.0,1,1,False,MCF-7
MWSMACAEJGKVET,C#CC1=C(F)C=CC2=CC(O)=CC(C3=NC=C4C(N5CC6CCC(C5)N6)=NC(OC[C@@H]5C[C@@H](OC6CCN(CC7(F)CCN(C8=CC=C9C(=O)N(C%10CCC(=O)NC%10=O)CC9=C8F)CC7)CC6)CN5C)=NC4=C3F)=C12,P01116,KRAS,CRBN,Q96SW2,100.0,70.0,1,0,False,AsPC-1
MWVNDEBEHBRZEC,CC(=O)C1=C(C)C2=CN=C(NC3=CC=C(N4CCN(C(=O)CCCCCC(=O)N[C@H](C(=O)N5C[C@H](O)C[C@H]5C(=O)NCC5=CC=C(C6=C(C)N=CS6)C=C5)C(C)(C)C)CC4)C=N3)N=C2N(C2CCCC2)C1=O,P11802,CDK4,VHL,P40337,10000.0,50.0,2,0,False,Calu-1
MXFZXZUWICUBOI,CC1=C(C2=CC=C([C@H](C)NC(=O)[C@@H]3C[C@@H](O)CN3C(=O)[C@@H](NC(=O)C3CCC(N4CC5(CCC(N6C=C(C7=CC(C8=CC=CC=C8O)=NN=C7N)C=N6)CC5)C4)CC3)C(C)(C)C)C=C2)SC=N1,P51531,SMARCA2,VHL,P40337,512.5,70.0,2,0,False,
MXOOOCRGAZEHDK,C#CC1=C(F)C=CC2=CC(O)=CC(C3=NC=C4C(N5CC6CCC(C5)N6)=NC(OCCN5CCC(CN6CCN(CC7CCN(C8=CC=C9C(=C8)N(C)C(=O)N9C8CCC(=O)NC8=O)CC7)CC6)CC5)=NC4=C3F)=C12,P01116,KRAS,CRBN,Q96SW2,100.0,70.0,1,0,False,AsPC-1
MXQRGTSIYWGRKG,CC1=NC(NC2=NC=C(C(=O)NC3=C(C)C=CC=C3Cl)S2)=CC(N2CCN(CCN3CCN(C4=CC=C(C5CCC(=O)NC5=O)C=C4)CC3)CC2)=N1,P06239,LCK,CRBN,Q96SW2,53.0,62.0,1,0,False,KOPT-K1
MXUXZEYSMBBOFM,O=C1CCC(N2CC3=CC(NCCCCCN4CCN(C5=CC=C([C@@H]6C7=CC=C(O)C=C7CC[C@@H]6C6=CC=CC=C6)C=C5)CC4)=CC=C3C2=O)C(=O)N1,P03372,ERalpha,CRBN,Q96SW2,5.0,50.0,1,0,False,MCF7
MYKZGDSGPTZTPG,CN1CCN([C@@H]2CCCN(C3=CN=C(C(N)=O)C(NC4=CC=C(N5CCN(C[C@H]6[C@@H]7CN(C8=CC=C9C(=O)N([C@@H]%10CCC(=O)NC%10=O)C(=O)C9=C8)C[C@H]67)CC5)C=C4)=N3)C2)C1=O,Q06187,BTK,CRBN,Q96SW2,0.6,94.0,1,1,False,Ramos
MYMIVXJTHZGTEC,O=C1CCC(N2CC3=CC(N4CCN(CCC5CCN(C6=CC=C([C@@H]7C8=CC=C(O)C=C8CC[C@@H]7C7=CC=CC=C7)C=C6)CC5)CC4)=CC=C3C2=O)C(=O)N1,P03372,ERalpha,CRBN,Q96SW2,5.0,75.0,3,0,False,MCF7
MYMXYDSTYJHREL,CC(=O)N1CCC2=C(C1)C(C1=CC=CC3=CC(C4=CC=C(C(=O)NCCNC5=CC=CC6=C5CN(C5CCC(=O)NC5=O)C6=O)N=C4)=NC=C13)=NN2C1CCOCC1,Q92793,CBP,CRBN,Q96SW2,1.2,98.0,2,1,False,RS4;11
MYONGPFZWBRXRB,NC(=O)CC[C@H](NC(=O)[C@@H]1CC[C@@H]2CCNC[C@H](NC(=O)C3=CC4=CC(C(F)(F)P(=O)(O)O)=CC=C4S3)C(=O)N12)C(=O)N[C@@H](CC1=CC=C(F)C(F)=C1)C(=O)N1CCC(CCC#CC2=CC=CC3=C2CN(C2CCC(=O)NC2=O)C3=O)CC1,P40763,STAT3,CRBN,Q96SW2,1200.0,73.0,1,0,False,STAT3 HiBiT KI HeLa
MZJPOLYUIZRRPP,CC1=NOC([C@@H](C(=O)N2C[C@H](O)C[C@H]2C(=O)N[C@@H](CC(=O)NCCCCCCCCCCN2C=C(C3=CC(C4=CC=CC=C4O)=NN=C3N)C=N2)C2=CC=C(C3=C(C)N=CS3)C=C2)C(C)C)=C1,P51531,SMARCA2,VHL,P40337,45.0,94.0,2,1,False,
MZOWIXBWDNSXQH,O=C1CCC(N2CC3=CC(N4CCC(CCN5CCC(CC(=O)N[C@H]6CC[C@@H](NC7=NC=NC8=C7C(C(=O)C7=CC=C(OC9=CC=CC=C9)C=C7Cl)=C[NH]8)CC6)CC5)CC4)=CC=C3C2=O)C(=O)N1,Q06187,BTK,CRBN,Q96SW2,10.1,90.1,1,1,False,JeKo-1
NAAJTPJKFIVOCL,CC1=C(C2=CC=C([C@H](C)NC(=O)[C@@H]3C[C@@H](O)CN3C(=O)[C@@H](NC(=O)CCCCCCCCN3C=C(C4=CC(C5=CC=CC=C5O)=NN=C4N)C=N3)C(C)(C)C)C=C2)SC=N1,P51531,SMARCA2,VHL,P40337,17.0,94.0,2,1,False,
NAAXSZGRYKDACY,C#CC1=C(F)C=CC2=CC(O)=CC(C3=NC=C4C(N5CC6CCC(C5)N6)=NC(OCCN5CCC(CN6CCC(CC7CCN(C8=CC=CC9=C8CN(C8CCC(=O)NC8=O)C9=O)CC7)CC6)CC5)=NC4=C3F)=C12,P01116,KRAS,CRBN,Q96SW2,100.0,70.0,1,0,False,AsPC-1
NAKXOWLYMFDDNT,CC1=C(C)C2=C(S1)N1C(C)=NN=C1[C@H](CC(=O)NCCCCCCCCC(=O)N[C@@H](CCC(=O)O)C(=O)N[C@@H]1CCC(=O)NC1=O)N=C2C1=CC=C(Cl)C=C1,O60885,BRD4,CRBN,Q96SW2,2500.0,5.0,1,0,False,HEK293T
NBOURFAEDBEZJY,CC1=CC2=C(NC(=O)C3=CC(NC(=O)CCCCCCCCCCNC4=CC=CC5=C4C(=O)N(C4CCC(=O)NC4=O)C5=O)=CC(C4=NN(C)C=C4)=C3)C=CC=C2N=N1,Q92793,CBP,CRBN,Q96SW2,40.0,85.0,1,1,False,LP1
NCMKTMLIGFFAEK,O=C1CC[C@H](N2CC3=C(C=CC4=C3OCC43CCN(CC(=O)N4CC5(C4)CN(C4=CC=C([C@@H]6C7=CC=C(O)C=C7CC[C@@H]6C6=CC=CC=C6)C=C4)C5)CC3)C2=O)C(=O)N1,P03372,ERalpha,CRBN,Q96SW2,0.01426,99.0,1,1,False,MCF-7
NCSCYFMOOULWQC,COC1=CC(N2CCN(CC3CCN(C4=CC=C(C5CCN(C6=CC=C(C#N)C(C(F)(F)F)=C6F)CC5)C(F)=C4)CC3)CC2)=CC2=C1C(=O)N(C1CCC(=O)NC1=O)C2,P10275,AR,CRBN,Q96SW2,240.5,100.0,2,0,False,LnCAP
NCYQVXBQCGPHHH,N#CC1=CC=C(N2CCC3(CCN(C4=CC=C(C(=O)N5CCC(N6CC7=CC8=C(C=C7C6)C(=O)N(C6CCC(=O)NC6=O)C8=O)CC5)C=C4)CC3)C2)C=C1Cl,P10275,AR,CRBN,Q96SW2,9.7,89.0,1,1,False,VCaP
NCYUPQGVJKSVOY,O=C1CCC(N2CC3=CC(N4CCN(CC5CC6(CCN(C7=CC=C([C@@H]8C9=CC=C(O)C=C9CC[C@@H]8C8=CC=CC=C8)C=C7)C6)C5)CC4)=CC=C3C2=O)C(=O)N1,P03372,ERalpha,CRBN,Q96SW2,5.0,50.0,1,0,False,MCF7
NCZRXARMAOKBHX,C[C@H]1CN(C(=O)CCCCCCNC2=CC=CC3=C2C(=O)N(C2CCC(=O)NC2=O)C3=O)CCN1C1=CC=C(NC2=CC(C3=CC=NC(N4CCN5C(=CC6=C5CC(C)(C)C6)C4=O)=C3CO)=CN(C)C2=O)N=C1,Q06187,BTK,CRBN,Q96SW2,3.2,95.0,1,1,False,Ramos/JeKo-1
NDAXYDIPJNSMDV,O=C1CCC(N2CC3=CC(CCN4CCCN(CCCCOC5=CC=C([C@@H]6C7=CC=C(O)C=C7CC[C@@H]6C6=CC=CC=C6)C=C5)CC4)=CC=C3C2=O)C(=O)N1,P03372,ERalpha,CRBN,Q96SW2,5.0,75.0,1,0,False,MCF7
NEEJYMLVIVQXPL,CC1=CC(C2=C[NH]C3=NC=C(C4=CC=C(C5CCN(C(=O)CNC6=CC=CC7=C6C(=O)N(C6CCC(=O)NC6=O)C7=O)CC5)C=C4)N=C23)=CC=C1C(=O)N(C)C,Q92918,MAP4K1,CRBN,Q96SW2,10000.0,0.1,1,0,False,Jurkat
NEYSWTYJNWOFFS,CC1=CC(C2=C[NH]C3=NC=C(C4=CC=C(C5CCN(C6=CC=CC7=C6C(=O)N(C6CCC(=O)NC6=O)C7=O)CC5)C=C4)N=C23)=CC=C1C(=O)N(C)C,Q92918,MAP4K1,CRBN,Q96SW2,10000.0,2.8,1,0,False,Jurkat
NFLKKMOHWZTOPF,CCS(=O)(=O)N1C=C(C2=NC(NC3=CC=C(N4CCN(CCCCCCC(=O)NC5=CC=CC6=C5CN(C5CCC(=O)NC5=O)C6=O)CC4)C=C3)=NC=C2C(F)(F)F)C2=CC=CC=C21,P00533,EGFR L858R/T790M/C797S,CRBN,Q96SW2,10.2,95.0,1,1,False,H1975-TM
NFRUWYPJXRXEPI,N#CC1=CC=C(N2CCC(C3=CC=C(OCCCCN4CCN(C5=CC=C6C(=O)N(C7CCC(=O)NC7=O)CC6=C5)CC4)C=C3)CC2)C(F)=C1C(F)(F)F,P10275,AR,CRBN,Q96SW2,58.0,89.0,2,1,False,LnCAP
NFWQAJIASJIBNX,CC1=CC=C(NC(=O)CN2C=C(C3=CC=C4C(NC(=O)C5=CC=C(NC(=O)CCCCCCCC(=O)N[C@H](C(=O)N6C[C@H](O)C[C@H]6C(=O)NCC6=CC=C(C7=C(C)N=CS7)C=C6)C(C)(C)C)C=C5)=N[NH]C4=C3)C=N2)C=C1C(F)(F)F,P35968,VEGFR-2,VHL,P40337,3330.0,13.5,1,0,False,HGC-27
NGIFAZUKBRGIIP,CC1=NC(NC2=NC=C(C(=O)NC3=C(C)C=CC=C3Cl)S2)=CC(N2CCN(CCCC(=O)N3CC4CC3CN4C3=CC=C(C4CCC(=O)NC4=O)C=C3)CC2)=N1,P06239,LCK,CRBN,Q96SW2,11.3,90.0,1,1,False,KOPT-K1
NGPPFHHXYKYDIP,CC1=CC(C2=C[NH]C3=NC=C(C4=CC=C(N5CCN(C6=CC=CC7=C6C(=O)N(C6CCC(=O)NC6=O)C7=O)CC5)C=C4)N=C23)=CC=C1C(=O)N(C)C,Q92918,MAP4K1,CRBN,Q96SW2,10000.0,37.9,1,0,False,Jurkat
NHHRMBVTHWIWGZ,O=C(CCCOC1=CC=C([C@@H]2C3=CC=C(O)C=C3CC[C@@H]2C2=CC=CC=C2)C=C1)CN1CCN(C2=CC=C3C(=O)N(C4CCC(=O)NC4=O)CC3=C2)CC1,P03372,ERalpha,CRBN,Q96SW2,5.0,75.0,1,0,False,MCF7
NHLHDLZOSBADFR,O=C1CCC(N2CC3=CC(N4CCN(CC5(O)CCN(C6=CC=C([C@@H]7C8=CC=C(O)C=C8CC[C@@H]7C7=CC=CC=C7)C=C6)CC5)CC4)=CC=C3C2=O)C(=O)N1,P03372,ERalpha,CRBN,Q96SW2,5.0,50.0,1,0,False,MCF7
NILPBQXGPCUEHH,O=C1CCC(N2CC3=CC(N4CCN(CCC5CCN(C6=CC=CC([C@@H]7C8=CC=C(O)C=C8CC[C@@H]7C7=CC=CC=C7)=C6)CC5)CC4)=CC=C3C2=O)C(=O)N1,P03372,ERalpha,CRBN,Q96SW2,5.0,75.0,1,0,False,MCF7
NIPLZZSOGWKOEY,COC1=CC=C(C(=O)O)C=C1OCC1=CC=C(C(=O)NCCCCCCCCNC2=CC=CC3=C2C(=O)N(C2CCC(=O)NC2=O)C3=O)C=C1,Q9BY41,HDAC8,CRBN,Q96SW2,19.9,83.0,2,1,False,MDA-MB-231/T-cell leukemia Jurkat
NIPYTICJQBGJAI,CC(=O)N1CCC2=C(C1)C(N1CCCC3=CC(C4=CN(C)N=C4)=C(C(F)F)C=C31)=NN2[C@H]1CC[C@H](CN2CCN(C3=CC=C4C(=O)N(C5CCC(=O)NC5=O)CC4=C3)CC2)CC1,Q92793,CBP,CRBN,Q96SW2,0.1,95.0,2,1,False,VCaP
NIQFZCJNEODJTE,CC1=C(C2=CC=C([C@H](C)NC(=O)[C@@H]3C[C@@H](O)CN3C(=O)[C@@H](NC(=O)CCCCCC(=O)N3CCC4(CC3)CCN(C3=CN=CC(NC5=NC=C(Cl)C(C6=CC=CC(C7=CC=CC=C7)=C6)=N5)=C3)C4=O)C(C)(C)C)C=C2)SC=N1,Q8TBX8,PIP4K2C,VHL,P40337,24.0,91.0,1,1,False,MOLT4/HAP 1
NJBVKJIGWSMPIW,O=C1CCC(N2C(=O)C3=CC4=C(C=C3C2=O)CN(C(=O)C2CCN(CC3CCN(C5=CC=C([C@@H]6C7=CC=C(O)C=C7CC[C@@H]6C6=CC=CC=C6)C=C5)CC3)CC2)C4)C(=O)N1,P03372,ERalpha,CRBN,Q96SW2,9.7,63.0,1,0,False,
NJHOIYBUDVLYAV,O=C1CCC(N2C(=O)C3=CC=C(N4CCN(C(=O)CN5CCN(C6=CC=C(NC7=NC=C8N=CC(=O)N(C9CCCC9)C8=N7)C=C6)CC5)CC4)C=C3C2=O)C(=O)N1,P11802,CDK4,CRBN,Q96SW2,6.8500000000000005,80.5,2,1,False,Jurkat
NJKWOYSRGUGPRS,CC1=C(C2=CC=C([C@H](C)NC(=O)[C@@H]3C[C@@H](O)CN3C(=O)[C@@H](NC(=O)[C@H]3CC[C@H](CN4CCC(C5=CC=C6C(=C5)N5C(=NC(=O)C7=C(Br)C=CC=C75)C6(C)C)CC4)CC3)C(C)(C)C)C=C2)SC=N1,P51531,SMARCA2,VHL,P40337,503.2,63.5,2,0,False,HT1080 HiBiT
NJTGZPZPCHOJOW,O=C1CCC(N2CC3=C(C=C(F)C(N4CCN(CC5CCN(C6=CC=C([C@@H]7C8=CC=C(O)C=C8CC[C@@H]7C7=CC=C(F)C=C7)C=C6)CC5)CC4)=C3F)C2=O)C(=O)N1,P03372,ERalpha,CRBN,Q96SW2,5.0,50.0,1,0,False,MCF7
NJVSAVJXGPJLDE,CC1=NOC(C)=C1C1=CC=C2C(=C1)N=C([C@@H]1CCCC(=O)N1C1=CC=C(F)C(F)=C1)N2[C@H]1CC[C@H](OCC(=O)NC2=CC=C(CN3CCN(C4=CC=C5C(=O)N(C6CCC(=O)NC6=O)C(=O)C5=C4)CC3)C=C2)CC1,Q92793,CBP,CRBN,Q96SW2,21.75,51.0,2,0,False,22Rv1
NKECFXWADFBMPA,NC1=NN=C(C2=CC=CC=C2O)C=C1N1CCN(CC2=CC=C(N3CCC(CN4CCN(C5=CC=C6C(=O)N(C7CCC(=O)NC7=O)C(=O)C6=C5)CC4)CC3)C(F)=C2)CC1,P51531,SMARCA2,CRBN,Q96SW2,102.0,83.0,2,0,False,H1792 SMARCA4-WT
NKGQYMCHGPQXJX,CCC1=CC=CC2=CC(O)=CC(C3=NC=C4C(=C3F)N=C(OC[C@@]35CCCN3[C@H](COC(=O)N3CCN(C6=CC=C7C(=O)N(C8CCC(=O)NC8=O)CC7=C6)CC3)CC5)NC4N3CC4CCC(C3)N4)=C12,P01116,KRAS,CRBN,Q96SW2,100.0,50.0,1,0,False,AsPC-1
NKHVPDKFIALHND,CCS(=O)(=O)N1C=C(C2=NC(NC3=CC=C(N4CCN(CCCCCC(=O)NC5=CC=CC6=C5CN(C5CCC(=O)NC5=O)C6=O)CC4)C=C3)=NC=C2C(F)(F)F)C2=CC=CC=C21,P00533,EGFR L858R/T790M/C797S,CRBN,Q96SW2,59.4,94.6,1,1,False,H1975-TM
NKSDXVLDAPUIEJ,CC1=C(C2=CC=C([C@H](C)NC(=O)[C@@H]3C[C@@H](O)CN3C(=O)[C@@H](NC(=O)CCCCCCCCCCN3C=C(C4=CC(C5=CC=CC=C5O)=NN=C4N)C=N3)C(C)(C)C)C=C2)SC=N1,P51531,SMARCA2,VHL,P40337,26.5,90.0,2,1,False,
NLYQMKQDTHQZNA,C#CC1=C(F)C=CC2=CC(O)=CC(C3=NC=C4C(N5CC6CCC(C5)N6)=NC(OCCN5CCC(CN6CCC(CC7CCN(C8=CC=C9C(=O)N(C%10CCC(=O)NC%10=O)CC9=C8Cl)CC7)CC6)CC5)=NC4=C3F)=C12,P01116,KRAS,CRBN,Q96SW2,100.0,70.0,1,0,False,AsPC-1
NMNBXQDPNXVCOF,O=C1CCC(N2C(=O)C3=CC=C(N4CCC(C(=O)N5CCN(CC6=CC=C(NC(=O)C7=N[NH]C=C7NC7=NC=NC8=C7C=C[NH]8)C=C6)CC5)CC4)C=C3C2=O)C(=O)N1,P24941,CDK2,CRBN,Q96SW2,100.0,47.87,1,0,False,HL-60
NMRMXUQBFDOAQE,O=C1CCC(N2CC3=NC(N4CCN(CC5CCN(C6=CC=C([C@@H]7C8=CC=C(O)C=C8CC[C@@H]7C7=CC=CC=C7)C(F)=C6)CC5)CC4)=CC=C3C2=O)C(=O)N1,P03372,ERalpha,CRBN,Q96SW2,5.0,75.0,1,0,False,MCF7
NOYFZERQOYOFSG,C[C@H]1CN(C(=O)CCCCCCCCCNC2=CC=CC3=C2C(=O)N(C2CCC(=O)NC2=O)C3=O)CCN1C1=CC=C(NC2=CC(C3=CC=NC(N4CCN5C(=CC6=C5CC(C)(C)C6)C4=O)=C3CO)=CN(C)C2=O)N=C1,Q06187,BTK,CRBN,Q96SW2,31.2,94.0,1,1,False,Ramos/JeKo-1
NQGKNAVUMAHSQN,CN1C(=O)N(C2CCC(=O)NC2=O)C2=CC=CC(C#CCOC3CCN(C[C@H]4CC[C@H](N5C=C(NC(=O)C6=C7N=C(N8C[C@H]9C[C@@H]8CO9)C=CN7N=C6)C(C(F)F)=N5)CC4)CC3)=C21,Q9NWZ3,IRAK4,CRBN,Q96SW2,5.0,95.0,3,1,False,OCI-Ly10
NQJHWPLBMRAMKZ,CC1=C(N2CCC(C3=CC=C(N4CCC(CN5CCN(C6=CC=C7C(=O)N(C8CCC(=O)NC8=O)CC7=C6)CC5)CC4)C=C3)CC2)C=CC(C#N)=C1C(F)(F)F,P10275,AR,CRBN,Q96SW2,152.0,70.0,1,0,False,LnCAP
NQZCBDOOYGTFSB,O=C1CCN(C2=CC(C(=O)N3CCC(CC4CCN(C5=CC=C(C6=CN=C7[NH]C=C(C8=CN(CC(F)(F)F)N=C8)C7=N6)C=N5)CC4)CC3)=CC=C2Cl)C(=O)N1,Q92918,MAP4K1,CRBN,Q96SW2,8.8,94.0,1,1,False,Jurkat
NRQMHOGVAHDTNW,O=C1CCC(N2C(=O)C3=CC=CC(NCCOCCN4CCN(C5=CC=C(NC6=NC=C7N=CC(=O)N(C8CCCC8)C7=N6)C=C5)CC4)=C3C2=O)C(=O)N1,P11802,CDK4,CRBN,Q96SW2,85.7,75.5,2,0,False,Jurkat
NSQAQTYTFNGRSF,CC(C)S(=O)(=O)C1=CC=CC=C1NC1=NC(NC2=CC=C(N3CCN(C(=O)CNC(=O)CCCC(=O)NC4=CC=CC5=C4C(=O)N(C4CCC(=O)NC4=O)C5=O)CC3)C=C2)=NC2=C1N=C[NH]2,P33981,TTK,CRBN,Q96SW2,248.0,48.33,3,0,False,MV4-11 HiBiT-TTK
NSQJBNRXUUGRNF,O=C1CCC(N2C(=O)C3=CC=C(N4CC(CN5CCC(CCN6CCC(NC(=O)C7=N[NH]C=C7NC(=O)C7=C(Cl)C=CC=C7Cl)CC6)CC5)C4)C=C3C2=O)C(=O)N1,P24941,CDK2,CRBN,Q96SW2,11.22,65.77,1,0,False,HL-60
NSWZQYGDWCUSDT,CCC1=NC(C(N)=O)=C(NC2=CC=C(N3CCC(N4CCN(C(=O)CNC5=CC=CC6=C5C(=O)N(C5CCC(=O)NC5=O)C6=O)CC4)CC3)C(OC)=C2)N=C1NC1CCOCC1,P36888,FLT3,CRBN,Q96SW2,0.98,85.0,1,1,False,MV4-11
NTDBBWSXABKIAR,CC1=NC(NC2=NC=C(C(=O)NC3=C(C)C=CC=C3Cl)S2)=CC(N2CCN(CCCC(=O)N3CCC4(CC3)CCN(C3=CC=C(C5CCC(=O)NC5=O)C=C3)CC4)CC2)=N1,P06239,LCK,CRBN,Q96SW2,20.2,86.0,1,1,False,KOPT-K1
NTQJGRSBLNKGCI,O=C1CC[C@H](N2CC3=C(C=CC4=C3OCC43CCN(CC4CCC5(CC4)CCN(C4=CC=C([C@@H]6C7=CC=C(O)C=C7CC[C@@H]6C6=CC=CC=C6)C=C4)CC5)CC3)C2=O)C(=O)N1,P03372,ERalpha,CRBN,Q96SW2,0.3366,99.0,1,1,False,MCF-7
NTVMEUBMJYIENK,O=C1CCC(N2C(=O)C3=CC=C(N4CCN(CCC5CCN(C6=CC=C([C@@H]7C8=CC=C(O)C=C8CC[C@@H]7C7=CC=CC=C7)C=N6)CC5)CC4)C=C3C2=O)C(=O)N1,P03372,ERalpha,CRBN,Q96SW2,5.0,75.0,1,0,False,MCF7
NVHSNLNBJJUEKA,CC1=CC(C2=C[NH]C3=NC=C(C4=CC=C(C5CCN(C6CN(C(=O)C7CCN(C8=CC=C(C(=O)NC9CCC(=O)NC9=O)C=C8)CC7)C6)CC5)C=C4)N=C23)=CC=C1C(=O)N(C)C,Q92918,MAP4K1,CRBN,Q96SW2,10000.0,24.2,1,0,False,Jurkat
NVZBZJSNIZDMHZ,CC1=C(C2=CC=C([C@H](C)NC(=O)[C@@H]3C[C@@H](O)CN3C(=O)[C@@H](NC(=O)CCCCCN3C=C(C4=CC(C5=CC=CC=C5O)=NN=C4N)C=N3)C(C)(C)C)C=C2)SC=N1,P51531,SMARCA2,VHL,P40337,506.0,83.0,2,0,False,
NWAHMEWTPAKOEQ,CC1=C(C2=CC=C([C@H](CCCCCN3CCC(C4=CC=C5C(=C4)N(C4CCCC4)C4=NC(=O)C6=C(Br)C=CC=C6N54)CC3)NC(=O)[C@@H]3C[C@@H](O)CN3C(=O)[C@@H](NC(=O)C3(F)CC3)C(C)(C)C)C=C2)SC=N1,P51531,SMARCA2,VHL,P40337,6.5,82.5,2,1,False,RKO
NWWWDNZGRPDSDL,O=C1CCC(N2CC3=C(C=CC(N4CCN(CCCCCOC5=CC=C([C@@H]6C7=CC=C(O)C=C7CC[C@@H]6C6=CC=CC=C6)C=C5)CC4)=C3F)C2=O)C(=O)N1,P03372,ERalpha,CRBN,Q96SW2,5.0,50.0,1,0,False,MCF7
NXGWHYURBOETHV,C#CC1=C(F)C=CC2=CC(O)=CC(C3=NC=C4C(N5CC6CCC(C5)N6)=NC(OC[C@@H](C)N5CCC(CC6CCN(CC7CCN(C8=CC=C9C(=C8)N(C(C)C)C(=O)N9C8CCC(=O)NC8=O)CC7)CC6)CC5)=NC4=C3F)=C12,P01116,KRAS,CRBN,Q96SW2,100.0,70.0,2,0,False,AsPC-1
NXLULRXSAHUXOB,NC(=O)C1=CC=CC2=CN(C3=CC=C([C@@H]4CCCN(C(=O)COCCOCCOCCNC5=CC=C6C(=O)N(C7CCC(=O)NC7=O)C(=O)C6=C5)C4)C=C3)N=C12,P09874,PARP1,CRBN,Q96SW2,20000.0,37.38,1,0,False,HCT-116
NXRXLODHMLUPLH,CN1CC[C@H]2CC[C@@H](C(=O)N[C@@H](CCC(N)=O)C(=O)N[C@H](C(=O)NCCCCCCC#CC3=CC=CC4=C3CN(C3CCC(=O)NC3=O)C4=O)C3=CC=CC=C3)N2C(=O)[C@@H](NC(=O)C2=CC3=CC(C(F)(F)P(=O)(O)O)=CC=C3S2)C1,P40763,STAT3,CRBN,Q96SW2,5000.0,36.0,1,0,False,STAT3 HiBiT KI HeLa
NXTUJILVQJCFAE,CC(=O)N1CCC2=C(C1)C(N1CCCC3=CC(C4=NN(C)C=C4)=C(C(F)F)C=C31)=NN2C1CCC(N2CC3=CC4=C(C=C3C2)C(=O)N(C2CCC(=O)NC2=O)C4=O)CC1,Q92793,CBP,CRBN,Q96SW2,8.95,69.0,2,0,False,
NYQQILKBAUMNIF,CCS(=O)(=O)N1C=C(C2=NC(NC3=CC=C(N4CCN(CCCCCCCCCC(=O)NC5=CC=CC6=C5CN(C5CCC(=O)NC5=O)C6=O)CC4)C=C3)=NC=C2C(F)(F)F)C2=CC=CC=C21,P00533,EGFR L858R/T790M/C797S,CRBN,Q96SW2,68.7,80.6,1,1,False,H1975-TM
NZDYTXGDQNACSC,CC1=C(C2=CC=C([C@H](C)NC(=O)[C@@H]3C[C@@H](O)CN3C(=O)[C@H](C(C)C)N3C=C([C@H]4CC[C@H](CN5CCC(C6=CC=C7C(=C6)C(C)(C)C6=NC(=O)C8=C(Cl)C=CC=C8N76)CC5)CC4)N=N3)C=C2)SC=N1,P51531,SMARCA2,VHL,P40337,0.535,97.5,2,1,False,HT1080 HiBiT
NZNDDXHGBRWXAR,CC(=O)N1CCC2=C(C1)C(N1CCCC3=CC(C4=CN(C)N=C4)=C(C(F)F)C=C31)=NN2C1CCN(C(=O)CCCCN2CC3=CC4=C(C=C3C2)C(=O)N(C2CCC(=O)NC2=O)C4=O)CC1,Q92793,CBP,CRBN,Q96SW2,107.0,66.0,2,0,False,
NZSZKOBISRPHGJ,NC(=O)C1=CC=CC2=CN(C3=CC=C([C@@H]4CCCN(C(=O)COCCOCCNC5=CC=C6C(=O)N(C7CCC(=O)NC7=O)C(=O)C6=C5)C4)C=C3)N=C12,P09874,PARP1,CRBN,Q96SW2,20000.0,49.13,1,0,False,HCT-116
OAIBMPRSTYMFMF,C#CC1=C(F)C=CC2=CC(O)=CC(C3=NC=C4C(N5CC6CCC(C5)N6)=NC(OCCN5CCC(CC6CCN(CC7CCN(C8=CC=C9C(=O)N(C%10CCC(=O)NC%10=O)C(=O)C9=C8)CC7)CC6)CC5)=NC4=C3F)=C12,P01116,KRAS,CRBN,Q96SW2,100.0,70.0,1,0,False,AsPC-1
OATWWBXLNLYERD,C#CC1=C(F)C=CC2=CC(O)=CC(C3=NC=C4C(N5CC6CCC(C5)N6)=NC(OCCN5CCN(CC6CCN(CC7CCN(C8=CC=C9C(=O)N(C%10CCC(=O)NC%10=O)CC9=C8F)CC7)CC6)CC5(C)C)=NC4=C3F)=C12,P01116,KRAS,CRBN,Q96SW2,100.0,70.0,1,0,False,AsPC-1
OCJIBLJOIYJPJB,O=C1CCN(C2=CC(C(=O)N3CCC(CC4CCN(C5=CC=C(C6=CN=C7[NH]C=C(C8=CN(C9CC9)N=C8)C7=N6)C=N5)CC4)CC3)=CC=C2Cl)C(=O)N1,Q92918,MAP4K1,CRBN,Q96SW2,52.3,87.0,1,1,False,Jurkat
OCRZEXONTRGXJJ,CC1=NN=C2COCC3=C(SC(C#CC4=CN(CCNC5=CC=CC6=C5C(=O)N(C5CCC(=O)NC5=O)C6=O)N=C4)=C3CC3=CC=CC=C3)N12,P25440,BRD2,CRBN,Q96SW2,0.5,98.0,3,1,False,MV4;11
OCXICBCMNKOWFI,O=C1CCC(N2C(=O)C3=CC=CC(NCC4=CN(CCOCCOC5=CC=C(CN6C=CC7=CC=C(C(=O)NO)C=C76)C=C5)N=N4)=C3C2=O)C(=O)N1,Q9BY41,HDAC8,CRBN,Q96SW2,580.0,95.0,1,0,False,A549
ODACRUNFSNEWFN,CC(=O)C1=C(C)C2=CN=C(NC3=CC=C(N4CCN(CC(=O)NCCCCCCNC(=O)COC5=CC=C6C(=C5)CCCN6C(=O)CCl)CC4)C=N3)N=C2N(C2CCCC2)C1=O,P11802,CDK4,CRBN,Q96SW2,7250.0,86.0,2,0,False,MDA-MB-231
ODHSIRLCFHBSLV,CCC1=CC=CC2=CC(O)=CC(C3=NC=C4C(N5CC6CCC(C5)N6)=NC(OCCN5CCC(CN6CCC(OC7=CC=C8C(=O)N(C9CCC(=O)NC9=O)C(=O)C8=C7)CC6)CC5)=NC4=C3F)=C12,P01116,KRAS,CRBN,Q96SW2,1000.0,25.0,1,0,False,AsPC-1
OEIXGQBXJRCKDG,O=C1CCC(N2C(=O)C3=CC=C(N4CCN(C[C@H]5CCN(CCOC6=CC=C([C@@H]7C8=CC=C(O)C=C8CC[C@@H]7C7=CC=C(F)C=C7)C=C6)C5)CC4)C=C3C2=O)C(=O)N1,P03372,ERalpha,CRBN,Q96SW2,5.0,75.0,1,0,False,MCF7
OERSBDGKBSIAJF,CCN1C=C(C2=CC(OC)=C(C(=O)N3CCC4(CCC(CN5CC6=CC7=C(C=C6C5)C(=O)N(C5CCC(=O)NC5=O)C7=O)CC4)CC3)C(OC)=C2)C2=CC(C)=NC=C2C1=O,Q9H8M2,BRD9,CRBN,Q96SW2,316.0,90.0,1,0,False,HEK 293
OFPHWAPEMHBKER,O=C1CC[C@H](N2CC3=C(C=CC4=C3OC[C@H]3CN(C(=O)CN5CCC6(CC5)CCN(C5=CC=C([C@@H]7C8=CC=C(O)C=C8CC[C@@H]7C7=CC=CC=C7)C=C5)CC6)CCN43)C2=O)C(=O)N1,P03372,ERalpha,CRBN,Q96SW2,0.242,100.0,1,1,False,MCF-7
OFSIVMMIEIYLOF,CCS(=O)(=O)N1C=C(C2=NC(NC3=CC=C(N4CCN(C(=O)CCCCCC(=O)NC5=CC=CC6=C5CN(C5CCC(=O)NC5=O)C6=O)CC4)C=C3)=NC=C2C(F)(F)F)C2=CC=CC=C21,P00533,EGFR L858R/T790M/C797S,CRBN,Q96SW2,161.8,80.1,1,0,False,H1975-TM
OFTNTQSCIASIHA,O=C1CCC(N2CC3=CC(N4CCN(C5CC6CC(F)(COC7=CC=C([C@@H]8C9=CC=C(O)C=C9CC[C@@H]8C8=CC=CC=C8)C=C7)CC6C5)CC4)=CC=C3C2=O)C(=O)N1,P03372,ERalpha,CRBN,Q96SW2,5.0,50.0,1,0,False,MCF7
OGJBCMCUTMQDMB,O=C1CCC(N2CC3=CC(N4CCN(CC[C@H]5C[C@H]5COC5=CC=C([C@@H]6C7=CC=C(O)C=C7CC[C@@H]6C6=CC=C(F)C=C6)C=C5)CC4)=CC=C3C2=O)C(=O)N1,P03372,ERalpha,CRBN,Q96SW2,5.0,62.5,2,0,False,MCF7
OGNHAQXAAGMVOV,CC(=O)N1CCC2=C(C1)C(C1=CC=CC3=CC(C4=CC=C(C(=O)NC5CCN(C6=CC=C7C(=O)N(C8CCC(=O)NC8=O)CC7=C6)CC5)N=C4)=NC=C13)=NN2C1CCOCC1,Q92793,CBP,CRBN,Q96SW2,0.15,99.0,2,1,False,RS4;11
OHGZHFFSUIAVDY,COC1=CC=C(C(=O)O)C=C1OCC1=CC=C(C(=O)NCCCCCCNC2=CC=CC3=C2C(=O)N(C2CCC(=O)NC2=O)C3=O)C=C1,Q9BY41,HDAC8,CRBN,Q96SW2,71.5,81.0,2,1,False,MDA-MB-231
OHIMCHRTVXJRBB,O=C1CC[C@H](N2CC3=C(C=CC4=C3OC[C@H]3CN(CC5COC6(CCN(C7=CC=C([C@@H]8C9=CC=C(O)C=C9CC[C@@H]8C8=CC=CC=C8)C=C7)CC6)OC5)CCN43)C2=O)C(=O)N1,P03372,ERalpha,CRBN,Q96SW2,3.8,95.0,1,1,False,MCF-7
OIAWLANZAYGDNS,O=C1CC[C@H](N2CC3=C(C=CC4=C3OC[C@H]3CN(CC5CCC6(CC5)CN(C5=CC=C([C@@H]7C8=CC=C(O)C=C8CC[C@@H]7C7=CC=CC=C7)C=C5)C6)CCN43)C2=O)C(=O)N1,P03372,ERalpha,CRBN,Q96SW2,2.2,82.0,1,1,False,MCF-7
OINUZLXAXNXVIL,CC[C@@H](CO)NC1=NC2=C(C(C)C)C=NN2C(NCC2=CC=C(NC(=O)N3CCN(C4CCN(C5=CC6=C(C=C5F)C(=O)N(C5CCC(=O)NC5=O)C6=O)CC4)CC3)C=C2)=N1,P50750,CDK9,CRBN,Q96SW2,9.4,92.0,1,1,False,MDA-MB-231
OJBZGRZGVKAUHH,CC1=C(C)C2=C(S1)N1C(C)=NN=C1[C@H](CC(=O)NCCCCCN1CCC(C3=CC=C4C(=O)N(C5CCC(=O)NC5=O)CC4=C3)CC1)N=C2C1=CC=C(Cl)C=C1,O60885,BRD4,CRBN,Q96SW2,1.8,97.0,1,1,False,HEK293
OJCRNHCUTYXXFI,CC1=NN=C2COCC3=C(SC(C#CC4=CN(C5CN(C6=CC=C7C(=O)N(C8CCC(=O)NC8=O)C(=O)C7=C6)C5)N=C4)=C3CC3=CC=CC=C3)N12,P25440,BRD2,CRBN,Q96SW2,0.3,99.0,3,1,False,MV4;11
OJCYPKZNPSJLGY,CC1=C(C2=CC=C(CNC(=O)[C@@H]3C[C@@H](O)CN3C(=O)[C@@H](NC(=O)CNC(=O)C3=CC=C(F)C(C4=CC=C(N5C[C@H](C)N(C)[C@H](C)C5)C(NC(=O)C5=C[NH]C(=O)C=C5C(F)(F)F)=C4)=C3)C(C)(C)C)C=C2)SC=N1,P61964,WDR5,VHL,P40337,92.0,73.0,1,0,False,MIA PaCa-2
OJXFDZCWWVPDCJ,O=C1CC[C@H](N2CC3=C(C=CC4=C3OCC43CCN(C(=O)CN4CCC5(CC4)CCN(C4=CC=C([C@@H]6C7=CC=C(O)C=C7CC[C@@H]6C6=CC=CC=C6)C=C4)CC5)CC3)C2=O)C(=O)N1,P03372,ERalpha,CRBN,Q96SW2,0.03616,100.0,1,1,False,MCF-7
OKISKGIPUPRZPL,CC1=C(C)C2=C(S1)N1C(C)=NN=C1[C@H](CC(=O)NCCCCCCN1CCC(C3=CC=C4C(=O)N(C5CCC(=O)NC5=O)CC4=C3)CC1)N=C2C1=CC=C(Cl)C=C1,O60885,BRD4,CRBN,Q96SW2,0.7,92.0,1,1,False,HEK293
OKRRHPIDAMUVAH,O=C1CCC(N2CC3=CC(N4CCN(CC5CCN(CCCC6=CC=C([C@@H]7C8=CC=C(O)C=C8CC[C@@H]7C7=CC=CC=C7)C=C6)CC5)CC4)=CC=C3C2=O)C(=O)N1,P03372,ERalpha,CRBN,Q96SW2,5.0,75.0,1,0,False,MCF7
OLNHVDRHEGVZMV,CC1=NOC([C@@H](C(=O)N2C[C@H](O)C[C@H]2C(=O)N[C@@H](CC(=O)NCCCCCCCCCN2C=C(C3=CC(C4=CC=CC=C4O)=NN=C3N)C=N2)C2=CC=C(C3=C(C)N=CS3)C=C2)C(C)C)=C1,P51531,SMARCA2,VHL,P40337,73.0,94.0,2,1,False,
OLQGJEKFCQYJGY,CCC1=CC=CC2=CC(O)=CC(C3=NC=C4C(N5CC6CCC(C5)N6)=NC(OC[C@]56CCCN5[C@@H](COC(=O)N5CCN(C7=CC=CC8=C7C(=O)N(C7CCC(=O)NC7=O)C8=O)CC5)CC6)=NC4=C3F)=C12,P01116,KRAS,CRBN,Q96SW2,625.0,37.5,2,0,False,AsPC-1
OMBFZCSGOOTQOG,CC1=CC=C(NC(=O)CN2C=C(C3=CC=C4C(NC(=O)C5=CC=C(NC(=O)CCCCCCCCC(=O)N[C@H](C(=O)N6C[C@H](O)C[C@H]6C(=O)NCC6=CC=C(C7=C(C)N=CS7)C=C6)C(C)(C)C)C=C5)=N[NH]C4=C3)C=N2)C=C1C(F)(F)F,P35968,VEGFR-2,VHL,P40337,84.0,73.7,1,0,False,HGC-27
OMWIEQMSNUNYBD,CCN1CCC(N2C=C(C3=C[NH]C4=NC=C(C5=CC=C(N6CCC(CN7CCN(C(=O)C8=CC=C(Cl)C(N9CCC(=O)NC9=O)=C8)CC7)CC6)N=C5)N=C34)C=N2)CC1,Q92918,MAP4K1,CRBN,Q96SW2,1.2,77.0,1,0,False,Jurkat
ONBFXZQYDXKUOB,N#CC1=CC=CC(C2=NN(CC3=CC=CC(C4=NC=C(OCC5CCN(CC(=O)N6CCN(C7=CC=C8C(=O)N(C9CCC(=O)NC9=O)C(=O)C8=C7)CC6)CC5)C=N4)=C3)C(=O)C=C2)=C1,P08581,c-Met,CRBN,Q96SW2,0.44,99.0,1,1,False,EBC-1/Hs746T
ONPKOOOYNSWZGQ,CC1=C(C2=CC=C([C@H](C)NC(=O)[C@@H]3C[C@@H](O)CN3C(=O)[C@@H](NC(=O)CCCCCN3CCC(N4C=C(C5=CC(C6=CC=CC=C6O)=NN=C5N)C=N4)CC3)C(C)(C)C)C=C2)SC=N1,P51531,SMARCA2,VHL,P40337,127.0,85.5,2,0,False,
OPSLJZKZRTYJDB,CCCCCCCNNC(=O)C1=CC=C(N2CCN(CCCCCCCC(=O)N[C@H](C(=O)N3C[C@H](O)C[C@H]3C(=O)N[C@@H](C)C3=CC=C(C4=C(C)N=CS4)C=C3)C(C)(C)C)CC2)C=C1,Q9BY41,HDAC8,VHL,P40337,22.1,95.0,1,1,False,MDA-MB-231/MCF7/
ORODRCQOJBOESI,CCC1=CC=CC2=CC(O)=CC(C3=NC=C4C(N5CC6CCC(C5)N6)=NC(OCCN5CCN(C6=CC=C7C(=O)N(C8CCC(=O)NC8=O)C(=O)C7=C6)CC5)=NC4=C3F)=C12,P01116,KRAS,CRBN,Q96SW2,1000.0,25.0,1,0,False,AsPC-1
ORQXPOXNHTUDRV,O=C1CCC(N2C(=O)C3=CC=C(N4CCN(C[C@H]5CC[C@H](OC6=CC=C([C@@H]7C8=CC=C(O)C=C8CC[C@@H]7C7=CC=C(C(F)(F)F)C=C7)C=C6)CC5)CC4)C=C3C2=O)C(=O)N1,P03372,ERalpha,CRBN,Q96SW2,5.0,50.0,1,0,False,MCF7
ORVYEANVNNIAHS,C#CC1=C(F)C=CC2=CC(O)=CC(C3=NC=C4C(N5CC6CCC(C5)N6)=NC(OCCN5CCC(CN6CCC(CN7CCN(C8=CC=C9C(=O)N(C%10CCC(=O)NC%10=O)CC9=C8F)CC7)CC6)CC5)=NC4=C3F)=C12,P01116,KRAS,CRBN,Q96SW2,100.0,70.0,1,0,False,AsPC-1
OTSHWHJFGTVNLE,CC(=O)N1CCC2=C(C1)C(N1CCCC3=CC(C4=CN(C)N=C4)=C(C(F)F)C=C31)=NN2C1CCN(C2CCN(C3=CC=C4C(=O)N(C5CCC(=O)NC5=O)C(=O)C4=C3)CC2)CC1,Q92793,CBP,CRBN,Q96SW2,0.8500000000000001,95.0,2,1,False,VCaP
OTSSTAHPCHKQON,C#CC1=C(F)C=CC2=CC(O)=CC(C3=NC=C4C(N5CC6CCC(C5)N6)=NC(OCCN5CCC(C(F)(F)C6CCN(CC7CCN(C8=CC=C9C(=O)N(C%10CCC(=O)NC%10=O)CC9=C8F)CC7)CC6)CC5)=NC4=C3F)=C12,P01116,KRAS,CRBN,Q96SW2,100.0,70.0,1,0,False,AsPC-1
OTXXCMPBTUDXFD,CCC1=CC=CC2=CC(O)=CC(C3=NC=C4C(N5CC6CCC(C5)N6)=NC(OCCN5CCC(O[C@H]6CC[C@H](OC7CCN(C8=CC=CC9=C8CN(C8CCC(=O)NC8=O)C9=O)CC7)CC6)CC5)=NC4=C3F)=C12,P01116,KRAS,CRBN,Q96SW2,1000.0,25.0,1,0,False,AsPC-1
OTYHKDKIGWZRJK,CCC1=CC=CC2=CC(O)=CC(C3=NC=C4C(N5CC6CCC(C5)N6)=NC(OCCN5CCC(CCN6CCN(C7=CC=C8C(=O)N(C9CCC(=O)NC9=O)C(=O)C8=C7)CC6)CC5)=NC4=C3F)=C12,P01116,KRAS,CRBN,Q96SW2,250.0,25.0,1,0,False,AsPC-1
OUDYLACOAFCTIP,CCC1=CC=CC2=CC(O)=CC(C3=NC=C4C(N5CC6CCC(C5)N6)=NC(OCCN5CCN(C6=CC=C7C(=O)N(C8CCC(=O)NC8=O)CC7=C6)CC5)=NC4=C3F)=C12,P01116,KRAS,CRBN,Q96SW2,1000.0,25.0,1,0,False,AsPC-1
OUNSSLRXSNJYSI,C#CC1=C(F)C=CC2=CC(O)=CC(C3=NC=C4C(N5CC6CCC(C5)N6)=NC(OCCN5CCC6(CC5)CN(CC5(F)CCN(C7=CC=C8C(=O)N(C9CCC(=O)NC9=O)CC8=C7F)CC5)C6)=NC4=C3F)=C12,P01116,KRAS,CRBN,Q96SW2,100.0,50.0,1,0,False,AsPC-1
OVACPFPSPXWFLM,O=C1CC[C@H](N2CC3=C(C=CC4=C3OCC43CCN(CC4CC5(C4)CN(C4=CC=C([C@@H]6C7=CC=C(O)C=C7CC[C@@H]6C6=CC=CC=C6)C=C4)C5)CC3)C2=O)C(=O)N1,P03372,ERalpha,CRBN,Q96SW2,0.1563,81.0,1,1,False,MCF-7
OVGJMQWPRUXZPK,COC1=CC=C(C(=O)O)C=C1OCC1=CC=C(C(=O)NCCNC2=CC=CC3=C2C(=O)N(C2CCC(=O)NC2=O)C3=O)C=C1,Q9BY41,HDAC8,CRBN,Q96SW2,932.5,77.0,2,0,False,MDA-MB-231
OVOIYEZHVNDSLA,C#CC1=C(F)C=CC2=CC(O)=CC(C3=NC=C4C(N5CC6CCC(C5)N6)=NC(OCCN5CCC(OC6CCN(CC7CCN(C8=CC=C9C(=O)N(C%10CCC(=O)NC%10=O)CC9=C8F)CC7)CC6)CC5)=NC4=C3F)=C12,P01116,KRAS,CRBN,Q96SW2,100.0,70.0,1,0,False,AsPC-1
OVVOKNDEXPUPTI,NC(=O)C1=CC=CC2=CN(C3=CC=C([C@@H]4CCCN(C(=O)CC5CCN(C(=O)C6CCN(C7=CC=C8C(=O)N(C9CCC(=O)NC9=O)C(=O)C8=C7)CC6)CC5)C4)C=C3)N=C12,P09874,PARP1,CRBN,Q96SW2,20000.0,35.64,1,0,False,HCT-116
OVWXKQZGDSFJOC,O=C1CCC(N2CC3=CC(N4CCN(CCCCCOC5=CC=C([C@@H]6C7=CC=C(O)C=C7CC[C@@H]6C6=CC=CC=C6)C=C5)CC4)=NC=C3C2=O)C(=O)N1,P03372,ERalpha,CRBN,Q96SW2,5.0,75.0,1,0,False,MCF7
OXFQPPOCQDYRAV,C#CC1=C(F)C=CC2=CC(O)=CC(C3=NC=C4C(N5CC6CCC(C5)N6)=NC(OCCN5CCC(CN6CC7(CCN(C8=CC(C)=C9C(=O)N(C%10CCC(=O)NC%10=O)CC9=C8F)CC7)C6)CC5)=NC4=C3F)=C12,P01116,KRAS,CRBN,Q96SW2,100.0,70.0,1,0,False,AsPC-1
OXMDHNVNCICBMC,O=C1CC[C@H](N2CC3=C(C=CC4=C3OCC43CCN(C(=O)CN4CCC5(CCN(C6=CC=C([C@@H]7C8=CC=C(O)C=C8CC[C@@H]7C7=CC=CC=C7)C=C6)CC5)C4)CC3)C2=O)C(=O)N1,P03372,ERalpha,CRBN,Q96SW2,0.02906,100.0,1,1,False,MCF-7
OXSROSNYZRSDCK,C#CC1=C(F)C=CC2=CC(O)=CC(C3=NC=C4C(N5CC6CCC(C5)N6)=NC(OCCN5CCC(CN6CCN(CC7CCN(C8=CC=C9C(=O)N(C%10CCC(=O)NC%10=O)CC9=C8F)CC7)CC6(C)C)CC5)=NC4=C3F)=C12,P01116,KRAS,CRBN,Q96SW2,100.0,70.0,1,0,False,AsPC-1
OZZGLWHPVOGDLB,CC1=C([C@@H](C)NC2=NN=C(C)C3=CC=C(N4CCN(C(=O)C5CCN(C(=O)CCN6CCC(C7=CC8=C(C=C7F)C(=O)N(C7CCC(=O)NC7=O)C8)CC6)CC5)CC4)C=C23)C=CC=C1C(F)(F)F,Q07889,SOS1,CRBN,Q96SW2,2.4,96.0,1,1,False,MIA PaCa-2/LoVo
PAIIRGWFQSXYCB,CC1=NC(NC2=NC=C(C(=O)NC3=C(C)C=CC=C3Cl)S2)=CC(N2CCN(C(=O)CCCN3CC4CC3CN4C3=CC=C(C4CCC(=O)NC4=O)C=C3)CC2)=N1,P06239,LCK,CRBN,Q96SW2,11.3,88.0,1,1,False,KOPT-K1
PAWOGRZAWHCVSV,CCC1=CC=CC2=CC(O)=CC(C3=NC=C4C(N5CC6CCC(C5)N6)=NC(OCCN5CCC(F)(CC6CCN(C7=CC=CC8=C7CN(C7CCC(=O)NC7=O)C8=O)CC6)CC5)=NC4=C3F)=C12,P01116,KRAS,CRBN,Q96SW2,1000.0,50.0,1,0,False,AsPC-1
PBTGIUQPZXMJTR,O=C1CCC(N2C(=O)C3=CC=C(N4CCN(CCCCCOC5=CC=C([C@@H]6C7=CC=C(O)C=C7CC[C@@H]6C6=CC=C(F)C=C6)C=C5)CC4)C=C3C2=O)C(=O)N1,P03372,ERalpha,CRBN,Q96SW2,5.0,50.0,1,0,False,MCF7
PDBGZAUECQHPCJ,CN1C(=O)N(C2CCC(=O)NC2=O)C2=CC=C(C#CCOC3CCN(C[C@H]4CC[C@H](N5C=C(NC(=O)C6=C7N=C(N8C[C@H]9CC8CO9)C=CN7N=C6)C(C(F)F)=N5)CC4)CC3)C=C21,Q9NWZ3,IRAK4,CRBN,Q96SW2,10000.0,95.0,1,0,False,OCI-Ly10
PDBLQAZFBOQBPM,CN1CCN([C@@H]2CCCN(C3=CN=C(C(N)=O)C(NC4=CC=C(N5CCC6(CC5)CCN(C5=CC=C7C(=O)N([C@@H]8CCC(=O)NC8=O)C(=O)C7=C5)CC6)C=C4)=N3)C2)C1=O,Q06187,BTK,CRBN,Q96SW2,0.9,96.0,1,1,False,Ramos/TMD8
PDPDFMZBGRRJSJ,CC1=NC=C(C2=CC=C3N=C(NC(=O)CCOCCOCCOCCC(=O)N[C@H](C(=O)N4C[C@H](O)C[C@H]4C(=O)NCC4=CC=C(C5=C(C)N=CS5)C=C4)C(C)(C)C)SC3=C2)C=C1NC(=O)OC1CCCCC1,Q13546,RIPK1,VHL,P40337,110000.0,85.0,1,0,False,
PDVZCOAUEHSQQC,O=C1CCC(N2CC3=C(C=CC(N4CCN(CCCCCOC5=CC=C([C@@H]6C7=CC=C(O)C=C7CC[C@@H]6C6=CC=CC=C6)C=C5)CC4)=C3Cl)C2=O)C(=O)N1,P03372,ERalpha,CRBN,Q96SW2,5.0,50.0,1,0,False,MCF7
PEAGECFNJYDLLW,CC(=O)N1CCC2=C(C1)C(N1CCCC3=CC(C4=CN(C)N=C4)=C(C(F)F)C=C31)=NN2C1CCN(C2CC3(CCN(C4=CC=C5C(=O)N(C6CCC(=O)NC6=O)C(=O)C5=C4)CC3)C2)CC1,Q92793,CBP,CRBN,Q96SW2,0.75,95.0,2,1,False,VCaP
PFCHJOXUKMTDHP,COC1=CC(C2=CN(C)C(=O)C3=CC=CC=C23)=CC(OC)=C1CN1CCN(C2=CC=C3C(=O)N(C4CCC(=O)NC4=O)C(=O)C3=C2)CC1,Q9H8M2,BRD9,CRBN,Q96SW2,1.02,99.15,1,1,False,MV4-11
PFJYOZHQDZHJHH,O=C1CCC(N2C(=O)C3=CC=C(N4CCC(C(=O)N5CCC(NC(=O)C6=N[NH]C=C6NC(=O)C6=C(Cl)C=CC=C6Cl)CC5)CC4)C=C3C2=O)C(=O)N1,P24941,CDK2,CRBN,Q96SW2,93.33,59.32,1,0,False,HL-60
PGGVAVRBFXQAOY,C[C@H]1CC2(CCN(C3=CC=C(C(=O)N4CC(N5CC6=CC7=C(C=C6C5)C(=O)N(C5CCC(=O)NC5=O)C7=O)C4)C=C3)CC2)CN1C1=CC=C(C#N)C(Cl)=C1,P10275,AR,CRBN,Q96SW2,0.7,89.0,1,1,False,VCaP/LNCaP
PGHMFOZLKKQWSX,O=C1CCC(N2CC3=NC(N4CCN(CC5CCN(C6=CC=C([C@@H]7C8=CC=C(O)C=C8CC[C@@H]7C7=CC=C(F)C=C7)C=C6)CC5)CC4)=CC=C3C2=O)C(=O)N1,P03372,ERalpha,CRBN,Q96SW2,5.0,75.0,1,0,False,MCF7
PHIUSMLTSNYPMF,CCC1=CC=CC2=CC(O)=CC(C3=NC=C4C(N5CC6CCC(C5)N6)=NC(OC[C@@H]5C[C@@H](OC6CCN(C7=CC=CC8=C7CN(C7CCC(=O)NC7=O)C8=O)CC6)CN5C)=NC4=C3F)=C12,P01116,KRAS,CRBN,Q96SW2,1000.0,50.0,1,0,False,AsPC-1
PIYZBTHQTSAJKU,CCCCN1C=C(C2=CC(OC)=C(C(=O)N3CCC4(CCC(CN5CC6=CC7=C(C=C6C5)C(=O)N(C5CCC(=O)NC5=O)C7=O)CC4)CC3)C(OC)=C2)C2=CC=NC=C2C1=O,Q9H8M2,BRD9,CRBN,Q96SW2,142.0,98.0,1,0,False,HEK 293
PJHVSTSZQYMHGP,C#CC1=C(F)C=CC2=CC(O)=CC(C3=NC=C4C(N5CC6CCC(C5)N6)=NC(OCCN5CCC(CC6CCN(C7=CC=C8C(=C7)N(C)C(=O)N8C7CCC(=O)NC7=O)CC6)CC5)=NC4=C3F)=C12,P01116,KRAS,CRBN,Q96SW2,100.0,70.0,1,0,False,AsPC-1
PJLUKTVSGYDGFZ,CC(=O)C1=C(C)C2=CN=C(NC3=CC=C(N4CCN(CCOC5=CC=C(CN6CCC(C7=CC=C8C(=O)N(C9CCC(=O)NC9=O)CC8=C7)CC6)C=C5)CC4)C=N3)N=C2N(C2CCCC2)C1=O,P11802,CDK4,CRBN,Q96SW2,6.0,61.5,2,0,False,Jurkat
PLBNAPRUSKNYKK,CC1=CC=C(NC(=O)CN2C=C(C3=CC=C4C(NC(=O)C5=CC=C(N)C=C5)=NN(C(=O)CCCCCCCCCCC(=O)N[C@@H](C(=O)N5C[C@H](O)C[C@H]5C(=O)NCC5=CC=C(C6=C(C)N=CS6)C=C5)C(C)(C)C)C4=C3)C=N2)C=C1C(F)(F)F,P35968,VEGFR-2,VHL,P40337,320.0,81.7,1,0,False,HGC-27
PLVCAPPHMNXCHP,CC1=C(C)C2=C(S1)N1C(C)=NN=C1[C@H](CC(=O)OCC(=O)NCCCCOC1=CC=CC3=C1C(=O)N(C1CCC(=O)NC1=O)C3=O)N=C2C1=CC=C(Cl)C=C1,O60885,BRD4,CRBN,Q96SW2,62.0,86.0,1,1,False,MDA-MB-231
PMBMQOVLVVBPTC,O=C1CC[C@H](N2CC3=C(C=CC4=C3OC[C@H]3CN(C(=O)CN5CCN(C6=CC=C([C@@H]7C8=CC=C(O)C=C8CC[C@@H]7C7=CC=CC=C7)C=C6)CC5)CCN43)C2=O)C(=O)N1,P03372,ERalpha,CRBN,Q96SW2,0.01,80.0,1,1,False,MCF-7
PMDIVNUEOYATPM,C#CC1=C(F)C=CC2=CC(O)=CC(C3=NC=C4C(N5CC6CCC(C5)N6)=NC(OCCN5CCC6(CC5)CCN(CC5CCN(C7=CC=CC8=C7CN(C7CCC(=O)NC7=O)C8=O)CC5)CC6)=CC4=C3F)=C12,P01116,KRAS,CRBN,Q96SW2,100.0,70.0,1,0,False,AsPC-1
PMMBPUFPJGYZDS,CC1=NOC([C@H](C(=O)N2C[C@H](O)C[C@H]2C(=O)N[C@@H](CC(=O)NCCOCCOCCNC(=O)C[C@@H]2N=C(C3=CC=C(Cl)C=C3)C3=C(SC(C)=C3C)N3C(C)=NN=C23)C2=CC=C(C3=C(C)N=CS3)C=C2)C(C)C)=C1,O60885,BRD4,VHL,P40337,570.0,79.0,1,0,False,A549
PMXTVHMIDORPMC,CN1CC[C@H]2CC[C@@H](C(=O)N[C@@H](CCC(N)=O)C(=O)N[C@H](C(=O)NCCCCCCCC#CC3=CC=CC4=C3CN(C3CCC(=O)NC3=O)C4=O)C3=CC=CC=C3)N2C(=O)[C@@H](NC(=O)C2=CC3=CC(C(F)(F)P(=O)(O)O)=CC=C3S2)C1,P40763,STAT3,CRBN,Q96SW2,1500.0,52.0,1,0,False,STAT3 HiBiT KI HeLa
PNGGBFYMSHRGQD,CC(=O)N1CCC2=C(C1)C(N1CCCC3=CC(C)=C(C(F)F)C=C31)=NN2C1CCN(C(=O)CN2CC3=CC4=C(C=C3C2)C(=O)N(C2CCC(=O)NC2=O)C4=O)CC1,Q92793,CBP,CRBN,Q96SW2,32.3,92.5,2,1,False,
PNWGYQMPMUBHKY,CCC1=CC=CC2=CC(O)=CC(C3=NC=C4C(N5CC6CCC(C5)N6)=NC(OC[C@@]56CCCN5[C@H](COC(=O)N5CCN(C7=CC=C8C(=O)N(C9CCC(=O)N(C)C9=O)CC8=C7)CC5)CC6)=NC4=C3F)=C12,P01116,KRAS,CRBN,Q96SW2,175.0,25.0,2,0,False,AsPC-1
POXZOWOTXHTNSH,CCC1=CC=CC2=CC(O)=CC(C3=NC=C4C(N5CC6CCC(C5)N6)=NC(OCCN5CCN([C@H]6CC[C@H](NC7=CC=C8C(=O)N(C9CCC(=O)NC9=O)C(=O)C8=C7)CC6)CC5)=NC4=C3F)=C12,P01116,KRAS,CRBN,Q96SW2,1000.0,50.0,1,0,False,AsPC-1
POZBIGMNEGXRFC,CN(CCOCCC(=O)NC1=CC=C2C(=O)N(C3CCC(=O)NC3=O)C(=O)C2=C1)CC[C@@H](C1=CC=CC=C1)N1C=C(NC(=O)C2=N[NH]C3=C2CCC(C)(C)C3)C=N1,Q08881,ITK,CRBN,Q96SW2,15.6,97.0,1,1,False,Jurkat
PPPZVVWSEZFVBZ,O=C1CCC(N2CC3=NC(N4CCN(C5CC6(CCN(C7=CC=C([C@@H]8C9=CC=C(O)C=C9CC[C@@H]8C8=CC=CC=C8)C=C7)CC6)C5)CC4)=CC=C3C2=O)C(=O)N1,P03372,ERalpha,CRBN,Q96SW2,5.0,50.0,1,0,False,MCF7
PPUSAEJBRXVVKZ,CCC1=CC=CC2=CC(O)=CC(C3=NC=C4C(N5CC6CCC(C5)N6)=NC(OCCN5CCN(CC6CCN(C7=CC=C(F)C(C(=O)NC8CCC(=O)NC8=O)=C7)CC6)CC5)=NC4=C3F)=C12,P01116,KRAS,CRBN,Q96SW2,1000.0,25.0,1,0,False,AsPC-1
PQNOZPBSZAWSGX,O=C1CCC(N2C(=O)C3=CC4=C(C=C3C2=O)CN(CCCCCCC2CCN(C3=CC=C([C@@H]5C6=CC=C(O)C=C6CC[C@@H]5C5=CC=CC=C5)C=C3)CC2)C4)C(=O)N1,P03372,ERalpha,CRBN,Q96SW2,129.0,101.0,1,0,False,
PQPIFXHHCXJFJE,CN1CC[C@H]2CC[C@@H](C(=O)N[C@@H](CCC(N)=O)C(=O)N[C@H](C(=O)N3CCN(CCC#CC4=CC=CC5=C4CN(C4CCC(=O)NC4=O)C5=O)CC3)C3=CC=CC=C3)N2C(=O)[C@@H](NC(=O)C2=CC3=CC(C(F)(F)P(=O)(O)O)=CC=C3S2)C1,P40763,STAT3,CRBN,Q96SW2,2500.0,62.0,1,0,False,STAT3 HiBiT KI HeLa
PQQGCNZLBIIDDI,O=C1CCC(N2CC3=CC(N4CCN(C[C@H]5CC[C@H](OC6=CC=C([C@@H]7C8=CC=C(O)C=C8CC[C@@H]7C7=CC=C(F)C=C7)C=C6)CC5)CC4)=CC=C3C2=O)C(=O)N1,P03372,ERalpha,CRBN,Q96SW2,5.0,50.0,1,0,False,MCF7
PQRCPBJSMMSCBI,CCC1=C(F)C=CC2=CC(O)=CC(C3=NC=C4C(N5CC6CCC(C5)N6)=NC(OCCN5CCC(F)(CC6CCN(CC7CCN(C8=CC=C9C(=C8)N(C)C(=O)N9C8CCC(=O)NC8=O)CC7)CC6)CC5)=NC4=C3F)=C12,P01116,KRAS,CRBN,Q96SW2,100.0,70.0,1,0,False,AsPC-1
PRYXVIJFTJCBPJ,CN(C[C@H]1CC[C@H](N2C=C3C=C(NC(=O)C4=CC=CC(C(F)(F)F)=N4)C(C(C)(C)O)=CC3=N2)CC1)[C@H]1CCC2(CC1)C[C@H](NC1=CC=CC3=C1C(=O)N(C1CCC(=O)NC1=O)C3=O)C2,Q9NWZ3,IRAK4,CRBN,Q96SW2,13.0,86.0,1,1,False,OCI-Ly10
PTCYFAOYSKJZCC,CC1=C(C2=CC=C([C@H](C)NC(=O)[C@@H]3C[C@@H](O)CN3C(=O)[C@@H](NC(=O)CCN3CCN(CCCN4C=C(C5=CC(C6=CC=CC=C6O)=NN=C5N)C=N4)CC3)C(C)(C)C)C=C2)SC=N1,P51531,SMARCA2,VHL,P40337,633.5,69.0,2,0,False,
PTNMOZYTHYDOJF,CN1CC[C@H]2CC[C@@H](C(=O)N[C@@H](CCC(N)=O)C(=O)N[C@@H](CC3=CC=C(F)C(F)=C3)C(=O)N3CCC(CCC#CC4=CC=CC5=C4CN(C4CCC(=O)NC4=O)C5=O)CC3)N2C(=O)[C@@H](NC(=O)C2=CC3=CC(C(F)(F)P(=O)(O)O)=CC=C3S2)C1,P40763,STAT3,CRBN,Q96SW2,220.0,90.0,1,0,False,STAT3 HiBiT KI HeLa
PUTPSSPEPURXTK,N#CC1=CC=C(N2CCC3(CCN(C4=CC=C(C(=O)N5CCC(CCN6CCC7=CC8=C(C=C7CC6)C(=O)N(C6CCC(=O)NC6=O)C8=O)CC5)C=C4)CC3)C2)C=C1Cl,P10275,AR,CRBN,Q96SW2,3000.0,76.0,1,0,False,VCaP
PUVDCJWCLMFLHZ,C#CC1=C(F)C=CC2=CC(O)=CC(C3=NC=C4C(N5CC6CCC(C5)N6)=NC(OCCN5CCC(CN6CCC(CC7CCN(C8=CC=C9C(=C8)N(C(C)C)C(=O)N9C8CCC(=O)NC8=O)CC7)CC6)CC5)=NC4=C3F)=C12,P01116,KRAS,CRBN,Q96SW2,100.0,70.0,1,0,False,AsPC-1
PWBNVQLKNYZDJQ,CCN1C=C(C2=CC(OC)=C(CN3CCC4(CCC(CN5CC6=CC7=C(C=C6C5)C(=O)N(C5CCC(=O)NC5=O)C7=O)CC4)CC3)C(OC)=C2)C2=CC=NC=C2C1=O,Q9H8M2,BRD9,CRBN,Q96SW2,200.0,65.0,1,0,False,HEK 293
PWNYKQCRIFCRCD,N#CC1=CC=C(N2CCC(C3=CC=C(N4CCC(CN5CCN(C6=CC=C7C(=O)N(C8CCC(=O)NC8=O)CC7=C6)CC5)CC4)C=C3)CC2)C(Cl)=C1C(F)(F)F,P10275,AR,CRBN,Q96SW2,96.0,79.5,2,0,False,LnCAP
PWVHWGSXBYTNNZ,CC1=CC=C2N=C(C3=CC=C(NCCOCCOCCOCCNC(=O)COC4=CC=CC5=C4C(=O)N(C4CCC(=O)NC4=O)C5=O)C=C3)SC2=C1,P10636,Tau,CRBN,Q96SW2,2830.0,69.5,2,0,False,HEK293T
PXSDAZJQYGWALJ,O=C1CCC(N2CC3=CC(N4CCN(CCC5CCN(C6=NC=C([C@@H]7C8=CC=C(O)C=C8CC[C@@H]7C7=CC=CC=C7)C=N6)CC5)CC4)=CC=C3C2=O)C(=O)N1,P03372,ERalpha,CRBN,Q96SW2,5.0,75.0,1,0,False,MCF7
PYPDOMGHATYECY,O=C1CC[C@H](N2CC3=C(C=CC4=C3OCC43CCN(C(=O)CN4CCCC5(CCN(C6=CC=C([C@@H]7C8=CC=C(O)C=C8CC[C@@H]7C7=CC=CC=C7)C=C6)CC5)C4)CC3)C2=O)C(=O)N1,P03372,ERalpha,CRBN,Q96SW2,0.2025,95.0,1,1,False,MCF-7
PZPKILODOQBDJL,NC(=O)C1=CC=CC2=CN(C3=CC=C([C@@H]4CCCN(C(=O)CCCCNC5=CC=C6C(=O)N(C7CCC(=O)NC7=O)C(=O)C6=C5)C4)C=C3)N=C12,P09874,PARP1,CRBN,Q96SW2,20000.0,29.8,1,0,False,HCT-116
QAYGTSODSZAYMT,COC1=CC(C2=CN(C)C(=O)C3=C2N(C)N=C3)=CC(OC)=C1C(=O)N1CCC2(CCC(CN3CC4=CC5=C(C=C4C3)C(=O)N(C3CCC(=O)NC3=O)C5=O)CC2)CC1,Q9H8M2,BRD9,CRBN,Q96SW2,334.0,95.0,1,0,False,HEK 293
QBPVFCNYKUENHU,CC1=C(NC(=O)C2=CC=C(C(C)(C)C)C=C2)C=CC=C1C1=CN(C)C(=O)C(NC2=CC=C(C(=O)N3CCN(CCCCCCNC(=O)CNC4=CC=CC5=C4C(=O)N(C4CCC(=O)NC4=O)C5=O)CC3)C=C2)=N1,Q06187,BTK,CRBN,Q96SW2,0.9,99.0,1,1,False,Mino
QBWVYUPDJXFTKP,CN1C(=O)N(C2CCC(=O)NC2=O)C2=CC=CC(CCCCC3CCN(C[C@H]4CC[C@H](N5C=C(NC(=O)C6=C7N=C(N8C[C@H]9C[C@@H]8CO9)C=CN7N=C6)C(C(F)F)=N5)CC4)CC3)=C21,Q9NWZ3,IRAK4,CRBN,Q96SW2,39.0,95.0,1,1,False,OCI-Ly10
QDDOWIHGTHXPAO,NC1=NC=NC2=C1C(C1=CC=C(OC3=CC=CC=C3)C=C1)=NN2C1CCN(C(=O)CCOCCOCCOCCOCCOCCNC2=CC=CC3=C2C(=O)N([C@@H]2CCC(=O)NC2=O)C3=O)CC1,Q06187,BTK,CRBN,Q96SW2,32.0,88.0,1,1,False,Ramos
QDSNNDLGROCHIL,CCC1=CC=CC2=CC(O)=CC(C3=NC=C4C(N5CC6CCC(C5)N6)=NC(OCCN5CCC(CC6CCN(CC7CCN(C8=CC=CC9=C8C(=O)N(C8CCC(=O)NC8=O)C9=O)CC7)CC6)CC5)=NC4=C3F)=C12,P01116,KRAS,CRBN,Q96SW2,250.0,25.0,1,0,False,AsPC-1
QDXCQBASXZMFNI,O=C1CC[C@H](N2CC3=C(C=CC4=C3OC[C@H]3CN(CC5CCC6(CCN(C7=CC=C([C@@H]8C9=CC=C(O)C=C9CC[C@@H]8C8=CC=CC=C8)C=C7)CC6)OC5)CCN43)C2=O)C(=O)N1,P03372,ERalpha,CRBN,Q96SW2,5.9,98.0,1,1,False,MCF-7
QEAZTXPVJXACME,O=C1CCC(N2C(=O)C3=CC=C(N4CCN(CCN5CCC(C6=CC=C([C@@H]7C8=CC=C(O)C=C8CC[C@@H]7C7=CC=CC=C7)C=C6)CC5)CC4)C=C3C2=O)C(=O)N1,P03372,ERalpha,CRBN,Q96SW2,5.0,50.0,1,0,False,MCF7
QEXIHSMROQCLDO,CC1(C)CCC2=C(C1)[NH]N=C2C(=O)NC1=CN([C@@H](CCN2CCN(CCC3CCN(C4=CC=C5C(=O)N(C6CCC(=O)NC6=O)C(=O)C5=C4)CC3)CC2)C2=CC=CC=C2)N=C1,Q08881,ITK,CRBN,Q96SW2,3.6,95.0,1,1,False,Jurkat
QFAGXASUTPYERB,O=C1CCC(N2CC3=CC(C4=CN(C5CN(CC6CCN(C7=CC=C([C@@H]8C9=CC=C(O)C=C9CC[C@@H]8C8=CC=CC=C8)C=C7)CC6)C5)N=C4)=CC=C3C2=O)C(=O)N1,P03372,ERalpha,CRBN,Q96SW2,5.0,75.0,1,0,False,MCF7
QFOZBKQYNRLZNB,O=C1CCC(N2C(=O)C3=CC=C(N4CC(N5CCC(NC(=O)C6=N[NH]C=C6NC(=O)C6=C(Cl)C=CC=C6Cl)CC5)C4)C=C3C2=O)C(=O)N1,P24941,CDK2,CRBN,Q96SW2,26.1,72.78,1,0,False,HL-60
QGJQNPNZAYRDMS,COC1=CC(N2CCN(CCCCCCC(=O)N[C@H](C(=O)N3C[C@H](O)C[C@H]3C(=O)N[C@@H](C)C3=CC=C(C4=C(C)N=CS4)C=C3)C(C)(C)C)CC2)=CC=C1NC1=NC=C2C(=N1)N(C)C1=CC=CC=C1C(=O)N2C,Q13164,ERK5,VHL,P40337,32.05,89.05000000000001,2,1,False,A375/H1975/HepG2
QIAXHNNLLUKQIW,C#CC1=C(F)C=CC2=CC(O)=CC(C3=NC=C4C(N5CC6CCC(C5)N6)=NC(OCCN5CCC(CN6CC7(CCN(C8=CC=CC9=C8CN(C8CCC(=O)NC8=O)C9=O)CC7)C6)CC5)=NC4=C3F)=C12,P01116,KRAS,CRBN,Q96SW2,1000.0,50.0,1,0,False,AsPC-1
QIPGOEGKZBZDSR,O=C1CCC(N2CC3=CC(N4CCN(CCCCCOC5=CC=CC([C@@H]6C7=CC=C(O)C=C7CC[C@@H]6C6=CC=C(F)C=C6)=C5)CC4)=CC=C3C2=O)C(=O)N1,P03372,ERalpha,CRBN,Q96SW2,5.0,50.0,1,0,False,MCF7
QJFDDWLFGZVIOI,C#CC1=C(F)C=CC2=CC(O)=CC(C3=NC=C4C(N5C[C@@H]6CC[C@H](C5)N6)=NC(OC[C@@H]5CCCN5CCCCOCC(=O)N[C@H](C(=O)N5C[C@H](O)C[C@H]5C(=O)N[C@@H](C)C5=CC=C(C6=C(C)N=CS6)C=C5)C(C)(C)C)=NC4=C3F)=C12,P01116,KRAS G12D,VHL,P40337,115.9,99.5,1,0,False,AsPC-1
QJRAPPXOGRYYJN,COC1=CC(N2CCN(C(=O)CNC(=O)CCCC(=O)NC3=CC=CC4=C3C(=O)N(C3CCC(=O)NC3=O)C4=O)CC2)=CC=C1NC1=NC(NC2=CC=CC=C2S(=O)(=O)C(C)C)=C2N=C[NH]C2=N1,P33981,TTK,CRBN,Q96SW2,41.0,50.6,2,0,False,MV4-11 HiBiT-TTK
QJUZMTXSMNIGLI,C#CC1=C(F)C=CC2=CC(O)=CC(C3=NC=C4C(N5CC6CCC(C5)N6)=NC(OCCN5CCC(CN6CCN(CC7CCN(C8=CC(C)=C9C(=O)N(C%10CCC(=O)NC%10=O)CC9=C8F)CC7)CC6)CC5)=NC4=C3F)=C12,P01116,KRAS,CRBN,Q96SW2,100.0,70.0,1,0,False,AsPC-1
QLJXYDKDYITFAR,C#CC1=C(F)C=CC2=CC(O)=CC(C3=NC=C4C(N5CC6CCC(C5)N6)=NC(OCC5(CN6CCC(CC7CCN(CC8CCN(C9=CC=C%10C(=C9)N(C)C(=O)N%10C9CCC(=O)NC9=O)CC8)CC7)CC6)CC5)=NC4=C3F)=C12,P01116,KRAS,CRBN,Q96SW2,100.0,70.0,1,0,False,AsPC-1
QLUWOJLIKKXRKQ,O=C(CN1CCN(C2=CC=C(NC3=NC=C4N=CC(=O)N(C5CCCC5)C4=N3)C=C2)CC1)NCCCCNC1=CC=CC2=C1C(=O)N(C1CCC(=O)NC1=O)C2=O,P11802,CDK4,CRBN,Q96SW2,1000.0,27.0,2,0,False,Jurkat
QMDXZTNQRYGNEC,CC1=NOC([C@H](C(=O)N2C[C@H](O)C[C@H]2C(=O)N[C@@H](C)C2=CC=C(Cl)C=C2OCCOCCOCCOCCNC(=O)C[C@@H]2N=C(C3=CC=C(Cl)C=C3)C3=C(SC(C)=C3C)N3C(C)=NN=C23)C(C)C)=C1,O60885,BRD4,VHL,P40337,210.0,89.0,1,0,False,A549
QNAUPOPGMKWGCH,CC1=C(C2=CC=C([C@H](C)NC(=O)[C@@H]3C[C@@H](O)CN3C(=O)[C@@H](NC(=O)CCCN3C=C(C4=CC(C5=CC=CC=C5O)=NN=C4N)C=N3)C(C)(C)C)C=C2)SC=N1,P51531,SMARCA2,VHL,P40337,297.5,86.0,2,0,False,
QOXMMJLQRKLFLI,C[C@H]1CN(C(=O)CNC2=CC=C3C(=O)N(C4CCC(=O)NC4=O)C(=O)C3=C2)CCN1C1=CC=C(NC2=CC(C3=CC=NC(N4CCN5C(=CC6=C5CC(C)(C)C6)C4=O)=C3CO)=CN(C)C2=O)N=C1,Q06187,BTK,CRBN,Q96SW2,0.9,97.3,1,1,False,Ramos/JeKo-1
QPRQPIWFTUXRNS,C#CC1=C(F)C=CC2=CC(O)=CC(C3=NC=C4C(N5CC6CCC(C5)N6)=NC(OCC5(CN6CCC(CC7CCN(C8=CC=C9C(=O)N(C%10CCC(=O)NC%10=O)CC9=C8F)CC7)CC6)CC5)=NC4=C3F)=C12,P01116,KRAS,CRBN,Q96SW2,100.0,70.0,1,0,False,AsPC-1
QQFSCJZOMFNPPP,CC(=O)N1CCC2=C(C1)C(N1CCCC3=CC(C4=CN(C)N=C4)=C(C(F)F)C=C31)=NN2C1CCN(C(=O)CNC2=CC=C3C(=O)N(C4CCC(=O)NC4=O)C(=O)C3=C2)CC1,Q92793,CBP,CRBN,Q96SW2,1.35,95.0,2,1,False,VCaP
QQPXYSFVJPHTQL,CCC1=CC=CC2=CC(O)=CC(C3=NC=C4C(N5CC6CCC(C5)N6)=NC(OCCN5CCC(CC6CCN(C7=CC=CC8=C7C(=O)N(C7CCC(=O)NC7=O)C8=O)CC6)CC5)=NC4=C3F)=C12,P01116,KRAS,CRBN,Q96SW2,1000.0,25.0,1,0,False,AsPC-1
QQVCUSPUMMUFTD,CC1=C(C2=CC=C([C@H](C)NC(=O)[C@@H]3C[C@@H](O)CN3C(=O)[C@@H](C3=CC(N4CCC(CN5CCC(O[C@H]6C[C@H](OC7=CC(N8C9CCC8CN(C8=CC(C%10=CC=CC=C%10O)=NN=C8N)C9)=CC=N7)C6)CC5)CC4)=NO3)C(C)C)C=C2)SC=N1,P51531,SMARCA2,VHL,P40337,0.5695,94.0,2,1,False,SW1573
QRDAFZSXMRLYMW,O=C1CCC(N2CC3=CC(N4CCN(CCCCCSC5=CC=C([C@@H]6C7=CC=C(O)C=C7CC[C@@H]6C6=CC=CC=C6)C=C5)CC4)=CC=C3C2=O)C(=O)N1,P03372,ERalpha,CRBN,Q96SW2,5.0,75.0,1,0,False,MCF7
QRFXQQHVWUEKNV,O=C1CCC(N2CC3=CC(N4CCN(CC(O)CCCOC5=CC=C([C@@H]6C7=CC=C(O)C=C7CC[C@@H]6C6=CC=CC=C6)C=C5)CC4)=CC=C3C2=O)C(=O)N1,P03372,ERalpha,CRBN,Q96SW2,5.0,75.0,1,0,False,MCF7
QSCOJWKWSHBBPQ,NC1=NC=NC2=C1C(C1=CC=C(OC3=CC=CC=C3)C=C1)=NN2C1CCN(CC2=CC=C(C#CC3CCN(C4=CC=CC5=C4C(=O)N(C4CCC(=O)NC4=O)C5=O)CC3)N=C2)CC1,Q06187,BTK,CRBN,Q96SW2,46.1,95.01,1,1,False,Ramos
QSDRZGJBNUYGJE,O=C1CCC(N2C(=O)C3=CC=CC(N4CCC(N5CCN(C(=O)CCCCOC6=CC=C(CCNC(=O)C7=CC=CC(C(=O)NO)=C7)C=C6)CC5)CC4)=C3C2=O)C(=O)N1,Q9BY41,HDAC8,CRBN,Q96SW2,876.0,91.0,1,0,False,HCT-116
QSIFVPKHIDVWQB,CC1=C(C2=CC=C([C@H](C)NC(=O)[C@@H]3C[C@@H](O)CN3C(=O)[C@@H](NC(=O)C3=CSC(N4CCN(C5=CC(C6=CC=CC=C6O)=NN=C5N)CC4)=N3)C(C)(C)C)C=C2)SC=N1,P51531,SMARCA2,VHL,P40337,112.0,96.0,1,0,False,A375
QSLOGDDNCAUEOM,O=C1CCC(N2C(=O)C3=CC4=C(C=C3C2=O)CN(CC(=O)N2CCC3(CC2)CCN(C2=CC=C([C@@H]5C6=CC=C(O)C=C6CC[C@@H]5C5=CC=CC=C5)C=C2)CC3)C4)C(=O)N1,P03372,ERalpha,CRBN,Q96SW2,5.5,90.0,1,1,False,
QTIIUYBOSNVWGS,CC1=C(C2=CC=C(CNC(=O)[C@@H]3C[C@@H](O)CN3C(=O)[C@@H](NC(=O)CCCC(=O)N3CCN(C4=CC=C(NC5=NC(NC6CCCCC6)=C6N=C[NH]C6=N5)C=C4)CC3)C(C)(C)C)C=C2)SC=N1,P33981,TTK,VHL,P40337,1963.0,33.8,3,0,False,MV4-11 HiBiT-TTK
QTODIHOPRSJNDC,O=C1CCC(N2CC3=CC(NCCCCN4CCN(CCOC5=CC=C([C@@H]6C7=CC=C(O)C=C7CC[C@@H]6C6=CC=CC=C6)C=C5)CC4)=CC=C3C2=O)C(=O)N1,P03372,ERalpha,CRBN,Q96SW2,5.0,50.0,1,0,False,MCF7
QTVYMWKPPLSHPY,CC1=C(C2=CC=C(CNC(=O)[C@@H]3C[C@@H](O)CN3C(=O)[C@@H](NC(=O)COCCOCCOC3=CC(F)=C([C@@H]4C5=C(C[C@@H](C)N4CC(C)(C)F)C4=CC=CC=C4[NH]5)C(F)=C3)C(C)(C)C)C=C2)SC=N1,P03372,ERalpha,VHL,P40337,0.8,94.0,1,1,False,muHeps
QVKJJUGUFZBXRO,CCCNNC(=O)C1=CC=C(NC(=O)CCCCCCCCC(=O)N[C@H](C(=O)N2C[C@H](O)C[C@H]2C(=O)N[C@@H](C)C2=CC=C(C3=C(C)N=CS3)C=C2)C(C)(C)C)C=C1,O15379,HDAC3,VHL,P40337,37.8,92.0,2,1,False,THP-1
QVMGVUJASAUIKH,COC1=CC=C([C@@H]2CCC3=CC(O)=CC=C3[C@@H]2C2=CC=C(N3CCC(CN4CCN(C5=CC=C6C(=O)N(C7CCC(=O)NC7=O)CC6=C5)CC4)CC3)C=C2)C=C1,P03372,ERalpha,CRBN,Q96SW2,27.5,50.0,2,0,False,MCF7
QWGRMVRMZJRYBH,N#CC1=CC=C(N2CCC3(CCN(C4=CC=C(C(=O)N5CCC(CCN6CC7=CC8=C(C=C7C6)C(=O)N(C6CCC(=O)NC6=O)C8=O)CC5)C=C4)CC3)C2)C=C1Cl,P10275,AR,CRBN,Q96SW2,92.0,78.0,1,0,False,VCaP
QWNMCBPHDWHBTF,CC1=CC(C2=C[NH]C3=NC=C(C4=CC=C(N5CCN(C6CCN(C7=CC=C8C(=O)N(C9CCC(=O)NC9=O)C(=O)C8=C7)CC6)CC5)C=C4)N=C23)=CC=C1C(=O)N(C)C,Q92918,MAP4K1,CRBN,Q96SW2,99.2,56.1,1,0,False,Jurkat
QWPXFOCCASOKEI,CN1CC[C@H]2CC[C@@H](C(=O)N[C@@H](CCC(N)=O)C(=O)N[C@H](C(=O)N3CCC(CCC#CC4=CC=CC5=C4CN(C4CCC(=O)NC4=O)C5=O)CC3)C3CCCCC3)N2C(=O)[C@@H](NC(=O)C2=CC3=CC(C(F)(F)P(=O)(O)O)=CC=C3S2)C1,P40763,STAT3,CRBN,Q96SW2,260.0,91.0,1,0,False,STAT3 HiBiT KI HeLa
QYKZIZGHSUMTGL,CNC(=O)C1=CC=CC(NC2=CC(NC3=CC=C(C(=O)NCCCCCCCCCC(=O)N[C@H](C(=O)N4C[C@H](O)C[C@H]4C(=O)NCC4=CC=C(C5=C(C)N=CS5)C=C4)C(C)(C)C)C=N3)=NC=C2C(N)=O)=C1OC,P29597,TYK2,VHL,P40337,559.0,67.0,2,0,False,Jurkat
QYPLIYFTVMBVHQ,O=C1CCC(N2C(=O)C3=CC=C(N4C[C@H]5C[C@@H]4CN5CC4CCN(CCOC5=CC=C([C@@H]6C7=CC=C(O)C=C7CC[C@@H]6C6=CC=CC=C6)C=C5)CC4)C=C3C2=O)C(=O)N1,P03372,ERalpha,CRBN,Q96SW2,5.0,50.0,1,0,False,MCF7
RAOXBNPYHDCZKU,CC1=CC(C2=C[NH]C3=NC=C(C4=CC=C(C5CCN(C(=O)CCOC6=CC=CC7=C6C(=O)N(C6CCC(=O)NC6=O)C7=O)CC5)C=C4)N=C23)=CC=C1C(=O)N(C)C,Q92918,MAP4K1,CRBN,Q96SW2,10000.0,6.7,1,0,False,Jurkat
RAPZFEJMNCDSTP,CCC1=NC(C(N)=O)=C(NC2=CC=C(N3CCC(N4CCN(C(=O)COC5=CC=CC6=C5C(=O)N(C5CCC(=O)NC5=O)C6=O)CC4)CC3)C(OC)=C2)N=C1NC1CCOCC1,P36888,FLT3,CRBN,Q96SW2,1.26,86.8,1,1,False,MV4-11
RASJDLFEGKXLIV,C[C@@H]1CC2=C(C=CC3=C2C=N[NH]3)[C@@H](C2=C(F)C=C(N3CCC4(CCN(C(=O)CN5CC6=CC7=C(C=C6C5)C(=O)N(C5CCC(=O)NC5=O)C7=O)CC4)CC3)C=C2F)N1CC(F)F,P03372,ERalpha,CRBN,Q96SW2,0.5,91.0,1,1,False,
RBYZOEAWGXVHMR,CC1=C(C2=CC=C([C@H](C)NC(=O)[C@@H]3C[C@@H](O)CN3C(=O)[C@H](C(C)C)N3C=C([C@H]4CC[C@H](CN5CCC(C6=CC=C7C(=C6)N6C(=NC(=O)C8=C(Cl)C=CC=C86)C7(C)C)CC5)CC4)N=N3)C=C2)SC=N1,P51531,SMARCA2,VHL,P40337,6.14,87.5,2,1,False,HT1080 HiBiT
RDAPZEZHBZNLOS,O=C1CCN(C2=CC(C(=O)N3CCC(CC4CCN(C5=CC=C(C6=CN=C7[NH]C=C(C8=CN(CCF)N=C8)C7=N6)C=N5)CC4)CC3)=CC=C2Cl)C(=O)N1,Q92918,MAP4K1,CRBN,Q96SW2,5.3,78.0,1,0,False,Jurkat
RDNNHBLTMLFALM,O=C1CCC(N2CC3=NC(N4CCN(CCC5CCN(C6=CC=C([C@@H]7C8=CC=C(O)C=C8CC[C@@H]7C7=CC=CC=C7)C=C6)C5)CC4)=CC=C3C2=O)C(=O)N1,P03372,ERalpha,CRBN,Q96SW2,5.0,50.0,1,0,False,MCF7
REJKZXHAWJVIKO,CC1=CC(C2=C[NH]C3=NC=C(C4=CC=C(N5CCN(C6CN(C7=CC=C8C(=O)N(C9CCC(=O)NC9=O)C(=O)C8=C7)C6)CC5)C=C4)N=C23)=CC=C1C(=O)N(C)C,Q92918,MAP4K1,CRBN,Q96SW2,28.2,68.3,1,0,False,Jurkat
REWQNZSDAWZOAS,CC1=C(C2=CC=C([C@H](C)NC(=O)[C@@H]3C[C@@H](O)CN3C(=O)[C@@H](C3=CC(OC4CCC(N5CCC(C6=CC=C7C(=C6)C(C)(C)C6=NC(=O)C8=C(Cl)C=CC=C8N76)CC5)CC4)=NO3)C(C)C)C=C2)SC=N1,P51531,SMARCA2,VHL,P40337,0.6799999999999999,98.0,2,1,False,HT1080 HiBiT
REYNDCVRJYVBPR,C#CC1=C(F)C=CC2=CC(O)=CC(C3=NC=C4C(N5CC6CCC(C5)N6)=NC(OCCN5CCC6(CC5)CN(CC5CCN(C7=CC(C)=C8C(=O)N(C9CCC(=O)NC9=O)CC8=C7F)CC5)C6)=NC4=C3F)=C12,P01116,KRAS,CRBN,Q96SW2,100.0,50.0,1,0,False,AsPC-1
RFPSRLABGOTEDB,O=C1CCC(N2CC3=CC(N4CCN(CC5(F)CCN(C6=CC=C([C@@H]7C8=CC=C(O)C=C8CC[C@@H]7C7=CC=CC=C7)C=C6)CC5)CC4)=CC=C3C2=O)C(=O)N1,P03372,ERalpha,CRBN,Q96SW2,5.0,50.0,1,0,False,MCF7
RFWQGGOBVSJKDT,O=C1CCC(N2C(=O)C3=CC=CC(OCCCCCCCCN4C=C(CCCCCCN5CCC(NC(=O)C6=C(NC(=O)C7=C(Cl)C=CC=C7Cl)C=N[NH]6)CC5)N=N4)=C3C2=O)C(=O)N1,P50750,CDK9,CRBN,Q96SW2,70.0,86.2,1,1,False,MOLM-13
RGDGMHSGXOTRFZ,CC1=C(C)C2=C(S1)N1C(C)=NN=C1[C@H](CC(=O)NCCCCCCCCC(=O)N[C@H]1CCC(=O)NC1=O)N=C2C1=CC=C(Cl)C=C1,O60885,BRD4,CRBN,Q96SW2,2500.0,38.0,1,0,False,HEK293T
RGKRNSKHJAIUAE,CN1C(=O)N(C2CCC(=O)NC2=O)C2=CC=CC(CCCOCCCOCCOCCN3C=C(NC(=O)C4=C5N=C(N6C[C@H](N)CC(F)(F)C6)C=CN5N=C4)C(C(F)F)=N3)=C21,Q9NWZ3,IRAK4,CRBN,Q96SW2,72.0,95.0,1,1,False,OCI-Ly10
RGLGQQQLWMBODI,CC(O)(CCOC1=CC=C([C@@H]2C3=CC=C(O)C=C3CC[C@@H]2C2=CC=CC=C2)C=C1)CCN1CCN(C2=CC=C3C(=O)N(C4CCC(=O)NC4=O)CC3=C2)CC1,P03372,ERalpha,CRBN,Q96SW2,5.0,50.0,1,0,False,MCF7
RGTZCSFQBVIJHW,CC1=C(C)C2=C(S1)N1C(C)=NN=C1[C@H](CC(=O)NC1CCN(C(=O)COC3=CC=CC(N4CCC(=O)NC4=O)=C3C)CC1)N=C2C1=CC=C(Cl)C=C1,O60885,BRD4,CRBN,Q96SW2,0.022,97.0,1,1,False,MV4; 11
RHDMRLFWOOTRKS,O=C1CC[C@H](N2CC3=C(C=CC4=C3OC[C@H]3CN(CC5CCC6(CC5)CCN(C5=CC=C([C@@H]7C8=CC=C(O)C=C8CC[C@@H]7C7=CC=CC=C7)C=C5)CC6)CCN43)C2=O)C(=O)N1,P03372,ERalpha,CRBN,Q96SW2,4.7,99.0,1,1,False,MCF-7
RHXBARXCYBZWQY,O=C1CCN(C2=CC(C(=O)N3CCC(CC4CCN(C5=CC=C(C6=CN=C7[NH]C=C(C8=CN(CCO)N=C8)C7=N6)C=N5)CC4)CC3)=CC=C2Cl)C(=O)N1,Q92918,MAP4K1,CRBN,Q96SW2,29.0,84.0,1,1,False,Jurkat
RIBCWKRMNKOGRN,CCC(C)(C)C(=O)C(=O)N1CCCC[C@H]1C(=O)O[C@H](CCC1=CC=C(OC)C(OC)=C1)C1=CC=CC(NC(=O)CCC(=O)NCCCCNC(=O)COC2=CC=CC3=C2C(=O)N(C2CCC(=O)NC2=O)C3=O)=C1,P62942,FKBP12,CRBN,Q96SW2,32.0,99.0,1,1,False,HEK293T
RJTSFAFABFEXTC,C#CC1=C(F)C=CC2=CC(O)=CC(C3=NC=C4C(N5CC6CCC(C5)N6)=NC(OC[C@@H]5C[C@@H](OC6CCN(CC7CCN(C8=CC(C)=C9C(=O)N(C%10CCC(=O)NC%10=O)CC9=C8F)CC7)CC6)CN5C)=NC4=C3F)=C12,P01116,KRAS,CRBN,Q96SW2,100.0,70.0,1,0,False,AsPC-1
RJZWPRMLXQCXJO,CCS(=O)(=O)N1C=C(C2=NC(NC3=CC=C(N4CCN(CCCCCCCCCCC(=O)NC5=CC=CC6=C5CN(C5CCC(=O)NC5=O)C6=O)CC4)C=C3)=NC=C2C(F)(F)F)C2=CC=CC=C21,P00533,EGFR L858R/T790M/C797S,CRBN,Q96SW2,281.4,77.3,1,0,False,H1975-TM
RMDRYDCBCVLBLF,C#CC1=C(F)C=CC2=CC(O)=CC(C3=NC=C4C(N5CC6CCC(C5)N6)=NC(OCCN5CCC6(CC5)CN(CC5CCN(C7=CC=C8C(=O)N(C9CCC(=O)NC9=O)CC8=C7F)CC5)C6)=NC4=C3F)=C12,P01116,KRAS,CRBN,Q96SW2,100.0,50.0,1,0,False,AsPC-1
RMEBYOQHBJEARV,CN1CCN([C@@H]2CCCN(C3=CN=C(C(N)=O)C(NC4=CC=C(N5CCC6(CCN(C7=CC=C8C(=O)N([C@H]9CCC(=O)NC9=O)C(=O)C8=C7)CC6)CC5)N=C4)=N3)C2)C1=O,Q06187,BTK,CRBN,Q96SW2,4.3,94.0,1,1,False,TMD8
RMMAOICBFXEKSR,O=C1CCC(N2C(=O)C3=CC=CC(NC(=O)CCCCCCC(=O)N4CCN(C5=CC=C(NC6=NC=C7N=CC(=O)N(C8CCCC8)C7=N6)C=C5)CC4)=C3C2=O)C(=O)N1,P11802,CDK4,CRBN,Q96SW2,238.7,76.0,2,0,False,Jurkat
RMVFNVOJYTXBGY,CCC(C)(C)C(=O)C(=O)N1CCCC[C@H]1C(=O)O[C@H](CCC1=CC=C(OC)C(OC)=C1)C1=CC=CC(NC(=O)CCC(=O)NCCCCCCC(=O)N2CCC[C@H]2C(=O)N[C@H]2CC(=O)NC2=O)=C1,P62942,FKBP12,CRBN,Q96SW2,94.0,98.0,1,1,False,HEK293T
RMWRKGGZMDZIQO,C[C@H]1CC2(CCN(C3=CC=C(C(=O)N4CCC(N5CC6=CC7=C(C=C6C5)C(=O)N(C5CCC(=O)NC5=O)C7=O)CC4)C=C3)CC2)CN1C1=CC=C(C#N)C(Cl)=C1,P10275,AR,CRBN,Q96SW2,0.4,91.0,1,1,False,VCaP/LNCaP
RMZBDXZBUMCJJL,C[C@H]1CN(CCCCCCOCCOCC(=O)NC2=CC=CC3=C2C(=O)N(C2CCC(=O)NC2=O)C3=O)CCN1C1=CC=C(NC2=CC(C3=CC=NC(N4CCN5C(=CC6=C5CC(C)(C)C6)C4=O)=C3CO)=CN(C)C2=O)N=C1,Q06187,BTK,CRBN,Q96SW2,7.0,95.6,1,1,False,Ramos/JeKo-1
RNLVTYXNXURXNA,COC1=CC(C2=CN(C)C(=O)C3=CN=C(C(C)C)C=C23)=CC(OC)=C1C(=O)N1CCC2(CCC(CN3CC4=CC5=C(C=C4C3)C(=O)N(C3CCC(=O)NC3=O)C5=O)CC2)CC1,Q9H8M2,BRD9,CRBN,Q96SW2,219.0,85.0,1,0,False,HEK 293
RPCZNZTUMZLFLM,O=C1CC[C@H](N2CC3=C(C=CC4=C3OC[C@H]3CN(CC(=O)N5CC6(C5)CN(C5=CC=C([C@@H]7C8=CC=C(O)C=C8CC[C@@H]7C7=CC=CC=C7)C=C5)C6)CCN43)C2=O)C(=O)N1,P03372,ERalpha,CRBN,Q96SW2,0.06,100.0,1,1,False,MCF-7
RRIPMGHYQJHRJM,CC(=O)N1CCC2=C(C1)C(N1CCCC3=CC(C4=CC=C(F)C=C4)=C(C(F)F)C=C31)=NN2C1CCN(C(=O)CN2CC3=CC4=C(C=C3C2)C(=O)N(C2CCC(=O)NC2=O)C4=O)CC1,Q92793,CBP,CRBN,Q96SW2,38.5,87.0,2,1,False,
RRKHTBLDFNFWBG,CN1CCN([C@@H]2CCCN(C3=CN=C(C(N)=O)C(NC4=CC=C(C5CCN(CC6CCN(C7=CC=C8C(=O)N([C@@H]9CCC(=O)NC9=O)C(=O)C8=C7)CC6)CC5)C=C4)=N3)C2)C1=O,Q06187,BTK,CRBN,Q96SW2,0.75,94.0,1,1,False,Ramos
RSIUYCUBMQDZLI,CN(CCOCCOCCOCC(=O)NC1=CC=C2C(=O)N(C3CCC(=O)NC3=O)C(=O)C2=C1)CC[C@@H](C1=CC=CC=C1)N1C=C(NC(=O)C2=N[NH]C3=C2CCC(C)(C)C3)C=N1,Q08881,ITK,CRBN,Q96SW2,94.1,93.0,1,1,False,Jurkat
RSRHCKOLDVWOMV,C#CC1=C(F)C=CC2=CC(O)=CC(C3=NC=C4C(N5CC6CCC(C5)N6)=NC(OCCN5CCC(CC6CCN(CC7CCN(C8=CC(C)=C9C(=O)N(C%10CCC(=O)NC%10=O)CC9=C8F)CC7)CC6)CC5)=NC4=C3F)=C12,P01116,KRAS,CRBN,Q96SW2,100.0,70.0,1,0,False,AsPC-1
RTXWNLFXLDMWMW,CCC1=CC=CC2CC(O)=CC(C3=NC=C4C(N5CC6CCC(C5)N6)=NC(OC[C@]56CCCN5[C@@H](COC(=O)N5CCN(C7=CC=CC8=C7CN(C7CCC(=O)NC7=O)C8=O)CC5)CC6)=NC4=C3F)=C12,P01116,KRAS,CRBN,Q96SW2,250.0,25.0,1,0,False,AsPC-1
RTYVSUBNYZYOJZ,COC1=CC2=NC(C)=NC(N[C@H](C)C3=CC(N)=CC(C(F)F)=C3)=C2C=C1OCC1(CN(C)C(=O)CCCCCCNC2=CC=CC3=C2C(=O)N(C2CCC(=O)NC2=O)C3=O)CC1,Q07889,SOS1,CRBN,Q96SW2,45.0,73.0,1,0,False,H358
RUICZTHQOJHZJD,O=C1CCC(N2CC3=CC(N4CCC(NCC5CCN(C6=CC=C([C@@H]7C8=CC=C(O)C=C8CC[C@@H]7C7=CC=CC=C7)C=C6)CC5)CC4)=CC=C3C2=O)C(=O)N1,P03372,ERalpha,CRBN,Q96SW2,5.0,75.0,1,0,False,MCF7
RVGZNDYILKOBGV,CC1=C(C2=CC=C([C@H](C)NC(=O)[C@@H]3C[C@@H](O)CN3C(=O)[C@@H](NC(=O)CCCCCCN3C=C(C4=CC(C5=CC=CC=C5O)=NN=C4N)C=N3)C(C)(C)C)C=C2)SC=N1,P51531,SMARCA2,VHL,P40337,114.0,85.0,2,0,False,
RVOJNJLWNBVPOR,CCC1=NC(C(N)=O)=C(NC2=CC=C(N3CCC(N4CCN(C(=O)COC5=CC=CC6=C5CN(C5CCC(=O)NC5=O)C6=O)CC4)CC3)C(OC)=C2)N=C1NC1CCOCC1,P36888,FLT3,CRBN,Q96SW2,0.64,94.8,1,1,False,MV4-11
RVPIPKQWWAAQIK,O=C1CCC(N2CC3=CC(NCCCN4CCN(CCOC5=CC=C([C@@H]6C7=CC=C(O)C=C7CC[C@@H]6C6=CC=CC=C6)C=C5)CC4)=CC=C3C2=O)C(=O)N1,P03372,ERalpha,CRBN,Q96SW2,50.0,50.0,1,0,False,MCF7
RVWBTXSGZFJYEH,O=C1CCC(N2C(=O)C3=CC=CC(OCCCCCN4C=C(CCCCCN5CCC(NC(=O)C6=C(NC(=O)C7=C(Cl)C=CC=C7Cl)C=N[NH]6)CC5)N=N4)=C3C2=O)C(=O)N1,P50750,CDK9,CRBN,Q96SW2,950.0,68.5,1,0,False,MOLM-13
RVYUHHWSAXOCDU,CN1CCN([C@@H]2CCCN(C3=CN=C(C(N)=O)C(NC4=CC=C(C5CCN(CC6CN(C7=CC=C8C(=O)N([C@@H]9CCC(=O)NC9=O)C(=O)C8=C7)C6)CC5)C=C4)=N3)C2)C1=O,Q06187,BTK,CRBN,Q96SW2,0.8,97.0,1,1,False,TMD8
RWHALQYVRUPHFK,CCC1=C(F)C=CC2=CC(O)=CC(C3=NC=C4C(N5CC6CCC(C5)N6)=NC(OCCN5CCC(C)(CN6CCN(CC7CCN(C8=CC=C9C(=C8)N(C)C(=O)N9C8CCC(=O)NC8=O)CC7)CC6)CC5)=NC4=C3F)=C12,P01116,KRAS,CRBN,Q96SW2,100.0,70.0,1,0,False,AsPC-1
RWZUENRHOXLKRD,O=C1CCC(N2C(=O)C3=CC=CC(OCCCCN4C=C(CCCCN5CCC(NC(=O)C6=C(NC(=O)C7=C(Cl)C=CC=C7Cl)C=N[NH]6)CC5)N=N4)=C3C2=O)C(=O)N1,P50750,CDK9,CRBN,Q96SW2,70.0,79.1,1,0,False,MOLM-13
RXBULKVYMPTZLG,CC1=C(C)C2=C(S1)N1C(C)=NN=C1[C@H](CC(=O)NCCCCCCCCC(=O)NCC(=O)N[C@H]1CC(=O)NC1=O)N=C2C1=CC=C(Cl)C=C1,O60885,BRD4,CRBN,Q96SW2,82.0,98.0,1,1,False,HEK293T
RXPVERGCEPLCLB,CC1=NC=C(C2=CC=C3N=C(NC(=O)COCCOCCOCCOCC(=O)N[C@H](C(=O)N4C[C@H](O)C[C@H]4C(=O)NCC4=CC=C(C5=C(C)N=CS5)C=C4)C(C)(C)C)SC3=C2)C=C1NC(=O)OC1CCCCC1,Q13546,RIPK1,VHL,P40337,20000.0,92.0,1,0,False,
RYBGNXHUCGXEPA,O=C1CCC(N2C(=O)C3=CC=C(N4CCC(CN5CCN(CC6=CC=C(NC(=O)C7=N[NH]C=C7NC7=NC=NC8=C7C=C[NH]8)C=C6)CC5)C4)C=C3C2=O)C(=O)N1,P24941,CDK2,CRBN,Q96SW2,1.63,76.14,1,0,False,HL-60
RYTCYGKCRMOACE,C#CC1=C(F)C=CC2=CC(O)=CC(C3=NC=C4C(N5CC6CCC(C5)N6)=NC(OCCN5CCN(CC6CCN(CC7CCN(C8=CC=C9C(=C8)N(C)C(=O)N9C8CCC(=O)NC8=O)CC7)CC6)CC5)=NC4=C3F)=C12,P01116,KRAS,CRBN,Q96SW2,100.0,70.0,1,0,False,AsPC-1
RYXWEURGJSYECJ,O=C1CCC(N2CC3=CC(N4CCN(C5CC(CCOC6=CC=C([C@@H]7C8=CC=C(O)C=C8CC[C@@H]7C7=CC=CC=C7)C=C6)C5)CC4)=CC=C3C2=O)C(=O)N1,P03372,ERalpha,CRBN,Q96SW2,5.0,50.0,1,0,False,MCF7
RYYXXDIANYNUAB,CC1=NOC(C)=C1C1=CC=C2C(=C1)N=C([C@@H]1CCCC(=O)N1C1=CC=C(F)C(F)=C1)N2[C@H]1CC[C@H](OCC(=O)N2CCN(CCNC3=CC=C4C(=O)N(C5CCC(=O)NC5=O)C(=O)C4=C3)CC2)CC1,Q92793,CBP,CRBN,Q96SW2,108.0,62.5,2,0,False,22Rv1
RZWSJHUMBKJCQC,O=C1CC[C@H](N2CC3=C(C=CC4=C3OCC43CCN(C(=O)CN4CC5(CCN(C6=CC=C([C@@H]7C8=CC=C(O)C=C8CC[C@@H]7C7=CC=CC=C7)C=C6)CC5)C4)CC3)C2=O)C(=O)N1,P03372,ERalpha,CRBN,Q96SW2,0.01845,100.0,1,1,False,MCF-7
SCMQMXRHAQISDZ,CC(=O)N1CCC2=C(C1)C(N1CCCC3=CC(C4=NN(C)C=C4)=C(C(F)F)C=C31)=NN2C1CCC(CCN2CC3=CC4=C(C=C3C2)C(=O)N(C2CCC(=O)NC2=O)C4=O)CC1,Q92793,CBP,CRBN,Q96SW2,6.65,88.0,2,1,False,
SDVXVVRZUBGBIP,O=C1CC[C@H](N2CC3=C(C=CC4=C3OCC43CCN(CC(=O)N4CCC5(CCN(C6=CC=C([C@@H]7C8=CC=C(O)C=C8CC[C@@H]7C7=CC=CC=C7)C=C6)CC5)C4)CC3)C2=O)C(=O)N1,P03372,ERalpha,CRBN,Q96SW2,0.0419,100.0,1,1,False,MCF-7
SDWUURRMSCHVOR,CC1=C(C)C2=C(S1)N1C(C)=NN=C1[C@H](CC(=O)N1CCN(CC(=O)NCCCCCOC3=CC=CC4=C3C(=O)N(C3CCC(=O)NC3=O)C4=O)CC1)N=C2C1=CC=C(Cl)C=C1,O60885,BRD4,CRBN,Q96SW2,60.0,94.0,1,1,False,MDA-MB-231
SEHKDMKQRSFFAP,C[C@@H]1CC2=C([NH]C3=CC=CC=C23)[C@@H](C2=C(F)C=C(N3CCC4(CCN(C(=O)CN5CC6=CC7=C(C=C6C5)C(=O)N(C5CCC(=O)NC5=O)C7=O)CC4)CC3)C=C2F)N1CC(F)(F)CO,P03372,ERalpha,CRBN,Q96SW2,0.1,97.0,1,1,False,
SEIYSBOQHBULFI,O=C1CCC(N2CC3=CC(N4CCN(CC5CCN(C6=C(F)C=C([C@@H]7C8=CC=C(O)C=C8CC[C@@H]7C7=CC=CC=C7)C=C6F)CC5)CC4)=CC=C3C2=O)C(=O)N1,P03372,ERalpha,CRBN,Q96SW2,5.0,50.0,1,0,False,MCF7
SENCERWTVQUVEP,O=C1CCC(N2CC3=CC(N4CCC(N5CC(CCOC6=CC=C([C@@H]7C8=CC=C(O)C=C8CC[C@@H]7C7=CC=CC=C7)C=C6)C5)CC4)=CC=C3C2=O)C(=O)N1,P03372,ERalpha,CRBN,Q96SW2,5.0,50.0,1,0,False,MCF7
SEPZFBBSIBKESI,CN(CCOCCOCCOCC(=O)NC1=CC=CC2=C1C(=O)N(C1CCC(=O)NC1=O)C2=O)CC[C@@H](C1=CC=CC=C1)N1C=C(NC(=O)C2=N[NH]C3=C2CCC(C)(C)C3)C=N1,Q08881,ITK,CRBN,Q96SW2,352.6,75.0,1,0,False,Jurkat
SFAZMJOUZPQYHW,COC1=CC=C(C(=O)O)C=C1OCC1=CC=C(C(=O)NCCCCNC2=CC=CC3=C2C(=O)N(C2CCC(=O)NC2=O)C3=O)C=C1,Q9BY41,HDAC8,CRBN,Q96SW2,616.5,75.5,2,0,False,MDA-MB-231
SFOKKIBXAXDNRS,CCN1CCC(N2C=C(C3=C[NH]C4=NC=C(C5=CC=C(N6CCC(OC7CCN(C(=O)C8=CC=C(Cl)C(N9CCC(=O)NC9=O)=C8)CC7)CC6)C(F)=C5)N=C34)C=N2)CC1,Q92918,MAP4K1,CRBN,Q96SW2,7.2,78.0,1,0,False,Jurkat
SGAIHYROHDVCQP,C#CC1=C(F)C=CC2=CC(O)=CC(C3=NC=C4C(N5CC6CCC(C5)N6)=NC(OCCN5CCC6(CC5)CN(CC5CCN(C7=CC=CC8=C7CN(C7CCC(=O)NC7=O)C8=O)CC5)C6)=NC4=C3F)=C12,P01116,KRAS,CRBN,Q96SW2,1000.0,50.0,1,0,False,AsPC-1
SGUKLZBZSKIVPN,CN(CCOCCOCCNC(=O)CNC1=CC=CC2=C1C(=O)N(C1CCC(=O)NC1=O)C2=O)CC[C@@H](C1=CC=CC=C1)N1C=C(NC(=O)C2=N[NH]C3=C2CCC(C)(C)C3)C=N1,Q08881,ITK,CRBN,Q96SW2,32.7,95.0,1,1,False,Jurkat
SHAMJIRSIDFELO,C#CC1=C(F)C=CC2=CC(O)=CC(C3=NC=C4C(N5CC6CCC(C5)N6)=NC(OCCN5CCC(CN6CCN(CC7CCN(C8=CC=C9C(=O)N(C%10CCC(=O)NC%10=O)CC9=C8F)CC7)CC6)CC5)=NC4=C3F)=C12,P01116,KRAS,CRBN,Q96SW2,100.0,70.0,1,0,False,AsPC-1
SHFVBIUYQVOCJQ,CC1=CC(C2=C[NH]C3=NC=C(C4=CC=C(C5CCN(C(=O)C6CN(C7=CC=C8C(=O)N(C9CCC(=O)NC9=O)C(=O)C8=C7)C6)CC5)C=C4)N=C23)=CC=C1C(=O)N(C)C,Q92918,MAP4K1,CRBN,Q96SW2,10000.0,42.6,1,0,False,Jurkat
SHUBDEMMLLDYQT,CC(=O)N1CCC2=C(C1)C(N1CCCC3=CC(C4=CN(C)N=C4)=C(C(F)F)C=C31)=NN2C1CCN(C(=O)CCNC2=CC=CC3=C2C(=O)N(C2CCC(=O)NC2=O)C3=O)CC1,Q92793,CBP,CRBN,Q96SW2,13.0,84.5,2,1,False,VCaP
SKYVEYPEIVTKRF,CC1=CSC(C2=CC=C(CNC(=O)[C@@H]3C[C@@H](O)CN3C(=O)[C@@H](NC(=O)CCCCCCCCSSCCCCC(=O)N[C@H](C(=O)N3C[C@H](O)C[C@H]3C(=O)NCC3=CC=C(C4=C(C)N=CS4)C=C3)C(C)(C)C)C(C)(C)C)C=C2)=N1,P40337,VHL30,VHL,P40337,35.0,98.0,1,1,False,HEK 293
SLDAFIDROUHPMA,CCC1=C(F)C=CC2=CC(O)=CC(C3=NC=C4C(N5CC6CCC(C5)N6)=NC(OCCN5CCC6(CC5)CCN(CC5CCN(C7=CC=C8C(=C7)N(C)C(=O)N8C7CCC(=O)NC7=O)CC5)CC6)=NC4=C3F)=C12,P01116,KRAS,CRBN,Q96SW2,100.0,70.0,1,0,False,AsPC-1
SLPWRCRRHVRNRM,CC1=C(C2=CC=C([C@H](C)NC(=O)C3C[C@@H](O)CN3C(=O)[C@H](NC(=O)COCCOCCOCCNC(=O)C[C@@H]3N=C(C4=CC=C(Cl)C=C4)C4=C(SC(C)=C4C)N4C(C)=NN=C34)C(C)(C)C)C=C2)SC=N1,O60885,BRD4,VHL,P40337,31.23,77.47,1,0,False,MCF-7
SLXOQKCZCGWOCQ,C#CC1=C(F)C=CC2=CC(O)=CC(C3=NC=C4C(N5CC6CCC(C5)N6)=NC(OC[C@@H]5C[C@@H](OC6CCN(CC7CCN(C8=CC=C9C(=C8)N(C)C(=O)N9C8CCC(=O)NC8=O)CC7)CC6)CN5C)=NC4=C3F)=C12,P01116,KRAS,CRBN,Q96SW2,100.0,70.0,1,0,False,AsPC-1
SMENADKMMXTZAZ,CN[C@@H](C)C(=O)N[C@H](C(=O)N1C[C@@H](OC2=CC=CC(OCCCCC(=O)N[C@H](C(=O)N3C[C@H](O)C[C@H]3C(=O)N[C@@H](C)C3=CC=C(C4=C(C)N=CS4)C=C3)C(C)(C)C)=C2)C[C@H]1C(=O)N[C@@H]1CCCC2=CC=CC=C21)C1CCCCC1,Q13490,cIAP1,VHL,P40337,2.4,99.0,3,1,False,MM.1S
SMHVFMFQPBBUHA,O=C1CCC(N2CC3=CC(N4CCN(CCCCCOC5=CC=C([C@@H]6C7=CC=C(O)C=C7CC[C@@H]6C6=CC=CC=C6)C=C5)CC4)=CC(F)=C3C2=O)C(=O)N1,P03372,ERalpha,CRBN,Q96SW2,5.0,75.0,1,0,False,MCF7
SMKTVPFZZQSNAM,CCSCC1=CC=C2C(=C1)C1=C3C(=O)NCC3=C3C4=CC(CSCC)=CC=C4N4C3=C1N2[C@H]1C[C@](O)(C(=O)NCCOCCOCCOCC(=O)N[C@H](C(=O)N2C[C@H](O)C[C@H]2C(=O)N[C@@H](C)C2=CC=C(C3=C(C)N=CS3)C=C2)C(C)(C)C)[C@]4(C)O1,Q16584,MAP3K11,VHL,P40337,50.0,77.0,1,0,False,MCF-7/MDA-MB-468
SMSRIGRAQRHPFR,COC1=CC2=C(C=C1NC(=O)C1=CC=CC(C(F)(F)F)=N1)OC([C@H]1CC[C@H](CN3CC4(CC(CCNC5=CC=CC6=C5C(=O)N(C5CCC(=O)NC5=O)C6=O)C4)C3)CC1)=N2,Q9NWZ3,IRAK4,CRBN,Q96SW2,190.0,68.0,1,0,False,OCI-Ly10
SNFHOQNUKDBRTG,C#CC1=C(F)C=CC2=CC(O)=CC(C3=NC=C4C(N5CC6CCC(C5)N6)=NC(OC[C@]56CCCN5[C@H](CN5CCN(CC7CCN(C8=CC=C9C(=O)N(C%10CCC(=O)NC%10=O)CC9=C8)CC7)CC5)CC6)=NC4=C3F)=C12,P01116,KRAS,CRBN,Q96SW2,100.0,70.0,1,0,False,AsPC-1
SNJZSKLBOABMIB,CCC1=CC=CC2=CC(O)=CC(C3=NC=C4C(N5CC6CCC(C5)N6)=NC(OC[C@]56CCCN5[C@@H](COC(=O)N5CCN(C7=CC=C8C(=O)N(C9CCC(=O)NC9=O)C(=O)C8=C7)CC5)CC6)=NC4=C3F)=C12,P01116,KRAS,CRBN,Q96SW2,100.0,50.0,1,0,False,AsPC-1
SNZNXOBIZPAUMI,O=C1CCC(N2C(=O)C3=CC=C(N4CCN(CC5CCN(CCOC6=CC=C([C@@H]7C8=CC=C(O)C=C8CC[C@@H]7C7=CC=CC=C7)C=C6)CC5)CC4)C=C3C2=O)C(=O)N1,P03372,ERalpha,CRBN,Q96SW2,5.0,50.0,1,0,False,MCF7
SPGWKNITNYHIGX,NC1=NC=NC2=C1C(C1=CC=C(OC3=CC=CC=C3)C=C1)=NN2C1CCN(C(=O)CN2CCN(CC3CN(C4=CC=C5C(=O)N(C6CCC(=O)NC6=O)C(=O)C5=C4)C3)CC2)CC1,Q06187,BTK,CRBN,Q96SW2,3.18,99.9,1,1,False,Ramos/Mino
SPNPKWMYQVSWMP,O=C1CC[C@H](N2CC3=C(C=CC4=C3OCC43CCN(CCCCCC4CCN(C5=CC=C([C@@H]6C7=CC=C(O)C=C7CC[C@@H]6C6=CC=CC=C6)C=C5)CC4)CC3)C2=O)C(=O)N1,P03372,ERalpha,CRBN,Q96SW2,0.4206,100.0,1,1,False,MCF-7
SPOKXBBLGTXPAP,CCC1=CC=CC2=CC(O)=CC(C3=NC=C4C(N5CC6CCC(C5)N6)=NC(OC[C@@H]5C[C@@H](OC6CCN(CC7CCN(C8=CC=CC9=C8CN(C8CCC(=O)NC8=O)C9=O)CC7)CC6)CN5C)=NC4=C3F)=C12,P01116,KRAS,CRBN,Q96SW2,100.0,70.0,1,0,False,AsPC-1
SPYDQPKKJXKFTG,CC1=C(C2=CC=C([C@H](C)NC(=O)[C@@H]3C[C@@H](O)CN3C(=O)[C@@H](C3=CC(OCCN4CCC(C5=CC=C6C(=C5)C(C)(C)C5=NC(=O)C7=C(Cl)C=CC=C7N65)CC4)=NO3)C(C)C)C=C2)SC=N1,P51531,SMARCA2,VHL,P40337,16.55,88.0,2,1,False,HT1080 HiBiT
SQPYBBMCORULCB,O=C1CCC(N2C(=O)C3=CC4=C(C=C3C2=O)CN(CCCCC2CCN(C3=CC=C([C@@H]5C6=CC=C(O)C=C6CC[C@@H]5C5=CC=CC=C5)C=C3)CC2)C4)C(=O)N1,P03372,ERalpha,CRBN,Q96SW2,236.0,67.0,1,0,False,
SQUXSHGWVMZWGG,CCC1=CC=CC2=CC(O)=CC(C3=NC=C4C(N5C[C@@H]6CC[C@H](C5)N6)=NC(OC[C@@H]5CCCN5CCCCCCCCC(=O)N[C@H](C(=O)N5C[C@H](O)C[C@H]5C(=O)N[C@@H](C)C5=CC=C(C6=C(C)N=CS6)C=C5)C(C)(C)C)=NC4=C3F)=C12,P01116,KRAS G12D,VHL,P40337,165.0,89.3,1,0,False,AsPC-1
SRLZRPSMOFUVHL,C#CC1=C(F)C=CC2=CC(O)=CC(C3=NC=C4C(N5CC6CCC(C5)N6)=NC(OCCN5CCC6(CC5)CCN(CC5CCN(C7=CC=CC8=C7N(C)C(=O)N8C7CCC(=O)NC7=O)CC5)CC6)=NC4=C3F)=C12,P01116,KRAS,CRBN,Q96SW2,100.0,70.0,1,0,False,AsPC-1
SRUVBNFPTDBESG,O=C(CNC1=CC=CC2=C1C(=O)N(C1CCC(=O)NC1=O)C2=O)NCCCCCCCCCCC(=O)N1CCC(NC(=O)C2=N[NH]C=C2NC(=O)C2=C(Cl)C=CC=C2Cl)CC1,P50750,CDK9,CRBN,Q96SW2,30.0,91.6,1,1,False,MOLM13
SSOKRQHDQUGNMI,C#CC1=C(F)C=CC2=CC(O)=CC(C3=NC=C4C(N5CC6CCC(C5)N6)=NC(OC[C@]56CCCN5[C@H](CN5CCN(CC7CCN(C8=CC=C9C(=C8)N(C)C(=O)N9C8CCC(=O)NC8=O)CC7)CC5)CC6)=NC4=C3F)=C12,P01116,KRAS,CRBN,Q96SW2,100.0,70.0,1,0,False,AsPC-1
STBAQMSNPQNEBZ,CN1CCN(C2=CC=C(C3=CC=CC(CN4CCN(CCNC(=O)CCCCCCCNC5=CC=CC6=C5C(=O)N(C5CCC(=O)NC5=O)C6=O)CC4)=C3)C=C2NC(=O)C2=C[NH]C(=O)C=C2C(F)(F)F)CC1,P61964,WDR5,CRBN,Q96SW2,42.0,77.0,1,0,False,MV4;11
STGFOSWNXWQTTP,CC1=NOC([C@H](C(=O)N2C[C@H](O)C[C@H]2C(=O)N[C@@H](CC(=O)NCCCCNC(=O)C[C@@H]2N=C(C3=CC=C(Cl)C=C3)C3=C(SC(C)=C3C)N3C(C)=NN=C23)C2=CC=C(Cl)C=C2)C(C)C)=C1,O60885,BRD4,VHL,P40337,190.0,80.0,1,0,False,A549
STHPOQGBRMGDBA,O=C1CCC(N2C(=O)C3=CC4=C(C=C3C2=O)CN(C2CCN(C3=CC=C([C@@H]5C6=CC=C(O)C=C6CC[C@@H]5C5=CC=CC=C5)C=C3)CC2)C4)C(=O)N1,P03372,ERalpha,CRBN,Q96SW2,1000.0,32.0,1,0,False,
STPDFUQEUGSSGJ,CC1=C(C)C2=C(S1)N1C(C)=NN=C1[C@H](CC(=O)NCCCCCCCCC(=O)NCC(=O)N[C@H]1CCC(=O)NC1=O)N=C2C1=CC=C(Cl)C=C1,O60885,BRD4,CRBN,Q96SW2,228.0,94.0,1,0,False,HEK293T
STQLATQFUCKOTB,C#CC1=C(F)C=CC2=CC(O)=CC(C3=NC=C4C(N5CC6CCC(C5)N6)=NC(OC[C@@H]5C[C@@H](OC6CCN(CC7CCN(C8=CC=C9C(=O)N(C%10CCC(=O)NC%10=O)CC9=C8F)CC7)CC6)CN5C)=NC4=C3F)=C12,P01116,KRAS,CRBN,Q96SW2,100.0,70.0,1,0,False,AsPC-1
SUAWFHWYJIGRTP,CCS(=O)(=O)N1C=C(C2=NC(NC3=CC=C(N4CCN(CCCCCCCCC(=O)NC5=CC=CC6=C5CN(C5CCC(=O)NC5=O)C6=O)CC4)C=C3)=NC=C2C(F)(F)F)C2=CC=CC=C21,P00533,EGFR L858R/T790M/C797S,CRBN,Q96SW2,33.2,95.0,1,1,False,H1975-TM
SUEXREHSPDZBHX,O=C1CCC(N2C(=O)C3=CC=CC(NCC4=CN(CCCCOC5=CC=C(CN6C=CC7=CC=C(C(=O)NO)C=C76)C=C5)N=N4)=C3C2=O)C(=O)N1,Q9BY41,HDAC8,CRBN,Q96SW2,470.0,90.21,1,0,False,A549
SVKZUEZCCKLNIM,COC1=CC(C2=CN(C)C(=O)C3=CC=CC=C23)=CC(OC)=C1CN1CCC(CN2CCC(C3=CC=C4C5=C(C=CC=C35)C(=O)N4C3CCC(=O)NC3=O)CC2)CC1,Q9H8M2,BRD9,CRBN,Q96SW2,0.016,97.0,1,1,False,MV4-11
SVRBHTWHQQHKEZ,CC(C)N(CC1CCN(C2=CC=C([C@@H]3C4=CC=C(O)C=C4CC[C@@H]3C3=CC=CC=C3)C=C2)CC1)[C@H]1C[C@H](OC2=CC=C3C(=O)N(C4CCC(=O)NC4=O)CC3=C2)C1,P03372,ERalpha,CRBN,Q96SW2,50.0,50.0,1,0,False,MCF7
SVVPYQZZEPKRFE,CC1=CC=C(NC(=O)CN2C=C(C3=CC=C4C(NC(=O)C5=CC=C(NC(=O)CCCCC(=O)N6CCN(CCCCCCC(=O)N[C@H](C(=O)N7C[C@H](O)C[C@H]7C(=O)NCC7=CC=C(C8=C(C)N=CS8)C=C7)C(C)(C)C)CC6)C=C5)=N[NH]C4=C3)C=N2)C=C1C(F)(F)F,P35968,VEGFR-2,VHL,P40337,3330.0,31.0,1,0,False,HGC-27
SXZKGSBCJAOABL,N#CC1=CC=C(N2CCC3(CCN(C4=CC=C(C(=O)N5CCC(CN6CCC7=CC8=C(C=C7C6)C(=O)N(C6CCC(=O)NC6=O)C8=O)CC5)C=C4)CC3)C2)C=C1Cl,P10275,AR,CRBN,Q96SW2,25.0,53.0,1,0,False,VCaP
SZDXMPRNFHXVNO,CC1=C(C2=CC=C([C@H](C)NC(=O)[C@@H]3C[C@@H](O)CN3C(=O)[C@@H](C3=CC(OCC4(CN5CCC(C6=CC=C7C(=C6)C(C)(C)C6=NC(=O)C8=C(Cl)C=CC=C8N76)CC5)CC4)=NO3)C(C)C)C=C2)SC=N1,P51531,SMARCA2,VHL,P40337,146.5,70.0,2,0,False,HT1080 HiBiT
SZONFWWCHSLCFP,C#CC1=C(F)C=CC2=CC(O)=CC(C3=NC=C4C(N5CC6CCC(C5)N6)=NC(OC[C@]56CCCN5[C@H](CN5CCN(CC7CCN(C8=CC=C9C(=C8)N(C(C)C)C(=O)N9C8CCC(=O)NC8=O)CC7)CC5)CC6)=NC4=C3F)=C12,P01116,KRAS,CRBN,Q96SW2,100.0,70.0,1,0,False,AsPC-1
SZPWQHSVDSLOKN,CC1=NC(NC2=NC=C(C(=O)NC3=C(C)C=CC=C3Cl)S2)=CC(N2CCN(CCCN3CCN(C4=CC=C(C5CCC(=O)NC5=O)C=C4)CC3)CC2)=N1,P06239,LCK,CRBN,Q96SW2,7.49,90.0,1,1,False,KOPT-K1
TUUWHNYEHKKJLJ,CN1CCN([C@@H]2CCCN(C3=CN=C(C(N)=O)C(NC4=CC=C(C5CCN(C[C@H]6CC[C@H](NC7=CC=CC8=C7C(=O)N([C@@H]7CCC(=O)NC7=O)C8=O)CC6)CC5)C=C4)=N3)C2)C1=O,Q06187,BTK,CRBN,Q96SW2,4.3,89.0,2,1,False,Ramos
TVCUEWZCGMZLHG,COC1=NC(OCC2=CC=CC(C3=CC=CC=C3)=C2C)=CC=C1CNCCNC(=O)CCCCCCCCNC(=O)COC1=CC=C(C2CCC(=O)NC2=O)C=C1,Q9NZQ7,PD-L1,CRBN,Q96SW2,609.0,85.0,1,0,False,4T1
TVMXJIGSIBLAGJ,CC(=O)N1CCC2=C(C1)C(N1CCCC3=CC(C4=CN(C)N=C4)=C(C(F)F)C=C31)=NN2C1CCN(C2CN(C3=CC=C4C(=O)N(C5CCC(=O)NC5=O)C(=O)C4=C3)C2)CC1,Q92793,CBP,CRBN,Q96SW2,1.2000000000000002,95.0,2,1,False,VCaP
TWAGGTXQMAYEOO,CCC1=CC=CC2=CC(O)=CC(C3=NC=C4C(N5CC6CCC(C5)N6)=NC(OCCN5CCC(CN6CCN(C7=CC=CC8=C7CN(C7CCC(=O)NC7=O)C8=O)CC6)CC5)=NC4=C3F)=C12,P01116,KRAS,CRBN,Q96SW2,1000.0,25.0,1,0,False,AsPC-1
TWINIHLSGOQBHE,COC1=CC2=NC(C)=NC(N[C@H](C)C3=CC(N)=CC(C(F)(F)F)=C3)=C2C=C1OCC1(CN(C)C(=O)CCCOC2CCC(NC3=CC=CC4=C3C(=O)N(C3CCC(=O)NC3=O)C4=O)CC2)CC1,Q07889,SOS1,CRBN,Q96SW2,35.0,90.0,1,1,False,H358
TWOFAZAACVAICW,O=C1CCC(N2C(=O)C3=CC=C(N4CCN(CCCN5CC(OC6=CC=C([C@@H]7C8=CC=C(O)C=C8CC[C@@H]7C7=CC=CC=C7)C=C6)C5)CC4)C=C3C2=O)C(=O)N1,P03372,ERalpha,CRBN,Q96SW2,5.0,50.0,1,0,False,MCF7
TWOJJPDVUSFLLS,C#CC1=C(F)C=CC2=CC(O)=CC(C3=NC=C4C(N5CC6CCC(C5)N6)=NC(OCCN5CCC(C)(CC6CCN(CC7CCN(C8=CC=C9C(=C8)N(C)C(=O)N9C8CCC(=O)NC8=O)CC7)CC6)CC5)=NC4=C3F)=C12,P01116,KRAS,CRBN,Q96SW2,100.0,70.0,1,0,False,AsPC-1
TXNMTSWVZKOGFM,CC1(C)CCC2=C(C1)[NH]N=C2C(=O)NC1=CN([C@@H](CCN2CCN(CCC3CN(C4=CC=C5C(=O)N(C6CCC(=O)NC6=O)C(=O)C5=C4)C3)CC2)C2=CC=CC=C2)N=C1,Q08881,ITK,CRBN,Q96SW2,142.0,90.0,1,0,False,Jurkat
TZJCAGSJIMIXFS,C[C@H]1CN(C(=O)C2=CC=CC3=C2C(=O)N(C2CCC(=O)NC2=O)C3=O)CCN1C1=CC=C(NC2=CC(C3=CC=NC(N4CCN5C(=CC6=C5CC(C)(C)C6)C4=O)=C3CO)=CN(C)C2=O)N=C1,Q06187,BTK,CRBN,Q96SW2,3000.0,30.1,1,0,False,Ramos/JeKo-1
UAHMFJLWVDFQBK,CC1=C(C2=CC=C([C@H](C)NC(=O)[C@@H]3C[C@@H](O)CN3C(=O)[C@@H](NC(=O)CCCCCCCN3C=C(C4=CC(C5=CC=CC=C5O)=NN=C4N)C=N3)C(C)(C)C)C=C2)SC=N1,P51531,SMARCA2,VHL,P40337,13.0,92.5,2,1,False,
UBVYEIBZPNMNKR,O=C1CCC(N2C(=O)C3=CC=C(N4CCN(CCOC5CCC(OC6=CC=C([C@@H]7C8=CC=C(O)C=C8CC[C@@H]7C7=CC=C(F)C=C7)C=C6)CC5)CC4)C=C3C2=O)C(=O)N1,P03372,ERalpha,CRBN,Q96SW2,5.0,50.0,1,0,False,MCF7
UBZCBNADOGDNJL,CN(CCCOC1=CC=CC2=C1CN(C1CCC(=O)NC1=O)C2=O)C[C@H]1CC[C@H](N2C=C3C=C(NC(=O)C4=CC=CC(C(F)(F)F)=N4)C(C(C)(C)O)=CC3=N2)CC1,Q9NWZ3,IRAK4,CRBN,Q96SW2,5.0,80.0,1,1,False,OCI-Ly10
UDDMKZNXAVTLDN,CN1CC[C@H]2CC[C@@H](C(=O)N[C@@H](CCC(N)=O)C(=O)N[C@H](C(=O)NCCCC#CC3=CC=CC4=C3CN(C3CCC(=O)NC3=O)C4=O)C3=CC=CC=C3)N2C(=O)[C@@H](NC(=O)C2=CC3=CC(C(F)(F)P(=O)(O)O)=CC=C3S2)C1,P40763,STAT3,CRBN,Q96SW2,5000.0,16.0,1,0,False,STAT3 HiBiT KI HeLa
UDDNXWUXCJGKNU,CC(=O)N1CCC2=C(C1)C(N1CCCC3=CC(C4=CN(C)N=C4)=C(C(F)F)C=C31)=NN2[C@H]1CC[C@H](CN2CCN(C3=CC4=C(C=C3F)C(=O)N(C3CCC(=O)NC3=O)C4=O)CC2)CC1,Q92793,CBP,CRBN,Q96SW2,1.2,94.0,2,1,False,VCaP
UEGYINBUVRLJOR,CCC1=C(F)C=CC2=CC(O)=CC(C3=NC=C4C(N5CC6CCC(C5)N6)=NC(OCCN5CCC(C)(CC6CCN(CC7CCN(C8=CC=C9C(=C8)N(C)C(=O)N9C8CCC(=O)NC8=O)CC7)CC6)CC5)=NC4=C3F)=C12,P01116,KRAS,CRBN,Q96SW2,100.0,70.0,1,0,False,AsPC-1
UFYIMECIJKGAMU,C#CC1=C(F)C=CC2=CC(O)=CC(C3=NC=C4C(N5CC6CCC(C5)N6)=NC(OCCN5CCC(CN6CCN(CC7CCN(C8=CC=C9C(=O)N(C%10CCC(=O)NC%10=O)CC9=C8F)CC7)C(C)(C)C6)CC5)=NC4=C3F)=C12,P01116,KRAS,CRBN,Q96SW2,100.0,70.0,1,0,False,AsPC-1
UGRBBCCLXHIOQB,N#CC1=CC=CC(C2=NN(CC3=CC=CC(C4=NC=C(OCC5CCN(CCCCC(=O)NC6=CC=CC7=C6C(=O)N(C6CCC(=O)NC6=O)C7=O)CC5)C=N4)=C3)C(=O)C=C2)=C1,P08581,c-Met,CRBN,Q96SW2,3.1,95.0,1,1,False,EBC-1/Hs746T
UHDFIAWELQMFHN,O=C1CCC(N2CC3=CC(N4CCN(CCCCCOC5=CC=C([C@@H]6C7=CC(F)=C(O)C=C7CC[C@@H]6C6=CC=CC=C6)C=C5)CC4)=CC=C3C2=O)C(=O)N1,P03372,ERalpha,CRBN,Q96SW2,5.0,50.0,1,0,False,MCF7
UIDIHKOIENLISM,O=C1CC[C@H](N2CC3=C(C=CC4=C3OC[C@H]3CN(C(=O)CCCOC5=CC=C([C@@H]6C7=CC=C(O)C=C7CC[C@@H]6C6=CC=CC=C6)C=C5)CCN43)C2=O)C(=O)N1,P03372,ERalpha,CRBN,Q96SW2,0.1,56.0,1,0,False,MCF-7
UIERTIMQQRRSTO,CC1=NOC([C@H](C(=O)N2C[C@H](O)C[C@H]2C(=O)N[C@@H](C)C2=CC=C(C3=C(C)N=CS3)C=C2OCCOCCOCCOCCNC(=O)C[C@@H]2N=C(C3=CC=C(Cl)C=C3)C3=C(SC(C)=C3C)N3C(C)=NN=C23)C(C)C)=C1,O60885,BRD4,VHL,P40337,16.0,82.0,1,1,False,A549
UIHTYCUVTLDXKB,C#CC1=C(F)C=CC2=CC(O)=CC(C3=NC=C4C(N5CC6CCC(C5)N6)=NC(OCCN5CCC6(CC5)CCN(CC5CCN(C7=CC(C)=C8C(=O)N(C9CCC(=O)NC9=O)CC8=C7F)CC5)CC6)=NC4=C3F)=C12,P01116,KRAS,CRBN,Q96SW2,100.0,70.0,1,0,False,AsPC-1
UIURKLRUDKJYNZ,O=C1CC[C@H](N2CC3=C(C=CC4=C3OCC43CCN(C(=O)CCC4CCN(C5=CC=C([C@@H]6C7=CC=C(O)C=C7CC[C@@H]6C6=CC=CC=C6)C=C5)CC4)CC3)C2=O)C(=O)N1,P03372,ERalpha,CRBN,Q96SW2,0.1161,89.0,1,1,False,MCF-7
UJJUIGOBDCVXPK,C#CC1=C(F)C=CC2=CC(O)=CC(C3=NC=C4C(N5CC6CCC(C5)N6)=NC(OCCN5CCC(CC6CCN(CC7CCN(C8=CC=C9C(=C8F)N(C)C(=O)N9C8CCC(=O)NC8=O)CC7)CC6)CC5)=NC4=C3F)=C12,P01116,KRAS,CRBN,Q96SW2,100.0,70.0,1,0,False,AsPC-1
UJUPYASGRVZCKP,O=C1CCC(N2C(=O)C3=CC=CC(OCCCCCCCN4C=C(CCCCCCCN5CCC(NC(=O)C6=C(NC(=O)C7=C(Cl)C=CC=C7Cl)C=N[NH]6)CC5)N=N4)=C3C2=O)C(=O)N1,P50750,CDK9,CRBN,Q96SW2,60.0,78.0,1,0,False,MOLM-13
UJVKDCMDMYRGBD,CC1=NOC(C)=C1C1=CC=C2C(=C1)N=C([C@@H]1CCCC(=O)N1C1=CC=C(F)C(F)=C1)N2[C@H]1CC[C@H](OCC(=O)N2CCC(CCNC3=CC=C4C(=O)N(C5CCC(=O)NC5=O)C(=O)C4=C3)CC2)CC1,Q92793,CBP,CRBN,Q96SW2,33.05,71.0,2,0,False,22Rv1
UKGSYSRFJNUWOD,CC1=CC(C2=C[NH]C3=NC=C(C4=CC=C(C5CCN(C6CN(C(=O)C7CCN(C8=CC=C9C(=O)N(C%10CCC(=O)NC%10=O)C(=O)C9=C8)CC7)C6)CC5)C=C4)N=C23)=CC=C1C(=O)N(C)C,Q92918,MAP4K1,CRBN,Q96SW2,10000.0,30.1,1,0,False,Jurkat
UKRCYNJTZLLRJJ,CCC1=CC=CC2=CC(O)=CC(C3=NC=C4C(N5C[C@@H]6CC[C@H](C5)N6)=NC(OC[C@@H]5CCCN5C5CC6(CCN(CC(=O)N[C@H](C(=O)N7C[C@H](O)C[C@H]7C(=O)N[C@@H](C)C7=CC=C(C8=C(C)N=CS8)C=C7)C(C)(C)C)CC6)C5)=NC4=C3F)=C12,P01116,KRAS G12D,VHL,P40337,133.8,85.1,1,0,False,AsPC-1
UKWUFBDMSBMUEO,CC1=CC(C2=C[NH]C3=NC=C(C4=CC=C(N5CCN(CC6CCN(C7=CC=C8C(=O)N(C9CCC(=O)NC9=O)C(=O)C8=C7)C6)CC5)C=C4)N=C23)=CC=C1C(=O)N(C)C,Q92918,MAP4K1,CRBN,Q96SW2,245.5,56.6,1,0,False,Jurkat
UKYOBTPNHRPOON,CC(=O)N(CCOCCOCCNC1=CC=CC2=C1C(=O)N(C1CCC(=O)NC1=O)C2=O)O[C@H]1C[C@@]2(C)C(CC[C@@H]2O)C2CCC3=CC(O)=CC=C3C21,P03372,ERalpha,CRBN,Q96SW2,67.0,90.0,1,1,False,MCF-7
UMTQIEZQMKUPMO,O=C1CCC(N2CC3=CC(N4CCN(CC5CCN(C6=CC=C([C@@H]7C8=CC=C(O)C=C8CC[C@@H]7C7=CC=CC=C7)C=C6)CC5)CC4)=NC=C3C2=O)C(=O)N1,P03372,ERalpha,CRBN,Q96SW2,5.0,75.0,1,0,False,MCF7
UNANGLGEAYVLNY,NC1=NN=C(C2=CC=CC=C2O)C=C1N1CCN(CC2=CC=C(OCCOCCNC3=CC=C4C(=O)N(C5CCC(=O)NC5=O)C(=O)C4=C3)C(F)=C2)CC1,P51531,SMARCA2,CRBN,Q96SW2,78.94999999999999,77.25,2,0,False,H1299/H2882/Hop62
UNWPIZFKSBHBSV,CN1CCN([C@@H]2CCCN(C3=CN=C(C(N)=O)C(NC4=CC=C(C5CCN(C[C@H]6CCN(C7=CC=C8C(=O)N([C@H]9CCC(=O)NC9=O)CC8=C7)C6)CC5)C=C4)=N3)C2)C1=O,Q06187,BTK,CRBN,Q96SW2,0.25,96.0,1,1,False,TMD8
UOMVLLWXQVPAPT,O=C1CC[C@H](N2CC3=C(C=CC4=C3OC[C@H]3CN(CC5CCC6(CCN(C7=CC=C([C@@H]8C9=CC=C(O)C=C9CC[C@@H]8C8=CC=CC=C8)C=C7)CC6)C5)CCN43)C2=O)C(=O)N1,P03372,ERalpha,CRBN,Q96SW2,4.9,86.0,1,1,False,MCF-7
UPIBNOLFMMNBCB,O=C1CC[C@H](N2CC3=C(C=CC4=C3OC[C@H]3CN(C(=O)CN5CC6(CCN(C7=CC=C([C@@H]8C9=CC=C(O)C=C9CC[C@@H]8C8=CC=CC=C8)C=C7)CC6)C5)CCN43)C2=O)C(=O)N1,P03372,ERalpha,CRBN,Q96SW2,0.193,99.0,1,1,False,MCF-7
UPQRJEMPJLRIMJ,O=C1CCC(N2C(=O)C3=CC4=C(C=C3C2=O)CN(C(=O)CN2CCC3(CC2)CCN(C2=CC=C([C@@H]5C6=CC=C(O)C=C6CC[C@@H]5C5=CC=CC=C5)C=C2)CC3)C4)C(=O)N1,P03372,ERalpha,CRBN,Q96SW2,1000.0,16.0,1,0,False,
UPYUCZKNJVKYQR,O=C1CC[C@H](N2CC3=C(C=CC4=C3OC[C@H]3CN(CCC5CC6(CCN(C7=CC=C([C@@H]8C9=CC=C(O)C=C9CC[C@@H]8C8=CC=CC=C8)C=C7)CC6)C5)CCN43)C2=O)C(=O)N1,P03372,ERalpha,CRBN,Q96SW2,1.1,92.0,1,1,False,MCF-7
UQTRNIWZKUJRCB,COC1=CC2=NC(C)=NC(N[C@H](C)C3=CC(N)=CC(C(F)(F)F)=C3)=C2C=C1OCC1(CN(C)C(=O)C2CCN(C3CCC(NC4=CC=CC5=C4C(=O)N(C4CCC(=O)NC4=O)C5=O)CC3)CC2)CC1,Q07889,SOS1,CRBN,Q96SW2,55.0,75.0,1,0,False,H358
URLXCHBJTUCNAT,CC1=C(C2=CC=C([C@H](C)NC(=O)[C@@H]3C[C@@H](O)CN3C(=O)[C@@H](NC(=O)[C@H]3CC[C@H](CN4CCC(C5=CC=C6C(=C5)N5C(=NC(=O)C7=C(Cl)C=CC=C75)C6(C)C)CC4)CC3)C(C)(C)C)C=C2)SC=N1,P51531,SMARCA2,VHL,P40337,505.0,58.5,2,0,False,HT1080 HiBiT
URXAZELVUQQBKF,COC1=CC(NC2=NC(N3CCN(CCOCCNC4=CC=CC5=C4C(=O)N(C4CCC(=O)N(C)C4=O)C5=O)CC3)=NC=C2F)=CC=C1NC(=O)C1=CC=C(C2=CCCC2)S1,P41182,BCL6,CRBN,Q96SW2,10000.0,29.4,1,0,False,SU-DHL-4/DOHH2
USNPVGJUXHCJDF,N#CC1=CC=CC(C2=NN(CC3=CC=CC(C4=NC=C(OCC5CCN(CC(=O)N6CCN(CCNC7=CC=C8C(=O)N(C9CCC(=O)NC9=O)C(=O)C8=C7)CC6)CC5)C=N4)=C3)C(=O)C=C2)=C1,P08581,c-Met,CRBN,Q96SW2,0.83,99.0,1,1,False,EBC-1/Hs746T
USTJNUZXLICUHG,N#CC1=CC=C(N2CCC(C3=CC=C(OCCCCCN4CCN(C5=CC=C6C(=O)N(C7CCC(=O)NC7=O)CC6=C5)CC4)C=C3)CC2)C=C1C(F)(F)F,P10275,AR,CRBN,Q96SW2,15.0,94.0,1,1,False,LnCAP
UTVJRQFHWBOCCR,CC1=C(C2=CC=C([C@H](C)NC(=O)[C@@H]3C[C@@H](O)CN3C(=O)[C@@H](NC(=O)C3=CC=NC(N4CCN(C5=CC(C6=CC=CC=C6O)=NN=C5N)CC4)=C3)C(C)(C)C)C=C2)SC=N1,P51531,SMARCA2,VHL,P40337,28.0,98.0,1,1,False,A375
UTZVLJZPTDCKCT,CC1=C(C2=CC=C(CNC(=O)[C@@H]3C[C@@H](O)CN3C(=O)[C@@H](NC(=O)C3(F)CC3)C(C)(C)C)C(OCCC3=CC=C(CN4CCN(C5=CC(C6=CC=CC=C6O)=NN=C5N)CC4)C=C3)=C2)SC=N1,P51531,SMARCA2,VHL,P40337,221.0,53.0,1,0,False,A375
UUGAXXIBAJSGLG,O=C1CC[C@H](N2CC3=C(C=CC4=C3OC[C@H]3CN(C(=O)CN5CCC6(CCN(C7=CC=C([C@@H]8C9=CC=C(O)C=C9CC[C@@H]8C8=CC=CC=C8)C=C7)CC6)C5)CCN43)C2=O)C(=O)N1,P03372,ERalpha,CRBN,Q96SW2,0.07,100.0,1,1,False,MCF-7
UUUQRHRNYAGRFZ,CC1=C(C2=CC=C([C@H](C)NC(=O)[C@@H]3C[C@@H](O)CN3C(=O)[C@@H](NC(=O)CCN3CCC(CCCN4C=C(C5=CC(C6=CC=CC=C6O)=NN=C5N)C=N4)CC3)C(C)(C)C)C=C2)SC=N1,P51531,SMARCA2,VHL,P40337,1000.0,6.0,2,0,False,
UVAFNIDORKJQQG,CC1=C(C2=CC=C([C@H](C)NC(=O)[C@@H]3C[C@@H](O)CN3C(=O)[C@@H](NC(=O)[C@H]3CC[C@H](CN4CCC5(CCC(N6C=C(C7=CC(C8=CC=CC=C8O)=NN=C7N)C=N6)CC5)CC4)CC3)C(C)(C)C)C=C2)SC=N1,P51531,SMARCA2,VHL,P40337,112.0,78.0,2,0,False,
UVLQOVGDDSJYRQ,CC1=NC(NC2=NC=C(C(=O)NC3=C(C)C=CC=C3Cl)S2)=CC(N2CCN(CCCC(=O)N3CCN(C4=CC=C(C5CCC(=O)NC5=O)C=C4)CC3)CC2)=N1,P06239,LCK,CRBN,Q96SW2,7.29,93.0,1,1,False,KOPT-K1
UWJLAZKYKPQXDR,O=C1CCC(N2CC3=CC(N4C[C@@H]5CN(CCCCOC6=CC=C([C@@H]7C8=CC=C(O)C=C8CC[C@@H]7C7=CC=CC=C7)C=C6)C[C@@H]5C4)=CC=C3C2=O)C(=O)N1,P03372,ERalpha,CRBN,Q96SW2,5.0,50.0,1,0,False,MCF7
UXDSSWFXNSDICT,CCS(=O)(=O)N1C=C(C2=NC(NC3=CC=C(N4CCN(CCOCCOCC(=O)NC5=CC=CC6=C5CN(C5CCC(=O)NC5=O)C6=O)CC4)C=C3)=NC=C2C(F)(F)F)C2=CC=CC=C21,P00533,EGFR L858R/T790M/C797S,CRBN,Q96SW2,25.3,95.0,1,1,False,H1975-TM
UXVDWFPWZZBVNL,CCN(CC)C/C=C/C(=O)NC1=CC2=C(NC3=CC=C(F)C(Cl)=C3)N=CN=C2C=C1OCC1=CN(CCCCCCCCCCC(=O)N[C@H](C(=O)N2C[C@H](O)C[C@H]2C(=O)NCC2=CC=C(C3=C(C)N=CS3)C=C2)C(C)(C)C)N=N1,P00533,EGFR 19del,VHL,P40337,204.34,96.0,2,0,False,HCC-827
UYQSFCRTUJKQHR,C#CC1=C(F)C=CC2=CC(O)=CC(C3=NC=C4C(N5CC6CCC(C5)N6)=NC(OCCN5CCC(CC6CCN(CC7CCN(C8=CC(F)=C9C(=C8F)N(C)C(=O)N9C8CCC(=O)NC8=O)CC7)CC6)CC5)=NC4=C3F)=C12,P01116,KRAS,CRBN,Q96SW2,100.0,70.0,1,0,False,AsPC-1
UYRXXCNFMFNUCD,CCC1=C(F)C=CC2=CC(O)=CC(C3=NC=C4C(N5CC6CCC(C5)N6)=NC(OCCN5CCC(CC6CCN(CC7CCN(C8=CC=C9C(=O)N(C%10CCC(=O)NC%10=O)CC9=C8)CC7)CC6)CC5)=NC4=C3F)=C12,P01116,KRAS,CRBN,Q96SW2,100.0,70.0,1,0,False,AsPC-1
UZRZWUYKTDBEPJ,O=C1CCC(N2CC3=CC(OCC4CCN(CC5CCN(C6=CC=C([C@@H]7C8=CC=C(O)C=C8CC[C@@H]7C7=CC=CC=C7)C=C6)CC5)CC4)=CC=C3C2=O)C(=O)N1,P03372,ERalpha,CRBN,Q96SW2,5.0,50.0,1,0,False,MCF7
VAAGRGATPAEEPQ,O=C1CCC(N2C(=O)C3=CC=C(N4C[C@H]5C[C@@H]4CN5CCCCCCC4=CC=C([C@@H]5C6=CC=C(O)C=C6CC[C@@H]5C5=CC=CC=C5)C=C4)C=C3C2=O)C(=O)N1,P03372,ERalpha,CRBN,Q96SW2,5.0,50.0,1,0,False,MCF7
VAIDIUXXWDFKON,C#CC1=C(F)C=CC2=CC(O)=CC(C3=NC=C4C(N5CC6CCC(C5)N6)=NC(OCCN5CCC(CN6CCC7(CC6)CCN(C6=CC=C8C(=O)N(C9CCC(=O)NC9=O)CC8=C6)CC7)CC5)=NC4=C3F)=C12,P01116,KRAS,CRBN,Q96SW2,100.0,70.0,1,0,False,AsPC-1
VBMKCGVNGRQNJV,CN(CCCCCCCCC(=O)NC1=CC=C2C(=O)N(C3CCC(=O)NC3=O)C(=O)C2=C1)CC[C@@H](C1=CC=CC=C1)N1C=C(NC(=O)C2=N[NH]C3=C2CCC(C)(C)C3)C=N1,Q08881,ITK,CRBN,Q96SW2,5.5,93.0,1,1,False,Jurkat
VCOSWEBKUXOFPA,CC1=C(C2=CC=C(CNC(=O)[C@@H]3C[C@@H](O)CN3C(=O)[C@@H](NC(=O)C3(F)CC3)C(C)(C)C)C(OCCCCCCC(=O)N3CCC4(CC3)CCN(C3=CN=CC(NC5=NC=C(Cl)C(C6=CC=CC(C7=CC=CC=C7)=C6)=N5)=C3)C4=O)=C2)SC=N1,Q8TBX8,PIP4K2C,VHL,P40337,107.0,70.0,1,0,False,MOLT4
VCTKTOYXUCNDHN,C#CC1=C(F)C=CC2=CC(O)=CC(C3=NC=C4C(N5CC6CCC(C5)N6)=NC(OCC5(CN6CCN(CC7CCN(C8=CC=C9C(=O)N(C%10CCC(=O)NC%10=O)CC9=C8Cl)CC7)CC6)CC5)=NC4=C3F)=C12,P01116,KRAS,CRBN,Q96SW2,100.0,70.0,1,0,False,AsPC-1
VCUCDKXHGHFYTG,CC1=C(C2=CC=C(CNC(=O)[C@@H]3C[C@@H](O)CN3C(=O)[C@@H](NC(=O)CCCCCCCCSSCCCCCCCCC(=O)N[C@H](C(=O)N3C[C@H](O)C[C@H]3C(=O)NCC3=CC=C(C4=C(C)N=CS4)C=C3)C(C)(C)C)C(C)(C)C)C=C2)SC=N1,P40337,VHL30,VHL,P40337,31.5,80.0,2,1,False,HEK 293
VDWZBRQJPDYIPL,C#CC1=C(F)C=CC2=CC(O)=CC(C3=NC=C4C(N5CC6CCC(C5)N6)=NC(OCCN5CCC(CC6CCN(CC7CCN(C8=CC=C9C(=O)N(C%10CCC(=O)NC%10=O)CC9=C8Cl)CC7)CC6)CC5)=NC4=C3F)=C12,P01116,KRAS,CRBN,Q96SW2,100.0,70.0,1,0,False,AsPC-1
VEXHAYJVIHUVPL,CC(=O)N1CCC2=C(C1)C(N1CCCC3=CC(C4=CN(C)N=C4)=C(C(F)F)C=C31)=NN2C1CCN(C(=O)N2CC3=CC4=C(C=C3C2)C(=O)N(C2CCC(=O)NC2=O)C4=O)CC1,Q92793,CBP,CRBN,Q96SW2,1000.0,32.0,2,0,False,
VEXHWRJKHDYBDL,C#CC1=C(F)C=CC2=CC(O)=CC(C3=NC=C4C(N5CC6CCC(C5)N6)=NC(OCCN5CCC(CC6CCN(CC7CCN(C8=CC=CC9=C8CN(C8CCC(=O)NC8=O)C9=O)CC7)CC6)CC5)=NC4=C3F)=C12,P01116,KRAS,CRBN,Q96SW2,100.0,70.0,1,0,False,AsPC-1
VFCKFYFVFDCREF,CC1=C(C2=CC=C([C@H](C)NC(=O)[C@@H]3C[C@@H](O)CN3C(=O)[C@@H](NC(=O)CCCCCCCCCCCN3C=C(C4=CC(C5=CC=CC=C5O)=NN=C4N)C=N3)C(C)(C)C)C=C2)SC=N1,P51531,SMARCA2,VHL,P40337,8.0,95.5,2,1,False,
VFVIXZOYLFQEFB,CCN1CCC(N2C=C(C3=C[NH]C4=NC=C(C5=CC=C(N6CCC(CC7CCN(C(=O)C8=CC=C(C)C(N9CCC(=O)NC9=O)=C8)CC7)CC6)C=C5)N=C34)C=N2)CC1,Q92918,MAP4K1,CRBN,Q96SW2,616.2,53.0,1,0,False,Jurkat
VHAQFGGOEALDLG,CC1=C(C)C2=C(S1)N1C(C)=NN=C1[C@H](CC(=O)NCCCCCCCCC(=O)N[C@@H](CCCCN)C(=O)N[C@H]1CCC(=O)NC1=O)N=C2C1=CC=C(Cl)C=C1,O60885,BRD4,CRBN,Q96SW2,180.0,97.0,1,0,False,HEK293T
VHZFOSLAXPXGEN,COC1=CC(C2=CN(C)C(=O)C3=CN(C)N=C23)=CC(OC)=C1C(=O)N1CCC2(CCC(CN3CC4=CC5=C(C=C4C3)C(=O)N(C3CCC(=O)NC3=O)C5=O)CC2)CC1,Q9H8M2,BRD9,CRBN,Q96SW2,168.0,99.0,1,0,False,HEK 293
VITPUOAMPGBJPT,CC1=CC(C2=C[NH]C3=NC=C(C4=CC=C(N5CCN(C6=CC=C7C(=O)N(C8CCC(=O)NC8=O)C(=O)C7=C6)CC5)C=C4)N=C23)=CC=C1C(=O)N(C)C,Q92918,MAP4K1,CRBN,Q96SW2,10000.0,22.3,1,0,False,Jurkat
VJBTZFUBOYQFGT,NC1=NC=NC2=C1C(C1=CC=C(OC3=CC=CC=C3)C=C1)=NN2C1CCN(C2CCN(CC#CC3=CC=C4C(=O)N(C5CCC(=O)NC5=O)CC4=C3)CC2)CC1,Q06187,BTK,CRBN,Q96SW2,5.84,96.0,1,1,False,Mino
VJDHUJCABJDGPS,CC(=O)N1CC[C@H]2CC[C@@H](C(=O)N[C@@H](CCC(N)=O)C(=O)N[C@@H](CC3=CC=C(F)C(F)=C3)C(=O)N3CCC(CCC#CC4=CC=CC5=C4CN(C4CCC(=O)NC4=O)C5=O)CC3)N2C(=O)[C@@H](NC(=O)C2=CC3=CC(C(F)(F)P(=O)(O)O)=CC=C3S2)C1,P40763,STAT3,CRBN,Q96SW2,1050.0,76.0,2,0,False,STAT3 HiBiT KI HeLa
VJLJYODMWIENNK,N#CC1=CC=C(N2CCC(C(=O)NC3=CC=C(N4CCC(CN5CCN(CC6CCN(C7=CC=C8C(=O)N(C9CCC(=O)NC9=O)C(=O)C8=C7)CC6)CC5)CC4)C=N3)CC2)C=C1C(F)(F)F,P10275,AR,CRBN,Q96SW2,3.15,81.0,1,1,False,22Rv1/LNCaP
VJOZHCXLOSNDQR,C#CC1=C(F)C=CC2=CC(O)=CC(C3=NC=C4C(N5CC6CCC(C5)N6)=NC(OCC5(CN6CCC(CN7CCN(C8=CC=C9C(=O)N(C%10CCC(=O)NC%10=O)CC9=C8Cl)CC7)CC6)CC5)=NC4=C3F)=C12,P01116,KRAS,CRBN,Q96SW2,100.0,70.0,1,0,False,AsPC-1
VJSRTKOZKJSNOV,CC1=C(C2=CC=C([C@H](C)NC(=O)[C@@H]3C[C@@H](O)CN3C(=O)[C@@H](NC(=O)C3=CC=CC(N4CCN(C5=CC(C6=CC=CC=C6O)=NN=C5N)CC4)=C3)C(C)(C)C)C=C2)SC=N1,P51531,SMARCA2,VHL,P40337,99.0,96.0,1,1,False,A375
VJTKDRZMEZVMQR,CC(C)N1CC[C@H]2CC[C@@H](C(=O)N[C@@H](CCC(N)=O)C(=O)N[C@@H](CC3=CC=C(F)C(F)=C3)C(=O)N3CCC(CCC#CC4=CC=CC5=C4CN(C4CCC(=O)NC4=O)C5=O)CC3)N2C(=O)[C@@H](NC(=O)C2=CC3=CC(C(F)(F)P(=O)(O)O)=CC=C3S2)C1,P40763,STAT3,CRBN,Q96SW2,500.0,83.0,1,0,False,STAT3 HiBiT KI HeLa
VKFATBOBTAEKQC,COC1=CC(C2=CN(C)C(=O)C3=CN=C(C4CC4)C=C23)=CC(OC)=C1C(=O)N1CCC2(CCC(CN3CC4=CC5=C(C=C4C3)C(=O)N(C3CCC(=O)NC3=O)C5=O)CC2)CC1,Q9H8M2,BRD9,CRBN,Q96SW2,117.0,99.0,1,0,False,HEK 293
VKZQGYKMSJMEIB,O=C1CCC(N2CC3=CC(N4CCN(CC[C@H]5C[C@@H](OC6=CC=C([C@@H]7C8=CC=C(O)C=C8CC[C@@H]7C7=CC=CC=C7)C=C6)C5)CC4)=CC=C3C2=O)C(=O)N1,P03372,ERalpha,CRBN,Q96SW2,5.0,75.0,2,0,False,MCF7
VLJYPDPFDHUAPD,C[C@@H]1CC2=C([NH]C3=CC=CC=C23)[C@@H](C2=C(F)C=C(N3CCC4(CCN(C(=O)CN5CC6=CC7=C(C=C6C5)C(=O)N(C5CCC(=O)NC5=O)C7=O)CC4)CC3)C=C2F)N1CC(C)(C)F,P03372,ERalpha,CRBN,Q96SW2,0.8,83.0,1,1,False,
VLNFMLOAARXOIU,COC1=CC(C2=CN(C)C(=O)C3=CN=CC=C23)=CC(OC)=C1C(=O)N1CCC(CN2CC3=CC4=C(C=C3C2)C(=O)N(C2CCC(=O)NC2=O)C4)CC1,Q9H8M2,BRD9,CRBN,Q96SW2,4.4,99.0,1,1,False,HEK 293
VMSBUFTUDPOUJE,CN(CCCOCCCC1=CC=CC2=C1N(C)C(=O)N2C1CCC(=O)NC1=O)C[C@H]1CC[C@H](N2C=C(NC(=O)C3=C4N=C(N5C[C@H](N)CC(F)(F)C5)C=CN4N=C3)C(C(F)F)=N2)CC1,Q9NWZ3,IRAK4,CRBN,Q96SW2,7.0,95.0,1,1,False,OCI-Ly10
VOBNMPSGPBDLFJ,O=C1CCC(N2CC3=CC(N4CCN(C5CCN(CCCC6=CC=C([C@@H]7C8=CC=C(O)C=C8CC[C@@H]7C7=CC=CC=C7)C=C6)CC5)CC4)=CC=C3C2=O)C(=O)N1,P03372,ERalpha,CRBN,Q96SW2,5.0,50.0,1,0,False,MCF7
VOHRGIXPJZQORO,N#CC1=CC=C(N2CCC3(CCN(C4=CC=C(C(=O)N5CCC(CN6CCC7=CC8=C(C=C7CC6)C(=O)N(C6CCC(=O)NC6=O)C8=O)CC5)C=C4)CC3)C2)C=C1Cl,P10275,AR,CRBN,Q96SW2,51.0,51.0,1,0,False,VCaP
VPCHZAQARNLMRU,CC1=NOC([C@H](C(=O)N2C[C@H](O)C[C@H]2C(=O)N[C@@H](CC(=O)NCCOCCOCCOCCNC(=O)C[C@@H]2N=C(C3=CC=C(Cl)C=C3)C3=C(SC(C)=C3C)N3C(C)=NN=C23)C2=CC=C(Cl)C=C2)C(C)C)=C1,O60885,BRD4,VHL,P40337,1100.0,100.0,1,0,False,A549
VQDMELMTAYEQQK,NC(=O)C1=CC=CC2=CN(C3=CC=C([C@@H]4CCCN(C(=O)CC5CCN(CCC6CCN(CC7CN(C8=CC=C9C(=O)N(C%10CCC(=O)NC%10=O)C(=O)C9=C8)C7)CC6)CC5)C4)C=C3)N=C12,P09874,PARP1,CRBN,Q96SW2,500.0,83.57,1,0,False,HCT-116
VQVZAQCNYUSBIJ,CC(=O)N1CCC2=C(C1)C(C1=CC=CC3=CC(C4=CC=C(C(=O)NCCCCNC5=CC=CC6=C5C(=O)N(C5CCC(=O)NC5=O)C6=O)N=C4)=NC=C13)=NN2C1CCOCC1,Q92793,CBP,CRBN,Q96SW2,1.05,73.5,2,0,False,RS4;11
VRDKRKMMGPZFND,CC1=CC=C(NC(=O)CN2C=C(C3=CC=C4C(NC(=O)C5=CC=C(NC(=O)CCCCCCCCCCC(=O)N[C@H](C(=O)N6C[C@H](O)C[C@H]6C(=O)NCC6=CC=C(C7=C(C)N=CS7)C=C6)C(C)(C)C)C=C5)=N[NH]C4=C3)C=N2)C=C1C(F)(F)F,P35968,VEGFR-2,VHL,P40337,890.0,42.9,1,0,False,HGC-27
VRIFSIGVKYUINW,CCC1=CC=CC2=CC(O)=CC(C3=NC=C4C(N5CC6CCC(C5)N6)=NC(OCCN5CCC(CCCN6CCN(C7=CC=C8C(=O)N(C9CCC(=O)NC9=O)C(=O)C8=C7)CC6)CC5)=NC4=C3F)=C12,P01116,KRAS,CRBN,Q96SW2,1000.0,25.0,1,0,False,AsPC-1
VRMPXKBZOXAAOA,CCC1=CC=CC2=CC(O)=CC(C3=NC=C4C(N5CC6CCC(C5)N6)=NC(OCCN5CCC(CCC6CCN(C7=CC=C8C(=O)N(C9CCC(=O)NC9=O)C(=O)C8=C7)CC6)CC5)=NC4=C3F)=C12,P01116,KRAS,CRBN,Q96SW2,1000.0,25.0,1,0,False,AsPC-1
VSVKGKAVEFCRLD,O=C1CCC(N2C(=O)C3=CC4=C(C=C3C2=O)CN(CCCC2CCN(C3=CC=C([C@@H]5C6=CC=C(O)C=C6CC[C@@H]5C5=CC=CC=C5)C=C3)CC2)C4)C(=O)N1,P03372,ERalpha,CRBN,Q96SW2,171.0,79.0,1,0,False,
VTOSAOJQRFRJRP,O=C1CCC(N2C(=O)C3=CC4=C(C=C3C2=O)CN(CC(=O)N2CC3(CCN(C5=CC=C([C@@H]6C7=CC=C(O)C=C7CC[C@@H]6C6=CC=CC=C6)C=C5)CC3)C2)C4)C(=O)N1,P03372,ERalpha,CRBN,Q96SW2,2.8,71.0,1,0,False,
VTQDDHGFBOZGOU,CN1C=C(C2=CC=NC(N3N=CC4=CC(C(C)(C)C)=CC(F)=C4C3=O)=C2CO)C=C(NC2=NN3CCN(C(=O)CCOCCCC4=CC=CC5=C4CN([C@H]4CCC(=O)NC4=O)C5=O)CC3=C2)C1=O,Q06187,BTK,CRBN,Q96SW2,50.0,79.0,1,0,False,Ramos
VUGUNNWXJMBUFV,C#CC1=C(F)C=CC2=CC(O)=CC(C3=NC=C4C(N5CC6CCC(C5)N6)=NC(OCCN5CCC(CC6CCN(CC7CCN(C8=CC=C9C(=O)N(C%10CCC(=O)NC%10=O)CC9=C8F)CC7)CC6)CC5)=NC4=C3F)=C12,P01116,KRAS,CRBN,Q96SW2,100.0,70.0,4,0,False,AsPC-1
VUUHHNWFNGGVNN,O=C1CCC(N2C(=O)C3=CC=CC(OCCCCCCCN4C=C(CCCCCN5CCC(NC(=O)C6=C(NC(=O)C7=C(Cl)C=CC=C7Cl)C=N[NH]6)CC5)N=N4)=C3C2=O)C(=O)N1,P50750,CDK9,CRBN,Q96SW2,100.0,70.1,1,0,False,MOLM-13
VUUVFBLMCDLJPY,C#CC1=C(F)C=CC2=CC(O)=CC(C3=CC=C4C(N5CC6CCC(C5)N6)=NC(OC[C@@H]5CC[C@@H](COC(=O)N6CCN(C7=CC=C8C(=O)N(C9CCC(=O)NC9=O)CC8=C7)CC6)N5C)=NC4=C3F)=C12,P01116,KRAS,CRBN,Q96SW2,100.0,25.0,1,0,False,AsPC-1
VWELFQOMWDAJDG,O=C1CCC(N2C(=O)C3=CC=C(N4CCC(CCN5CCC(CC(=O)N[C@H]6CC[C@@H](NC7=NC=NC8=C7C(C(=O)C7=CC=C(OC9=CC=CC=C9)C=C7Cl)=C[NH]8)CC6)CC5)CC4)C=C3C2=O)C(=O)N1,Q06187,BTK,CRBN,Q96SW2,8.8,94.1,1,1,False,JeKo-1
VXKRNJLOBYGLJC,O=C1CCC(N2C(=O)C3=CC=CC(NCC4=CN(CCCCCOC5=CC=C(CN6C=CC7=CC=C(C(=O)NO)C=C76)C=C5)N=N4)=C3C2=O)C(=O)N1,Q9BY41,HDAC8,CRBN,Q96SW2,620.0,90.16,1,0,False,A549
VXLNSYNTGQHOOZ,CC1=C(C2=CC=C([C@H](C)NC(=O)[C@@H]3C[C@@H](O)CN3C(=O)[C@@H](C3=CC(N4CCC(CN5CCC(C6=CC=CC7=C6C(C)(C)C6=NC(=O)C8=C(Cl)C=CC=C8N76)CC5)CC4)=NO3)C(C)C)C=C2)SC=N1,P51531,SMARCA2,VHL,P40337,19.7,89.0,2,1,False,HT1080 HiBiT
VYMPLVUGLSBJJX,CC(C)S(=O)(=O)C1=CC=CC=C1NC1=NC(NC2=CC=C(N3CCN(C(=O)COCCOCC(=O)NC4=CC=CC5=C4C(=O)N(C4CCC(=O)NC4=O)C5=O)CC3)C=C2)=NC2=C1N=C[NH]2,O14965,AURKA,CRBN,Q96SW2,1260.0,62.1,1,0,False,MV4-11 HiBiT-TTK
VYOVFSMWNUHZTO,C#CC1=C(F)C=CC2=CC(O)=CC(C3=NC=C4C(N5CC6CCC(C5)N6)=NC(OCCN5CCC(CN6CCN(CC7CCN(C8=CC=C9C(=O)N(C%10CCC(=O)NC%10=O)CC9=C8Cl)CC7)CC6)CC5)=NC4=C3F)=C12,P01116,KRAS,CRBN,Q96SW2,100.0,70.0,1,0,False,AsPC-1
VYWPIENJSRHBGS,NC(=O)C1=CC=CC2=CN(C3=CC=C([C@@H]4CCCN(C(=O)CCCCCCNC5=CC=C6C(=O)N(C7CCC(=O)NC7=O)C(=O)C6=C5)C4)C=C3)N=C12,P09874,PARP1,CRBN,Q96SW2,20000.0,37.28,1,0,False,HCT-116
VYYGKORDPITVLF,O=C1CCC(N2CC3=CC(N4CCN5CCN(CCCCOC6=CC=C([C@@H]7C8=CC=C(O)C=C8CC[C@@H]7C7=CC=CC=C7)C=C6)CC5C4)=CC=C3C2=O)C(=O)N1,P03372,ERalpha,CRBN,Q96SW2,5.0,50.0,1,0,False,MCF7
VZFLGBAUHUFQIW,COC1=CC(C2=CN(C)C(=O)C3=CN=CC=C23)=CC(OC)=C1C(=O)N1CCC2(CC1)CC(CN1CC3=CC4=C(C=C3C1)C(=O)N(C1CCC(=O)NC1=O)C4=O)C2,Q9H8M2,BRD9,CRBN,Q96SW2,62.0,99.0,1,1,False,HEK 293
VZVNRZMYYBZOEH,CC1=NOC(C)=C1C1=CC=C2C(=C1)N=C([C@@H]1CCCC(=O)N1C1=CC=C(F)C(F)=C1)N2[C@H]1CC[C@H](OCC(=O)NC2CN(C3=CC=C4C(=O)N(C5CCC(=O)NC5=O)C(=O)C4=C3)C2)CC1,Q92793,CBP,CRBN,Q96SW2,81.75,54.5,2,0,False,22Rv1
WAIHYAJCHLPMKK,C[C@@H]1CC2=C(C=CC3=C2C=N[NH]3)[C@@H](C2=CC=C(N3CCC4(CCN(C(=O)CN5CC6=CC7=C(C=C6C5)C(=O)N(C5CCC(=O)NC5=O)C7=O)CC4)CC3)C=N2)N1CC(F)(F)F,P03372,ERalpha,CRBN,Q96SW2,3.8,107.0,1,1,False,
WBCDANJGKYYWKX,O=C1CCC(N2C(=O)C3=CC4=C(C=C3C2=O)CN(CC(=O)N2CCC3(C2)CN(C2=CC=C([C@@H]5C6=CC=C(O)C=C6CC[C@@H]5C5=CC=CC=C5)C=C2)C3)C4)C(=O)N1,P03372,ERalpha,CRBN,Q96SW2,1000.0,23.0,1,0,False,
WBFUHQGQDBHUHR,O=C1CCC(N2CC3=CC(N4CCN(C[C@H]5CC[C@H](COC6=CC=C([C@@H]7C8=CC=C(O)C=C8CC[C@@H]7C7=CC=CC=C7)C=C6)O5)CC4)=CC=C3C2=O)C(=O)N1,P03372,ERalpha,CRBN,Q96SW2,5.0,62.5,4,0,False,MCF7
WBIMQWZSRFMWEW,C#CC1=C(F)C=CC2=CC(O)=CC(C3=NC=C4C(N5CC6CCC(C5)N6)=NC(OCCN5CCC(CN6CC7(CCN(C8=CC=C9C(=O)N(C%10CCC(=O)NC%10=O)CC9=C8)CC7)C6)CC5)=NC4=C3F)=C12,P01116,KRAS,CRBN,Q96SW2,100.0,70.0,1,0,False,AsPC-1
WBIVQSOBWUMMPM,C#CC1=C(F)C=CC2=CC(O)=CC(C3=NC=C4C(N5CC6CCC(C5)N6)=NC(OCCN5CCC(CC6(F)CCN(CC7CCN(C8=CC=C9C(=O)N(C%10CCC(=O)NC%10=O)CC9=C8)CC7)CC6)CC5)=NC4=C3F)=C12,P01116,KRAS,CRBN,Q96SW2,1000.0,25.0,1,0,False,AsPC-1
WBMJNGGUHCHFHY,C[C@H]1CC2(CCN(C3=CC=C(C(=O)N4CCN(C5CN(C6=CC=C7C(=O)N(C8CCC(=O)NC8=O)C(=O)C7=C6)C5)CC4)C=C3)CC2)CN1C1=CC=C(C#N)C(Cl)=C1,P10275,AR,CRBN,Q96SW2,0.6,97.0,1,1,False,VCaP/LNCaP
WBRLVFUNFSROOW,CCS(=O)(=O)N1C=C(C2=NC(NC3=CC=C(N4CCN(CCCC(=O)NC5=CC=CC6=C5CN(C5CCC(=O)NC5=O)C6=O)CC4)C=C3)=NC=C2C(F)(F)F)C2=CC=CC=C21,P00533,EGFR L858R/T790M/C797S,CRBN,Q96SW2,49.7,95.0,1,1,False,H1975-TM
WBWCGTJXNCHFJI,NC1=NN=C(C2=CC=CC=C2O)C=C1N1CCN(CC2=CC=C(N3CCN(CCOC4=CC=CC5=C4C(=O)N(C4CCC(=O)NC4=O)C5=O)CC3)C(F)=C2)CC1,P51531,SMARCA2,CRBN,Q96SW2,13.25,98.935,2,1,False,H1792 SMARCA4-WT
WBYWTMBEFZPCDI,CC(=O)N1CCC2=C(C1)C(C1=CC=CC3=CC(C4=CC=C(C(=O)NCCCCCC5=CC=CC6=C5CN(C5CCC(=O)NC5=O)C6=O)N=C4)=NC=C13)=NN2C1CCOCC1,Q92793,CBP,CRBN,Q96SW2,0.15,99.0,2,1,False,RS4;11
WDAIGOZXKMXZKM,CC1C2=CC(N3CCN(CC4CCN(C5=CC=C([C@@H]6C7=CC=C(O)C=C7CC[C@@H]6C6=CC=CC=C6)C=C5)CC4)CC3)=CC=C2C(=O)N1C1CCC(=O)NC1=O,P03372,ERalpha,CRBN,Q96SW2,5.0,50.0,1,0,False,MCF7
WDLZHYCTSMXJHB,C#CC1=C(F)C=CC2=CC(O)=CC(C3=NC=C4C(N5CC6CCC(C5)N6)=NC(OCCN5CCC(C)(CN6CCN(CC7CCN(C8=CC=C9C(=C8)N(C)C(=O)N9C8CCC(=O)NC8=O)CC7)CC6)CC5)=NC4=C3F)=C12,P01116,KRAS,CRBN,Q96SW2,100.0,70.0,1,0,False,AsPC-1
WECSQMYJFLXZBV,O=C1CCC(N2CC3=CC(F)=C(N4CCN(CCCCCOC5=CC=C([C@@H]6C7=CC=C(O)C=C7CC[C@@H]6C6=CC=CC=C6)C=C5)CC4)C=C3C2=O)C(=O)N1,P03372,ERalpha,CRBN,Q96SW2,5.0,50.0,1,0,False,MCF7
WETJEURCIBDILQ,O=C1CCC(N2C(=O)C3=CC=C(N4CCC(CN5CCC(NC(=O)C6=N[NH]C=C6NC(=O)C6=C(Cl)C=CC=C6Cl)CC5)C4)C=C3C2=O)C(=O)N1,P24941,CDK2,CRBN,Q96SW2,4.71,67.28,1,0,False,HL-60
WEVHKLUDFWCWDR,O=C1CCC(N2CC3=CC(N4CCN(CC5CC6CC(OC7=CC=C([C@@H]8C9=CC=C(O)C=C9CC[C@@H]8C8=CC=C(F)C=C8)C=C7)CC6C5)CC4)=CC=C3C2=O)C(=O)N1,P03372,ERalpha,CRBN,Q96SW2,5.0,50.0,1,0,False,MCF7
WFDYOAWNEOGIPM,CN1CCN([C@@H]2CCCN(C3=CN=C(C(N)=O)C(NC4=CC=C(C5CCN(C[C@@H]6CCN(C7=CC=C8C(=O)N([C@@H]9CCC(=O)NC9=O)C(=O)C8=C7)C6)CC5)C=C4)=N3)C2)C1=O,Q06187,BTK,CRBN,Q96SW2,0.85,94.5,2,1,False,TMD8
WGGPAPYRIGTXOE,CC1=CC(C2=C[NH]C3=NC=C(C4=CC=C(C5CCN(C6CCN(C7=CC=C8C(=O)N(C9CCC(=O)NC9=O)C(=O)C8=C7)C6)CC5)C=C4)N=C23)=CC=C1C(=O)N(C)C,Q92918,MAP4K1,CRBN,Q96SW2,94.0,76.6,1,0,False,Jurkat
WGJGFPKWFPZEQC,CC1=CC(C2=C[NH]C3=NC=C(C4=CC=C(C5CCN(C6CN(C(=O)CNC7=CC=CC8=C7C(=O)N(C7CCC(=O)NC7=O)C8=O)C6)CC5)C=C4)N=C23)=CC=C1C(=O)N(C)C,Q92918,MAP4K1,CRBN,Q96SW2,10000.0,22.7,1,0,False,Jurkat
WGMFZIISHOKQMF,CN1CC[C@H]2CC[C@@H](C(=O)N[C@@H](CCC(N)=O)C(=O)N[C@H](C(=O)NCCCCCCCCCC#CC3=CC=CC4=C3CN(C3CCC(=O)NC3=O)C4=O)C3=CC=CC=C3)N2C(=O)[C@@H](NC(=O)C2=CC3=CC(C(F)(F)P(=O)(O)O)=CC=C3S2)C1,P40763,STAT3,CRBN,Q96SW2,300.0,66.0,1,0,False,STAT3 HiBiT KI HeLa
WHYMRXDDDKXAAH,CC1=C(C2=CC=C(CNC(=O)[C@@H]3C[C@@H](O)CN3C(=O)[C@@H](NC(=O)CCCC(=O)N3CCN(C4=CC=C(NC5=NC(NC6=CC=CC=C6S(=O)(=O)C(C)C)=C6N=C[NH]C6=N5)C=C4)CC3)C(C)(C)C)C=C2)SC=N1,O14965,AURKA,VHL,P40337,1703.0,35.2,1,0,False,MV4-11 HiBiT-TTK
WISQYAWVRSJAJK,N#CC1=CC=C(N2CCC3(CCN(C4=CC=C(C(=O)N5CCC(N6CCC7=CC8=C(C=C7C6)C(=O)N(C6CCC(=O)NC6=O)C8=O)CC5)C=C4)CC3)C2)C=C1Cl,P10275,AR,CRBN,Q96SW2,73.0,63.0,1,0,False,VCaP
WIXGTYZXQCOTOO,CN1CCN([C@@H]2CCCN(C3=CN=C(C(N)=O)C(NC4=CC=C(C5(C)CCN(C[C@H]6CCN(C7=CC=C8C(=O)N([C@@H]9CCC(=O)NC9=O)C(=O)C8=C7)C6)CC5)C=C4)=N3)C2)C1=O,Q06187,BTK,CRBN,Q96SW2,0.6,96.0,1,1,False,TMD8
WKMVMHORNDWWMD,CC(=O)C1=C(C)C2=CN=C(NC3=CC=C(N4CCN(CCCCCCC(=O)N5CCC[C@H]5C(=O)N[C@@H]5CCC(=O)NC5=O)CC4)C=N3)N=C2N(C2CCCC2)C1=O,P11802,CDK4,CRBN,Q96SW2,49.0,58.5,2,0,False,Jurkat
WLNCYXQRZBMBKC,COC1=CC(C2=CN(C)C(=O)C3=CN=CC=C23)=CC(OC)=C1C(=O)N1CC2(CCC(CN3CC4=CC5=C(C=C4C3)C(=O)N(C3CCC(=O)NC3=O)C5=O)CC2)C1,Q9H8M2,BRD9,CRBN,Q96SW2,198.0,95.0,1,0,False,HEK 293
WLTPLZGGRXBLKV,CC1=CC=C(NC(=O)CN2C=C(C3=CC=C4C(NC(=O)C5=CC=C(NC(=O)CCCCCCC(=O)N[C@H](C(=O)N6C[C@H](O)C[C@H]6C(=O)NCC6=CC=C(C7=C(C)N=CS7)C=C6)C(C)(C)C)C=C5)=N[NH]C4=C3)C=N2)C=C1C(F)(F)F,P35968,VEGFR-2,VHL,P40337,280.0,48.0,1,0,False,HGC-27
WLVURAOQRSTWDQ,CCC1=CC=CC2=CC(O)=CC(C3=NC=C4C(N5CC6CCC(C5)N6)=NC(OCCN5CCC(CN6CCC(OC7=CC=CC8=C7C(=O)N(C7CCC(=O)NC7=O)C8=O)CC6)CC5)=NC4=C3F)=C12,P01116,KRAS,CRBN,Q96SW2,1000.0,25.0,1,0,False,AsPC-1
WLWKNXUSLSOAGM,COC1=CC2=NC(C)=NC(N[C@H](C)C3=CC(N)=CC(C(F)(F)F)=C3)=C2C=C1OCC1(CN(C)C(=O)CCCCCCNC2=CC=CC3=C2C(=O)N(C2CCC(=O)NC2=O)C3=O)CC1,Q07889,SOS1,CRBN,Q96SW2,13.0,88.0,1,1,False,H358
WMEBCPXSPHQTBP,CC1=C(C2=CC=C([C@H](C)NC(=O)[C@@H]3C[C@@H](O)CN3C(=O)[C@@H](NC(=O)CCN3C=C(C4=CC(C5=CC=CC=C5O)=NN=C4N)C=N3)C(C)(C)C)C=C2)SC=N1,P51531,SMARCA2,VHL,P40337,1000.0,9.5,2,0,False,
WNEWREMJBRGDRZ,O=C1CCC(N2C(=O)C3=CC=C(N4CCN(CC5CN(CCOC6=CC=C([C@@H]7C8=CC=C(O)C=C8CC[C@@H]7C7=CC=CC=C7)C=C6)C5)CC4)C=C3C2=O)C(=O)N1,P03372,ERalpha,CRBN,Q96SW2,5.0,50.0,1,0,False,MCF7
WNTMFWJFGDGXOH,CC1=NN=C2COCC3=C(SC(C#CC4=CN(C5(CCN6CCN(C)CC6)CN(C6=CC=CC7=C6C(=O)N(C6CCC(=O)NC6=O)C7=O)C5)N=C4)=C3CC3=CC=CC=C3)N12,P25440,BRD2,CRBN,Q96SW2,1000.0,18.0,9,0,False,MV4;11/MV-4-11/MOLM13
WORAYIFYRBXMHL,C#CC1=C(F)C=CC2=CC(O)=CC(C3=NC=C4C(N5CC6CCC(C5)N6)=NC(OCCN5CCC(CCC6CCN(C7=CC=CC8=C7CN(C7CCC(=O)NC7=O)C8=O)CC6)CC5)=NC4=C3F)=C12,P01116,KRAS,CRBN,Q96SW2,250.0,70.0,1,0,False,AsPC-1
WOWBMCKVEBETPS,CCC1=CC=CC2=CC(O)=CC(C3=NC=C4C(N5CC6CCC(C5)N6)=NC(OCCN5CCC6(CC5)CCN(CC5CCN(C7=CC=C8C(=O)N(C9CCC(=O)NC9=O)C(=O)C8=C7)CC5)CC6)=NC4=C3F)=C12,P01116,KRAS,CRBN,Q96SW2,100.0,50.0,1,0,False,AsPC-1
WQAXDAXKKXPWDH,CC1=NC(NC2=NC=C(C(=O)NC3=C(C)C=CC=C3Cl)S2)=CC(N2CCN(CCCN3CC4CC3CN4C3=CC=C(C4CCC(=O)NC4=O)C=C3)CC2)=N1,P06239,LCK,CRBN,Q96SW2,20.3,83.0,1,1,False,KOPT-K1
WQCUYCXVAFPYDC,CN1C=C(C2=CC=NC(N3CCN4C(=CC5=C4CC(C)(C)C5)C3=O)=C2CO)C=C(NC2=CC=C(N3CCN(C(=O)CCCCCCNC4=CC=CC5=C4C(=O)N(C4CCC(=O)NC4=O)C5=O)CC3)C=N2)C1=O,Q06187,BTK,CRBN,Q96SW2,2.0,96.9,1,1,False,Ramos/JeKo-1
WQEHHOOLWBGLLA,O=C1CCC(N2CC3=CC(N4CCN(CCO[C@H]5C[C@H](OC6=CC=C([C@@H]7C8=CC=C(O)C=C8CC[C@@H]7C7=CC=CC=C7)C=C6)C5)CC4)=CC=C3C2=O)C(=O)N1,P03372,ERalpha,CRBN,Q96SW2,5.0,62.5,2,0,False,MCF7
WQYDJYODLBQPRD,O=C1CCC(N2C(=O)C3=CC=CC(OCCCCCN4C=C(CCCCN5CCC(NC(=O)C6=C(NC(=O)C7=C(Cl)C=CC=C7Cl)C=N[NH]6)CC5)N=N4)=C3C2=O)C(=O)N1,P50750,CDK9,CRBN,Q96SW2,130.0,67.5,1,0,False,MOLM-13
WRZYMJHWCLMXPV,O=C1CCC(N2C(=O)C3=CC=C(N4CCN(CC5CCN(C6=CC=C([C@@H]7C8=CC=C(O)C=C8CC[C@@H]7C7=CC=CC=C7)C=N6)CC5)CC4)C=C3C2=O)C(=O)N1,P03372,ERalpha,CRBN,Q96SW2,5.0,75.0,1,0,False,MCF7
WSCDDQDDVVHUBS,CC(=O)N1CCC2=C(C1)C(N1CCCC3=CC(C4=CN(C)N=C4)=C(C(F)F)C=C31)=NN2C1CCN(C(=O)CCCCCNC2=CC=CC3=C2C(=O)N(C2CCC(=O)NC2=O)C3=O)CC1,Q92793,CBP,CRBN,Q96SW2,0.3,95.0,2,1,False,VCaP
WSRMBRDBSUTIRU,CC(=O)N1CCC2=C(C1)C(N1CCCC3=CC(C4=CN(C)N=C4)=C(C(F)F)C=C31)=NN2C1CCN(C(=O)NC2=CC=C3C(=O)N(C4CCC(=O)NC4=O)C(=O)C3=C2)CC1,Q92793,CBP,CRBN,Q96SW2,0.2,95.0,2,1,False,VCaP
WUMPBGARIFQLBV,CCC1=CC=CC2=CC(O)=CC(C3=NC=C4C(N5CC6CCC(C5)N6)=NC(OCCN5CCC(O[C@H]6C[C@H](OC7CCN(C8=CC=CC9=C8CN(C8CCC(=O)NC8=O)C9=O)CC7)C6)CC5)=NC4=C3F)=C12,P01116,KRAS,CRBN,Q96SW2,250.0,25.0,1,0,False,AsPC-1
WUXCNLMXASWHTR,CN1CC[C@H]2CC[C@@H](C(=O)N[C@@H](CCC(N)=O)C(=O)N[C@@H](CC3=CC=CC=C3)C(=O)N3CCC(CCC#CC4=CC=CC5=C4CN(C4CCC(=O)NC4=O)C5=O)CC3)N2C(=O)[C@@H](NC(=O)C2=CC3=CC(C(F)(F)P(=O)(O)O)=CC=C3S2)C1,P40763,STAT3,CRBN,Q96SW2,130.0,94.0,1,0,False,STAT3 HiBiT KI HeLa
WUYXNOSTUQQLBT,CC1=NOC([C@H](C(=O)N2C[C@H](O)C[C@H]2C(=O)N[C@@H](C)C2=CC=C(C3=C(C#CCOCCOCCOCCNC(=O)C[C@@H]4N=C(C5=CC=C(Cl)C=C5)C5=C(SC(C)=C5C)N5C(C)=NN=C45)N=CS3)C=C2)C(C)C)=C1,O60885,BRD4,VHL,P40337,16.0,98.0,1,1,False,A549
WVMKYLVDQAXAQJ,O=C1CCC(N2C(=O)C3=CC=C(N4CCCN(CCCCCOC5=CC=C([C@@H]6C7=CC=C(O)C=C7CC[C@@H]6C6=CC=CC=C6)C=C5)CC4)C=C3C2=O)C(=O)N1,P03372,ERalpha,CRBN,Q96SW2,5.0,50.0,1,0,False,MCF7
WVZMAPKGVNYBBQ,O=C1CCN(C2=CC(C(=O)N3CCC(CC4CCN(C5=CC=C(C6=CN=C7[NH]C=C(C8=CN(CC9CC9)N=C8)C7=N6)C=N5)CC4)CC3)=CC=C2Cl)C(=O)N1,Q92918,MAP4K1,CRBN,Q96SW2,632.3,52.0,1,0,False,Jurkat
WWIWRKBFUYUZCF,O=C1CCC(N2C(=O)C3=CC=C(N4CCN(CCN5CCC(OC6=CC=C([C@@H]7C8=CC=C(O)C=C8CC[C@@H]7C7=CC=CC=C7)C=C6)CC5)CC4)C=C3C2=O)C(=O)N1,P03372,ERalpha,CRBN,Q96SW2,5.0,50.0,1,0,False,MCF7
WWKHZRWKTJZXRY,CC1=C(C2=CC=C([C@H](C)NC(=O)[C@@H]3C[C@@H](O)CN3C(=O)[C@@H](NC(=O)CCCCCCOC3=CC=CC=C3C3=CSC(C4=CSC(NC5=CC=C(Cl)C=C5)=N4)=N3)C(C)(C)C)C=C2)SC=N1,Q16678,CYP1B1,VHL,P40337,0.1,80.0,1,1,False,A549/Taxol
WWUUIOHCIGBTOS,O=C1CCC(N2CC3=CC(N4CCN(CCCCCOC5=CC=C([C@@H]6C7=CC=C(O)C=C7CC[C@@H]6C6=CC=CC=C6)C=C5)CC4)=CC=C3C2=O)C(=O)N1,P03372,ERalpha,CRBN,Q96SW2,5.0,75.0,1,0,False,MCF7
WXEOAYUJLFQPPX,O=C1CCC(N2C(=O)C3=CC=C(N4CC(C(=O)N5CCC(NC(=O)C6=N[NH]C=C6NC(=O)C6=C(Cl)C=CC=C6Cl)CC5)C4)C=C3C2=O)C(=O)N1,P24941,CDK2,CRBN,Q96SW2,100.0,34.2,1,0,False,HL-60
WXSOTMXNHJTFKS,CC1=C(C)C2=C(S1)N1C(C)=NN=C1[C@H](CC(=O)N1CCC(C3=CC=C4C(=O)N(C5CCC(=O)NC5=O)CC4=C3)CC1)N=C2C1=CC=C(Cl)C=C1,O60885,BRD4,CRBN,Q96SW2,9.1,97.0,1,1,False,HEK293
WYAGKTWXXPHQHY,COCCN1C=C(C2=C[NH]C3=NC=C(C4=CC=C(N5CCC(CC6CCN(C(=O)C7=CC=C(Cl)C(N8CCC(=O)NC8=O)=C7)CC6)CC5)N=C4)N=C23)C=N1,Q92918,MAP4K1,CRBN,Q96SW2,30.6,76.0,1,0,False,Jurkat
WYGVTHFBQTVIFP,O=C1CCC(N2CC3=CC(OCCCOCCCOC4=CC=C([C@@H]5C6=CC=C(O)C=C6CC[C@@H]5C5=CC=CC=C5)C=C4)=CC=C3C2=O)C(=O)N1,P03372,ERalpha,CRBN,Q96SW2,50.0,50.0,1,0,False,MCF7
WYWJHXKHDRJYLX,O=C(CCCCOC1=CC=C(CCNC(=O)C2=CC=CC(C(=O)NO)=C2)C=C1)NCCCCCCNC1=CC=CC2=C1C(=O)N(C1CCC(=O)NC1=O)C2=O,Q9BY41,HDAC8,CRBN,Q96SW2,147.0,93.0,1,0,False,HCT-116
WZAJDWUHOWVKTB,CC1=NOC([C@@H](C(=O)N2C[C@H](O)C[C@H]2C(=O)N[C@@H](CC(=O)NCCCCCCCCN2C=C(C3=CC(C4=CC=CC=C4O)=NN=C3N)C=N2)C2=CC=C(C3=C(C)N=CS3)C=C2)C(C)C)=C1,P51531,SMARCA2,VHL,P40337,66.5,92.0,2,1,False,
XAGBOVYJSAYQKP,O=C1CC[C@H](N2CC3=C(C=CC4=C3OCC43CCN(C(=O)CN4CCC5(CC4)CN(C4=CC=C([C@@H]6C7=CC=C(O)C=C7CC[C@@H]6C6=CC=CC=C6)C=C4)C5)CC3)C2=O)C(=O)N1,P03372,ERalpha,CRBN,Q96SW2,0.03427,96.0,1,1,False,MCF-7
XAIUILGXTPIVSR,CC1=C(C2=CC=C(CNC(=O)[C@@H]3C[C@@H](O)CN3C(=O)[C@H](NC(=O)CCC(=O)NCCNC(=O)CCC(=O)N3CCN(C4=CC=C(NC5=NC(NC6CCCCC6)=C6N=C[NH]C6=N5)C=C4)CC3)C(C)(C)C)C=C2)SC=N1,P33981,TTK,VHL,P40337,5651.0,29.1,5,0,False,MV4-11 HiBiT-TTK
XAVPYITYYYJIQW,O=C1CCC(N2C(=O)C3=CC=C(N4CCN(C5CC6CC(OC7=CC=C([C@@H]8C9=CC=C(O)C=C9CC[C@@H]8C8=CC=C(F)C=C8)C=C7)CC6C5)CC4)C=C3C2=O)C(=O)N1,P03372,ERalpha,CRBN,Q96SW2,5.0,75.0,1,0,False,MCF7
XCBCSMPJWBDVGA,CN1CC[C@H]2CC[C@@H](C(=O)N[C@@H](CCC(N)=O)C(=O)N[C@](C)(C(=O)N3CCC(CCC#CC4=CC=CC5=C4CN(C4CCC(=O)NC4=O)C5=O)CC3)C3=CC=CC=C3)N2C(=O)[C@@H](NC(=O)C2=CC3=CC(C(F)(F)P(=O)(O)O)=CC=C3S2)C1,P40763,STAT3,CRBN,Q96SW2,5000.0,2.0,1,0,False,STAT3 HiBiT KI HeLa
XCKSBMUXNUXUCS,O=C1CCC(N2CC3=CC(N4CCN(CC5=CC=C(COC6=CC=C([C@@H]7C8=CC=C(O)C=C8CC[C@@H]7C7=CC=CC=C7)C=C6)N=N5)CC4)=CC=C3C2=O)C(=O)N1,P03372,ERalpha,CRBN,Q96SW2,5.0,75.0,1,0,False,MCF7
XCPBPBXTEDKQFJ,O=C1CC[C@H](N2CC3=C(C=CC4=C3OCC43CCN(CC(=O)N4CCCC5(CCN(C6=CC=C([C@@H]7C8=CC=C(O)C=C8CC[C@@H]7C7=CC=CC=C7)C=C6)CC5)C4)CC3)C2=O)C(=O)N1,P03372,ERalpha,CRBN,Q96SW2,0.02888,99.0,1,1,False,MCF-7
XCPFPRATYXSOSM,O=C1CC[C@H](N2CC3=C(C=CC4=C3OC[C@H]3CN(CC(=O)N5CCN(C6=CC=C([C@@H]7C8=CC=C(O)C=C8CC[C@@H]7C7=CC=CC=C7)C=C6)CC5)CCN43)C2=O)C(=O)N1,P03372,ERalpha,CRBN,Q96SW2,0.1,86.0,1,1,False,MCF-7
XETBTLFBEYTSGJ,CC(=O)N1CCC2=C(C1)C(C1=CC=CC3=CC(C4=CC=C(C(=O)NCCCNC5=CC=CC6=C5CN(C5CCC(=O)NC5=O)C6=O)N=C4)=NC=C13)=NN2C1CCOCC1,Q92793,CBP,CRBN,Q96SW2,1.0,96.5,2,1,False,RS4;11
XFCSJLLJBWEKHM,CC1=NOC(C)=C1C1=CC=C2C(=C1)N=C([C@@H]1CCCC(=O)N1C1=CC=C(F)C(F)=C1)N2[C@H]1CC[C@H](OCC(=O)NC2CCN(C3=CC=C4C(=O)N(C5CCC(=O)NC5=O)C(=O)C4=C3)CC2)CC1,Q92793,CBP,CRBN,Q96SW2,96.8,77.5,2,0,False,22Rv1
XFWHUBPGSYYZFD,CC(C)S(=O)(=O)C1=CC=CC=C1NC1=NC(NC2=CC=C(N3CCN(C(=O)CCCC(=O)NC4=CC=CC5=C4C(=O)N(C4CCC(=O)NC4=O)C5=O)CC3)C=C2)=NC2=C1N=C[NH]2,P33981,TTK,CRBN,Q96SW2,168.0,38.8,3,0,False,MV4-11 HiBiT-TTK
XGLDUONNQKNIIH,O=C1CCC(N2CC3=C(C=CC(N4CCC(CN5CCC(CC6CCN(CCOC7=NC(N8CC9CCC(C8)N9)=C8C=NC(C9=CC(O)=CC(Cl)=C9C9CC9)=C(F)C8=N7)CC6)CC5)CC4)=C3F)C2=O)C(=O)N1,P01116,KRAS,CRBN,Q96SW2,100.0,70.0,1,0,False,AsPC-1
XHEUEZODLRVMMV,CC(=O)N1CCC2=C(C1)C(C1=CC=CC3=CC(C4=CC=C(C(=O)NCCNC5=CC=C6C(=O)N(C7CCC(=O)NC7=O)CC6=C5)N=C4)=NC=C13)=NN2C1CCOCC1,Q92793,CBP,CRBN,Q96SW2,3.1,76.5,2,0,False,RS4;11
XHLTXBOEIXDCPZ,COC1=CC(N2CCN(CC3CCN(C4=CC(F)=C(C5CCN(C6=CC=C(C#N)C(C(F)(F)F)=C6F)CC5)C(F)=C4)CC3)CC2)=CC2=C1C(=O)N(C1CCC(=O)NC1=O)C2,P10275,AR,CRBN,Q96SW2,325.5,90.0,2,0,False,LnCAP
XIDSBFCBCIVRKK,CC1=C(C)C2=C(S1)N1C(C)=NN=C1[C@H](CC(=O)NCCCCCCCCC(=O)N[C@@H](CO)C(=O)N[C@H]1CCC(=O)NC1=O)N=C2C1=CC=C(Cl)C=C1,O60885,BRD4,CRBN,Q96SW2,440.0,84.0,1,0,False,HEK293T
XINDLZAKDOXYAG,CCC1=CC=CC2=CC(O)=CC(C3=NC=C4C(N5CC6CCC(C5)N6)=NC(OCCN5CCN(CC6CCN(C7=CC=C(N8CCC(=O)NC8=O)C(F)=C7)CC6)CC5)=NC4=C3F)=C12,P01116,KRAS,CRBN,Q96SW2,1000.0,25.0,1,0,False,AsPC-1
XLACHYFHBVMREJ,C#CC1=C(F)C=CC2=CC(O)=CC(C3=NC=C4C(N5CC6CCC(C5)N6)=NC(OCCN5CCC(CC6CCN(CC7CCN(C8=CC=C9C(=C8)N(C(C)C)C(=O)N9C8CCC(=O)NC8=O)CC7)CC6)CC5)=NC4=C3F)=C12,P01116,KRAS,CRBN,Q96SW2,100.0,70.0,1,0,False,AsPC-1
XLGXYNSRFYOHBS,CN1C=C(C2=CC=NC(N3CCN4C(=CC5=C4CC(C)(C)C5)C3=O)=C2CO)C=C(NC2=CC=C(N3CCN(C(=O)CCCCCCOCCOCC(=O)NC4=CC=CC5=C4C(=O)N(C4CCC(=O)NC4=O)C5=O)CC3)C=N2)C1=O,Q06187,BTK,CRBN,Q96SW2,4.0,98.3,1,1,False,Ramos/JeKo-1
XLTDZGQZLOIMGM,C#CC1=C(F)C=CC2=CC(O)=CC(C3=NC=C4C(N5CC6CCC(C5)N6)=NC(OC[C@@H]5C[C@@H](OC6CCN(CC7CCN(C8=CC=C9C(=C8F)N(C)C(=O)N9C8CCC(=O)NC8=O)CC7)CC6)CN5C)=NC4=C3F)=C12,P01116,KRAS,CRBN,Q96SW2,100.0,70.0,1,0,False,AsPC-1
XLWJWCMQMBVNSG,NC(=O)C1=NC=C(N2CCCCC2)N=C1NC1=CC=C(C2CCN(C[C@H]3CCN(C4=CC=C5C(=O)N([C@H]6CCC(=O)NC6=O)C(=O)C5=C4)C3)CC2)C=C1,Q06187,BTK,CRBN,Q96SW2,4.5,94.0,1,1,False,TMD8
XMIOCXZSPKUWLC,CC1=C(C2=CC=C([C@H](C)NC(=O)[C@@H]3C[C@@H](O)CN3C(=O)[C@@H](NC(=O)CCC3=CC=NC(N4CCN(C5=CC(C6=CC=CC=C6O)=NN=C5N)CC4)=C3)C(C)(C)C)C=C2)SC=N1,P51531,SMARCA2,VHL,P40337,379.0,80.0,1,0,False,A375
XMQFHNQKUCBVPQ,O=C1CCC(N2C(=O)C3=CC4=C(C=C3C2=O)CN(C2CN(CC3CCN(C5=CC=C([C@@H]6C7=CC=C(O)C=C7CC[C@@H]6C6=CC=CC=C6)C=C5)CC3)C2)C4)C(=O)N1,P03372,ERalpha,CRBN,Q96SW2,989.0,50.0,1,0,False,
XMWSKICAFPPYSY,NC1=NC=NC2=C1C(C1=CC=C(OC3=CC=CC=C3)C=C1)=NN2C1CCN(CC2=CC=C(C#CC3CCN(C4=CC=C5C(=O)N(C6CCC(=O)NC6=O)C(=O)C5=C4)CC3)N=C2)CC1,Q06187,BTK,CRBN,Q96SW2,51.1,97.75,1,1,False,Ramos
XNBPWGHLZPHXLY,CC(=O)C1=C(C)C2=CN=C(NC3=CC=C(N4CCN(CCCCCCC(=O)N5CCC[C@H]5C(=O)N[C@H]5CC(=O)NC5=O)CC4)C=N3)N=C2N(C2CCCC2)C1=O,P11802,CDK4,CRBN,Q96SW2,6.0,82.5,2,1,False,Jurkat
XNMNRUWTRAUODP,CC1=CC(C2=C[NH]C3=NC=C(C4=CC=C(N5CCN(CC6CN(C7=CC=C8C(=O)N(C9CCC(=O)NC9=O)C(=O)C8=C7)C6)CC5)C=C4)N=C23)=CC=C1C(=O)N(C)C,Q92918,MAP4K1,CRBN,Q96SW2,133.9,94.6,1,0,False,Jurkat
XNTVMRGEBFMCMD,CC1=C(C)C2=C(S1)N1C(C)=NN=C1[C@H](CC(=O)NCCCCCCCCC(=O)N[C@@H](CCC(=O)O)C(=O)N[C@H]1CC(=O)NC1=O)N=C2C1=CC=C(Cl)C=C1,O60885,BRD4,CRBN,Q96SW2,1810.0,56.0,1,0,False,HEK293T
XNWOVOPPKBOHMJ,O=C1CCC(N2CC3=CC(NCCN4CCN(CCOC5=CC=C([C@@H]6C7=CC=C(O)C=C7CC[C@@H]6C6=CC=CC=C6)C=C5)CC4)=CC=C3C2=O)C(=O)N1,P03372,ERalpha,CRBN,Q96SW2,50.0,50.0,1,0,False,MCF7
XNWVLBYXKNUCIV,CCC1=C(F)C=CC2=CC(O)=CC(C3=NC=C4C(N5CC6CCC(C5)N6)=NC(OC[C@@H]5C[C@@H](OC6CCN(CC7CCN(C8=CC=C9C(=C8)N(C)C(=O)N9C8CCC(=O)NC8=O)CC7)CC6)CN5C)=NC4=C3F)=C12,P01116,KRAS,CRBN,Q96SW2,100.0,70.0,1,0,False,AsPC-1
XNZUEQHJIKGPEJ,CCCN1C=C(C2=CC(OC)=C(C(=O)N3CCC4(CCC(CN5CC6=CC7=C(C=C6C5)C(=O)N(C5CCC(=O)NC5=O)C7=O)CC4)CC3)C(OC)=C2)C2=CC=NC=C2C1=O,Q9H8M2,BRD9,CRBN,Q96SW2,372.0,97.0,1,0,False,HEK 293
XODFKBNXCCEPRN,CCN1CCC(N2C=C(C3=C[NH]C4=NC=C(C5=CC=C(N6CCC(CC7CCN(C(=O)C8=CC=C(Cl)C(N9CCC(=O)NC9=O)=C8)CC7C)CC6)C=C5)N=C34)C=N2)CC1,Q92918,MAP4K1,CRBN,Q96SW2,23.54,66.0,1,0,False,Jurkat
XOEMYWOGFGPWDQ,C#CC1=C(F)C=CC2=CC=CC(C3=NC=C4C(N5CC6CCC(C5)N6)=NC(OC[C@@H]5C[C@@H](OC6CCN(CC7CCN(C8=CC=C9C(=O)N(C%10CCC(=O)NC%10=O)CC9=C8)CC7)CC6)CN5C)=NC4=C3F)=C12,P01116,KRAS,CRBN,Q96SW2,100.0,25.0,1,0,False,AsPC-1
XOGYVOVLDZMERE,CC1=CC(C2=C[NH]C3=NC=C(C4=CC=C(C5CCN(C6CN(C7=CC8=C(C=C7F)C(=O)N(C7CCC(=O)NC7=O)C8=O)C6)CC5)C=C4)N=C23)=CC=C1C(=O)N(C)C,Q92918,MAP4K1,CRBN,Q96SW2,78.8,84.2,1,1,False,Jurkat
XOSARNKAKHCARF,O=C1CCN(C2=CC(C(=O)N3CCC(CC4CCN(C5=CC=C(C6=CN=C7[NH]C=C(C8=C[NH]N=C8)C7=N6)C=N5)CC4)CC3)=CC=C2Cl)C(=O)N1,Q92918,MAP4K1,CRBN,Q96SW2,32.9,92.0,1,1,False,Jurkat
XOSIYVXFXZWEFK,O=C1CC[C@H](N2CC3=C(C=CC4=C3OC[C@H]3CN(C(=O)CCCCOC5=CC=C([C@@H]6C7=CC=C(O)C=C7CC[C@@H]6C6=CC=CC=C6)C=C5)CCN43)C2=O)C(=O)N1,P03372,ERalpha,CRBN,Q96SW2,0.12,79.0,1,0,False,MCF-7
XPICNVKPGAOVBF,CC1=C(C2=CC=C([C@H](C)NC(=O)[C@@H]3C[C@@H](O)CN3C(=O)[C@@H](NC(=O)CCCCCCCCCNC(=O)C3=CC=C4CC[C@@H](NC(=O)C5=NOC(C6=CC=C(C(=O)N(C)C)C(O)=C6)=C5)C4=C3)C(C)(C)C)C=C2)SC=N1,Q03111,MLLT1,VHL,P40337,3.5,99.8,1,1,False,MV4;11/Jurkat
XPLADRVOATVVDO,O=C1CCC(N2CC3=CC(N4CCN(CCCN5CCC(C6=CC=C([C@@H]7C8=CC=C(O)C=C8CC[C@@H]7C7=CC=CC=C7)C=C6)CC5)CC4)=CC=C3C2=O)C(=O)N1,P03372,ERalpha,CRBN,Q96SW2,5.0,75.0,1,0,False,MCF7
XPOGTFDQDPCEDH,CC(=O)N1CCC2=C(C1)C(C1=CC=CC3=CC(C4=CC=C(C(=O)NC5CCN(C6=CC=CC7=C6C(=O)N(C6CCC(=O)NC6=O)C7=O)CC5)N=C4)=NC=C13)=NN2C1CCOCC1,Q92793,CBP,CRBN,Q96SW2,0.9,99.0,2,1,False,RS4;11
XQGDFPOIKRRKQS,C#CC1=C(F)C=CC2=CC(O)=CC(C3=NC=C4C(N5CC6CCC(C5)N6)=NC(OC[C@@H]5C[C@@H](OC6CCN(CC7CCN(C8=CC(F)=C9C(=C8F)N(C)C(=O)N9C8CCC(=O)NC8=O)CC7)CC6)CN5C)=NC4=C3F)=C12,P01116,KRAS,CRBN,Q96SW2,100.0,70.0,1,0,False,AsPC-1
XSKRXFBHRXSSKG,CCC1=CC=CC2=CC(O)=CC(C3=NC=C4C(N5C[C@@H]6CC[C@H](C5)N6)=NC(OC[C@@H]5CCCN5CCC(=O)NCCC(=O)N[C@H](C(=O)N5C[C@H](O)C[C@H]5C(=O)N[C@@H](C)C5=CC=C(C6=C(C)N=CS6)C=C5)C(C)(C)C)=NC4=C3F)=C12,P01116,KRAS G12D,VHL,P40337,3813.0,83.6,1,0,False,AsPC-1
XSQDNYGBWGIJGO,CCC1=CC2=C(C=C1C(F)F)N(C1=NN(C3CCN(C(=O)CN4CC5=CC6=C(C=C5C4)C(=O)N(C4CCC(=O)NC4=O)C6=O)CC3)C3=C1CN(C(C)=O)CC3)CCC2,Q92793,CBP,CRBN,Q96SW2,53.5,92.0,2,1,False,
XSRGEWJBJKGLQM,O=C1CC[C@H](N2CC3=C(C=CC4=C3OCC43CCN(C(=O)CC4CCN(C5=CC=C([C@@H]6C7=CC=C(O)C=C7CC[C@@H]6C6=CC=CC=C6)C=C5)CC4)CC3)C2=O)C(=O)N1,P03372,ERalpha,CRBN,Q96SW2,0.02453,86.0,1,1,False,MCF-7
XWUNOGVGBAIJRS,C#CC1=C(F)C=CC2=CC(O)=CC(C3=NC=C4C(N5CC6CCC(C5)N6)=NC(N(C)CCN5CCC(CC6CCN(CC7CCN(C8=CC=C9C(=O)N(C%10CCC(=O)NC%10=O)CC9=C8F)CC7)CC6)CC5)=NC4=C3F)=C12,P01116,KRAS,CRBN,Q96SW2,100.0,25.0,1,0,False,AsPC-1
XXORMIPKQOJWQL,CC1=C(C2=CC=C(CNC(=O)[C@@H]3C[C@H](O)CN3C(=O)[C@@H](NC(=O)COCCCCCCOC3=CC=C(C4CCN(C5=NN6C(=NN=C6C(F)(F)F)CC5)CC4)C=C3)C(C)(C)C)C=C2)SC=N1,P10275,AR,VHL,P40337,3995.0,85.0,2,0,False,LNCaP/CWR22Rv1/VCaP
XXXDSEGLTLSYLY,CC(=O)N1CCC2=C(C1)C(N1CCCC3=CC(C4=CN(C)N=C4)=C(C(F)F)C=C31)=NN2C1CCN(C(=O)C2=CC=C3C(=O)N(C4CCC(=O)NC4=O)C(=O)C3=C2)CC1,Q92793,CBP,CRBN,Q96SW2,1000.0,50.0,2,0,False,VCaP
XYPXCLNICDKSPC,CC1=CC=C(NC(=O)CN2C=C(C3=CC=C4C(NC(=O)C5=CC=C(NC(=O)CCCCC(=O)N[C@H](C(=O)N6C[C@H](O)C[C@H]6C(=O)NCC6=CC=C(C7=C(C)N=CS7)C=C6)C(C)(C)C)C=C5)=N[NH]C4=C3)C=N2)C=C1C(F)(F)F,P35968,VEGFR-2,VHL,P40337,330.0,62.6,1,0,False,HGC-27
XYYUNISMYJIRKN,C#CC1=C(F)C=CC2=CC(O)=CC(C3=NC=C4C(N5CC6CCC(C5)N6)=NC(OCCN5CCC(F)(CC6CCN(CC7CCN(C8=CC=C9C(=O)N(C%10CCC(=O)NC%10=O)CC9=C8)CC7)CC6)CC5)=NC4=C3F)=C12,P01116,KRAS,CRBN,Q96SW2,100.0,70.0,1,0,False,AsPC-1
XYYUYGWDNCPZBC,CCC1=C(F)C=CC2=CC(O)=CC(C3=NC=C4C(N5CC6CCC(C5)N6)=NC(OC[C@@H]5C[C@@H](OC6CCN(CC7CCN(C8=CC=C9C(=O)N(C%10CCC(=O)NC%10=O)CC9=C8)CC7)CC6)CN5C)=NC4=C3F)=C12,P01116,KRAS,CRBN,Q96SW2,100.0,70.0,1,0,False,AsPC-1
YAFINHBYDWHTLL,O=C1CCC(N2C(=O)C3=CC=C(N4CCN(CCCCCCC5=CC=C([C@@H]6C7=CC=C(O)C=C7CC[C@@H]6C6=CC=CC=C6)C=C5)CC4)C=C3C2=O)C(=O)N1,P03372,ERalpha,CRBN,Q96SW2,5.0,75.0,1,0,False,MCF7
YALIJINQGHADRA,C#CC1=C(F)C=CC2=CC(O)=CC(C3=NC=C4C(N5CC6CCC(C5)N6)=NC(OCCN5CCC(CC6CCN(C7=CC=C8C(=C7)N(C(C)C)C(=O)N8C7CCC(=O)NC7=O)CC6)CC5)=NC4=C3F)=C12,P01116,KRAS,CRBN,Q96SW2,100.0,70.0,1,0,False,AsPC-1
YAQFFVWVNFWKSY,O=C1CCC(N2CC3=CC(N4CCN(CCCCCOC5=CC=C([C@@H]6C7=CC=C(O)C=C7CC[C@@H]6C6=CC=C(F)C=C6)C=C5)CC4)=CC=C3C2=O)C(=O)N1,P03372,ERalpha,CRBN,Q96SW2,5.0,75.0,1,0,False,MCF7
YAROSLHUTOCQHE,O=C1CCC(N2CC3=CC(N4CC5(CCN(CC6CCN(C7=CC=C([C@@H]8C9=CC=C(O)C=C9CC[C@@H]8C8=CC=CC=C8)C=C7)CC6)CC5)C4)=CC=C3C2=O)C(=O)N1,P03372,ERalpha,CRBN,Q96SW2,5.0,75.0,1,0,False,MCF7
YCBIOWPIZXJGRB,O=C1CCC(N2C(=O)C3=CC4=C(C=C3C2=O)CN(CC2CCN(C(=O)C3CN(C5=CC=C([C@@H]6C7=CC=C(O)C=C7CC[C@@H]6C6=CC=CC=C6)C=C5)C3)CC2)C4)C(=O)N1,P03372,ERalpha,CRBN,Q96SW2,32.0,87.0,1,1,False,
YCNBETLTIQSJCQ,CC1=C(C2=CC=C(CNC(=O)[C@@H]3C[C@@H](O)CN3C(=O)[C@@H](NC(=O)COCCOCCOCCOCCOC3=CC(F)=C([C@@H]4C5=C(C[C@@H](C)N4CC(C)(C)F)C4=CC=CC=C4[NH]5)C(F)=C3)C(C)(C)C)C=C2)SC=N1,P03372,ERalpha,VHL,P40337,3.2,100.0,1,1,False,muHeps
YDQJNTYQLKYGDA,CC1=C(C)C2=C(S1)N1C(C)=NN=C1[C@H](CC(=O)NCCCCCCCCC(=O)N[C@@H](CO)C(=O)N[C@H]1CC(=O)NC1=O)N=C2C1=CC=C(Cl)C=C1,O60885,BRD4,CRBN,Q96SW2,91.0,98.0,1,1,False,HEK293T
YDRHAKKUUAJFHB,O=C1CCC(N2C(=O)C3=CC=CC(OCCOCCOCCOCCNC(=O)[C@]4(CC5=CC=CC(NC6=NC=CS6)=N5)CC[C@@H](OC5=CC=CC(Cl)=C5F)CC4)=C3C2=O)C(=O)N1,O14965,AURKA,CRBN,Q96SW2,3.9,89.0,1,1,False,NGP
YDSIHFQQFOMKLW,CCC1=CC=CC2=CC(O)=CC(C3=NC=C4C(N5CC6CCC(C5)N6)=NC(OCCN5CCC6(CC5)CCN(C5=CC=C7C(=O)N(C8CCC(=O)NC8=O)C(=O)C7=C5)CC6)=NC4=C3F)=C12,P01116,KRAS,CRBN,Q96SW2,1000.0,50.0,1,0,False,AsPC-1
YDSSGSFQYZPROQ,CCC1=CC=CC2=CC(O)=CC(C3=NC=C4C(N5CC6CCC(C5)N6)=NC(OCCN5CCC(COCC6CCN(C7=CC=C8C(=O)N(C9CCC(=O)NC9=O)C(=O)C8=C7)CC6)CC5)=NC4=C3F)=C12,P01116,KRAS,CRBN,Q96SW2,1000.0,25.0,1,0,False,AsPC-1
YDXGLXSGGLHGPG,CC(=O)N1CCC2=C(C1)C(C1=CC=CC3=CC(C4=CC=C(C(=O)NC5CCN(C6=CC=C7C(=O)N(C8CCC(=O)NC8=O)C(=O)C7=C6)CC5)N=C4)=NC=C13)=NN2C1CCOCC1,Q92793,CBP,CRBN,Q96SW2,1.45,99.0,2,1,False,RS4;11
YEBLVGIRTINSCW,O=C1CCC(N2CC3=CC(N4CCN(CCC5CCN(C6=CC=C([C@@H]7C8=CC=C(O)C=C8CC[C@@H]7C7=CC=CC=C7)C=C6F)CC5)CC4)=CC=C3C2=O)C(=O)N1,P03372,ERalpha,CRBN,Q96SW2,5.0,75.0,1,0,False,MCF7
YECMHOCJNONAQJ,C[C@H]1CC2(CCN(C3=CC=C(C(=O)N4CCC(C)(CN5CC6=CC7=C(C=C6C5)C(=O)N(C5CCC(=O)NC5=O)C7=O)CC4)C=C3)CC2)CN1C1=CC=C(C#N)C(Cl)=C1,P10275,AR,CRBN,Q96SW2,3.8,97.0,1,1,False,VCaP/LNCaP
YEEWMSGCZCRCGP,C[C@H]1CN(C(=O)CCCCCCOCCOCC(=O)NC2=CC=CC3=C2C(=O)N(C2CCC(=O)NC2=O)C3=O)CCN1C1=CC=C(NC2=CC(C3=CC=NC(N4CCN5C(=CC6=C5CC(C)(C)C6)C4=O)=C3CO)=CN(C)C2=O)N=C1,Q06187,BTK,CRBN,Q96SW2,6.6,97.1,1,1,False,Ramos/JeKo-1
YFEMRRDWCBPEPU,CC1=C(C)C2=C(S1)N1C(C)=NN=C1[C@H](CC(=O)NCCCCCCCCC(=O)N[C@@H](CC1=CC=C(O)C=C1)C(=O)N[C@H]1CCC(=O)NC1=O)N=C2C1=CC=C(Cl)C=C1,O60885,BRD4 BD1,CRBN,Q96SW2,103.0,89.0,3,0,False,HEK293T
YFJUNDZEBBSSOT,CC1=C(C2=CC=C([C@H](C)NC(=O)[C@@H]3C[C@@H](O)CN3C(=O)[C@@H](NC(=O)C3=CC=CC(N4CCN(C5=NC(C6=CC=CC=C6O)=NN=C5N)CC4)=N3)C(C)(C)C)C=C2)SC=N1,P51531,SMARCA2,VHL,P40337,372.0,74.0,1,0,False,A375
YFRPALABJCDXSI,O=C1CCC(N2CC3=CC(N4CC[C@H](NCC5CCN(C6=CC=C([C@@H]7C8=CC=C(O)C=C8CC[C@@H]7C7=CC=CC=C7)C=C6)CC5)C4)=CC=C3C2=O)C(=O)N1,P03372,ERalpha,CRBN,Q96SW2,5.0,50.0,2,0,False,MCF7
YGQPHRIYSFWECL,CC1=NOC(C)=C1C1=CC=C2C(=C1)N=C([C@@H]1CCCC(=O)N1C1=CC=C(F)C(F)=C1)N2[C@H]1CC[C@H](OCC(=O)NC2=CC=C(N3CCN(C4=CC=C5C(=O)N(C6CCC(=O)NC6=O)C(=O)C5=C4)CC3)N=C2)CC1,Q92793,CBP,CRBN,Q96SW2,2.0,57.5,2,0,False,22Rv1
YHETUEINSPJYOH,NC(=O)C1=CC=CC2=CN(C3=CC=C([C@@H]4CCCN(C(=O)C5CCN(CC6CCN(C7=CC=C8C(=O)N(C9CCC(=O)NC9=O)C(=O)C8=C7)C6)CC5)C4)C=C3)N=C12,P09874,PARP1,CRBN,Q96SW2,20000.0,32.77,1,0,False,HCT-116
YHJRUTZUIKOAAH,CCC1=CC=CC2=CC(O)=CC(C3=NC=C4C(N5CC6CCC(C5)N6)=NC(OCCN5CCC(C6=CC=C7C(=O)N(C8CCC(=O)NC8=O)CC7=C6)CC5)=NC4=C3F)=C12,P01116,KRAS,CRBN,Q96SW2,250.0,50.0,1,0,False,AsPC-1
YHLWMZQWXHPQAS,COC1=CC(C2=CN(C)C(=O)C3=CN=CC=C23)=CC(OC)=C1CN1CCC(N2CC3=CC4=C(C=C3C2)C(=O)N(C2CCC(=O)NC2=O)C4)CC1,Q9H8M2,BRD9,CRBN,Q96SW2,49.0,99.0,1,1,False,HEK 293
YHMPXHIAAMNQIN,O=C1CC[C@H](N2CC3=C(C=CC4=C3OC[C@H]3CN(C(=O)CC5CCN(C6=CC=C([C@@H]7C8=CC=C(O)C=C8CC[C@@H]7C7=CC=CC=C7)C=C6)CC5)CCN43)C2=O)C(=O)N1,P03372,ERalpha,CRBN,Q96SW2,0.011,73.0,1,0,False,MCF-7
YHTOZJXOOFKGHU,O=C1CCC(N2C(=O)C3=CC4=C(C=C3C2=O)CN(CC2CCN(C(=O)C3CCN(C5=CC=C([C@@H]6C7=CC=C(O)C=C7CC[C@@H]6C6=CC=CC=C6)C=C5)CC3)CC2)C4)C(=O)N1,P03372,ERalpha,CRBN,Q96SW2,13.0,76.0,1,0,False,
YINXRHBANVHQMY,CC1=NN=C2COCC3=C(SC(C#CC4=CN(CC5CN(C6=CC=CC7=C6C(=O)N(C6CCC(=O)NC6=O)C7=O)C5)N=C4)=C3CC3=CC=CC=C3)N12,P25440,BRD2,CRBN,Q96SW2,0.3,98.0,3,1,False,MV4;11
YKHQHSABZFWTIC,CCC1=CC=CC2=CC(O)=CC(C3=NC=C4C(N5CC6CCC(C5)N6)=NC(OC[C@@H]5C[C@@H](OC6CCN(CC7CCN(C8=CC=C9C(=O)N(C%10CCC(=O)NC%10=O)CC9=C8)CC7)CC6)CN5C)=NC4=C3F)=C12,P01116,KRAS,CRBN,Q96SW2,100.0,70.0,1,0,False,AsPC-1
YKNCBQZAFZIWSX,O=C1CCC(N2CC3=CC=C(N4CCN(CC5CCN(C6=CC=C([C@@H]7C8=CC=C(O)C=C8CC[C@@H]7C7=CC=CC=C7)C=C6)CC5)CC4)C=C3C2=O)C(=O)N1,P03372,ERalpha,CRBN,Q96SW2,5.0,50.0,1,0,False,MCF7
YLCCKMAJUCGEMO,C#CC1=C(F)C=CC2=CC(O)=CC(C3=NC=C4C(N5CC6CCC(C5)N6)=NC(OCCN5CCC(CC6CCN(CC7CN(C8=CC=C9C(=O)N(C%10CCC(=O)NC%10=O)CC9=C8)C7)CC6)CC5)=NC4=C3F)=C12,P01116,KRAS,CRBN,Q96SW2,100.0,70.0,1,0,False,AsPC-1
YLFPZGFBGPLUOM,CC1=NOC([C@H](C(=O)N2C[C@H](O)C[C@H]2C(=O)N[C@@H](C)C2=CC=C(C3=C(C#CCOCCOCCOCCOCCNC(=O)C[C@@H]4N=C(C5=CC=C(Cl)C=C5)C5=C(SC(C)=C5C)N5C(C)=NN=C45)N=CS3)C=C2)C(C)C)=C1,O60885,BRD4,VHL,P40337,40.0,100.0,1,1,False,A549
YLSZFDJVLKZOBQ,O=C1CCC(N2CC3=CC(N4CCN(CCOCCOC5=CC=C([C@@H]6C7=CC=C(O)C=C7CC[C@@H]6C6=CC=CC=C6)C=C5)CC4)=CC=C3C2=O)C(=O)N1,P03372,ERalpha,CRBN,Q96SW2,5.0,50.0,1,0,False,MCF7
YMMKUKGITHRLPG,CCC1=CC=CC2=CC(O)=CC(C3=NC=C4C(N5CC6CCC(C5)N6)=NC(OCCN5CCC(CC6CCN(C7=CC=CC8=C7CN(C7(C)CCC(=O)NC7=O)C8=O)CC6)CC5)=NC4=C3F)=C12,P01116,KRAS,CRBN,Q96SW2,1000.0,25.0,1,0,False,AsPC-1
YMVRCVMMAZWAJM,CCN1CCC(N2C=C(C3=C[NH]C4=NC=C(C5=CC=C(N6CCC(CC7CCN(C(=O)C8=CC=C(Cl)C(N9CCC(=O)NC9=O)=C8)CC7)CC6)N=C5)N=C34)C=N2)CC1,Q92918,MAP4K1,CRBN,Q96SW2,2.1,93.0,1,1,False,Jurkat
YMZQGDLPBIOGLS,CC1=C(C2=CC=C(CNC(=O)[C@@H]3C[C@@H](O)CN3C(=O)[C@@H](NC(=O)COCCOC3=CC(F)=C([C@@H]4C5=C(C[C@@H](C)N4CC(C)(C)F)C4=CC=CC=C4[NH]5)C(F)=C3)C(C)(C)C)C=C2)SC=N1,P03372,ERalpha,VHL,P40337,0.6,89.0,1,1,False,muHeps
YOQASZIMEWDOQF,N#CC1=CC=C(N2CCC(C3=CC=C(N4CCC(CN5CCN(C6=CC7=C(C=C6F)C(=O)N(C6CCC(=O)NC6=O)C7=O)CC5)CC4)C=C3)CC2)C(F)=C1C(F)(F)F,P10275,AR,CRBN,Q96SW2,539.5,100.0,2,0,False,LnCAP
YPHNRJJXIRMLCD,O=C1CC[C@H](N2CC3=C(C=CC4=C3OCC43CCN(CC4CCC5(CCN(C6=CC=C([C@@H]7C8=CC=C(O)C=C8CC[C@@H]7C7=CC=CC=C7)C=C6)CC5)OC4)CC3)C2=O)C(=O)N1,P03372,ERalpha,CRBN,Q96SW2,0.1393,100.0,3,1,False,MCF-7
YQYHHQWWWNOOKZ,CCN(CC)C/C=C/C(=O)NC1=CC2=C(NC3=CC=C(F)C(Cl)=C3)N=CN=C2C=C1OCC1=CN(CCCCCCCC(=O)N[C@H](C(=O)N2C[C@H](O)C[C@H]2C(=O)N[C@H](C)C2=CC=C(C3=C(C)N=CS3)C=C2)C(C)(C)C)N=N1,P00533,EGFR 19del,VHL,P40337,250.0,94.0,3,0,False,HCC-827
YRAXWSWUXNZXEI,CC(=O)N1CCC2=C(C1)C(N1CCCC3=CC(C4=CN(C)N=C4)=C(C(F)F)C=C31)=NN2[C@H]1CC[C@H](CN2CCN(C3=CC=CC4=C3C(=O)N(C3CCC(=O)NC3=O)C4=O)CC2)CC1,Q92793,CBP,CRBN,Q96SW2,850.0,43.0,2,0,False,VCaP
YRFWMYLCBNWJEI,CCC1=CC=CC2=CC(O)=CC(C3=NC=C4C(N5C[C@@H]6CC[C@H](C5)N6)=NC(OC[C@@H]5CCCN5CCCCCCC(=O)N[C@H](C(=O)N5C[C@H](O)C[C@H]5C(=O)N[C@@H](C)C5=CC=C(C6=C(C)N=CS6)C=C5)C(C)(C)C)=NC4=C3F)=C12,P01116,KRAS G12D,VHL,P40337,571.9,98.9,1,0,False,AsPC-1
YRLBDMOISHPRMW,C#CC1=C(F)C=CC2=CC(O)=CC(C3=NC=C4C(N5CC6CCC(C5)N6)=NC(OCCN5CCC(CN6CCC(CC7CCN(C8=CC=C9C(=O)N(C%10CCC(=O)NC%10=O)CC9=C8F)CC7)CC6)CC5)=NC4=C3F)=C12,P01116,KRAS,CRBN,Q96SW2,100.0,70.0,1,0,False,AsPC-1
YRMYHBHIFJXIGI,CN(CCOCCOCC(=O)NC1=CC=C2C(=O)N(C3CCC(=O)NC3=O)C(=O)C2=C1)CC[C@@H](C1=CC=CC=C1)N1C=C(NC(=O)C2=N[NH]C3=C2CCC(C)(C)C3)C=N1,Q08881,ITK,CRBN,Q96SW2,26.7,95.0,1,1,False,Jurkat
YSOCLZCUXLLPFU,CC(=O)N1CCC2=C(C1)C(N1CCCC3=CC(Br)=C(C(F)F)C=C31)=NN2C1CCN(C(=O)CN2CC3=CC4=C(C=C3C2)C(=O)N(C2CCC(=O)NC2=O)C4=O)CC1,Q92793,CBP,CRBN,Q96SW2,40.5,85.0,2,1,False,
YSTQEPBPZJFTEG,O=C1CCC(N2C(=O)C3=CC=C(N4CCN(CC5CCN(C(=O)C6=CC=C(C7=NN8C(CC9=CC=C%10N=CC=CC%10=C9)=CN=C8N=C7)C=C6F)CC5)CC4)C=C3C2=O)C(=O)N1,P08581,c-Met,CRBN,Q96SW2,6.21,96.83,1,1,False,MKN-45
YUFHVVATBPCYPQ,CC1=C(C2=CC=C(CNC(=O)[C@@H]3C[C@@H](O)CN3C(=O)[C@@H](NC(=O)C3(F)CC3)C(C)(C)C)C(OCCCN3CCC(C4=CC=C5C(=C4)N(C4CCCC4)C4=NC(=O)C6=C(Br)C=CC=C6N54)CC3)=C2)SC=N1,P51531,SMARCA2,VHL,P40337,78.0,46.0,1,0,False,RKO
YVXTYEKDOUWSSR,CC1=NOC([C@H](C(=O)N2C[C@H](S(=O)(=O)F)C[C@@H]2C(=O)N[C@@H](CC(=O)N2CCC(C#CC3=CC=C(C(=O)N[C@H]4C(C)(C)[C@H](OC5=CC=C(C#N)C(Cl)=C5)C4(C)C)C=C3)CC2)C2=CC=C(C3=C(C)N=CS3)C=C2)C(C)C)=C1,P10275,AR,VHL,P40337,212.0,59.0,1,0,False,LNCaP
YWCHTWJTAVEIKG,O=C1CCC(N2C(=O)C3=CC4=C(C=C3C2=O)CN(CCC2CCN(C3=CC=C([C@@H]5C6=CC=C(O)C=C6CC[C@@H]5C5=CC=CC=C5)C=C3)CC2)C4)C(=O)N1,P03372,ERalpha,CRBN,Q96SW2,1000.0,50.0,1,0,False,
YWMGYZOTBRTAPC,O=C1CCC(N2CC3=CC(N4CCC(CCN5CCC(CC(=O)N[C@H]6CC[C@@H](NC7=NC=NC8=C7C(C(=O)C7=CC=C(OC9=CC=CC=C9)C=C7Cl)=C[NH]8)CC6)CC5)CC4)=C(F)C=C3C2=O)C(=O)N1,Q06187,BTK,CRBN,Q96SW2,7.0,96.5,1,1,False,JeKo-1
YWUNYWODKIAGET,O=C1CC[C@H](N2CC3=CC(O[C@@H]4CCN(CC5CCN(C6=CC=C([C@@H]7C8=CC=C(O)C=C8CC[C@@H]7C7=CC=CC=C7)C=C6)CC5)C4)=CC=C3C2=O)C(=O)N1,P03372,ERalpha,CRBN,Q96SW2,5.0,50.0,1,0,False,MCF7
YXANKPHSGKSVAX,C[C@H]1CC2(CCN(C3=CC=C(C(=O)N4CCC(CN5CC6=CC7=C(C=C6C5)C(=O)N(C5CCC(=O)NC5=O)C7=O)CC4)N=N3)CC2)CN1C1=CC=C(C#N)C(Cl)=C1,P10275,AR,CRBN,Q96SW2,2.7,99.0,1,1,False,VCaP/LNCaP
YZGOHLDCHGJLSU,C#CC1=C(F)C=CC2=CC(O)=CC(C3=NC=C4C(N5CC6CCC(C5)N6)=NC(OCCN5CCC(F)(CC6CCN(CC7CCN(C8=CC=CC9=C8CN(C8CCC(=O)NC8=O)C9=O)CC7)CC6)CC5)=NC4=C3F)=C12,P01116,KRAS,CRBN,Q96SW2,100.0,70.0,1,0,False,AsPC-1
YZSAJFVSANFUKR,O=C1CCC(N2CC3=CC(N4CCN(CCC5CCN(C6=C(F)C=C([C@H]7C8=CC=C(O)C=C8CC[C@H]7C7=CC=CC=C7)C=C6F)CC5)CC4)=CC=C3C2=O)C(=O)N1,P03372,ERalpha,CRBN,Q96SW2,27.5,62.5,2,0,False,MCF7
ZAGZYDLBQICBCA,CC(=O)N1CCC2=C(C1)C(N1CCCC3=CC(C4=NN(C)C=C4)=C(C(F)F)C=C31)=NN2[C@H]1CC[C@H](CN2CC3=CC4=C(C=C3C2)C(=O)N(C2CCC(=O)NC2=O)C4=O)CC1,Q92793,CBP,CRBN,Q96SW2,6.4,91.0,4,1,False,
ZBLUHWGHQCDXPZ,COC1=CC(C2=CN(CC(C)C)C(=O)C3=CN=CC=C23)=CC(OC)=C1C(=O)N1CCC2(CCC(CN3CC4=CC5=C(C=C4C3)C(=O)N(C3CCC(=O)NC3=O)C5=O)CC2)CC1,Q9H8M2,BRD9,CRBN,Q96SW2,585.0,45.0,1,0,False,HEK 293
ZBNHSSRODJHXLX,O=C1CCC(N2CC3=CC(N4CCN(C5CC6(CCN(C7=CC=C([C@@H]8C9=CC=C(O)C=C9CC[C@@H]8C8=CC=CC=C8)C=C7)CC6)C5)CC4)=CC=C3C2=O)C(=O)N1,P03372,ERalpha,CRBN,Q96SW2,5.0,50.0,1,0,False,MCF7
ZCOPIRBPZIGHDU,CC1=C(C)C2=C(S1)N1C(C)=NN=C1[C@H](CC(=O)NCCCN1CCC(C3=CC=C4C(=O)N(C5CCC(=O)NC5=O)CC4=C3)CC1)N=C2C1=CC=C(Cl)C=C1,O60885,BRD4,CRBN,Q96SW2,2.3,98.0,1,1,False,HEK293
ZDIXSZMEOKTHNY,C#CC1=C(F)C=CC2=CC(O)=CC(C3=NC=C4C(N5CC6CCC(C5)N6)=NC(OC[C@@H]5C[C@@H](OC6CCN(CC7CN(C8=CC=C9C(=O)N(C%10CCC(=O)NC%10=O)CC9=C8)C7)CC6)CN5C)=NC4=C3F)=C12,P01116,KRAS,CRBN,Q96SW2,100.0,70.0,1,0,False,AsPC-1
ZEBCDQYGDUWIRO,CN1C=C(C2=C[NH]C3=NC=C(C4=CC=C(N5CCC(CC6CCN(C(=O)C7=CC=C(Cl)C(N8CCC(=O)NC8=O)=C7)CC6)CC5)N=C4)N=C23)C=N1,Q92918,MAP4K1,CRBN,Q96SW2,11.0,91.0,2,1,False,Jurkat
ZETUMISSKGCCDQ,CCC1=CC=CC2=CC(O)=CC(C3=NC=C4C(N5C[C@@H]6CC[C@H](C5)N6)=NC(OC[C@@H]5CCCN5CCOCCC(=O)N[C@H](C(=O)N5C[C@H](O)C[C@H]5C(=O)N[C@@H](C)C5=CC=C(C6=C(C)N=CS6)C=C5)C(C)(C)C)=NC4=C3F)=C12,P01116,KRAS G12D,VHL,P40337,1822.0,89.5,1,0,False,AsPC-1
ZFNPGRKSSUUBPW,C#CC1=C(F)C=CC2=CC(O)=CC(C3=NC=C4C(N5CC6CCC(C5)N6)=NC(N5CC[C@@H](N6CCC(CC7CCN(C8=CC=C9C(=C8)N(C)C(=O)N9C8CCC(=O)NC8=O)CC7)CC6)C5)=NC4=C3F)=C12,P01116,KRAS,CRBN,Q96SW2,100.0,70.0,1,0,False,AsPC-1
ZFPPZANCBCHIBI,CCC1=CC=CC2=CC(O)=CC(C3=NC=C4C(N5CC6CCC(C5)N6)=NC(OCCN5CCC(CC6CCN(C7=CC=C8C(=O)N(C9CCC(=O)NC9=O)C(=O)C8C7)CC6)CC5)=NC4=C3F)=C12,P01116,KRAS,CRBN,Q96SW2,1000.0,25.0,1,0,False,AsPC-1
ZGPNXKLXPYNPQS,CCC1=CC=CC2=CC(O)=CC(C3=NC=C4C(N5CC6CCC(C5)N6)=NC(OCCN5CCC(C6=CC=C7CN(C8CCC(=O)NC8=O)C(=O)C7=C6)CC5)=NC4=C3F)=C12,P01116,KRAS,CRBN,Q96SW2,1000.0,25.0,1,0,False,AsPC-1
ZGRDOVMMKHCMTA,O=C1CCC(N2C(=O)C3=CC=C(N4CCN(C5CCN(CCOC6=CC=C([C@@H]7C8=CC=C(O)C=C8CC[C@@H]7C7=CC=CC=C7)C=C6)CC5)CC4)C=C3C2=O)C(=O)N1,P03372,ERalpha,CRBN,Q96SW2,5.0,50.0,1,0,False,MCF7
ZHYXPILHQRRHFF,COC1=CC(N2CCC3(CCN(C(=O)CN4CC5=CC6=C(C=C5C4)C(=O)N(C4CCC(=O)NC4=O)C6=O)CC3)CC2)=CC=C1[C@@H]1C2=CC=C3[NH]N=CC3=C2C[C@@H](C)N1CC(F)F,P03372,ERalpha,CRBN,Q96SW2,1.4,82.0,1,1,False,
ZINWKRRJFFHFNJ,COC1=CC(C2=CN(C)C(=O)C3=CN=C(C)C=C23)=CC(OC)=C1C(=O)N1CCC2(CCC(CN3CC4=CC5=C(C=C4C3)C(=O)N(C3CCC(=O)NC3=O)C5=O)CC2)CC1,Q9H8M2,BRD9,CRBN,Q96SW2,84.0,98.0,1,1,False,HEK 293
ZIUVTWBLWUJBEY,O=C1CCC(N2C(=O)C3=CC=CC(OCCCCN4C=C(CCCCCCN5CCC(NC(=O)C6=C(NC(=O)C7=C(Cl)C=CC=C7Cl)C=N[NH]6)CC5)N=N4)=C3C2=O)C(=O)N1,P50750,CDK9,CRBN,Q96SW2,100.0,75.3,1,0,False,MOLM-13
ZIWYDZVCVGTCDI,COC1=CC(C2=CN(C(C)C)C(=O)C3=CN=CC=C23)=CC(OC)=C1C(=O)N1CCC2(CCC(CN3CC4=CC5=C(C=C4C3)C(=O)N(C3CCC(=O)NC3=O)C5=O)CC2)CC1,Q9H8M2,BRD9,CRBN,Q96SW2,2521.0,65.0,1,0,False,HEK 293
ZJPSMLNQMKTKJJ,NC(=O)C1=CC=CC2=CN(C3=CC=C([C@@H]4CCCN(C(=O)C5CCN(C(=O)C6CCN(C7=CC=C8C(=O)N(C9CCC(=O)NC9=O)C(=O)C8=C7)CC6)CC5)C4)C=C3)N=C12,P09874,PARP1,CRBN,Q96SW2,20000.0,15.66,1,0,False,HCT-116
ZJVJGKQPQHVYSL,O=C1CC[C@H](N2CC3=C(C=CC4=C3OC[C@H]3CN(CC(=O)N5CC6(CCN(C7=CC=C([C@@H]8C9=CC=C(O)C=C9CC[C@@H]8C8=CC=CC=C8)C=C7)CC6)C5)CCN43)C2=O)C(=O)N1,P03372,ERalpha,CRBN,Q96SW2,0.05,89.0,1,1,False,MCF-7
ZKHJDOCZHQUBCZ,CCC1=CC=CC2=CC(O)=CC(C3=NC=C4C(N5CC6CCC(C5)N6)=NC(OCCN5CCC(CN6CCC7(CC6)CN(C6=CC=CC8=C6CN(C6CCC(=O)NC6=O)C8=O)C7)CC5)=NC4=C3F)=C12,P01116,KRAS,CRBN,Q96SW2,1000.0,50.0,1,0,False,AsPC-1
ZKMPZGMDXOECHS,CC1=C(C)C2=C(S1)N1C(C)=NN=C1[C@H](CC(=O)NCCN1CCC3(CCC(C4=CC=C5C(=O)N(C6CCC(=O)NC6=O)CC5=C4)CC3)CC1)N=C2C1=CC=C(Cl)C=C1,O60885,BRD4,CRBN,Q96SW2,1.9,95.0,1,1,False,HEK293
ZKQAJOXLLFEVTK,NC(=O)C1=CC=CC2=CN(C3=CC=C([C@@H]4CCCN(C(=O)CC5CCN(CCC6CCN(CC7CCN(C8=CC=C9C(=O)N(C%10CCC(=O)NC%10=O)C(=O)C9=C8)CC7)CC6)CC5)C4)C=C3)N=C12,P09874,PARP1,CRBN,Q96SW2,40.0,57.09,1,0,False,HCT-116
ZLOIRWPQMNYBGL,CN(CCCCCCC(=O)NC1=CC=C2C(=O)N(C3CCC(=O)NC3=O)C(=O)C2=C1)CC[C@@H](C1=CC=CC=C1)N1C=C(NC(=O)C2=N[NH]C3=C2CCC(C)(C)C3)C=N1,Q08881,ITK,CRBN,Q96SW2,9.0,90.0,1,1,False,Jurkat
ZLPNUFSEIVRDOK,CC1=C(C)C2=C(S1)N1C(C)=NN=C1[C@H](CC(=O)NCCCCCCCCC(=O)N[C@@H](C)C(=O)N[C@H]1CCC(=O)NC1=O)N=C2C1=CC=C(Cl)C=C1,O60885,BRD4 BD1,CRBN,Q96SW2,41.0,86.0,3,1,False,HEK293T
ZLZHJUUEUPUMNH,CN1CCN([C@@H]2CCCN(C3=CN=C(C(N)=O)C(NC4=CC=C(N5CC6(C5)CN(C5=CC=C7C(=O)N([C@@H]8CCC(=O)NC8=O)C(=O)C7=C5)C6)C=C4)=N3)C2)C1=O,Q06187,BTK,CRBN,Q96SW2,0.9,94.0,1,1,False,Ramos/TMD8
ZMDQNICGZRRDHD,CC1=C(C2=CC=C([C@H](C)NC(=O)[C@@H]3C[C@@H](O)CN3C(=O)[C@@H](C3=CC(N4CCC(CN5CCC(C6=CC=C7C(=C6)N6C(=NC(=O)C8=C(Cl)C=CC=C86)C7(C)C)CC5)CC4)=NO3)C(C)C)C=C2)SC=N1,P51531,SMARCA2,VHL,P40337,32.35,83.0,2,1,False,HT1080 HiBiT
ZNECZZKRMJMPEX,CCN1CCC(N2C=C(C3=C[NH]C4=NC=C(C5=CN=C(OCCNC(=O)C6=CC=C(Cl)C(N7CCC(=O)NC7=O)=C6)C(C)=C5)N=C34)C=N2)CC1,Q92918,MAP4K1,CRBN,Q96SW2,55.0,86.0,1,1,False,Jurkat
ZNZALUOUNWVYJN,N#CC1=CC=C(N2CCC(C3=CC=C(N4CCC(CN5CCN(C6=CC=C7C(=O)N(C8CCC(=O)NC8=O)CC7=C6)CC5)CC4)C=C3)CC2)C=C1C(F)(F)F,P10275,AR,CRBN,Q96SW2,18.0,85.0,1,1,False,LnCAP
ZOHWFBXCBZWQOF,C#CC1=C(F)C=CC2=CC(O)=CC(C3=NC=C4C(N5CC6CCC(C5)N6)=NC(OCCN5CCN(CC6CCN(CC7CCN(C8=CC=C9C(=C8)N(C)C(=O)N9C8CCC(=O)NC8=O)CC7)CC6)CC5(C)C)=NC4=C3F)=C12,P01116,KRAS,CRBN,Q96SW2,100.0,70.0,1,0,False,AsPC-1
ZOUWJSGGCIZRQH,O=C1CCC(N2CC3=CC(N4CCN(CCCCCOC5=CC=C([C@@H]6C7=CC=C(O)C=C7CC[C@@H]6C6=CC=CC=C6)C=C5)CC4)=CC(Cl)=C3C2=O)C(=O)N1,P03372,ERalpha,CRBN,Q96SW2,5.0,75.0,1,0,False,MCF7
ZOUZDKJIHOEVRI,O=C1CCC(N2CC3=C(C=C(F)C(N4CCN(CC(O)CCCOC5=CC=C([C@@H]6C7=CC=C(O)C=C7CC[C@@H]6C6=CC=CC=C6)C=C5)CC4)=C3F)C2=O)C(=O)N1,P03372,ERalpha,CRBN,Q96SW2,5.0,50.0,1,0,False,MCF7
ZPQWOIFULQMSEH,CC1=NC(NC2=NC=C(C(=O)NC3=C(C)C=CC=C3Cl)S2)=CC(N2CCN(CCCN3CCN(CC4=CC=C(C5CCC(=O)NC5=O)C=C4)CC3)CC2)=N1,P06239,LCK,CRBN,Q96SW2,4.48,84.0,1,1,False,KOPT-K1
ZPYLDDHVODJBLD,O=C1CC[C@H](N2CC3=CC(CCN4CCCN(CC5CCN(C6=CC=C([C@@H]7C8=CC=C(O)C=C8CC[C@@H]7C7=CC=CC=C7)C=C6)CC5)CC4)=CC=C3C2=O)C(=O)N1,P03372,ERalpha,CRBN,Q96SW2,5.0,75.0,1,0,False,MCF7
ZQBPERKIXUCCNQ,CNC(=O)C1=CN=C(NC2=CC=C(C(=O)NCCCCCCCCCC(=O)N[C@H](C(=O)N3C[C@H](O)C[C@H]3C(=O)NCC3=CC=C(C4=C(C)N=CS4)C=C3)C(C)(C)C)C=N2)C=C1NC1=CC=CC(C2=NN(C)C=N2)=C1OC,P29597,TYK2,VHL,P40337,5007.0,51.5,2,0,False,Jurkat
ZRCHTNWZJSGBTQ,O=C1CCC(N2C(=O)C3=CC=C(N4CCN(C5CCC6CCC(OC7=CC=C([C@@H]8C9=CC=C(O)C=C9CC[C@@H]8C8=CC=C(F)C=C8)C=C7)CC6C5)CC4)C=C3C2=O)C(=O)N1,P03372,ERalpha,CRBN,Q96SW2,5.0,75.0,1,0,False,MCF7
ZRDNEVGTKURPRA,CC1=C(C2=CC=C([C@H](C)NC(=O)[C@@H]3C[C@@H](O)CN3C(=O)[C@@H](NC(=O)CCCCN3C=C(C4=CC(C5=CC=CC=C5O)=NN=C4N)C=N3)C(C)(C)C)C=C2)SC=N1,P51531,SMARCA2,VHL,P40337,567.0,71.0,2,0,False,
ZREFLFMSMWOJIS,O=C1CCC(N2C(=O)C3=CC=C(N4CCN(CC[C@@H]5C[C@H]5COC5=CC=C([C@@H]6C7=CC=C(O)C=C7CC[C@@H]6C6=CC=CC=C6)C=C5)CC4)C=C3C2=O)C(=O)N1,P03372,ERalpha,CRBN,Q96SW2,5.0,50.0,1,0,False,MCF7
ZSULAKQIVKYPMS,NC(=O)C1=NC=C(C2=NC=CS2)N=C1NC1=CC=C(C2CCN(C[C@H]3CCN(C4=CC=C5C(=O)N([C@H]6CCC(=O)NC6=O)C(=O)C5=C4)C3)CC2)C=C1,Q06187,BTK,CRBN,Q96SW2,1.7,95.0,1,1,False,TMD8
ZTLBMWCJSVCNQM,CC(=O)N1CCC2=C(C1)C(N1CCCC3=CC(C4=CN(C)N=C4)=C(C(F)F)C=C31)=NN2C1CCN(C(=O)CCNC2=CC=C3C(=O)N(C4CCC(=O)NC4=O)C(=O)C3=C2)CC1,Q92793,CBP,CRBN,Q96SW2,0.65,95.0,2,1,False,VCaP
ZTQZAOMTCIBFNG,CC1=CC(C2=C[NH]C3=NC=C(C4=CC=C(C5CCN(CCC6CCN(C7=CC=C8C(=O)N(C9CCC(=O)NC9=O)C(=O)C8=C7)CC6)CC5)C=C4)N=C23)=CC=C1C(=O)N(C)C,Q92918,MAP4K1,CRBN,Q96SW2,1063.3,58.5,1,0,False,Jurkat
ZUAOSWXWYFMGRN,O=C1CCC(N2CC3=CC(N4CCN(C[C@H]5C[C@@H](COC6=CC=C([C@@H]7C8=CC=C(O)C=C8CC[C@@H]7C7=CC=CC=C7)C=C6)C5)CC4)=CC=C3C2=O)C(=O)N1,P03372,ERalpha,CRBN,Q96SW2,5.0,50.0,2,0,False,MCF7
ZWQJQEMPNYBFQE,CN(CCOCCOCC(=O)NC1=CC=CC2=C1C(=O)N(C1CCC(=O)NC1=O)C2=O)CC[C@@H](C1=CC=CC=C1)N1C=C(NC(=O)C2=N[NH]C3=C2CCC(C)(C)C3)C=N1,Q08881,ITK,CRBN,Q96SW2,220.5,75.0,1,0,False,Jurkat
ZWWVXLXRJJSTQN,CCC1=CC=CC2=CC(O)=CC(C3=NC=C4C(N5CC6CCC(C5)N6)=NC(OCCN5CCC(CN6CC7(C6)CN(C6=CC=C8C(=O)N(C9CCC(=O)NC9=O)C(=O)C8=C6)C7)CC5)=NC4=C3F)=C12,P01116,KRAS,CRBN,Q96SW2,250.0,25.0,1,0,False,AsPC-1
ZWXDWXHNSALXLR,CN1C=C(C2=CC=NC(N3CCN4C(=CC5=C4CC(C)(C)C5)C3=O)=C2CO)C=C(NC2=CC=C(N3CCN(CCCCCCOCCOCC(=O)NC4=CC=CC5=C4C(=O)N(C4CCC(=O)NC4=O)C5=O)CC3)C=N2)C1=O,Q06187,BTK,CRBN,Q96SW2,5.3,97.2,1,1,False,Ramos/JeKo-1
ZXEZOPTWSHMEHU,CC(=O)N1CCC2=C(C1)C(C1=CC=CC3=CC(C4=CC=C(C(=O)N5CCC(C6CN(C7=CC=CC8=C7C(=O)N(C7CCC(=O)NC7=O)C8=O)C6)CC5)N=C4)=NC=C13)=NN2C1CCOCC1,Q92793,CBP,CRBN,Q96SW2,3.7,85.0,1,1,False,RS4;11
ZXEZSPAYGZVVCZ,CCN1C=C(C2=CC(OC)=C(C(=O)N3CCC4(CCC(CN5CC6=CC7=C(C=C6C5)C(=O)N(C5CCC(=O)NC5=O)C7=O)CC4)CC3)C(OC)=C2)C2=CC=NC=C2C1=O,Q9H8M2,BRD9,CRBN,Q96SW2,92.0,99.0,1,1,False,HEK 293
ZXNULVVIUVDDCE,O=C1CCC(N2C(=O)C3=CC=C(N4CC5(CCN(CCCCOC6=CC=C([C@@H]7C8=CC=C(O)C=C8CC[C@@H]7C7=CC=C(F)C=C7)C=C6)CC5)C4)C=C3C2=O)C(=O)N1,P03372,ERalpha,CRBN,Q96SW2,5.0,75.0,1,0,False,MCF7
ZXVRYWSSUREJGW,O=C1CCC(N2CC3=NC(N4CCN(CCCCCOC5=CC=C([C@@H]6C7=CC=C(O)C=C7CC[C@@H]6C6=CC=CC=C6)C=C5)CC4)=CC=C3C2=O)C(=O)N1,P03372,ERalpha,CRBN,Q96SW2,5.0,75.0,1,0,False,MCF7
ZZCOGFONUQKPPF,CCS(=O)(=O)N1C=C(C2=NC(NC3=CC=C(N4CCN(C(=O)CCCC(=O)NC5=CC=CC6=C5CN(C5CCC(=O)NC5=O)C6=O)CC4)C=C3)=NC=C2C(F)(F)F)C2=CC=CC=C21,P00533,EGFR L858R/T790M/C797S,CRBN,Q96SW2,152.6,80.4,1,0,False,H1975-TM
ZZUHCIBVSLMEGQ,O=C1CCC(N2CC3=CC(N4CCN(CCC5CCN(C6=CC=C([C@@H]7C8=CC=C(O)C=C8CC[C@@H]7C7=CC=CC=C7)C=C6)C5)CC4)=CC=C3C2=O)C(=O)N1,P03372,ERalpha,CRBN,Q96SW2,5.0,50.0,1,0,False,MCF7
