ik14,Uniprot,E3 ligase Uniprot,label,stan_active_prob,stan_pred,Molecular Weight,XLogP3,Topological Polar Surface Area,Smiles
ZAGCLFXBHOXXEN,Q9H8M2,P40337,1,0.903390109539032,1,995.232,5.06,180.69,COC1=CC(C2=CN(C)C(=O)C3=CN=CC=C23)=CC(OC)=C1CN1CCN(CCCCCOC2=CC(C3=C(C)N=CS3)=CC=C2CNC(=O)[C@@H]2C[C@@H](O)CN2C(=O)[C@@H](NC(=O)C2(F)CC2)C(C)(C)C)CC1
ZAGCLFXBHOXXEN,Q9H8M2,P40337,1,0.903390109539032,1,995.232,5.06,180.69,COC1=CC(C2=CN(C)C(=O)C3=CN=CC=C23)=CC(OC)=C1CN1CCN(CCCCCOC2=CC(C3=C(C)N=CS3)=CC=C2CNC(=O)[C@@H]2C[C@@H](O)CN2C(=O)[C@@H](NC(=O)C2(F)CC2)C(C)(C)C)CC1
ZAGCLFXBHOXXEN,Q9H8M2,P40337,1,0.903390109539032,1,995.232,5.06,180.69,COC1=CC(C2=CN(C)C(=O)C3=CN=CC=C23)=CC(OC)=C1CN1CCN(CCCCCOC2=CC(C3=C(C)N=CS3)=CC=C2CNC(=O)[C@@H]2C[C@@H](O)CN2C(=O)[C@@H](NC(=O)C2(F)CC2)C(C)(C)C)CC1
ZAGCLFXBHOXXEN,Q9NPI1,P40337,1,0.886708676815033,1,995.232,5.06,180.69,COC1=CC(C2=CN(C)C(=O)C3=CN=CC=C23)=CC(OC)=C1CN1CCN(CCCCCOC2=CC(C3=C(C)N=CS3)=CC=C2CNC(=O)[C@@H]2C[C@@H](O)CN2C(=O)[C@@H](NC(=O)C2(F)CC2)C(C)(C)C)CC1
ZAGCLFXBHOXXEN,Q9NPI1,P40337,1,0.886708676815033,1,995.232,5.06,180.69,COC1=CC(C2=CN(C)C(=O)C3=CN=CC=C23)=CC(OC)=C1CN1CCN(CCCCCOC2=CC(C3=C(C)N=CS3)=CC=C2CNC(=O)[C@@H]2C[C@@H](O)CN2C(=O)[C@@H](NC(=O)C2(F)CC2)C(C)(C)C)CC1
TWICUUFPTXMBLR,Q00987,P40337,0,0.1544063240289688,0,1108.178,8.05,210.96,CC1=C(C2=CC=C([C@H](C)NC(=O)[C@@H]3C[C@@H](O)CN3C(=O)[C@@H](NC(=O)CCCCNC(=O)C3=CC=C(NC(=O)[C@@H]4NC5(CCCCC5)[C@@]5(C(=O)NC6=CC(Cl)=CC=C65)[C@H]4C4=CC=CC(Cl)=C4F)C=C3)C(C)(C)C)C=C2)SC=N1
NSASIVMDKWNVIM,Q00987,P40337,0,0.09959042072296143,0,1168.23,7.04,229.42,CC1=C(C2=CC=C([C@H](C)NC(=O)[C@@H]3C[C@@H](O)CN3C(=O)[C@@H](NC(=O)CCOCCOCCNC(=O)C3=CC=C(NC(=O)[C@@H]4NC5(CCCCC5)[C@@]5(C(=O)NC6=CC(Cl)=CC=C65)[C@H]4C4=CC=CC(Cl)=C4F)C=C3)C(C)(C)C)C=C2)SC=N1
RLRMVHZJHSRMIN,Q00987,P40337,0,0.2933366298675537,0,1212.283,6.9,238.65,CC1=C(C2=CC=C([C@H](C)NC(=O)[C@@H]3C[C@@H](O)CN3C(=O)[C@@H](NC(=O)CCOCCOCCOCCNC(=O)C3=CC=C(NC(=O)[C@@H]4NC5(CCCCC5)[C@@]5(C(=O)NC6=CC(Cl)=CC=C65)[C@H]4C4=CC=CC(Cl)=C4F)C=C3)C(C)(C)C)C=C2)SC=N1
ZNGBUVSQCDBABL,P03372,Q96SW2,0,0.2266741842031479,0,845.971,5.31,164.17,CCN(CCOCCOCCOCC#CC1=CC=CC2=C1CN(C1CCC(=O)NC1=O)C2=O)CCOC1=CC=C(C(=O)C2=C(C3=CC=C(O)C=C3)SC3=CC(O)=CC=C23)C=C1
FVMYYTLLOHMGFM,P03372,Q96SW2,0,0.2749007046222687,0,783.947,8.02,136.48,CCN(CCCCCCC#CC1=CC=CC2=C1CN(C1CCC(=O)NC1=O)C2=O)CCOC1=CC=C(C(=O)C2=C(C3=CC=C(O)C=C3)SC3=CC(O)=CC=C23)C=C1
BQXUPNKLZNSUMC,P03372,P40337,1,0.838301956653595,1,1004.285,9.05,190.86,CCN(CCCCCOCC(=O)N[C@H](C(=O)N1C[C@H](O)C[C@H]1C(=O)N[C@@H](C)C1=CC=C(C2=C(C)N=CS2)C=C1)C(C)(C)C)CCOC1=CC=C(C(=O)C2=C(C3=CC=C(O)C=C3)SC3=CC(O)=CC=C23)C=C1
GHDHSFXBWJJYAN,P10275,P40337,0,0.025461062788963318,0,935.039,5.62,188.07,CC1=C(C2=CC=C(CNC(=O)[C@@H]3C[C@@H](O)CN3C(=O)[C@@H](NC(=O)CCNC(=O)C3=CC=C(N4C(=S)N(C5=CC=C(C#N)C(C(F)(F)F)=C5)C(=O)C4(C)C)C=C3F)C(C)(C)C)C=C2)SC=N1
ZFWHPGQSSVNCFB,P10275,P40337,0,0.2158432900905609,0,963.093,6.34,188.07,CC1=C(C2=CC=C(CNC(=O)[C@@H]3C[C@@H](O)CN3C(=O)[C@@H](NC(=O)CCCCNC(=O)C3=CC=C(N4C(=S)N(C5=CC=C(C#N)C(C(F)(F)F)=C5)C(=O)C4(C)C)C=C3F)C(C)(C)C)C=C2)SC=N1
LBGRZWNYLZVZQM,P10275,P40337,0,0.022779051214456558,0,977.12,6.7,188.07,CC1=C(C2=CC=C(CNC(=O)[C@@H]3C[C@@H](O)CN3C(=O)[C@@H](NC(=O)CCCCCNC(=O)C3=CC=C(N4C(=S)N(C5=CC=C(C#N)C(C(F)(F)F)=C5)C(=O)C4(C)C)C=C3F)C(C)(C)C)C=C2)SC=N1
UNTJCJBQCSZSDR,P10275,P40337,0,0.030847864225506783,0,1005.174,7.78,188.07,CC1=C(C2=CC=C(CNC(=O)[C@@H]3C[C@@H](O)CN3C(=O)[C@@H](NC(=O)CCCCCCCNC(=O)C3=CC=C(N4C(=S)N(C5=CC=C(C#N)C(C(F)(F)F)=C5)C(=O)C4(C)C)C=C3F)C(C)(C)C)C=C2)SC=N1
SVTIVBBIZFCGJI,P10275,P40337,0,0.6001898646354675,1,1019.201,8.32,188.07,CC1=C(C2=CC=C(CNC(=O)[C@@H]3C[C@@H](O)CN3C(=O)[C@@H](NC(=O)CCCCCCCCNC(=O)C3=CC=C(N4C(=S)N(C5=CC=C(C#N)C(C(F)(F)F)=C5)C(=O)C4(C)C)C=C3F)C(C)(C)C)C=C2)SC=N1
HBTUNEMDIYFWQW,P10275,P40337,0,0.5261770486831665,1,1033.228,8.86,188.07,CC1=C(C2=CC=C(CNC(=O)[C@@H]3C[C@@H](O)CN3C(=O)[C@@H](NC(=O)CCCCCCCCCNC(=O)C3=CC=C(N4C(=S)N(C5=CC=C(C#N)C(C(F)(F)F)=C5)C(=O)C4(C)C)C=C3F)C(C)(C)C)C=C2)SC=N1
JVXFONHOIBGDQZ,P10275,P40337,0,0.14828354120254517,0,1047.255,9.4,188.07,CC1=C(C2=CC=C(CNC(=O)[C@@H]3C[C@@H](O)CN3C(=O)[C@@H](NC(=O)CCCCCCCCCCNC(=O)C3=CC=C(N4C(=S)N(C5=CC=C(C#N)C(C(F)(F)F)=C5)C(=O)C4(C)C)C=C3F)C(C)(C)C)C=C2)SC=N1
DQQBASHTDJWTOF,P10275,P40337,0,0.2239915281534195,0,1031.24,9.29,171.86,CC1=C(C2=CC=C(CNC(=O)[C@@H]3C[C@@H](O)CN3C(=O)[C@@H](NC(=O)CCCCCCC3=CC=C(C#CC4=CC=C(N5C(=S)N(C6=CC=C(C#N)C(C(F)(F)F)=C6)C(=O)C5(C)C)C=C4)C=N3)C(C)(C)C)C=C2)SC=N1
LUQBLTDGOLZKCA,P10275,P40337,0,0.12263337522745132,0,1073.281,7.82,178.34,CC1=C(C2=CC=C(CNC(=O)[C@@H]3C[C@@H](O)CN3C(=O)[C@@H](NC(=O)CCCN3CCN(C4=CC=C(C#CC5=CC=C(N6C(=S)N(C7=CC=C(C#N)C(C(F)(F)F)=C7)C(=O)C6(C)C)C=C5)C=N4)CC3)C(C)(C)C)C=C2)SC=N1
UESVUNITXHBXAZ,P10275,P40337,0,0.275718629360199,0,1087.308,8.22,178.34,CC1=C(C2=CC=C([C@H](C)NC(=O)[C@@H]3C[C@@H](O)CN3C(=O)[C@@H](NC(=O)CCCN3CCN(C4=CC=C(C#CC5=CC=C(N6C(=S)N(C7=CC=C(C#N)C(C(F)(F)F)=C7)C(=O)C6(C)C)C=C5)C=N4)CC3)C(C)(C)C)C=C2)SC=N1
IFIQPRCRTBSGCW,P10275,P40337,0,0.04039383679628372,0,1101.335,8.58,178.34,CC1=C(C2=CC=C([C@H](C)NC(=O)[C@@H]3C[C@@H](O)CN3C(=O)[C@@H](NC(=O)CCCCN3CCN(C4=CC=C(C#CC5=CC=C(N6C(=S)N(C7=CC=C(C#N)C(C(F)(F)F)=C7)C(=O)C6(C)C)C=C5)C=N4)CC3)C(C)(C)C)C=C2)SC=N1
XBYIKVWSXKAVDE,P10275,P40337,0,0.05126361921429634,0,1073.281,7.87,178.34,CC1=C(C2=CC=C([C@H](C)NC(=O)[C@@H]3C[C@@H](O)CN3C(=O)[C@@H](NC(=O)CCN3CCN(C4=CC=C(C#CC5=CC=C(N6C(=S)N(C7=CC=C(C#N)C(C(F)(F)F)=C7)C(=O)C6(C)C)C=C5)C=N4)CC3)C(C)(C)C)C=C2)SC=N1
XVQSTGFWUADNSG,P10275,P40337,0,0.09352751076221466,0,1059.254,7.96,178.34,CC1=C(C2=CC=C([C@H](C)NC(=O)[C@@H]3C[C@@H](O)CN3C(=O)[C@@H](NC(=O)CN3CCN(C4=CC=C(C#CC5=CC=C(N6C(=S)N(C7=CC=C(C#N)C(C(F)(F)F)=C7)C(=O)C6(C)C)C=C5)C=N4)CC3)C(C)(C)C)C=C2)SC=N1
DZDNEYFUVBHXKM,P10275,P40337,0,0.048914022743701935,0,1045.227,7.91,178.34,CC1=C(C2=CC=C([C@H](C)NC(=O)[C@@H]3C[C@@H](O)CN3C(=O)[C@@H](NC(=O)N3CCN(C4=CC=C(C#CC5=CC=C(N6C(=S)N(C7=CC=C(C#N)C(C(F)(F)F)=C7)C(=O)C6(C)C)C=C5)C=N4)CC3)C(C)(C)C)C=C2)SC=N1
QMJVJZXGGGXRPC,P10275,P40337,0,0.1039879098534584,0,1114.302,8.76,214.1,CC1=NOC([C@H](C(=O)N2C[C@H](O)C[C@H]2C(=O)N[C@@H](CC(=O)NCCCCCCCCCNC(=O)C2=CC=C(N3C(=S)N(C4=CC=C(C#N)C(C(F)(F)F)=C4)C(=O)C3(C)C)C=C2F)C2=CC=C(C3=C(C)N=CS3)C=C2)C(C)C)=C1
YJSJHDDWLLYYGT,P10275,P40337,0,0.42889800667762756,0,1154.355,7.91,204.37,CC1=NOC([C@H](C(=O)N2C[C@H](O)C[C@H]2C(=O)N[C@@H](CC(=O)NCCCN2CCN(C3=CC=C(C#CC4=CC=C(N5C(=S)N(C6=CC=C(C#N)C(C(F)(F)F)=C6)C(=O)C5(C)C)C=C4)C=N3)CC2)C2=CC=C(C3=C(C)N=CS3)C=C2)C(C)C)=C1
GUBNYKHHDKQDQF,P10275,P40337,1,0.9700130820274353,1,1102.319,8.04,179.45,CC1=NOC([C@H](C(=O)N2C[C@H](O)C[C@H]2C(=O)N[C@@H](CC(=O)N2CCC(N3CCC(C#CC4=CC=C(N5C(=S)N(C6=CC=C(C#N)C(C(F)(F)F)=C6)C(=O)C5(C)C)C=C4)CC3)CC2)C2=CC=C(C3=C(C)N=CS3)C=C2)C(C)C)=C1
XJIMCYXRPLNZMP,P10275,P40337,0,0.2360363006591797,0,1109.307,5.84,222.3,CC1=NOC([C@H](C(=O)N2C[C@H](O)C[C@H]2C(=O)N[C@@H](CC(=O)N2CCC(N3CCC(C#CC4=CC=C(S(=O)CC(C)(O)C(=O)NC5=CC=C(C#N)C(C(F)(F)F)=C5)C=C4)CC3)CC2)C2=CC=C(C3=C(C)N=CS3)C=C2)C(C)C)=C1
RGPUSLXMPBTXNU,P10275,P40337,1,0.9109237790107727,1,1095.808,9.31,194.23,CC1=NOC([C@H](C(=O)N2C[C@H](O)C[C@H]2C(=O)N[C@@H](CC(=O)N2CCC(N3CCC(C#CC4=CC=C(C(=O)N[C@H]5C(C)(C)[C@H](OC6=CC=C(C#N)C(Cl)=C6)C5(C)C)C=C4)CC3)CC2)C2=CC=C(C3=C(C)N=CS3)C=C2)C(C)C)=C1
RGPUSLXMPBTXNU,P10275,P40337,1,0.9109237790107727,1,1095.808,9.31,194.23,CC1=NOC([C@H](C(=O)N2C[C@H](O)C[C@H]2C(=O)N[C@@H](CC(=O)N2CCC(N3CCC(C#CC4=CC=C(C(=O)N[C@H]5C(C)(C)[C@H](OC6=CC=C(C#N)C(Cl)=C6)C5(C)C)C=C4)CC3)CC2)C2=CC=C(C3=C(C)N=CS3)C=C2)C(C)C)=C1
STEVDPTZCIOYTQ,P10275,P40337,0,0.5693774223327637,1,1034.728,8.77,173.72,CC1=NOC([C@H](C(=O)N2C[C@H](O)C[C@H]2C(=O)N[C@@H](CC(=O)N2CCC(N3CCC(C#CC4=CC=C(CC5=C(C)N(C6=CC=C(C#N)C(Cl)=C6)N=C5C)C=C4)CC3)CC2)C2=CC=C(C3=C(C)N=CS3)C=C2)C(C)C)=C1
CWGVEMFBQJUWLU,P10275,P40337,1,0.9735746383666992,1,1129.841,9.29,197.3,CC1=C(C2=CC=C([C@H](CC(=O)N3CCC(N4CCC(C#CC5=CC=C(C(=O)N[C@H]6C(C)(C)[C@H](OC7=CC=C(C#N)C(Cl)=C7)C6(C)C)C=C5)CC4)CC3)NC(=O)[C@@H]3C[C@@H](O)CN3C(=O)[C@@H](NC(=O)C3(F)CC3)C(C)(C)C)C=C2)SC=N1
YLIIPOUNLYQGIU,P10275,P40337,1,0.9653303623199463,1,1136.861,8.81,221.09,CC1=C(C2=CC=C([C@H](CC(=O)N3CCC(N4CCC(C#CC5=CC=C(C(=O)N[C@H]6C(C)(C)[C@H](OC7=CC=C(C#N)C(Cl)=C7)C6(C)C)C=C5)CC4)CC3)NC(=O)[C@@H]3C[C@@H](O)CN3C(=O)[C@@H](NC(=O)C3(C#N)CC3)C(C)(C)C)C=C2)SC=N1
YCVBOGOSHGKMCU,P10275,P40337,0,0.2857916057109833,0,1085.813,8.57,197.3,CC(=O)N[C@H](C(=O)N1C[C@H](O)C[C@H]1C(=O)N[C@@H](CC(=O)N1CCC(N2CCC(C#CC3=CC=C(C(=O)N[C@H]4C(C)(C)[C@H](OC5=CC=C(C#N)C(Cl)=C5)C4(C)C)C=C3)CC2)CC1)C1=CC=C(C2=C(C)N=CS2)C=C1)C(C)(C)C
CWGVEMFBQJUWLU,P10275,P40337,0,0.04995758831501007,0,1129.841,9.29,197.3,CC1=C(C2=CC=C([C@@H](CC(=O)N3CCC(N4CCC(C#CC5=CC=C(C(=O)N[C@H]6C(C)(C)[C@H](OC7=CC=C(C#N)C(Cl)=C7)C6(C)C)C=C5)CC4)CC3)NC(=O)[C@@H]3C[C@@H](O)CN3C(=O)[C@@H](NC(=O)C3(F)CC3)C(C)(C)C)C=C2)SC=N1
UTPTUYDLZXJLRV,P10275,P40337,1,0.9714898467063904,1,1089.801,9.93,228.88,CC1=NOC([C@H](C(=O)N2C[C@H](O)C[C@H]2C(=O)N[C@@H](CC(=O)NCCCCCCCCCNC(=O)C2=CC=C(C(=O)N[C@H]3C(C)(C)[C@H](OC4=CC=C(C#N)C(Cl)=C4)C3(C)C)C=C2)C2=CC=C(C3=C(C)N=CS3)C=C2)C(C)C)=C1
QRQGVXVDQXIEQK,P10275,Q96SW2,0,0.17662201821804047,0,837.418,8.8,186.8,CC1(C)[C@H](NC(=O)C2=CC=C(C(=O)NCCCCCCCCCCNC3=CC=CC4=C3C(=O)N(C3CCC(=O)NC3=O)C4=O)C=C2)C(C)(C)[C@H]1OC1=CC=C(C#N)C(Cl)=C1
JFDLNPIBQDRWHM,P10275,Q96SW2,0,0.05576012283563614,0,829.398,7.05,152.15,CC1(C)[C@H](NC(=O)C2=CC=C(C#CC3CCN(C4CCN(C5=CC=CC6=C5C(=O)N(C5CCC(=O)NC5=O)C6=O)CC4)CC3)C=C2)C(C)(C)[C@H]1OC1=CC=C(C#N)C(Cl)=C1
CBYYXVFBNBBZJH,O60885,Q96SW2,0,0.2222890853881836,0,781.255,2.39,195.66,CC1=C(C)C2=C(S1)N1C(C)=NN=C1[C@H](CC(=O)NCCN1C=C(COC3=CC=CC4=C3C(=O)N(C3CCC(=O)NC3=O)C4=O)N=N1)N=C2C1=CC=C(Cl)C=C1
ABDSEHSFEXENQJ,O60885,Q96SW2,0,0.21354366838932037,0,825.308,2.25,204.89,CC1=C(C)C2=C(S1)N1C(C)=NN=C1[C@H](CC(=O)NCCN1C=C(COCCOC3=CC=CC4=C3C(=O)N(C3CCC(=O)NC3=O)C4=O)N=N1)N=C2C1=CC=C(Cl)C=C1
QDKBKEFTDKCTPJ,O60885,Q96SW2,0,0.19933541119098663,0,869.361,2.1,214.12,CC1=C(C)C2=C(S1)N1C(C)=NN=C1[C@H](CC(=O)NCCN1C=C(COCCOCCOC3=CC=CC4=C3C(=O)N(C3CCC(=O)NC3=O)C4=O)N=N1)N=C2C1=CC=C(Cl)C=C1
SVZFVYLDQTZFKW,O60885,Q96SW2,0,0.23561842739582062,0,913.414,1.95,223.35,CC1=C(C)C2=C(S1)N1C(C)=NN=C1[C@H](CC(=O)NCCN1C=C(COCCOCCOCCOC3=CC=CC4=C3C(=O)N(C3CCC(=O)NC3=O)C4=O)N=N1)N=C2C1=CC=C(Cl)C=C1
NQCJKUWEAOYMRX,O60885,Q96SW2,0,0.2516010105609894,0,957.467,1.8,232.58,CC1=C(C)C2=C(S1)N1C(C)=NN=C1[C@H](CC(=O)NCCN1C=C(COCCOCCOCCOCCOC3=CC=CC4=C3C(=O)N(C3CCC(=O)NC3=O)C4=O)N=N1)N=C2C1=CC=C(Cl)C=C1
KEXVSUAHVFYWJC,O60885,P40337,1,0.970640242099762,1,995.633,4.49,223.74,CC1=C(C2=CC=C(CNC(=O)[C@@H]3C[C@@H](O)CN3C(=O)[C@@H](NC(=O)COCC3=CN(CCNC(=O)C[C@@H]4N=C(C5=CC=C(Cl)C=C5)C5=C(SC(C)=C5C)N5C(C)=NN=C45)N=N3)C(C)(C)C)C=C2)SC=N1
LJQXZKRBYGZAEU,O60885,P40337,1,0.8320208191871643,1,1039.686,4.34,232.97,CC1=C(C2=CC=C(CNC(=O)[C@@H]3C[C@@H](O)CN3C(=O)[C@@H](NC(=O)COCCOCC3=CN(CCNC(=O)C[C@@H]4N=C(C5=CC=C(Cl)C=C5)C5=C(SC(C)=C5C)N5C(C)=NN=C45)N=N3)C(C)(C)C)C=C2)SC=N1
IVAWBGJHAWQINS,O60885,P40337,0,0.2711363434791565,0,1083.739,4.19,242.2,CC1=C(C2=CC=C(CNC(=O)[C@@H]3C[C@@H](O)CN3C(=O)[C@@H](NC(=O)COCCOCCOCC3=CN(CCNC(=O)C[C@@H]4N=C(C5=CC=C(Cl)C=C5)C5=C(SC(C)=C5C)N5C(C)=NN=C45)N=N3)C(C)(C)C)C=C2)SC=N1
MEUHHKBLLJDOBF,O60885,P40337,0,0.22278814017772675,0,1127.792,4.05,251.43,CC1=C(C2=CC=C(CNC(=O)[C@@H]3C[C@@H](O)CN3C(=O)[C@@H](NC(=O)COCCOCCOCCOCC3=CN(CCNC(=O)C[C@@H]4N=C(C5=CC=C(Cl)C=C5)C5=C(SC(C)=C5C)N5C(C)=NN=C45)N=N3)C(C)(C)C)C=C2)SC=N1
VACBBPVTGHKINF,O60885,P40337,0,0.325224369764328,0,1171.845,3.9,260.66,CC1=C(C2=CC=C(CNC(=O)[C@@H]3C[C@@H](O)CN3C(=O)[C@@H](NC(=O)COCCOCCOCCOCCOCC3=CN(CCNC(=O)C[C@@H]4N=C(C5=CC=C(Cl)C=C5)C5=C(SC(C)=C5C)N5C(C)=NN=C45)N=N3)C(C)(C)C)C=C2)SC=N1
JJODRHXPKVBYEY,Q96SW2,P40337,0,0.29828450083732605,0,876.002,2.33,234.9,CC1=C(C2=CC=C(CNC(=O)[C@@H]3C[C@@H](O)CN3C(=O)[C@@H](NC(=O)COCCOCCOCCNC3=CC=CC4=C3C(=O)N(C3CCC(=O)NC3=O)C4=O)C(C)(C)C)C=C2)SC=N1
LIMCHOLAKDUZDS,Q96SW2,P40337,1,0.585371732711792,1,972.219,5.6,225.67,CC1=C(C2=CC=C(CNC(=O)[C@@H]3C[C@@H](O)CN3C(=O)[C@@H](NC(=O)CCCCOCCCCCOCCCCCCNC3=CC=CC4=C3C(=O)N(C3CCC(=O)NC3=O)C4=O)C(C)(C)C)C=C2)SC=N1
FCEBHUUCGVQXGJ,Q16539,P40337,1,0.934917688369751,1,1078.205,7.21,228.87,COC1=CC2=C(OC3=CC=C(NC(=O)C4(C(=O)NC5=CC=C(F)C=C5)CC4)C=C3F)C=CN=C2C=C1OCCOCCOCCC(=O)N[C@H](C(=O)N1C[C@H](O)C[C@H]1C(=O)NCC1=CC=C(C2=C(C)N=CS2)C=C1)C(C)(C)C
FCEBHUUCGVQXGJ,O15264,P40337,1,0.9354601502418518,1,1078.205,7.21,228.87,COC1=CC2=C(OC3=CC=C(NC(=O)C4(C(=O)NC5=CC=C(F)C=C5)CC4)C=C3F)C=CN=C2C=C1OCCOCCOCCC(=O)N[C@H](C(=O)N1C[C@H](O)C[C@H]1C(=O)NCC1=CC=C(C2=C(C)N=CS2)C=C1)C(C)(C)C
PCRYOGWRHSLIEZ,Q16539,P40337,1,0.8482565879821777,1,1092.232,7.57,228.87,COC1=CC2=C(OC3=CC=C(NC(=O)C4(C(=O)NC5=CC=C(F)C=C5)CC4)C=C3F)C=CN=C2C=C1OCCCOCCOCCC(=O)N[C@H](C(=O)N1C[C@H](O)C[C@H]1C(=O)NCC1=CC=C(C2=C(C)N=CS2)C=C1)C(C)(C)C
PCRYOGWRHSLIEZ,O15264,P40337,1,0.8494987487792969,1,1092.232,7.57,228.87,COC1=CC2=C(OC3=CC=C(NC(=O)C4(C(=O)NC5=CC=C(F)C=C5)CC4)C=C3F)C=CN=C2C=C1OCCCOCCOCCC(=O)N[C@H](C(=O)N1C[C@H](O)C[C@H]1C(=O)NCC1=CC=C(C2=C(C)N=CS2)C=C1)C(C)(C)C
SCUZPTNDZHEHLB,Q16539,P40337,0,0.4960644543170929,0,1106.259,7.93,228.87,COC1=CC2=C(OC3=CC=C(NC(=O)C4(C(=O)NC5=CC=C(F)C=C5)CC4)C=C3F)C=CN=C2C=C1OCCCOCCCOCCC(=O)N[C@H](C(=O)N1C[C@H](O)C[C@H]1C(=O)NCC1=CC=C(C2=C(C)N=CS2)C=C1)C(C)(C)C
SCUZPTNDZHEHLB,Q16539,P40337,0,0.4960644245147705,0,1106.259,7.93,228.87,COC1=CC2=C(OC3=CC=C(NC(=O)C4(C(=O)NC5=CC=C(F)C=C5)CC4)C=C3F)C=CN=C2C=C1OCCCOCCCOCCC(=O)N[C@H](C(=O)N1C[C@H](O)C[C@H]1C(=O)NCC1=CC=C(C2=C(C)N=CS2)C=C1)C(C)(C)C
SCUZPTNDZHEHLB,O15264,P40337,0,0.4993673861026764,0,1106.259,7.93,228.87,COC1=CC2=C(OC3=CC=C(NC(=O)C4(C(=O)NC5=CC=C(F)C=C5)CC4)C=C3F)C=CN=C2C=C1OCCCOCCCOCCC(=O)N[C@H](C(=O)N1C[C@H](O)C[C@H]1C(=O)NCC1=CC=C(C2=C(C)N=CS2)C=C1)C(C)(C)C
GXDYWQXTEYENEU,Q16539,P40337,1,0.765620768070221,1,1120.286,8.74,228.87,COC1=CC2=C(OC3=CC=C(NC(=O)C4(C(=O)NC5=CC=C(F)C=C5)CC4)C=C3F)C=CN=C2C=C1OCCCCOCCCCOCC(=O)N[C@H](C(=O)N1C[C@H](O)C[C@H]1C(=O)NCC1=CC=C(C2=C(C)N=CS2)C=C1)C(C)(C)C
GXDYWQXTEYENEU,O15264,P40337,0,0.7675812244415283,1,1120.286,8.74,228.87,COC1=CC2=C(OC3=CC=C(NC(=O)C4(C(=O)NC5=CC=C(F)C=C5)CC4)C=C3F)C=CN=C2C=C1OCCCCOCCCCOCC(=O)N[C@H](C(=O)N1C[C@H](O)C[C@H]1C(=O)NCC1=CC=C(C2=C(C)N=CS2)C=C1)C(C)(C)C
LYUUIIZKBMBNQV,Q16539,P40337,0,0.6322000622749329,1,1168.286,8.27,229.31,COC1=CC2=C(OC3=CC=C(NC(=O)C4(C(=O)NC5=CC=C(F)C=C5)CC4)C=C3F)C=CN=C2C=C1OCCOCCOCCOC1=CC(C2=C(C)N=CS2)=CC=C1CNC(=O)[C@@H]1C[C@@H](O)CN1C(=O)[C@H](C(C)C)N1CC2=CC=CC=C2C1=O
LYUUIIZKBMBNQV,O15264,P40337,1,0.6346176266670227,1,1168.286,8.27,229.31,COC1=CC2=C(OC3=CC=C(NC(=O)C4(C(=O)NC5=CC=C(F)C=C5)CC4)C=C3F)C=CN=C2C=C1OCCOCCOCCOC1=CC(C2=C(C)N=CS2)=CC=C1CNC(=O)[C@@H]1C[C@@H](O)CN1C(=O)[C@H](C(C)C)N1CC2=CC=CC=C2C1=O
LCBLIBYLVHDHMI,Q16539,P40337,0,0.7340703010559082,1,1180.341,9.84,220.08,COC1=CC2=C(OC3=CC=C(NC(=O)C4(C(=O)NC5=CC=C(F)C=C5)CC4)C=C3F)C=CN=C2C=C1OCCCCOCCCCOC1=CC(C2=C(C)N=CS2)=CC=C1CNC(=O)[C@@H]1C[C@@H](O)CN1C(=O)[C@H](C(C)C)N1CC2=CC=CC=C2C1=O
LCBLIBYLVHDHMI,O15264,P40337,0,0.7359301447868347,1,1180.341,9.84,220.08,COC1=CC2=C(OC3=CC=C(NC(=O)C4(C(=O)NC5=CC=C(F)C=C5)CC4)C=C3F)C=CN=C2C=C1OCCCCOCCCCOC1=CC(C2=C(C)N=CS2)=CC=C1CNC(=O)[C@@H]1C[C@@H](O)CN1C(=O)[C@H](C(C)C)N1CC2=CC=CC=C2C1=O
RZMAGXNWPGZVNP,Q16539,P40337,0,0.7010599970817566,1,1196.34,8.98,229.31,COC1=CC2=C(OC3=CC=C(NC(=O)C4(C(=O)NC5=CC=C(F)C=C5)CC4)C=C3F)C=CN=C2C=C1OCCCOCCOCCCOC1=CC(C2=C(C)N=CS2)=CC=C1CNC(=O)[C@@H]1C[C@@H](O)CN1C(=O)[C@H](C(C)C)N1CC2=CC=CC=C2C1=O
RZMAGXNWPGZVNP,O15264,P40337,0,0.7032475471496582,1,1196.34,8.98,229.31,COC1=CC2=C(OC3=CC=C(NC(=O)C4(C(=O)NC5=CC=C(F)C=C5)CC4)C=C3F)C=CN=C2C=C1OCCCOCCOCCCOC1=CC(C2=C(C)N=CS2)=CC=C1CNC(=O)[C@@H]1C[C@@H](O)CN1C(=O)[C@H](C(C)C)N1CC2=CC=CC=C2C1=O
LVQCYBJKHQGJSR,Q16539,P40337,0,0.404219388961792,0,1210.367,9.34,229.31,COC1=CC2=C(OC3=CC=C(NC(=O)C4(C(=O)NC5=CC=C(F)C=C5)CC4)C=C3F)C=CN=C2C=C1OCCCOCCCOCCCOC1=CC(C2=C(C)N=CS2)=CC=C1CNC(=O)[C@@H]1C[C@@H](O)CN1C(=O)[C@H](C(C)C)N1CC2=CC=CC=C2C1=O
LVQCYBJKHQGJSR,O15264,P40337,0,0.4077743589878082,0,1210.367,9.34,229.31,COC1=CC2=C(OC3=CC=C(NC(=O)C4(C(=O)NC5=CC=C(F)C=C5)CC4)C=C3F)C=CN=C2C=C1OCCCOCCCOCCCOC1=CC(C2=C(C)N=CS2)=CC=C1CNC(=O)[C@@H]1C[C@@H](O)CN1C(=O)[C@H](C(C)C)N1CC2=CC=CC=C2C1=O
UYBVSBAZZWUPHH,P25440,Q96SW2,1,0.6373836994171143,1,727.291,4.3,150.68,CC1=C(C)C2=C(S1)N1C(C)=NN=C1[C@H](CC(=O)NCCCCCNC1=CC=CC3=C1CN(C1CCC(=O)NC1=O)C3=O)N=C2C1=CC=C(Cl)C=C1
UYBVSBAZZWUPHH,Q15059,Q96SW2,1,0.5561805963516235,1,727.291,4.3,150.68,CC1=C(C)C2=C(S1)N1C(C)=NN=C1[C@H](CC(=O)NCCCCCNC1=CC=CC3=C1CN(C1CCC(=O)NC1=O)C3=O)N=C2C1=CC=C(Cl)C=C1
UYBVSBAZZWUPHH,O60885,Q96SW2,1,0.7866834402084351,1,727.291,4.3,150.68,CC1=C(C)C2=C(S1)N1C(C)=NN=C1[C@H](CC(=O)NCCCCCNC1=CC=CC3=C1CN(C1CCC(=O)NC1=O)C3=O)N=C2C1=CC=C(Cl)C=C1
GXIDZUOKFMNGIA,P11474,P40337,0,0.1817369908094406,0,928.953,6.78,182.98,COC1=CC(/C=C(\C#N)C(=O)NCCC(=O)N[C@H](C(=O)N2C[C@H](O)C[C@H]2C(=O)NCC2=CC=C(C3=C(C)N=CS3)C=C2)C(C)(C)C)=CC=C1OCC1=CC=C(C(F)(F)F)C=C1C(F)(F)F
OWPXBBYFUGODAK,P11474,P40337,1,0.7638576030731201,1,942.98,7.13,182.98,COC1=CC(/C=C(\C#N)C(=O)NCCCC(=O)N[C@H](C(=O)N2C[C@H](O)C[C@H]2C(=O)NCC2=CC=C(C3=C(C)N=CS3)C=C2)C(C)(C)C)=CC=C1OCC1=CC=C(C(F)(F)F)C=C1C(F)(F)F
POTUUCUOBIVSIX,P11474,P40337,1,0.611689031124115,1,957.007,7.49,182.98,COC1=CC(/C=C(\C#N)C(=O)NCCCCC(=O)N[C@H](C(=O)N2C[C@H](O)C[C@H]2C(=O)NCC2=CC=C(C3=C(C)N=CS3)C=C2)C(C)(C)C)=CC=C1OCC1=CC=C(C(F)(F)F)C=C1C(F)(F)F
REDUTJVDNZYVPL,P11474,P40337,0,0.5046125054359436,1,971.034,7.85,182.98,COC1=CC(/C=C(\C#N)C(=O)NCCCCCC(=O)N[C@H](C(=O)N2C[C@H](O)C[C@H]2C(=O)NCC2=CC=C(C3=C(C)N=CS3)C=C2)C(C)(C)C)=CC=C1OCC1=CC=C(C(F)(F)F)C=C1C(F)(F)F
IKHNJLBBNYYHOX,P11474,P40337,0,0.19688351452350616,0,985.061,8.39,182.98,COC1=CC(/C=C(\C#N)C(=O)NCCCCCCC(=O)N[C@H](C(=O)N2C[C@H](O)C[C@H]2C(=O)NCC2=CC=C(C3=C(C)N=CS3)C=C2)C(C)(C)C)=CC=C1OCC1=CC=C(C(F)(F)F)C=C1C(F)(F)F
RNNKZQWFHJOWDN,P11474,P40337,0,0.2683362066745758,0,999.088,8.93,182.98,COC1=CC(/C=C(\C#N)C(=O)NCCCCCCCC(=O)N[C@H](C(=O)N2C[C@H](O)C[C@H]2C(=O)NCC2=CC=C(C3=C(C)N=CS3)C=C2)C(C)(C)C)=CC=C1OCC1=CC=C(C(F)(F)F)C=C1C(F)(F)F
IDGWXLXTBJVQIE,P11474,P40337,1,0.45421192049980164,0,973.006,6.63,192.21,COC1=CC(/C=C(\C#N)C(=O)NCCOCCC(=O)N[C@H](C(=O)N2C[C@H](O)C[C@H]2C(=O)NCC2=CC=C(C3=C(C)N=CS3)C=C2)C(C)(C)C)=CC=C1OCC1=CC=C(C(F)(F)F)C=C1C(F)(F)F
SJHLGXTZTYFQQR,P11474,P40337,0,0.21149328351020813,0,1017.059,6.48,201.44,COC1=CC(/C=C(\C#N)C(=O)NCCOCCOCCC(=O)N[C@H](C(=O)N2C[C@H](O)C[C@H]2C(=O)NCC2=CC=C(C3=C(C)N=CS3)C=C2)C(C)(C)C)=CC=C1OCC1=CC=C(C(F)(F)F)C=C1C(F)(F)F
MVFPCDPEAWPGQF,P11474,P40337,0,0.13594503700733185,0,1061.112,6.33,210.67,COC1=CC(/C=C(\C#N)C(=O)NCCOCCOCCOCCC(=O)N[C@H](C(=O)N2C[C@H](O)C[C@H]2C(=O)NCC2=CC=C(C3=C(C)N=CS3)C=C2)C(C)(C)C)=CC=C1OCC1=CC=C(C(F)(F)F)C=C1C(F)(F)F
WPSYXPCVOWKVCC,Q06187,Q96SW2,0,0.1504760980606079,0,756.723,3.5,221.28,NC(=O)C1=C(N)N([C@@H]2CCCN(C(=O)OCCNC3=CC=CC4=C3C(=O)N(C3CCC(=O)NC3=O)C4=O)C2)N=C1C1=CC=C(OC2=CC=C(F)C=C2F)C=C1
XAWAYTRJECSXEE,Q06187,Q96SW2,0,0.23089195787906647,0,770.75,2.98,221.28,NC(=O)C1=C(N)N([C@@H]2CCCN(C(=O)COCCNC3=CC=CC4=C3C(=O)N(C3CCC(=O)NC3=O)C4=O)C2)N=C1C1=CC=C(OC2=CC=C(F)C=C2F)C=C1
QADIMDVHQUXGJB,Q06187,Q96SW2,0,0.1939791440963745,0,800.776,3.35,230.51,NC(=O)C1=C(N)N([C@@H]2CCCN(C(=O)OCCOCCNC3=CC=CC4=C3C(=O)N(C3CCC(=O)NC3=O)C4=O)C2)N=C1C1=CC=C(OC2=CC=C(F)C=C2F)C=C1
IDIGRNKYBBGIKH,Q06187,Q96SW2,1,0.7246270775794983,1,888.882,3.05,248.97,NC(=O)C1=C(N)N([C@@H]2CCCN(C(=O)OCCOCCOCCOCCNC3=CC=CC4=C3C(=O)N(C3CCC(=O)NC3=O)C4=O)C2)N=C1C1=CC=C(OC2=CC=C(F)C=C2F)C=C1
HIEUPGKCAGGMLO,Q06187,Q96SW2,1,0.5914819836616516,1,932.935,2.91,258.2,NC(=O)C1=C(N)N([C@@H]2CCCN(C(=O)OCCOCCOCCOCCOCCNC3=CC=CC4=C3C(=O)N(C3CCC(=O)NC3=O)C4=O)C2)N=C1C1=CC=C(OC2=CC=C(F)C=C2F)C=C1
PDQGUWCWGITGBA,Q06187,Q96SW2,1,0.727744460105896,1,946.962,2.39,258.2,NC(=O)C1=C(N)N([C@@H]2CCCN(C(=O)COCCOCCOCCOCCOCCNC3=CC=CC4=C3C(=O)N(C3CCC(=O)NC3=O)C4=O)C2)N=C1C1=CC=C(OC2=CC=C(F)C=C2F)C=C1
XXNGOJVDXDGATG,Q06187,Q96SW2,1,0.6450746655464172,1,976.988,2.76,267.43,NC(=O)C1=C(N)N([C@@H]2CCCN(C(=O)OCCOCCOCCOCCOCCOCCNC3=CC=CC4=C3C(=O)N(C3CCC(=O)NC3=O)C4=O)C2)N=C1C1=CC=C(OC2=CC=C(F)C=C2F)C=C1
ZYNKGHHFEDYPKB,Q06187,Q13490,0,0.19704307615756989,0,1180.361,6.23,262.39,CN[C@@H](C)C(=O)N[C@H](C(=O)N1CC2=CC(OCCOCCOCCOCCOCCOC(=O)N3CCC[C@@H](N4N=C(C5=CC=C(OC6=CC=C(F)C=C6F)C=C5)C(C(N)=O)=C4N)C3)=CC=C2C[C@H]1C(=O)N[C@@H]1CCCC2=CC=CC=C21)C(C)(C)C
VEKJQNCZEPLNJF,Q9UM73,Q96SW2,1,0.8188358545303345,1,1134.751,5.93,267.28,CC1=CC(NC2=NC=C(Cl)C(NC3=CC=CC=C3S(=O)(=O)C(C)C)=N2)=C(OC(C)C)C=C1C1CCN(CC(=O)NCCOCCOCCOCCOCCOCCNC2=CC=CC3=C2C(=O)N(C2CCC(=O)NC2=O)C3=O)CC1
MHILTYZXXFOWJH,Q9UBN7,Q96SW2,0,0.5770723819732666,1,775.82,1.0,244.77,O=C(CCCCCCC(=O)N/N=C/C1=CC=C(OCCOCCOCCN2C=C(CNC3=CC=CC4=C3C(=O)N(C3CCC(=O)NC3=O)C4=O)N=N2)C=C1)NO
MHILTYZXXFOWJH,Q9UBN7,Q96SW2,1,0.5770723819732666,1,775.82,1.0,244.77,O=C(CCCCCCC(=O)N/N=C/C1=CC=C(OCCOCCOCCN2C=C(CNC3=CC=CC4=C3C(=O)N(C3CCC(=O)NC3=O)C4=O)N=N2)C=C1)NO
MYXWOZYARUULQX,P25440,P40337,1,0.9806883335113525,1,1020.651,5.02,211.49,CC1=C(C2=CC=C(CNC(=O)[C@@H]3[C@@H](F)[C@@H](O)CN3C(=O)[C@@H](NC(=O)COCCOCCOCCNC(=O)C[C@@H]3N=C(C4=CC=C(Cl)C=C4)C4=C(SC(C)=C4C)N4C(C)=NN=C34)C(C)(C)C)C=C2)SC=N1
MYXWOZYARUULQX,Q15059,P40337,1,0.9727081656455994,1,1020.651,5.02,211.49,CC1=C(C2=CC=C(CNC(=O)[C@@H]3[C@@H](F)[C@@H](O)CN3C(=O)[C@@H](NC(=O)COCCOCCOCCNC(=O)C[C@@H]3N=C(C4=CC=C(Cl)C=C4)C4=C(SC(C)=C4C)N4C(C)=NN=C34)C(C)(C)C)C=C2)SC=N1
MYXWOZYARUULQX,O60885,P40337,1,0.9925602674484253,1,1020.651,5.02,211.49,CC1=C(C2=CC=C(CNC(=O)[C@@H]3[C@@H](F)[C@@H](O)CN3C(=O)[C@@H](NC(=O)COCCOCCOCCNC(=O)C[C@@H]3N=C(C4=CC=C(Cl)C=C4)C4=C(SC(C)=C4C)N4C(C)=NN=C34)C(C)(C)C)C=C2)SC=N1
MYXWOZYARUULQX,P25440,P40337,0,0.0976807028055191,0,1020.651,5.02,211.49,CC1=C(C2=CC=C(CNC(=O)[C@@H]3[C@H](F)[C@@H](O)CN3C(=O)[C@@H](NC(=O)COCCOCCOCCNC(=O)C[C@@H]3N=C(C4=CC=C(Cl)C=C4)C4=C(SC(C)=C4C)N4C(C)=NN=C34)C(C)(C)C)C=C2)SC=N1
MYXWOZYARUULQX,Q15059,P40337,0,0.0702023133635521,0,1020.651,5.02,211.49,CC1=C(C2=CC=C(CNC(=O)[C@@H]3[C@H](F)[C@@H](O)CN3C(=O)[C@@H](NC(=O)COCCOCCOCCNC(=O)C[C@@H]3N=C(C4=CC=C(Cl)C=C4)C4=C(SC(C)=C4C)N4C(C)=NN=C34)C(C)(C)C)C=C2)SC=N1
MYXWOZYARUULQX,O60885,P40337,1,0.2198600023984909,0,1020.651,5.02,211.49,CC1=C(C2=CC=C(CNC(=O)[C@@H]3[C@H](F)[C@@H](O)CN3C(=O)[C@@H](NC(=O)COCCOCCOCCNC(=O)C[C@@H]3N=C(C4=CC=C(Cl)C=C4)C4=C(SC(C)=C4C)N4C(C)=NN=C34)C(C)(C)C)C=C2)SC=N1
AMOFJSISJOOLNX,P15056,Q96SW2,0,0.12859557569026947,0,763.782,1.95,224.84,COC1=CC(OC)=C(/C=C/S(=O)(=O)CC2=CC=C(OC)C(NCC(=O)NCC(=O)NC3=CC=CC4=C3C(=O)N(C3CCC(=O)NC3=O)C4=O)=C2)C(OC)=C1
UTSBHEVQCONLCR,P11802,Q96SW2,0,0.949980616569519,1,936.04,1.62,248.62,CC(=O)C1=C(C)C2=CN=C(NC3=CC=C(N4CCN(CC(=O)NCCOCCOCCOCCNC5=CC=CC6=C5C(=O)N(C5CCC(=O)NC5=O)C6=O)CC4)C=N3)N=C2N(C2CCCC2)C1=O
UTSBHEVQCONLCR,P11802,Q96SW2,0,0.949980616569519,1,936.04,1.62,248.62,CC(=O)C1=C(C)C2=CN=C(NC3=CC=C(N4CCN(CC(=O)NCCOCCOCCOCCNC5=CC=CC6=C5C(=O)N(C5CCC(=O)NC5=O)C6=O)CC4)C=N3)N=C2N(C2CCCC2)C1=O
UTSBHEVQCONLCR,Q00534,Q96SW2,1,0.9529020190238953,1,936.04,1.62,248.62,CC(=O)C1=C(C)C2=CN=C(NC3=CC=C(N4CCN(CC(=O)NCCOCCOCCOCCNC5=CC=CC6=C5C(=O)N(C5CCC(=O)NC5=O)C6=O)CC4)C=N3)N=C2N(C2CCCC2)C1=O
UTSBHEVQCONLCR,Q00534,Q96SW2,1,0.9529020190238953,1,936.04,1.62,248.62,CC(=O)C1=C(C)C2=CN=C(NC3=CC=C(N4CCN(CC(=O)NCCOCCOCCOCCNC5=CC=CC6=C5C(=O)N(C5CCC(=O)NC5=O)C6=O)CC4)C=N3)N=C2N(C2CCCC2)C1=O
DAKOVCJVMZQQAH,Q06187,Q96SW2,1,0.7798741459846497,1,912.965,2.67,253.14,NC1=NC=NC2=C1C(C1=CC=C(OC3=CC=CC=C3)C=C1)=NN2[C@@H]1CCCN(C(=O)C2=CN(CCOCCOCCOCCNC3=CC=CC4=C3C(=O)N(C3CCC(=O)NC3=O)C4=O)N=N2)C1
HIWSGVNEQRFBBA,P10275,P40337,0,0.024500807747244835,0,1008.155,5.87,195.89,CC1=C(C2=CC=C(CNC(=O)[C@@H]3C[C@@H](O)CN3C(=O)[C@@H](NC(=O)COCCOCCOCCOC3=CC=C(N4C(=S)N(C5=CC=C(C#N)C(C(F)(F)F)=C5)C(=O)C4(C)C)C=C3)C(C)(C)C)C=C2)SC=N1
MTZBLTXMAXNSIO,P10275,P40337,0,0.20250308513641357,0,1020.21,7.45,186.66,CC1=C(C2=CC=C(CNC(=O)[C@@H]3C[C@@H](O)CN3C(=O)[C@@H](NC(=O)COCCCOCCCCCOC3=CC=C(N4C(=S)N(C5=CC=C(C#N)C(C(F)(F)F)=C5)C(=O)C4(C)C)C=C3)C(C)(C)C)C=C2)SC=N1
DUPAJELXESPTNF,P10275,P40337,1,0.6620872020721436,1,1024.201,8.51,177.43,CC1=C(C2=CC=C(CNC(=O)[C@@H]3C[C@@H](O)CN3C(=O)[C@@H](NC(=O)COCCCCOC3=CC=C(C4=CC=C(N5C(=S)N(C6=CC=C(C#N)C(C(F)(F)F)=C6)C(=O)C5(C)C)C=C4)C=C3)C(C)(C)C)C=C2)SC=N1
SSNVICBSSPQZQX,Q05397,P40337,1,0.9350175261497498,1,982.121,5.86,217.31,CC1=C(C2=CC=C(CNC(=O)[C@@H]3C[C@@H](O)CN3C(=O)[C@@H](NC(=O)COCCOC3=CC=C(NC4=NC=C(C(F)(F)F)C(NCC5=CC=CC(N(C)S(C)(=O)=O)=C5)=N4)C=C3)C(C)(C)C)C=C2)SC=N1
SHPXUUGJMCCMIO,Q05397,P40337,1,0.9744070768356323,1,996.148,6.22,217.31,CC1=C(C2=CC=C(CNC(=O)[C@@H]3C[C@@H](O)CN3C(=O)[C@@H](NC(=O)COCCCOC3=CC=C(NC4=NC=C(C(F)(F)F)C(NCC5=CC=CC(N(C)S(C)(=O)=O)=C5)=N4)C=C3)C(C)(C)C)C=C2)SC=N1
MVULIYLBRNHLEE,Q05397,P40337,1,0.9693357348442078,1,996.148,5.76,217.31,CC1=C(C2=CC=C(CNC(=O)[C@@H]3C[C@@H](O)CN3C(=O)[C@@H](NC(=O)CCOCCOC3=CC=C(NC4=NC=C(C(F)(F)F)C(NCC5=CC=CC(N(C)S(C)(=O)=O)=C5)=N4)C=C3)C(C)(C)C)C=C2)SC=N1
WVWFJWJYLUTFRG,Q05397,P40337,1,0.8220207095146179,1,1010.175,6.12,217.31,CC1=C(C2=CC=C(CNC(=O)[C@@H]3C[C@@H](O)CN3C(=O)[C@@H](NC(=O)CCOCCCOC3=CC=C(NC4=NC=C(C(F)(F)F)C(NCC5=CC=CC(N(C)S(C)(=O)=O)=C5)=N4)C=C3)C(C)(C)C)C=C2)SC=N1
DRJLXMYTVYIROA,Q05397,P40337,1,0.7987833023071289,1,1040.201,5.62,226.54,CC1=C(C2=CC=C(CNC(=O)[C@@H]3C[C@@H](O)CN3C(=O)[C@@H](NC(=O)CCOCCOCCOC3=CC=C(NC4=NC=C(C(F)(F)F)C(NCC5=CC=CC(N(C)S(C)(=O)=O)=C5)=N4)C=C3)C(C)(C)C)C=C2)SC=N1
CVMXJJVQILKJCT,Q05397,P40337,1,0.7550442814826965,1,1128.307,5.32,245.0,CC1=C(C2=CC=C(CNC(=O)[C@@H]3C[C@@H](O)CN3C(=O)[C@@H](NC(=O)CCOCCOCCOCCOCCOC3=CC=C(NC4=NC=C(C(F)(F)F)C(NCC5=CC=CC(N(C)S(C)(=O)=O)=C5)=N4)C=C3)C(C)(C)C)C=C2)SC=N1
ATTMBNXPUWOYNQ,Q05397,Q96SW2,1,0.8421564102172852,1,896.902,3.22,227.56,CN(C1=CC=CC(CNC2=NC(NC3=CC=C(OCCCOCCC(=O)NCCOC4=CC=CC5=C4C(=O)N(C4CCC(=O)NC4=O)C5=O)C=C3)=NC=C2C(F)(F)F)=C1)S(C)(=O)=O
QZQNVCJSORWNHR,Q05397,Q96SW2,1,0.8851106762886047,1,1015.034,2.42,255.25,CN(C1=CC=CC(CNC2=NC(NC3=CC=C(OCCOCCOCCOCCOCCC(=O)NCCOC4=CC=CC5=C4C(=O)N(C4CCC(=O)NC4=O)C5=O)C=C3)=NC=C2C(F)(F)F)=C1)S(C)(=O)=O
NICKHWYZMNLEPJ,P00533,P40337,1,0.916602611541748,1,934.532,6.88,186.36,COC1=CC2=NC=NC(NC3=CC=C(F)C(Cl)=C3)=C2C=C1OCCCCCOCCOCCC(=O)N[C@H](C(=O)N1C[C@H](O)C[C@H]1C(=O)NCC1=CC=C(C2=C(C)N=CS2)C=C1)C(C)(C)C
BXHBYEPLXDQKAT,P00533,P40337,0,0.12304066866636276,0,1086.773,7.81,209.47,CC1=C(C2=CC=C(CNC(=O)[C@@H]3C[C@@H](O)CN3C(=O)[C@@H](NC(=O)CCCCCOCCCCOCCCCOC3=CC4=NC=NC(NC5=CC=C(F)C(Cl)=C5)=C4C=C3NC(=O)/C=C/CN(C)C)C(C)(C)C)C=C2)SC=N1
CESHFJRNQNNGLW,Q06187,Q96SW2,1,0.856913685798645,1,829.915,3.5,213.2,NC1=NC=NC2=C1C(C1=CC=C(OC3=CC=CC=C3)C=C1)=NN2C1CCN(CCCOCCCOCCC(=O)NC2=CC=CC3=C2C(=O)N(C2CCC(=O)NC2=O)C3=O)CC1
AJTLGUJXIKEZCQ,Q06187,Q96SW2,1,0.8601403832435608,1,787.834,2.33,213.2,NC1=NC=NC2=C1C(C1=CC=C(OC3=CC=CC=C3)C=C1)=NN2C1CCN(CCOCCOCC(=O)NC2=CC=C3C(=O)N(C4CCC(=O)NC4=O)C(=O)C3=C2)CC1
AJTLGUJXIKEZCQ,Q06187,Q96SW2,1,0.8601403832435608,1,787.834,2.33,213.2,NC1=NC=NC2=C1C(C1=CC=C(OC3=CC=CC=C3)C=C1)=NN2C1CCN(CCOCCOCC(=O)NC2=CC=C3C(=O)N(C4CCC(=O)NC4=O)C(=O)C3=C2)CC1
AJTLGUJXIKEZCQ,Q06187,Q96SW2,1,0.8601403832435608,1,787.834,2.33,213.2,NC1=NC=NC2=C1C(C1=CC=C(OC3=CC=CC=C3)C=C1)=NN2C1CCN(CCOCCOCC(=O)NC2=CC=C3C(=O)N(C4CCC(=O)NC4=O)C(=O)C3=C2)CC1
ZAJXSUNUSHEGCB,O15264,Q96SW2,1,0.75789475440979,1,992.986,5.03,239.12,COC1=CC2=C(OC3=CC=C(NC(=O)C4(C(=O)NC5=CC=C(F)C=C5)CC4)C=C3F)C=CN=C2C=C1OCCCOCCCOCCC(=O)NCCOC1=CC=CC2=C1C(=O)N(C1CCC(=O)NC1=O)C2=O
SARLMRHJAJBYBI,Q92830,Q96SW2,1,0.9923393726348877,1,895.856,4.67,166.49,CN1C[C@H](NC2=C(Br)C(=O)N(C)N=C2)C[C@H](C2=CC=C(C(=O)N(C)CCCN(C)C3=CC=C(CCCOC4=CC=CC5=C4C(=O)N(C4CCC(=O)NC4=O)C5=O)C=C3)C=C2)C1
SARLMRHJAJBYBI,Q92831,Q96SW2,1,0.9947412014007568,1,895.856,4.67,166.49,CN1C[C@H](NC2=C(Br)C(=O)N(C)N=C2)C[C@H](C2=CC=C(C(=O)N(C)CCCN(C)C3=CC=C(CCCOC4=CC=CC5=C4C(=O)N(C4CCC(=O)NC4=O)C5=O)C=C3)C=C2)C1
PQOGZKGXGLHDGS,P25440,P40337,1,0.8904544711112976,1,986.662,5.87,202.26,CC1=C(C2=CC=C([C@H](C)NC(=O)[C@@H]3C[C@@H](O)CN3C(=O)[C@@H](NC(=O)COCCCOCCNC(=O)C[C@@H]3N=C(C4=CC=C(Cl)C=C4)C4=C(SC(C)=C4C)N4C(C)=NN=C34)C(C)(C)C)C=C2)SC=N1
PQOGZKGXGLHDGS,Q15059,P40337,1,0.8584104776382446,1,986.662,5.87,202.26,CC1=C(C2=CC=C([C@H](C)NC(=O)[C@@H]3C[C@@H](O)CN3C(=O)[C@@H](NC(=O)COCCCOCCNC(=O)C[C@@H]3N=C(C4=CC=C(Cl)C=C4)C4=C(SC(C)=C4C)N4C(C)=NN=C34)C(C)(C)C)C=C2)SC=N1
PQOGZKGXGLHDGS,O60885,P40337,1,0.9519354104995728,1,986.662,5.87,202.26,CC1=C(C2=CC=C([C@H](C)NC(=O)[C@@H]3C[C@@H](O)CN3C(=O)[C@@H](NC(=O)COCCCOCCNC(=O)C[C@@H]3N=C(C4=CC=C(Cl)C=C4)C4=C(SC(C)=C4C)N4C(C)=NN=C34)C(C)(C)C)C=C2)SC=N1
RWLOGRLTDKDANT,P25440,Q96SW2,1,0.9345787763595581,1,923.449,4.81,204.67,CC1=C(C)C2=C(S1)N1C(C)=NN=C1[C@H](CC(=O)NC1=CC=C(OCCOCCOCCOCCNC3=CC=CC4=C3C(=O)N(C3CCC(=O)NC3=O)C4=O)C=C1)N=C2C1=CC=C(Cl)C=C1
RWLOGRLTDKDANT,Q15059,Q96SW2,1,0.9137771725654602,1,923.449,4.81,204.67,CC1=C(C)C2=C(S1)N1C(C)=NN=C1[C@H](CC(=O)NC1=CC=C(OCCOCCOCCOCCNC3=CC=CC4=C3C(=O)N(C3CCC(=O)NC3=O)C4=O)C=C1)N=C2C1=CC=C(Cl)C=C1
RWLOGRLTDKDANT,O60885,Q96SW2,1,0.9687058329582214,1,923.449,4.81,204.67,CC1=C(C)C2=C(S1)N1C(C)=NN=C1[C@H](CC(=O)NC1=CC=C(OCCOCCOCCOCCNC3=CC=CC4=C3C(=O)N(C3CCC(=O)NC3=O)C4=O)C=C1)N=C2C1=CC=C(Cl)C=C1
RWLOGRLTDKDANT,O60885,Q96SW2,1,0.9687058329582214,1,923.449,4.81,204.67,CC1=C(C)C2=C(S1)N1C(C)=NN=C1[C@H](CC(=O)NC1=CC=C(OCCOCCOCCOCCNC3=CC=CC4=C3C(=O)N(C3CCC(=O)NC3=O)C4=O)C=C1)N=C2C1=CC=C(Cl)C=C1
RWLOGRLTDKDANT,O60885,Q96SW2,1,0.9687058329582214,1,923.449,4.81,204.67,CC1=C(C)C2=C(S1)N1C(C)=NN=C1[C@H](CC(=O)NC1=CC=C(OCCOCCOCCOCCNC3=CC=CC4=C3C(=O)N(C3CCC(=O)NC3=O)C4=O)C=C1)N=C2C1=CC=C(Cl)C=C1
LKEGXJXRNBALBV,O60885,Q96SW2,0,0.26664814352989197,0,785.283,3.22,194.05,CC1=C(C)C2=C(S1)N1C(C)=NN=C1[C@H](CC(=O)NCCCCNC(=O)COC1=CC=CC3=C1C(=O)N(C1CCC(=O)NC1=O)C3=O)N=C2C1=CC=C(Cl)C=C1
LKEGXJXRNBALBV,O60885,Q96SW2,0,0.26664814352989197,0,785.283,3.22,194.05,CC1=C(C)C2=C(S1)N1C(C)=NN=C1[C@H](CC(=O)NCCCCNC(=O)COC1=CC=CC3=C1C(=O)N(C1CCC(=O)NC1=O)C3=O)N=C2C1=CC=C(Cl)C=C1
LKEGXJXRNBALBV,O60885,Q96SW2,1,0.26664814352989197,0,785.283,3.22,194.05,CC1=C(C)C2=C(S1)N1C(C)=NN=C1[C@H](CC(=O)NCCCCNC(=O)COC1=CC=CC3=C1C(=O)N(C1CCC(=O)NC1=O)C3=O)N=C2C1=CC=C(Cl)C=C1
LKEGXJXRNBALBV,O60885,Q96SW2,0,0.26664814352989197,0,785.283,3.22,194.05,CC1=C(C)C2=C(S1)N1C(C)=NN=C1[C@H](CC(=O)NCCCCNC(=O)COC1=CC=CC3=C1C(=O)N(C1CCC(=O)NC1=O)C3=O)N=C2C1=CC=C(Cl)C=C1
IIJORMBEWMYDEN,P11474,P40337,0,0.18601952493190765,0,949.043,6.35,200.49,COC1=CC(/C=C2\SC(=O)N(CCOCCC(=O)N[C@H](C(=O)N3C[C@H](O)C[C@H]3C(=O)NCC3=CC=C(C4=C(C)N=CS4)C=C3)C(C)(C)C)C2=O)=CC=C1OC1=CC=C(C#N)C=C1C(F)(F)F
RIEGJNXDHULIKM,O43353,P40337,1,0.9145939350128174,1,1060.331,5.91,229.73,CC1=C(C2=CC=C(CNC(=O)[C@@H]3C[C@@H](O)CN3C(=O)[C@@H](NC(=O)COCCOCCOCCOCCOC3=CC4=NC=CC(NC5=CC=C6SC=NC6=C5)=C4C=C3S(=O)(=O)C(C)(C)C)C(C)(C)C)C=C2)SC=N1
RIEGJNXDHULIKM,O43353,P40337,1,0.9145939350128174,1,1060.331,5.91,229.73,CC1=C(C2=CC=C(CNC(=O)[C@@H]3C[C@@H](O)CN3C(=O)[C@@H](NC(=O)COCCOCCOCCOCCOC3=CC4=NC=CC(NC5=CC=C6SC=NC6=C5)=C4C=C3S(=O)(=O)C(C)(C)C)C(C)(C)C)C=C2)SC=N1
PTAMRJLIOCHJMQ,P25440,P40337,1,0.4442097544670105,0,1002.661,4.96,211.49,CC1=C(C2=CC=C(CNC(=O)[C@@H]3C[C@@H](O)CN3C(=O)[C@@H](NC(=O)COCCOCCOCCNC(=O)C[C@@H]3N=C(C4=CC=C(Cl)C=C4)C4=C(SC(C)=C4C)N4C(C)=NN=C34)C(C)(C)C)C=C2)SC=N1
PTAMRJLIOCHJMQ,Q15059,P40337,0,0.3328224718570709,0,1002.661,4.96,211.49,CC1=C(C2=CC=C(CNC(=O)[C@@H]3C[C@@H](O)CN3C(=O)[C@@H](NC(=O)COCCOCCOCCNC(=O)C[C@@H]3N=C(C4=CC=C(Cl)C=C4)C4=C(SC(C)=C4C)N4C(C)=NN=C34)C(C)(C)C)C=C2)SC=N1
PTAMRJLIOCHJMQ,O60885,P40337,1,0.6599732637405396,1,1002.661,4.96,211.49,CC1=C(C2=CC=C(CNC(=O)[C@@H]3C[C@@H](O)CN3C(=O)[C@@H](NC(=O)COCCOCCOCCNC(=O)C[C@@H]3N=C(C4=CC=C(Cl)C=C4)C4=C(SC(C)=C4C)N4C(C)=NN=C34)C(C)(C)C)C=C2)SC=N1
LSELSHXLKGXPPF,P25440,P40337,0,0.3275308609008789,0,1046.714,4.82,220.72,CC1=C(C2=CC=C(CNC(=O)[C@@H]3C[C@@H](O)CN3C(=O)[C@@H](NC(=O)COCCOCCOCCOCCNC(=O)C[C@@H]3N=C(C4=CC=C(Cl)C=C4)C4=C(SC(C)=C4C)N4C(C)=NN=C34)C(C)(C)C)C=C2)SC=N1
LSELSHXLKGXPPF,Q15059,P40337,0,0.2316129207611084,0,1046.714,4.82,220.72,CC1=C(C2=CC=C(CNC(=O)[C@@H]3C[C@@H](O)CN3C(=O)[C@@H](NC(=O)COCCOCCOCCOCCNC(=O)C[C@@H]3N=C(C4=CC=C(Cl)C=C4)C4=C(SC(C)=C4C)N4C(C)=NN=C34)C(C)(C)C)C=C2)SC=N1
LSELSHXLKGXPPF,O60885,P40337,1,0.5388315916061401,1,1046.714,4.82,220.72,CC1=C(C2=CC=C(CNC(=O)[C@@H]3C[C@@H](O)CN3C(=O)[C@@H](NC(=O)COCCOCCOCCOCCNC(=O)C[C@@H]3N=C(C4=CC=C(Cl)C=C4)C4=C(SC(C)=C4C)N4C(C)=NN=C34)C(C)(C)C)C=C2)SC=N1
JGQPZPLJOBHHBK,O60885,Q96SW2,1,0.49933627247810364,0,841.391,5.02,194.05,CC1=C(C)C2=C(S1)N1C(C)=NN=C1[C@H](CC(=O)NCCCCCCCCNC(=O)COC1=CC=CC3=C1C(=O)N(C1CCC(=O)NC1=O)C3=O)N=C2C1=CC=C(Cl)C=C1
JGQPZPLJOBHHBK,O60885,Q96SW2,1,0.49933627247810364,0,841.391,5.02,194.05,CC1=C(C)C2=C(S1)N1C(C)=NN=C1[C@H](CC(=O)NCCCCCCCCNC(=O)COC1=CC=CC3=C1C(=O)N(C1CCC(=O)NC1=O)C3=O)N=C2C1=CC=C(Cl)C=C1
CZRLOIDJCMKJHE,O60885,Q96SW2,0,0.20953026413917542,0,699.193,3.73,167.75,CC1=C(C)C2=C(S1)N1C(C)=NN=C1[C@H](CC(=O)NCCNC1=CC=CC3=C1C(=O)N(C1CCC(=O)NC1=O)C3=O)N=C2C1=CC=C(Cl)C=C1
VDRKZYYQEGSLIS,O60885,Q96SW2,1,0.7894206643104553,1,827.364,6.03,194.05,COC(=O)C[C@@H]1N=C(C2=CC=C(Cl)C=C2)C2=C(SC(C(=O)NCCCCCCCCNC3=CC=CC4=C3C(=O)N(C3CCC(=O)NC3=O)C4=O)=C2C)N2C(C)=NN=C12
KFBJDRLGRCWMLQ,P10275,P40337,1,0.7251871228218079,1,1022.688,8.46,181.34,C#CC1=CC=C([C@H](CC(=O)N2CCC(N3CCC(C#CC4=CC=C(C(=O)N[C@H]5C(C)(C)[C@H](OC6=CC=C(C#N)C(Cl)=C6)C5(C)C)C=C4)CC3)CC2)NC(=O)[C@@H]2C[C@@H](O)CN2C(=O)[C@@H](C2=CC(C)=NO2)C(C)C)C=C1
BJJDMARRWANKSP,P10275,P40337,1,0.8848648071289062,1,1023.676,7.94,205.13,CC1=NOC([C@H](C(=O)N2C[C@H](O)C[C@H]2C(=O)N[C@@H](CC(=O)N2CCC(N3CCC(C#CC4=CC=C(C(=O)N[C@H]5C(C)(C)[C@H](OC6=CC=C(C#N)C(Cl)=C6)C5(C)C)C=C4)CC3)CC2)C2=CC=C(C#N)C=C2)C(C)C)=C1
ZIPHSTZZNQZAOF,P10275,P40337,1,0.917485237121582,1,1033.111,8.85,181.34,CC1=NOC([C@H](C(=O)N2C[C@H](O)C[C@H]2C(=O)N[C@@H](CC(=O)N2CCC(N3CCC(C#CC4=CC=C(C(=O)N[C@H]5C(C)(C)[C@H](OC6=CC=C(C#N)C(Cl)=C6)C5(C)C)C=C4)CC3)CC2)C2=CC=C(Cl)C=C2)C(C)C)=C1
FSCPVRXZILXELV,P10275,P40337,0,0.9020794034004211,1,998.666,8.22,181.34,CC1=NOC([C@H](C(=O)N2C[C@H](O)C[C@H]2C(=O)N[C@@H](CC(=O)N2CCC(N3CCC(C#CC4=CC=C(C(=O)N[C@H]5C(C)(C)[C@H](OC6=CC=C(C#N)C(Cl)=C6)C5(C)C)C=C4)CC3)CC2)C2=CC=CC=C2)C(C)C)=C1
IOKVTDBHNXFCGP,P10275,P40337,0,0.27343907952308655,0,974.644,7.08,184.41,CC(=O)N[C@H](C(=O)N1C[C@H](O)C[C@H]1C(=O)N[C@@H](CC(=O)N1CCC(N2CCC(C#CC3=CC=C(C(=O)N[C@H]4C(C)(C)[C@H](OC5=CC=C(C#N)C(Cl)=C5)C4(C)C)C=C3)CC2)CC1)C1=CC=CC=C1)C(C)C
UWTHFHYBWWFQIY,P10275,P40337,0,0.7163254618644714,1,970.612,7.5,181.34,CC1=NOC([C@H](C(=O)N2C[C@H](O)C[C@H]2C(=O)N[C@@H](CC(=O)N2CCC(N3CC(C#CC4=CC=C(C(=O)N[C@H]5C(C)(C)[C@H](OC6=CC=C(C#N)C(Cl)=C6)C5(C)C)C=C4)C3)CC2)C2=CC=CC=C2)C(C)C)=C1
GDNAPEQOKLZKHJ,P10275,P40337,0,0.8459230661392212,1,970.612,7.5,181.34,CC1=NOC([C@H](C(=O)N2C[C@H](O)C[C@H]2C(=O)N[C@@H](CC(=O)N2CC(N3CCC(C#CC4=CC=C(C(=O)N[C@H]5C(C)(C)[C@H](OC6=CC=C(C#N)C(Cl)=C6)C5(C)C)C=C4)CC3)C2)C2=CC=CC=C2)C(C)C)=C1
KKVROFGYVIENJS,P10275,P40337,1,0.9751361608505249,1,946.59,7.59,181.34,CC1=NOC([C@H](C(=O)N2C[C@H](O)C[C@H]2C(=O)N[C@@H](CC(=O)N2CCC(C3CN(C4=CC=C(C(=O)N[C@H]5C(C)(C)[C@H](OC6=CC=C(C#N)C(Cl)=C6)C5(C)C)C=C4)C3)CC2)C2=CC=CC=C2)C(C)C)=C1
PEMGSOVCRGNRMB,P10275,P40337,1,0.980979859828949,1,946.59,7.11,181.34,CC1=NOC([C@H](C(=O)N2C[C@H](O)C[C@H]2C(=O)N[C@@H](CC(=O)N2CCC(N3CC(C4=CC=C(C(=O)N[C@H]5C(C)(C)[C@H](OC6=CC=C(C#N)C(Cl)=C6)C5(C)C)C=C4)C3)CC2)C2=CC=CC=C2)C(C)C)=C1
PCESUBZRKODSDM,P10275,P40337,1,0.8298773169517517,1,892.498,6.59,181.34,CC1=NOC([C@H](C(=O)N2C[C@H](O)C[C@H]2C(=O)N[C@@H](CC(=O)N2CCN(C3=CC=C(C(=O)N[C@H]4C(C)(C)[C@H](OC5=CC=C(C#N)C(Cl)=C5)C4(C)C)C=C3)CC2)C2=CC=CC=C2)C(C)C)=C1
RQSWBJCPQYXMAP,P10275,P40337,1,0.9818582534790039,1,1012.674,8.72,190.99,CC1=NOC([C@H](C(=O)N2C[C@H](O)C[C@H]2C(=O)N[C@@H](CC(=O)N2CCC(C#CC3=CC=C(C(=O)N[C@H]4C(C)(C)[C@H](OC5=CC=C(C#N)C(Cl)=C5)C4(C)C)C=C3)CC2)C2=CC=C(C3=C(C)N=CS3)C=C2)C(C)C)=C1
IYSZALLJVPVQMS,P10275,P40337,1,0.9843473434448242,1,933.522,7.73,178.1,CC1=NOC([C@H](C(=O)N2C[C@H](O)C[C@H]2C(=O)N[C@@H](CC(=O)N2CCC(C#CC3=CC=C(C(=O)N[C@H]4C(C)(C)[C@H](OC5=CC=C(C#N)C(Cl)=C5)C4(C)C)C=C3)CC2)C2=CC=C(F)C=C2)C(C)C)=C1
JQSIPPHULOUEPZ,P10275,P40337,1,0.9865776300430298,1,949.977,8.25,178.1,CC1=NOC([C@H](C(=O)N2C[C@H](O)C[C@H]2C(=O)N[C@@H](CC(=O)N2CCC(C#CC3=CC=C(C(=O)N[C@H]4C(C)(C)[C@H](OC5=CC=C(C#N)C(Cl)=C5)C4(C)C)C=C3)CC2)C2=CC=C(Cl)C=C2)C(C)C)=C1
GDINLWLBPFSNAU,P10275,P40337,1,0.9868245720863342,1,994.428,8.32,178.1,CC1=NOC([C@H](C(=O)N2C[C@H](O)C[C@H]2C(=O)N[C@@H](CC(=O)N2CCC(C#CC3=CC=C(C(=O)N[C@H]4C(C)(C)[C@H](OC5=CC=C(C#N)C(Cl)=C5)C4(C)C)C=C3)CC2)C2=CC=C(Br)C=C2)C(C)C)=C1
JSXKMAYTMVQJEX,P10275,P40337,1,0.9766808152198792,1,940.542,7.34,201.89,CC1=NOC([C@H](C(=O)N2C[C@H](O)C[C@H]2C(=O)N[C@@H](CC(=O)N2CCC(C#CC3=CC=C(C(=O)N[C@H]4C(C)(C)[C@H](OC5=CC=C(C#N)C(Cl)=C5)C4(C)C)C=C3)CC2)C2=CC=C(C#N)C=C2)C(C)C)=C1
KBIZCLQKIYTJJA,P10275,P40337,1,0.7748079895973206,1,939.554,7.87,178.1,C#CC1=CC=C([C@H](CC(=O)N2CCC(C#CC3=CC=C(C(=O)N[C@H]4C(C)(C)[C@H](OC5=CC=C(C#N)C(Cl)=C5)C4(C)C)C=C3)CC2)NC(=O)[C@@H]2C[C@@H](O)CN2C(=O)[C@@H](C2=CC(C)=NO2)C(C)C)C=C1
UWSFJIBFTAHYOI,P11802,Q96SW2,0,0.8057582974433899,1,847.934,1.91,230.16,CC(=O)C1=C(C)C2=CN=C(NC3=CC=C(N4CCN(CC(=O)NCCOCCNC5=CC=CC6=C5C(=O)N(C5CCC(=O)NC5=O)C6=O)CC4)C=N3)N=C2N(C2CCCC2)C1=O
UWSFJIBFTAHYOI,Q00534,Q96SW2,1,0.813934326171875,1,847.934,1.91,230.16,CC(=O)C1=C(C)C2=CN=C(NC3=CC=C(N4CCN(CC(=O)NCCOCCNC5=CC=CC6=C5C(=O)N(C5CCC(=O)NC5=O)C6=O)CC4)C=N3)N=C2N(C2CCCC2)C1=O
SVMNWGPZVPEEIA,P11802,Q96SW2,0,0.7516537308692932,1,891.987,1.77,239.39,CC(=O)C1=C(C)C2=CN=C(NC3=CC=C(N4CCN(CC(=O)NCCOCCOCCNC5=CC=CC6=C5C(=O)N(C5CCC(=O)NC5=O)C6=O)CC4)C=N3)N=C2N(C2CCCC2)C1=O
SVMNWGPZVPEEIA,Q00534,Q96SW2,1,0.7630201578140259,1,891.987,1.77,239.39,CC(=O)C1=C(C)C2=CN=C(NC3=CC=C(N4CCN(CC(=O)NCCOCCOCCNC5=CC=CC6=C5C(=O)N(C5CCC(=O)NC5=O)C6=O)CC4)C=N3)N=C2N(C2CCCC2)C1=O
VRUSWNHAEFVIGX,P11802,Q96SW2,0,0.9266810417175293,1,980.093,1.47,257.85,CC(=O)C1=C(C)C2=CN=C(NC3=CC=C(N4CCN(CC(=O)NCCOCCOCCOCCOCCNC5=CC=CC6=C5C(=O)N(C5CCC(=O)NC5=O)C6=O)CC4)C=N3)N=C2N(C2CCCC2)C1=O
VRUSWNHAEFVIGX,Q00534,Q96SW2,1,0.929883599281311,1,980.093,1.47,257.85,CC(=O)C1=C(C)C2=CN=C(NC3=CC=C(N4CCN(CC(=O)NCCOCCOCCOCCOCCNC5=CC=CC6=C5C(=O)N(C5CCC(=O)NC5=O)C6=O)CC4)C=N3)N=C2N(C2CCCC2)C1=O
PACRWHUPEPCFHX,P11802,Q96SW2,0,0.3405705690383911,0,871.96,1.8,231.77,CC(=O)C1=C(C)C2=CN=C(NC3=CC=C(N4CCN(CC5=CN(CCOCCNC6=CC=CC7=C6C(=O)N(C6CCC(=O)NC6=O)C7=O)N=N5)CC4)C=N3)N=C2N(C2CCCC2)C1=O
PACRWHUPEPCFHX,Q00534,Q96SW2,1,0.3533783555030823,0,871.96,1.8,231.77,CC(=O)C1=C(C)C2=CN=C(NC3=CC=C(N4CCN(CC5=CN(CCOCCNC6=CC=CC7=C6C(=O)N(C6CCC(=O)NC6=O)C7=O)N=N5)CC4)C=N3)N=C2N(C2CCCC2)C1=O
PEBAOKOWNDTABR,P11802,Q96SW2,0,0.3773428797721863,0,869.988,3.02,222.54,CC(=O)C1=C(C)C2=CN=C(NC3=CC=C(N4CCN(CC5=CN(CCCCCNC6=CC=CC7=C6C(=O)N(C6CCC(=O)NC6=O)C7=O)N=N5)CC4)C=N3)N=C2N(C2CCCC2)C1=O
PEBAOKOWNDTABR,Q00534,Q96SW2,1,0.3908662497997284,0,869.988,3.02,222.54,CC(=O)C1=C(C)C2=CN=C(NC3=CC=C(N4CCN(CC5=CN(CCCCCNC6=CC=CC7=C6C(=O)N(C6CCC(=O)NC6=O)C7=O)N=N5)CC4)C=N3)N=C2N(C2CCCC2)C1=O
VQBSDHOKKXEKJO,P11802,Q96SW2,0,0.5131276845932007,1,884.015,3.38,222.54,CC(=O)C1=C(C)C2=CN=C(NC3=CC=C(N4CCN(CC5=CN(CCCCCCNC6=CC=CC7=C6C(=O)N(C6CCC(=O)NC6=O)C7=O)N=N5)CC4)C=N3)N=C2N(C2CCCC2)C1=O
VQBSDHOKKXEKJO,Q00534,Q96SW2,1,0.5247535705566406,1,884.015,3.38,222.54,CC(=O)C1=C(C)C2=CN=C(NC3=CC=C(N4CCN(CC5=CN(CCCCCCNC6=CC=CC7=C6C(=O)N(C6CCC(=O)NC6=O)C7=O)N=N5)CC4)C=N3)N=C2N(C2CCCC2)C1=O
PKIMSAWOOAAVNA,P11802,Q96SW2,1,0.9451461434364319,1,834.935,2.42,210.29,CC(=O)C1=C(C)C2=CN=C(NC3=CC=C(N4CCN(CCOCCOCCNC5=CC=CC6=C5C(=O)N(C5CCC(=O)NC5=O)C6=O)CC4)C=N3)N=C2N(C2CCCC2)C1=O
PKIMSAWOOAAVNA,Q00534,Q96SW2,1,0.9479559063911438,1,834.935,2.42,210.29,CC(=O)C1=C(C)C2=CN=C(NC3=CC=C(N4CCN(CCOCCOCCNC5=CC=CC6=C5C(=O)N(C5CCC(=O)NC5=O)C6=O)CC4)C=N3)N=C2N(C2CCCC2)C1=O
YOIMKMXYGWEBJZ,P11802,Q96SW2,1,0.9518113136291504,1,855.017,3.52,193.44,CC(=O)C1=C(C)C2=CN=C(NC3=CC=C(N4CCN(CC5=CN(CCCCCCC6=CC=CC7=C6CN(C6CCC(=O)NC6=O)C7=O)N=N5)CC4)C=N3)N=C2N(C2CCCC2)C1=O
YOIMKMXYGWEBJZ,Q00534,Q96SW2,1,0.9543443918228149,1,855.017,3.52,193.44,CC(=O)C1=C(C)C2=CN=C(NC3=CC=C(N4CCN(CC5=CN(CCCCCCC6=CC=CC7=C6CN(C6CCC(=O)NC6=O)C7=O)N=N5)CC4)C=N3)N=C2N(C2CCCC2)C1=O
AWGBHEYLROEJQR,P11802,Q96SW2,0,0.48813596367836,0,864.968,2.78,210.51,CC(=O)C1=C(C)C2=CN=C(NC3=CC=C(N4CCN(CC5=CN(CCCCC#CC6=CC=CC7=C6C(=O)N(C6CCC(=O)NC6=O)C7=O)N=N5)CC4)C=N3)N=C2N(C2CCCC2)C1=O
AWGBHEYLROEJQR,Q00534,Q96SW2,1,0.5028070211410522,1,864.968,2.78,210.51,CC(=O)C1=C(C)C2=CN=C(NC3=CC=C(N4CCN(CC5=CN(CCCCC#CC6=CC=CC7=C6C(=O)N(C6CCC(=O)NC6=O)C7=O)N=N5)CC4)C=N3)N=C2N(C2CCCC2)C1=O
GNAMPLNFELXMIO,P11802,Q96SW2,0,0.38637131452560425,0,878.995,3.32,210.51,CC(=O)C1=C(C)C2=CN=C(NC3=CC=C(N4CCN(CC5=CN(CCCCCC#CC6=CC=CC7=C6C(=O)N(C6CCC(=O)NC6=O)C7=O)N=N5)CC4)C=N3)N=C2N(C2CCCC2)C1=O
GNAMPLNFELXMIO,Q00534,Q96SW2,1,0.4034358263015747,0,878.995,3.32,210.51,CC(=O)C1=C(C)C2=CN=C(NC3=CC=C(N4CCN(CC5=CN(CCCCCC#CC6=CC=CC7=C6C(=O)N(C6CCC(=O)NC6=O)C7=O)N=N5)CC4)C=N3)N=C2N(C2CCCC2)C1=O
MMXACPGYKXVBCK,P11802,Q96SW2,0,0.10138355940580368,0,947.021,2.84,219.75,CC1=NC2=C(F)C=C(C3=NC(NC4=CC=C(CN5CCN(CC6=CN(CCOCCOCCNC7=CC=CC8=C7C(=O)N(C7CCC(=O)NC7=O)C8=O)N=N6)CC5)C=N4)=NC=C3F)C=C2N1C(C)C
MMXACPGYKXVBCK,Q00534,Q96SW2,0,0.10615888983011246,0,947.021,2.84,219.75,CC1=NC2=C(F)C=C(C3=NC(NC4=CC=C(CN5CCN(CC6=CN(CCOCCOCCNC7=CC=CC8=C7C(=O)N(C7CCC(=O)NC7=O)C8=O)N=N6)CC5)C=N4)=NC=C3F)C=C2N1C(C)C
ODKBPNWNYDPLSX,P11802,Q96SW2,0,0.09745601564645767,0,991.074,2.69,228.98,CC1=NC2=C(F)C=C(C3=NC(NC4=CC=C(CN5CCN(CC6=CN(CCOCCOCCOCCNC7=CC=CC8=C7C(=O)N(C7CCC(=O)NC7=O)C8=O)N=N6)CC5)C=N4)=NC=C3F)C=C2N1C(C)C
ODKBPNWNYDPLSX,Q00534,Q96SW2,0,0.10230676829814911,0,991.074,2.69,228.98,CC1=NC2=C(F)C=C(C3=NC(NC4=CC=C(CN5CCN(CC6=CN(CCOCCOCCOCCNC7=CC=CC8=C7C(=O)N(C7CCC(=O)NC7=O)C8=O)N=N6)CC5)C=N4)=NC=C3F)C=C2N1C(C)C
SXHHVSLMICYDHT,P11802,Q96SW2,0,0.2684246301651001,0,1035.127,2.55,238.21,CC1=NC2=C(F)C=C(C3=NC(NC4=CC=C(CN5CCN(CC6=CN(CCOCCOCCOCCOCCNC7=CC=CC8=C7C(=O)N(C7CCC(=O)NC7=O)C8=O)N=N6)CC5)C=N4)=NC=C3F)C=C2N1C(C)C
SXHHVSLMICYDHT,Q00534,Q96SW2,0,0.2826651632785797,0,1035.127,2.55,238.21,CC1=NC2=C(F)C=C(C3=NC(NC4=CC=C(CN5CCN(CC6=CN(CCOCCOCCOCCOCCNC7=CC=CC8=C7C(=O)N(C7CCC(=O)NC7=O)C8=O)N=N6)CC5)C=N4)=NC=C3F)C=C2N1C(C)C
GIDOPMWSGRQBSU,Q06187,P40337,0,0.32271572947502136,0,1146.325,3.87,274.25,CC1=C(C2=CC=C(CNC(=O)[C@@H]3C[C@@H](O)CN3C(=O)[C@@H](NC(=O)CCOCCOCCOCCOCCOCCC(=O)N3CCC[C@@H](N4N=C(C5=CC=C(OC6=CC=C(F)C=C6F)C=C5)C(C(N)=O)=C4N)C3)C(C)(C)C)C=C2)SC=N1
NMTVLTDEASWGPA,P25440,Q96SW2,0,0.10374559462070465,0,743.202,3.51,194.05,COC(=O)C[C@@H]1N=C(C2=CC=C(Cl)C=C2)C2=C(SC(C(=O)NCCNC3=CC=CC4=C3C(=O)N(C3CCC(=O)NC3=O)C4=O)=C2C)N2C(C)=NN=C12
NMTVLTDEASWGPA,Q15059,Q96SW2,0,0.0830208957195282,0,743.202,3.51,194.05,COC(=O)C[C@@H]1N=C(C2=CC=C(Cl)C=C2)C2=C(SC(C(=O)NCCNC3=CC=CC4=C3C(=O)N(C3CCC(=O)NC3=O)C4=O)=C2C)N2C(C)=NN=C12
NMTVLTDEASWGPA,O60885,Q96SW2,0,0.1969105303287506,0,743.202,3.51,194.05,COC(=O)C[C@@H]1N=C(C2=CC=C(Cl)C=C2)C2=C(SC(C(=O)NCCNC3=CC=CC4=C3C(=O)N(C3CCC(=O)NC3=O)C4=O)=C2C)N2C(C)=NN=C12
XOBMSOHEKLPOSA,P11802,Q00987,0,0.040828507393598557,0,1237.264,5.87,239.97,COC1=CC=C(C2=N[C@H](C3=CC=C(Cl)C=C3)[C@H](C3=CC=C(Cl)C=C3)N2C(=O)N2CCN(CC(=O)NCCOCCN3C=C(CN4CCN(C5=CC=C(NC6=NC=C7C(C)=C(C(C)=O)C(=O)N(C8CCCC8)C7=N6)N=C5)CC4)N=N3)C(=O)C2)C(OC(C)C)=C1
XOBMSOHEKLPOSA,Q00534,Q00987,0,0.04493289813399315,0,1237.264,5.87,239.97,COC1=CC=C(C2=N[C@H](C3=CC=C(Cl)C=C3)[C@H](C3=CC=C(Cl)C=C3)N2C(=O)N2CCN(CC(=O)NCCOCCN3C=C(CN4CCN(C5=CC=C(NC6=NC=C7C(C)=C(C(C)=O)C(=O)N(C8CCCC8)C7=N6)N=C5)CC4)N=N3)C(=O)C2)C(OC(C)C)=C1
OXXACNIEAZMKIQ,P11802,Q00987,0,0.02525264397263527,0,1281.317,5.72,249.2,COC1=CC=C(C2=N[C@H](C3=CC=C(Cl)C=C3)[C@H](C3=CC=C(Cl)C=C3)N2C(=O)N2CCN(CC(=O)NCCOCCOCCN3C=C(CN4CCN(C5=CC=C(NC6=NC=C7C(C)=C(C(C)=O)C(=O)N(C8CCCC8)C7=N6)N=C5)CC4)N=N3)C(=O)C2)C(OC(C)C)=C1
OXXACNIEAZMKIQ,Q00534,Q00987,0,0.027486411854624748,0,1281.317,5.72,249.2,COC1=CC=C(C2=N[C@H](C3=CC=C(Cl)C=C3)[C@H](C3=CC=C(Cl)C=C3)N2C(=O)N2CCN(CC(=O)NCCOCCOCCN3C=C(CN4CCN(C5=CC=C(NC6=NC=C7C(C)=C(C(C)=O)C(=O)N(C8CCCC8)C7=N6)N=C5)CC4)N=N3)C(=O)C2)C(OC(C)C)=C1
IFPHCASOPFQPCE,P11802,Q00987,0,0.044148098677396774,0,1325.37,5.57,258.43,COC1=CC=C(C2=N[C@H](C3=CC=C(Cl)C=C3)[C@H](C3=CC=C(Cl)C=C3)N2C(=O)N2CCN(CC(=O)NCCOCCOCCOCCN3C=C(CN4CCN(C5=CC=C(NC6=NC=C7C(C)=C(C(C)=O)C(=O)N(C8CCCC8)C7=N6)N=C5)CC4)N=N3)C(=O)C2)C(OC(C)C)=C1
IFPHCASOPFQPCE,Q00534,Q00987,0,0.048709750175476074,0,1325.37,5.57,258.43,COC1=CC=C(C2=N[C@H](C3=CC=C(Cl)C=C3)[C@H](C3=CC=C(Cl)C=C3)N2C(=O)N2CCN(CC(=O)NCCOCCOCCOCCN3C=C(CN4CCN(C5=CC=C(NC6=NC=C7C(C)=C(C(C)=O)C(=O)N(C8CCCC8)C7=N6)N=C5)CC4)N=N3)C(=O)C2)C(OC(C)C)=C1
AZGWRWBCGUELGC,P11802,P40337,0,0.2002422958612442,0,1128.375,2.63,276.92,CC(=O)C1=C(C)C2=CN=C(NC3=CC=C(N4CCN(CC5=CN(CCOCCNC(=O)CCC(=O)N[C@H](C(=O)N6C[C@H](O)C[C@H]6C(=O)NCC6=CC=C(C7=C(C)N=CS7)C=C6)C(C)(C)C)N=N5)CC4)C=N3)N=C2N(C2CCCC2)C1=O
AZGWRWBCGUELGC,Q00534,P40337,0,0.21555015444755554,0,1128.375,2.63,276.92,CC(=O)C1=C(C)C2=CN=C(NC3=CC=C(N4CCN(CC5=CN(CCOCCNC(=O)CCC(=O)N[C@H](C(=O)N6C[C@H](O)C[C@H]6C(=O)NCC6=CC=C(C7=C(C)N=CS7)C=C6)C(C)(C)C)N=N5)CC4)C=N3)N=C2N(C2CCCC2)C1=O
NSDVMBRSBVRFBE,P11802,P40337,0,0.26341888308525085,0,1172.428,2.48,286.15,CC(=O)C1=C(C)C2=CN=C(NC3=CC=C(N4CCN(CC5=CN(CCOCCOCCNC(=O)CCC(=O)N[C@H](C(=O)N6C[C@H](O)C[C@H]6C(=O)NCC6=CC=C(C7=C(C)N=CS7)C=C6)C(C)(C)C)N=N5)CC4)C=N3)N=C2N(C2CCCC2)C1=O
NSDVMBRSBVRFBE,Q00534,P40337,0,0.28167209029197693,0,1172.428,2.48,286.15,CC(=O)C1=C(C)C2=CN=C(NC3=CC=C(N4CCN(CC5=CN(CCOCCOCCNC(=O)CCC(=O)N[C@H](C(=O)N6C[C@H](O)C[C@H]6C(=O)NCC6=CC=C(C7=C(C)N=CS7)C=C6)C(C)(C)C)N=N5)CC4)C=N3)N=C2N(C2CCCC2)C1=O
LELXEVIICNEFHT,P11802,P40337,0,0.07508872449398041,0,1216.481,2.34,295.38,CC(=O)C1=C(C)C2=CN=C(NC3=CC=C(N4CCN(CC5=CN(CCOCCOCCOCCNC(=O)CCC(=O)N[C@H](C(=O)N6C[C@H](O)C[C@H]6C(=O)NCC6=CC=C(C7=C(C)N=CS7)C=C6)C(C)(C)C)N=N5)CC4)C=N3)N=C2N(C2CCCC2)C1=O
LELXEVIICNEFHT,Q00534,P40337,0,0.07984292507171631,0,1216.481,2.34,295.38,CC(=O)C1=C(C)C2=CN=C(NC3=CC=C(N4CCN(CC5=CN(CCOCCOCCOCCNC(=O)CCC(=O)N[C@H](C(=O)N6C[C@H](O)C[C@H]6C(=O)NCC6=CC=C(C7=C(C)N=CS7)C=C6)C(C)(C)C)N=N5)CC4)C=N3)N=C2N(C2CCCC2)C1=O
MQNKDGVIMBTCAK,P11802,P40337,0,0.36650699377059937,0,1260.534,2.19,304.61,CC(=O)C1=C(C)C2=CN=C(NC3=CC=C(N4CCN(CC5=CN(CCOCCOCCOCCOCCNC(=O)CCC(=O)N[C@H](C(=O)N6C[C@H](O)C[C@H]6C(=O)NCC6=CC=C(C7=C(C)N=CS7)C=C6)C(C)(C)C)N=N5)CC4)C=N3)N=C2N(C2CCCC2)C1=O
MQNKDGVIMBTCAK,Q00534,P40337,0,0.3864472210407257,0,1260.534,2.19,304.61,CC(=O)C1=C(C)C2=CN=C(NC3=CC=C(N4CCN(CC5=CN(CCOCCOCCOCCOCCNC(=O)CCC(=O)N[C@H](C(=O)N6C[C@H](O)C[C@H]6C(=O)NCC6=CC=C(C7=C(C)N=CS7)C=C6)C(C)(C)C)N=N5)CC4)C=N3)N=C2N(C2CCCC2)C1=O
VPQQRVUAFVNZMD,P11802,Q13490,0,0.33997002243995667,0,906.106,2.21,240.64,CC(=O)C1=C(C)C2=CN=C(NC3=CC=C(N4CCN(CC5=CN(CCOCCNC(=O)[C@H](CC(C)C)NC(=O)[C@@H](O)[C@H](N)CC6=CC=CC=C6)N=N5)CC4)C=N3)N=C2N(C2CCCC2)C1=O
VPQQRVUAFVNZMD,Q00534,Q13490,0,0.3593100607395172,0,906.106,2.21,240.64,CC(=O)C1=C(C)C2=CN=C(NC3=CC=C(N4CCN(CC5=CN(CCOCCNC(=O)[C@H](CC(C)C)NC(=O)[C@@H](O)[C@H](N)CC6=CC=CC=C6)N=N5)CC4)C=N3)N=C2N(C2CCCC2)C1=O
VGCLUELZRRFKLJ,P11802,Q13490,0,0.281809002161026,0,950.159,2.06,249.87,CC(=O)C1=C(C)C2=CN=C(NC3=CC=C(N4CCN(CC5=CN(CCOCCOCCNC(=O)[C@H](CC(C)C)NC(=O)[C@@H](O)[C@H](N)CC6=CC=CC=C6)N=N5)CC4)C=N3)N=C2N(C2CCCC2)C1=O
VGCLUELZRRFKLJ,Q00534,Q13490,0,0.29959800839424133,0,950.159,2.06,249.87,CC(=O)C1=C(C)C2=CN=C(NC3=CC=C(N4CCN(CC5=CN(CCOCCOCCNC(=O)[C@H](CC(C)C)NC(=O)[C@@H](O)[C@H](N)CC6=CC=CC=C6)N=N5)CC4)C=N3)N=C2N(C2CCCC2)C1=O
PTPYMLNAJKPSGY,P11802,Q13490,0,0.09176819771528244,0,994.212,1.91,259.1,CC(=O)C1=C(C)C2=CN=C(NC3=CC=C(N4CCN(CC5=CN(CCOCCOCCOCCNC(=O)[C@H](CC(C)C)NC(=O)[C@@H](O)[C@H](N)CC6=CC=CC=C6)N=N5)CC4)C=N3)N=C2N(C2CCCC2)C1=O
PTPYMLNAJKPSGY,Q00534,Q13490,0,0.0996364951133728,0,994.212,1.91,259.1,CC(=O)C1=C(C)C2=CN=C(NC3=CC=C(N4CCN(CC5=CN(CCOCCOCCOCCNC(=O)[C@H](CC(C)C)NC(=O)[C@@H](O)[C@H](N)CC6=CC=CC=C6)N=N5)CC4)C=N3)N=C2N(C2CCCC2)C1=O
UQQSFLWUECKVLF,P11802,Q13490,0,0.1537143737077713,0,1038.265,1.77,268.33,CC(=O)C1=C(C)C2=CN=C(NC3=CC=C(N4CCN(CC5=CN(CCOCCOCCOCCOCCNC(=O)[C@H](CC(C)C)NC(=O)[C@@H](O)[C@H](N)CC6=CC=CC=C6)N=N5)CC4)C=N3)N=C2N(C2CCCC2)C1=O
UQQSFLWUECKVLF,Q00534,Q13490,0,0.16714417934417725,0,1038.265,1.77,268.33,CC(=O)C1=C(C)C2=CN=C(NC3=CC=C(N4CCN(CC5=CN(CCOCCOCCOCCOCCNC(=O)[C@H](CC(C)C)NC(=O)[C@@H](O)[C@H](N)CC6=CC=CC=C6)N=N5)CC4)C=N3)N=C2N(C2CCCC2)C1=O
XSQYNPNILAPKLU,P11802,Q96SW2,0,0.07452505826950073,0,858.965,2.17,217.94,CN(C)C(=O)C1=CC2=CN=C(NC3=CC=C(N4CCN(CC5=CN(CCOCCNC6=CC=CC7=C6C(=O)N(C6CCC(=O)NC6=O)C7=O)N=N5)CC4)C=N3)N=C2N1C1CCCC1
XSQYNPNILAPKLU,Q00534,Q96SW2,0,0.07693100720643997,0,858.965,2.17,217.94,CN(C)C(=O)C1=CC2=CN=C(NC3=CC=C(N4CCN(CC5=CN(CCOCCNC6=CC=CC7=C6C(=O)N(C6CCC(=O)NC6=O)C7=O)N=N5)CC4)C=N3)N=C2N1C1CCCC1
KVIFRWXFBPPQPM,P11802,Q96SW2,0,0.13187143206596375,0,903.018,2.02,227.17,CN(C)C(=O)C1=CC2=CN=C(NC3=CC=C(N4CCN(CC5=CN(CCOCCOCCNC6=CC=CC7=C6C(=O)N(C6CCC(=O)NC6=O)C7=O)N=N5)CC4)C=N3)N=C2N1C1CCCC1
KVIFRWXFBPPQPM,Q00534,Q96SW2,0,0.13710930943489075,0,903.018,2.02,227.17,CN(C)C(=O)C1=CC2=CN=C(NC3=CC=C(N4CCN(CC5=CN(CCOCCOCCNC6=CC=CC7=C6C(=O)N(C6CCC(=O)NC6=O)C7=O)N=N5)CC4)C=N3)N=C2N1C1CCCC1
JJZPNYJYTZDHFM,P11802,Q96SW2,0,0.11695254594087601,0,947.071,1.87,236.4,CN(C)C(=O)C1=CC2=CN=C(NC3=CC=C(N4CCN(CC5=CN(CCOCCOCCOCCNC6=CC=CC7=C6C(=O)N(C6CCC(=O)NC6=O)C7=O)N=N5)CC4)C=N3)N=C2N1C1CCCC1
JJZPNYJYTZDHFM,Q00534,Q96SW2,0,0.12056045979261398,0,947.071,1.87,236.4,CN(C)C(=O)C1=CC2=CN=C(NC3=CC=C(N4CCN(CC5=CN(CCOCCOCCOCCNC6=CC=CC7=C6C(=O)N(C6CCC(=O)NC6=O)C7=O)N=N5)CC4)C=N3)N=C2N1C1CCCC1
RQBUNBWHIATPNI,Q02750,P40337,0,0.10104470700025558,0,1201.192,5.09,248.62,CC1=C(C2=CC=C([C@H](C)NC(=O)[C@@H]3C[C@@H](O)CN3C(=O)[C@@H](NC(=O)COCCOCCOCCNC(=O)CCC3=CC=C(S(=O)(=O)NC4=C(NC5=CC=C(I)C=C5F)N(C)C(=O)C(C)=C4)C=C3)C(C)(C)C)C=C2)SC=N1
CFVATUIJNACXGH,Q02750,P40337,0,0.10296791791915894,0,1245.245,4.94,257.85,CC1=C(C2=CC=C([C@H](C)NC(=O)[C@@H]3C[C@@H](O)CN3C(=O)[C@@H](NC(=O)COCCOCCOCCOCCNC(=O)CCC3=CC=C(S(=O)(=O)NC4=C(NC5=CC=C(I)C=C5F)N(C)C(=O)C(C)=C4)C=C3)C(C)(C)C)C=C2)SC=N1
RGOBXIIESQAMMF,Q02750,P40337,0,0.09639464318752289,0,1203.164,4.9,257.85,CC1=C(C2=CC=C([C@H](C)NC(=O)[C@@H]3C[C@@H](O)CN3C(=O)[C@@H](NC(=O)COCCOCCOCCNC(=O)COC3=CC=C(S(=O)(=O)NC4=C(NC5=CC=C(I)C=C5F)N(C)C(=O)C(C)=C4)C=C3)C(C)(C)C)C=C2)SC=N1
NOQOJFNUXOWBES,Q02750,P40337,0,0.10202550143003464,0,1247.217,4.75,267.08,CC1=C(C2=CC=C([C@H](C)NC(=O)[C@@H]3C[C@@H](O)CN3C(=O)[C@@H](NC(=O)COCCOCCOCCOCCNC(=O)COC3=CC=C(S(=O)(=O)NC4=C(NC5=CC=C(I)C=C5F)N(C)C(=O)C(C)=C4)C=C3)C(C)(C)C)C=C2)SC=N1
LSYHJWVDQGMSJD,Q02750,P40337,0,0.0797373503446579,0,1217.191,4.71,257.85,CC1=C(C2=CC=C([C@H](C)NC(=O)[C@@H]3C[C@@H](O)CN3C(=O)[C@@H](NC(=O)COCCOCCOCCOCCNC(=O)C3=CC=C(S(=O)(=O)NC4=C(NC5=CC=C(I)C=C5F)N(C)C(=O)C(C)=C4)C=C3)C(C)(C)C)C=C2)SC=N1
NWQHSYBBUCWBPX,Q02750,P40337,0,0.06975477933883667,0,1159.155,4.95,231.55,CC1=C(C2=CC=C([C@H](C)NC(=O)[C@@H]3C[C@@H](O)CN3C(=O)[C@@H](NC(=O)COCCOCCOCCNCC3=CC=C(S(=O)(=O)NC4=C(NC5=CC=C(I)C=C5F)N(C)C(=O)C(C)=C4)C=C3)C(C)(C)C)C=C2)SC=N1
CCRSFZWLRCDCKR,Q02750,P40337,0,0.19757074117660522,0,1203.208,4.8,240.78,CC1=C(C2=CC=C([C@H](C)NC(=O)[C@@H]3C[C@@H](O)CN3C(=O)[C@@H](NC(=O)COCCOCCOCCOCCNCC3=CC=C(S(=O)(=O)NC4=C(NC5=CC=C(I)C=C5F)N(C)C(=O)C(C)=C4)C=C3)C(C)(C)C)C=C2)SC=N1
ZTMWSRAWOOFGPY,Q02750,P40337,0,0.44271281361579895,0,1187.165,4.79,248.62,CC1=C(C2=CC=C([C@H](C)NC(=O)[C@@H]3C[C@@H](O)CN3C(=O)[C@@H](NC(=O)COCCOCCOCCNC(=O)CC3=CC=C(S(=O)(=O)NC4=C(NC5=CC=C(I)C=C5F)N(C)C(=O)C(C)=C4)C=C3)C(C)(C)C)C=C2)SC=N1
GTLONGWELMFATG,Q02750,P40337,0,0.13331113755702972,0,1231.218,4.65,257.85,CC1=C(C2=CC=C([C@H](C)NC(=O)[C@@H]3C[C@@H](O)CN3C(=O)[C@@H](NC(=O)COCCOCCOCCOCCNC(=O)CC3=CC=C(S(=O)(=O)NC4=C(NC5=CC=C(I)C=C5F)N(C)C(=O)C(C)=C4)C=C3)C(C)(C)C)C=C2)SC=N1
DMUXBDQIXCMTOC,Q02750,Q96SW2,0,0.10175512731075287,0,987.802,1.5,232.57,CC1=CC(NS(=O)(=O)C2=CC=C(C(=O)NCCOCCOCCOCC(=O)NC3=CC=CC4=C3CN(C3CCC(=O)NC3=O)C4=O)C=C2)=C(NC2=CC=C(I)C=C2F)N(C)C1=O
DHGPMRONPFFHPD,Q02750,Q96SW2,0,0.11891105771064758,0,973.819,1.59,215.5,CC1=CC(NS(=O)(=O)C2=CC=C(CNCCOCCOCCOCC(=O)NC3=CC=CC4=C3CN(C3CCC(=O)NC3=O)C4=O)C=C2)=C(NC2=CC=C(I)C=C2F)N(C)C1=O
PFNBTGCZGLGIOJ,Q02750,Q96SW2,0,0.1207198053598404,0,1017.872,1.45,224.73,CC1=CC(NS(=O)(=O)C2=CC=C(CNCCOCCOCCOCCOCC(=O)NC3=CC=CC4=C3CN(C3CCC(=O)NC3=O)C4=O)C=C2)=C(NC2=CC=C(I)C=C2F)N(C)C1=O
OSRMXKDMZRNHJD,Q02750,Q96SW2,0,0.11761222779750824,0,1045.882,1.29,241.8,CC1=CC(NS(=O)(=O)C2=CC=C(CC(=O)NCCOCCOCCOCCOCC(=O)NC3=CC=CC4=C3CN(C3CCC(=O)NC3=O)C4=O)C=C2)=C(NC2=CC=C(I)C=C2F)N(C)C1=O
DWKIJYGOWOLTFN,Q02750,Q96SW2,0,0.12633253633975983,0,1015.856,1.73,232.57,CC1=CC(NS(=O)(=O)C2=CC=C(CCC(=O)NCCOCCOCCOCC(=O)NC3=CC=CC4=C3CN(C3CCC(=O)NC3=O)C4=O)C=C2)=C(NC2=CC=C(I)C=C2F)N(C)C1=O
WHKVOEUMNVGRRD,Q02750,Q96SW2,0,0.346895307302475,0,1059.909,1.59,241.8,CC1=CC(NS(=O)(=O)C2=CC=C(CCC(=O)NCCOCCOCCOCCOCC(=O)NC3=CC=CC4=C3CN(C3CCC(=O)NC3=O)C4=O)C=C2)=C(NC2=CC=C(I)C=C2F)N(C)C1=O
RKBYTQATEIXQSV,Q02750,Q96SW2,0,0.1257903128862381,0,1017.828,1.54,241.8,CC1=CC(NS(=O)(=O)C2=CC=C(OCC(=O)NCCOCCOCCOCC(=O)NC3=CC=CC4=C3CN(C3CCC(=O)NC3=O)C4=O)C=C2)=C(NC2=CC=C(I)C=C2F)N(C)C1=O
BAXMOHKQMFWZCR,Q02750,Q96SW2,0,0.08420553058385849,0,988.786,2.21,229.77,CC1=CC(NS(=O)(=O)C2=CC=C(C(=O)NCCOCCOCCOCCOC3=CC=CC4=C3C(=O)N(C3CCC(=O)NC3=O)C4=O)C=C2)=C(NC2=CC=C(I)C=C2F)N(C)C1=O
WSBDYORNLHWNFP,Q02750,Q96SW2,0,0.11133942753076553,0,974.803,2.3,212.7,CC1=CC(NS(=O)(=O)C2=CC=C(CNCCOCCOCCOCCOC3=CC=CC4=C3C(=O)N(C3CCC(=O)NC3=O)C4=O)C=C2)=C(NC2=CC=C(I)C=C2F)N(C)C1=O
MIRIMGIZVLPPPX,Q02750,Q96SW2,0,0.12856149673461914,0,1002.813,2.15,229.77,CC1=CC(NS(=O)(=O)C2=CC=C(CC(=O)NCCOCCOCCOCCOC3=CC=CC4=C3C(=O)N(C3CCC(=O)NC3=O)C4=O)C=C2)=C(NC2=CC=C(I)C=C2F)N(C)C1=O
DXOCBPZWESIGJA,Q02750,Q96SW2,0,0.08507397770881653,0,1090.919,1.85,248.23,CC1=CC(NS(=O)(=O)C2=CC=C(CC(=O)NCCOCCOCCOCCOCCOCCOC3=CC=CC4=C3C(=O)N(C3CCC(=O)NC3=O)C4=O)C=C2)=C(NC2=CC=C(I)C=C2F)N(C)C1=O
YXJRCIKHUGKXFX,Q02750,Q96SW2,0,0.12486735731363297,0,1016.84,2.44,229.77,CC1=CC(NS(=O)(=O)C2=CC=C(CCC(=O)NCCOCCOCCOCCOC3=CC=CC4=C3C(=O)N(C3CCC(=O)NC3=O)C4=O)C=C2)=C(NC2=CC=C(I)C=C2F)N(C)C1=O
PMUKFZPFINZXJQ,Q02750,Q96SW2,0,0.10561860352754593,0,1104.946,2.15,248.23,CC1=CC(NS(=O)(=O)C2=CC=C(CCC(=O)NCCOCCOCCOCCOCCOCCOC3=CC=CC4=C3C(=O)N(C3CCC(=O)NC3=O)C4=O)C=C2)=C(NC2=CC=C(I)C=C2F)N(C)C1=O
IRDUBSANLBYJIO,Q02750,Q96SW2,0,0.10763859748840332,0,1106.918,1.96,257.46,CC1=CC(NS(=O)(=O)C2=CC=C(OCC(=O)NCCOCCOCCOCCOCCOCCOC3=CC=CC4=C3C(=O)N(C3CCC(=O)NC3=O)C4=O)C=C2)=C(NC2=CC=C(I)C=C2F)N(C)C1=O
JUVLSKPPPVWKIB,P40763,Q96SW2,0,0.24092352390289307,0,1130.112,2.17,310.81,NC(=O)CC[C@H](NC(=O)[C@@H]1CC[C@@H]2CCN(C(=O)CCCC#CC3=CC=CC4=C3CN(C3CCC(=O)NC3=O)C4=O)C[C@H](NC(=O)C3=CC4=CC(C(F)(F)P(=O)(O)O)=CC=C4[NH]3)C(=O)N12)C(=O)NC(C1=CC=CC=C1)C1=CC=CC=C1
BDYQRBRHLWXHSV,P40763,Q96SW2,0,0.46057629585266113,0,1144.139,2.71,310.81,NC(=O)CC[C@H](NC(=O)[C@@H]1CC[C@@H]2CCN(C(=O)CCCCC#CC3=CC=CC4=C3CN(C3CCC(=O)NC3=O)C4=O)C[C@H](NC(=O)C3=CC4=CC(C(F)(F)P(=O)(O)O)=CC=C4[NH]3)C(=O)N12)C(=O)NC(C1=CC=CC=C1)C1=CC=CC=C1
PSOLZBBCSLPKNE,P40763,Q96SW2,1,0.8437035083770752,1,1172.193,3.8,310.81,NC(=O)CC[C@H](NC(=O)[C@@H]1CC[C@@H]2CCN(C(=O)CCCCCCC#CC3=CC=CC4=C3CN(C3CCC(=O)NC3=O)C4=O)C[C@H](NC(=O)C3=CC4=CC(C(F)(F)P(=O)(O)O)=CC=C4[NH]3)C(=O)N12)C(=O)NC(C1=CC=CC=C1)C1=CC=CC=C1
MSFCNZZBAJYPCP,P40763,Q96SW2,0,0.19873985648155212,0,1200.247,4.88,310.81,NC(=O)CC[C@H](NC(=O)[C@@H]1CC[C@@H]2CCN(C(=O)CCCCCCCCC#CC3=CC=CC4=C3CN(C3CCC(=O)NC3=O)C4=O)C[C@H](NC(=O)C3=CC4=CC(C(F)(F)P(=O)(O)O)=CC=C4[NH]3)C(=O)N12)C(=O)NC(C1=CC=CC=C1)C1=CC=CC=C1
AYDCOOQDCPYUIU,P40763,Q96SW2,1,0.988236129283905,1,1160.138,3.0,320.04,NC(=O)CC[C@H](NC(=O)[C@@H]1CC[C@@H]2CCN(C(=O)OCCCCC#CC3=CC=CC4=C3CN(C3CCC(=O)NC3=O)C4=O)C[C@H](NC(=O)C3=CC4=CC(C(F)(F)P(=O)(O)O)=CC=C4[NH]3)C(=O)N12)C(=O)NC(C1=CC=CC=C1)C1=CC=CC=C1
GRFIIYLYEIAGDZ,P40763,Q96SW2,0,0.21755069494247437,0,1196.175,2.14,328.63,NC(=O)CC[C@H](NC(=O)[C@@H]1CC[C@@H]2CCN(C(=O)C3=CN(CCCC#CC4=CC=CC5=C4CN(C4CCC(=O)NC4=O)C5=O)N=C3)C[C@H](NC(=O)C3=CC4=CC(C(F)(F)P(=O)(O)O)=CC=C4[NH]3)C(=O)N12)C(=O)NC(C1=CC=CC=C1)C1=CC=CC=C1
ITISWPJBZKPZQW,P40763,Q96SW2,0,0.3554859757423401,0,1196.175,1.78,328.63,NC(=O)CC[C@H](NC(=O)[C@@H]1CC[C@@H]2CCN(C(=O)CCCN3C=C(C#CC4=CC=CC5=C4CN(C4CCC(=O)NC4=O)C5=O)C=N3)C[C@H](NC(=O)C3=CC4=CC(C(F)(F)P(=O)(O)O)=CC=C4[NH]3)C(=O)N12)C(=O)NC(C1=CC=CC=C1)C1=CC=CC=C1
FDBBKBSMSHLUPL,P40763,Q96SW2,0,0.09666676819324493,0,1199.219,-0.15,314.05,NC(=O)CC[C@H](NC(=O)[C@@H]1CC[C@@H]2CCN(C(=O)CCN3CCC(C#CC4=CC=CC5=C4CN(C4CCC(=O)NC4=O)C5=O)CC3)C[C@H](NC(=O)C3=CC4=CC(C(F)(F)P(=O)(O)O)=CC=C4[NH]3)C(=O)N12)C(=O)NC(C1=CC=CC=C1)C1=CC=CC=C1
DNVSITWTEKNBFF,P40763,Q96SW2,0,0.07695307582616806,0,1213.202,1.79,331.12,NC(=O)CC[C@H](NC(=O)[C@@H]1CC[C@@H]2CCN(C(=O)CC(=O)N3CCC(C#CC4=CC=CC5=C4CN(C4CCC(=O)NC4=O)C5=O)CC3)C[C@H](NC(=O)C3=CC4=CC(C(F)(F)P(=O)(O)O)=CC=C4[NH]3)C(=O)N12)C(=O)NC(C1=CC=CC=C1)C1=CC=CC=C1
XPIZROMNDAHUBB,P40763,Q96SW2,1,0.43668603897094727,0,1163.186,2.76,322.84,NC(=O)CC[C@H](NC(=O)[C@@H]1CC[C@@H]2CCN(C(=O)CCCCCCNC3=CC=CC4=C3CN(C3CCC(=O)NC3=O)C4=O)C[C@H](NC(=O)C3=CC4=CC(C(F)(F)P(=O)(O)O)=CC=C4[NH]3)C(=O)N12)C(=O)NC(C1=CC=CC=C1)C1=CC=CC=C1
FXZPXYVHFYRABL,P40763,Q96SW2,0,0.12985603511333466,0,1158.166,3.25,310.81,NC(=O)CC[C@H](NC(=O)[C@@H]1CC[C@@H]2CCN(C(=O)CCCCCC#CC3=CC=C4C(=O)N(C5CCC(=O)NC5=O)CC4=C3)C[C@H](NC(=O)C3=CC4=CC(C(F)(F)P(=O)(O)O)=CC=C4[NH]3)C(=O)N12)C(=O)NC(C1=CC=CC=C1)C1=CC=CC=C1
PUAPFJPRVXBTRM,P40763,Q96SW2,0,0.16787189245224,0,1158.166,3.25,310.81,NC(=O)CC[C@H](NC(=O)[C@@H]1CC[C@@H]2CCN(C(=O)CCCCCC#CC3=CC=C4CN(C5CCC(=O)NC5=O)C(=O)C4=C3)C[C@H](NC(=O)C3=CC4=CC(C(F)(F)P(=O)(O)O)=CC=C4[NH]3)C(=O)N12)C(=O)NC(C1=CC=CC=C1)C1=CC=CC=C1
JMUHWFNJLJLSLE,P40763,Q96SW2,1,0.9831234216690063,1,1082.068,1.56,310.81,NC(=O)CC[C@H](NC(=O)[C@@H]1CC[C@@H]2CCN(C(=O)CCCCCC#CC3=CC=CC4=C3CN(C3CCC(=O)NC3=O)C4=O)C[C@H](NC(=O)C3=CC4=CC(C(F)(F)P(=O)(O)O)=CC=C4[NH]3)C(=O)N12)C(=O)NCC1=CC=CC=C1
YGMZLSZZQXJJGQ,P40763,Q96SW2,0,0.07712690532207489,0,1005.97,0.07,310.81,CNC(=O)[C@H](CCC(N)=O)NC(=O)[C@@H]1CC[C@@H]2CCN(C(=O)CCCCCC#CC3=CC=CC4=C3CN(C3CCC(=O)NC3=O)C4=O)C[C@H](NC(=O)C3=CC4=CC(C(F)(F)P(=O)(O)O)=CC=C4[NH]3)C(=O)N12
GHKKHWPDPXWQMX,P40763,Q96SW2,0,0.279610812664032,0,1124.158,2.88,320.04,NC(=O)CC[C@H](NC(=O)[C@@H]1CC[C@@H]2CCN(C(=O)CCCCCC#CC3=CC=CC4=C3CN(C3CCC(=O)NC3=O)C4=O)C[C@H](NC(=O)C3=CC4=CC(OP(=O)(O)O)=CC=C4[NH]3)C(=O)N12)C(=O)NC(C1=CC=CC=C1)C1=CC=CC=C1
BEYVGGZLHQFWMW,P40763,Q96SW2,0,0.07215046137571335,0,1159.194,3.84,295.02,C/C(=C\C(=O)N[C@H]1CN(C(=O)CCCCCC#CC2=CC=CC3=C2CN(C2CCC(=O)NC2=O)C3=O)CC[C@H]2CC[C@@H](C(=O)N[C@@H](CCC(N)=O)C(=O)NC(C3=CC=CC=C3)C3=CC=CC=C3)N2C1=O)C1=CC=C(C(F)(F)P(=O)(O)O)C=C1
BORXNUWYWZOREQ,Q07820,Q96SW2,0,0.1806861013174057,0,909.86,5.98,191.16,O=C(CCCCC(=O)NCCN1C(=O)C2=CC=CC3=C(SC4=CC=C(Br)C=C4)C=CC(=C23)C1=O)NCCCCCCNC1=CC=CC2=C1C(=O)N(C1CCC(=O)NC1=O)C2=O
IUSLKFLLLNNOGR,P10415,Q96SW2,0,0.2759689390659332,0,941.858,4.26,209.62,O=C(CCCCC(=O)NCCN1C(=O)C2=CC=CC3=C(SC4=CC=C(Br)C=C4)C=CC(=C23)C1=O)NCCOCCOCCNC1=CC=CC2=C1C(=O)N(C1CCC(=O)NC1=O)C2=O
KVVNVQLVKFQXHX,Q9UM73,P40337,1,0.8334863781929016,1,1055.684,7.26,211.32,COC1=CC(N2CCN(C(=O)CCCCCCC(=O)N[C@H](C(=O)N3C[C@H](O)C[C@H]3C(=O)NCC3=CC=C(C4=C(C)N=CS4)C=C3)C(C)(C)C)CC2)=CC=C1NC1=NC=C(Cl)C(NC2=CC=CC=C2P(C)(C)=O)=N1
KHTOZEJDDODCIE,Q9UM73,P40337,1,0.9588655233383179,1,1069.711,7.8,211.32,COC1=CC(N2CCN(C(=O)CCCCCCCC(=O)N[C@H](C(=O)N3C[C@H](O)C[C@H]3C(=O)NCC3=CC=C(C4=C(C)N=CS4)C=C3)C(C)(C)C)CC2)=CC=C1NC1=NC=C(Cl)C(NC2=CC=CC=C2P(C)(C)=O)=N1
HUMHJRIACKUHDX,Q9UM73,P40337,1,0.982796311378479,1,1083.738,8.35,211.32,COC1=CC(N2CCN(C(=O)CCCCCCCCC(=O)N[C@H](C(=O)N3C[C@H](O)C[C@H]3C(=O)NCC3=CC=C(C4=C(C)N=CS4)C=C3)C(C)(C)C)CC2)=CC=C1NC1=NC=C(Cl)C(NC2=CC=CC=C2P(C)(C)=O)=N1
QKMSSVGJUBVJIO,Q9UM73,P40337,1,0.9440381526947021,1,1069.711,7.86,220.11,COC1=CC(N2CCC(NC(=O)CCCCCCC(=O)N[C@H](C(=O)N3C[C@H](O)C[C@H]3C(=O)NCC3=CC=C(C4=C(C)N=CS4)C=C3)C(C)(C)C)CC2)=CC=C1NC1=NC=C(Cl)C(NC2=CC=CC=C2P(C)(C)=O)=N1
DYUJLNPTOOBZBB,Q9UM73,P40337,1,0.6944481134414673,1,1111.792,9.49,220.11,COC1=CC(N2CCC(NC(=O)CCCCCCCCCC(=O)N[C@H](C(=O)N3C[C@H](O)C[C@H]3C(=O)NCC3=CC=C(C4=C(C)N=CS4)C=C3)C(C)(C)C)CC2)=CC=C1NC1=NC=C(Cl)C(NC2=CC=CC=C2P(C)(C)=O)=N1
DYUJLNPTOOBZBB,Q9UM73,P40337,0,0.6944481134414673,1,1111.792,9.49,220.11,COC1=CC(N2CCC(NC(=O)CCCCCCCCCC(=O)N[C@H](C(=O)N3C[C@H](O)C[C@H]3C(=O)NCC3=CC=C(C4=C(C)N=CS4)C=C3)C(C)(C)C)CC2)=CC=C1NC1=NC=C(Cl)C(NC2=CC=CC=C2P(C)(C)=O)=N1
LTPUWRULBUKGNI,Q9UM73,P40337,1,0.7371976971626282,1,1138.818,7.85,214.56,COC1=CC(N2CCC(N3CCN(C(=O)CCCCCCC(=O)N[C@H](C(=O)N4C[C@H](O)C[C@H]4C(=O)NCC4=CC=C(C5=C(C)N=CS5)C=C4)C(C)(C)C)CC3)CC2)=CC=C1NC1=NC=C(Cl)C(NC2=CC=CC=C2P(C)(C)=O)=N1
GONDMTIOPVKJJM,Q9UM73,P40337,1,0.8671398758888245,1,1152.845,8.4,214.56,COC1=CC(N2CCC(N3CCN(C(=O)CCCCCCCC(=O)N[C@H](C(=O)N4C[C@H](O)C[C@H]4C(=O)NCC4=CC=C(C5=C(C)N=CS5)C=C4)C(C)(C)C)CC3)CC2)=CC=C1NC1=NC=C(Cl)C(NC2=CC=CC=C2P(C)(C)=O)=N1
ZRZMJGXWXYTWKE,Q9UM73,P40337,1,0.8749185800552368,1,1166.872,8.94,214.56,COC1=CC(N2CCC(N3CCN(C(=O)CCCCCCCCC(=O)N[C@H](C(=O)N4C[C@H](O)C[C@H]4C(=O)NCC4=CC=C(C5=C(C)N=CS5)C=C4)C(C)(C)C)CC3)CC2)=CC=C1NC1=NC=C(Cl)C(NC2=CC=CC=C2P(C)(C)=O)=N1
WXNUIPVZMJMPNM,Q9UM73,Q96SW2,1,0.7902013659477234,1,961.499,4.56,242.83,COC1=CC(N2CCN(CCOCCOCCNC(=O)CNC3=CC=CC4=C3C(=O)N(C3CCC(=O)NC3=O)C4=O)CC2)=CC=C1NC1=NC=C(Cl)C(NC2=CC=CC=C2S(=O)(=O)C(C)C)=N1
XIRQUXILNXIWDI,Q9UM73,Q96SW2,1,0.9772897958755493,1,1002.592,6.37,239.59,CC1=CC(NC2=NC=C(Cl)C(NC3=CC=CC=C3S(=O)(=O)C(C)C)=N2)=C(OC(C)C)C=C1C1CCN(CCOCCOCCNC(=O)CNC2=CC=CC3=C2C(=O)N(C2CCC(=O)NC2=O)C3=O)CC1
SXPSRFOBNYZXKH,Q00987,Q96SW2,1,0.7736586928367615,1,859.855,7.3,114.86,CCOC1=CC(C(C)(C)C)=CC=C1C1=N[C@@H](C2=CC=C(Cl)C=C2)[C@@H](C2=CC=C(Cl)C=C2)N1C(=O)N1CCN(CC#CC2=CC=CC3=C2CN(C2CCC(=O)NC2=O)C3=O)CC1
ZWLPWTDAYPOQGR,P00533,Q96SW2,1,0.9981368780136108,1,913.072,5.26,201.15,O=C1CCC(N2CC3=C(NC(=O)CCCCCCCN4CCN(C5=CC=C(NC6=CC7=C(N8CCC(CO)CC8)N=C(NC8=CC=C(F)C=C8)N=C7C=N6)N=C5)CC4)C=CC=C3C2=O)C(=O)N1
LCTCXOPSLJEXKE,P00533,P40337,1,0.9661962985992432,1,1070.354,7.67,217.2,CC1=C(C2=CC=C(CNC(=O)[C@@H]3C[C@@H](O)CN3C(=O)[C@@H](NC(=O)CCCCCCN3CCN(C4=CC=C(NC5=CC6=C(N7CCC(CO)CC7)N=C(NC7=CC=C(F)C=C7)N=C6C=N5)N=C4)CC3)C(C)(C)C)C=C2)SC=N1
JYBLMIXCGVMISV,P00533,Q96SW2,0,0.08689726889133453,0,979.108,6.07,234.34,C=CC(=O)NC1=CC=CC(N2C(=O)C=C(C)C3=CN=C(NC4=CC=C(N5CCN(C(=O)CCCCCCCCCCC(=O)NC6=CC=CC7=C6C(=O)N(C6CCC(=O)NC6=O)C7=O)CC5)C=C4OC)N=C32)=C1
JYBLMIXCGVMISV,P00533,Q96SW2,0,0.08689726889133453,0,979.108,6.07,234.34,C=CC(=O)NC1=CC=CC(N2C(=O)C=C(C)C3=CN=C(NC4=CC=C(N5CCN(C(=O)CCCCCCCCCCC(=O)NC6=CC=CC7=C6C(=O)N(C6CCC(=O)NC6=O)C7=O)CC5)C=C4OC)N=C32)=C1
DOEISPNISSZUOZ,P00533,Q13490,0,0.025191379711031914,0,999.271,7.71,226.14,C=CC(=O)NC1=CC=CC(N2C(=O)C=C(C)C3=CN=C(NC4=CC=C(N5CCN(C(=O)CCCCCCCCCCCNC(=O)[C@H](CC(C)C)NC(=O)[C@@H](O)[C@H](N)CC6=CC=CC=C6)CC5)C=C4OC)N=C32)=C1
DOEISPNISSZUOZ,P00533,Q13490,0,0.02519138529896736,0,999.271,7.71,226.14,C=CC(=O)NC1=CC=CC(N2C(=O)C=C(C)C3=CN=C(NC4=CC=C(N5CCN(C(=O)CCCCCCCCCCCNC(=O)[C@H](CC(C)C)NC(=O)[C@@H](O)[C@H](N)CC6=CC=CC=C6)CC5)C=C4OC)N=C32)=C1
DCPNWQZQYCVVJX,P00533,Q00987,0,0.07461567968130112,0,1307.385,12.96,224.94,C=CC(=O)NC1=CC=CC(N2C(=O)C=C(C)C3=CN=C(NC4=CC=C(N5CCN(C(=O)CCCCCCCCCCCNC(=O)C6=CC=C(NC(=O)[C@@H]7N[C@@H](CC(C)(C)C)[C@](C#N)(C8=CC=C(Cl)C=C8F)[C@H]7C7=CC=CC(Cl)=C7F)C(OC)=C6)CC5)C=C4OC)N=C32)=C1
DCPNWQZQYCVVJX,P00533,Q00987,0,0.07461567968130112,0,1307.385,12.96,224.94,C=CC(=O)NC1=CC=CC(N2C(=O)C=C(C)C3=CN=C(NC4=CC=C(N5CCN(C(=O)CCCCCCCCCCCNC(=O)C6=CC=C(NC(=O)[C@@H]7N[C@@H](CC(C)(C)C)[C@](C#N)(C8=CC=C(Cl)C=C8F)[C@H]7C7=CC=CC(Cl)=C7F)C(OC)=C6)CC5)C=C4OC)N=C32)=C1
UPZKEHBNYUDGOC,P00533,Q00987,0,0.019138695672154427,0,1293.402,13.92,207.87,C=CC(=O)NC1=CC=CC(N2C(=O)C=C(C)C3=CN=C(NC4=CC=C(N5CCN(CCCCCCCCCCCCNC(=O)C6=CC=C(NC(=O)[C@@H]7N[C@@H](CC(C)(C)C)[C@](C#N)(C8=CC=C(Cl)C=C8F)[C@H]7C7=CC=CC(Cl)=C7F)C(OC)=C6)CC5)C=C4OC)N=C32)=C1
UPZKEHBNYUDGOC,P00533,Q00987,0,0.019138695672154427,0,1293.402,13.92,207.87,C=CC(=O)NC1=CC=CC(N2C(=O)C=C(C)C3=CN=C(NC4=CC=C(N5CCN(CCCCCCCCCCCCNC(=O)C6=CC=C(NC(=O)[C@@H]7N[C@@H](CC(C)(C)C)[C@](C#N)(C8=CC=C(Cl)C=C8F)[C@H]7C7=CC=CC(Cl)=C7F)C(OC)=C6)CC5)C=C4OC)N=C32)=C1
GSUQPNOGNRJJQO,P00533,P40337,0,0.03811529278755188,0,1136.434,8.53,233.32,C=CC(=O)NC1=CC=CC(N2C(=O)C=C(C)C3=CN=C(NC4=CC=C(N5CCN(C(=O)CCCCCCCCCCC(=O)N[C@H](C(=O)N6C[C@H](O)C[C@H]6C(=O)NCC6=CC=C(C7=C(C)N=CS7)C=C6)C(C)(C)C)CC5)C=C4OC)N=C32)=C1
GSUQPNOGNRJJQO,P00533,P40337,0,0.03811529278755188,0,1136.434,8.53,233.32,C=CC(=O)NC1=CC=CC(N2C(=O)C=C(C)C3=CN=C(NC4=CC=C(N5CCN(C(=O)CCCCCCCCCCC(=O)N[C@H](C(=O)N6C[C@H](O)C[C@H]6C(=O)NCC6=CC=C(C7=C(C)N=CS7)C=C6)C(C)(C)C)CC5)C=C4OC)N=C32)=C1
HQGHIKHHXKBFOJ,P00533,P40337,1,0.7080637216567993,1,1122.451,9.49,216.25,C=CC(=O)NC1=CC=CC(N2C(=O)C=C(C)C3=CN=C(NC4=CC=C(N5CCN(CCCCCCCCCCCC(=O)N[C@H](C(=O)N6C[C@H](O)C[C@H]6C(=O)NCC6=CC=C(C7=C(C)N=CS7)C=C6)C(C)(C)C)CC5)C=C4OC)N=C32)=C1
HQGHIKHHXKBFOJ,P00533,P40337,1,0.7080637216567993,1,1122.451,9.49,216.25,C=CC(=O)NC1=CC=CC(N2C(=O)C=C(C)C3=CN=C(NC4=CC=C(N5CCN(CCCCCCCCCCCC(=O)N[C@H](C(=O)N6C[C@H](O)C[C@H]6C(=O)NCC6=CC=C(C7=C(C)N=CS7)C=C6)C(C)(C)C)CC5)C=C4OC)N=C32)=C1
GDBFIWQFEZVSAL,P00533,Q00987,1,0.15185385942459106,0,1279.331,11.88,224.94,C=CC(=O)NC1=CC=CC(N2C(=O)C=C(C)C3=CN=C(NC4=CC=C(N5CCN(C(=O)CCCCCCCCCNC(=O)C6=CC=C(NC(=O)[C@@H]7N[C@@H](CC(C)(C)C)[C@](C#N)(C8=CC=C(Cl)C=C8F)[C@H]7C7=CC=CC(Cl)=C7F)C(OC)=C6)CC5)C=C4OC)N=C32)=C1
GDBFIWQFEZVSAL,P00533,Q00987,0,0.15185385942459106,0,1279.331,11.88,224.94,C=CC(=O)NC1=CC=CC(N2C(=O)C=C(C)C3=CN=C(NC4=CC=C(N5CCN(C(=O)CCCCCCCCCNC(=O)C6=CC=C(NC(=O)[C@@H]7N[C@@H](CC(C)(C)C)[C@](C#N)(C8=CC=C(Cl)C=C8F)[C@H]7C7=CC=CC(Cl)=C7F)C(OC)=C6)CC5)C=C4OC)N=C32)=C1
GGZIIUYEYTZDCD,P00533,Q00987,0,0.014465122483670712,0,1251.277,10.79,224.94,C=CC(=O)NC1=CC=CC(N2C(=O)C=C(C)C3=CN=C(NC4=CC=C(N5CCN(C(=O)CCCCCCCNC(=O)C6=CC=C(NC(=O)[C@@H]7N[C@@H](CC(C)(C)C)[C@](C#N)(C8=CC=C(Cl)C=C8F)[C@H]7C7=CC=CC(Cl)=C7F)C(OC)=C6)CC5)C=C4OC)N=C32)=C1
GGZIIUYEYTZDCD,P00533,Q00987,0,0.014465122483670712,0,1251.277,10.79,224.94,C=CC(=O)NC1=CC=CC(N2C(=O)C=C(C)C3=CN=C(NC4=CC=C(N5CCN(C(=O)CCCCCCCNC(=O)C6=CC=C(NC(=O)[C@@H]7N[C@@H](CC(C)(C)C)[C@](C#N)(C8=CC=C(Cl)C=C8F)[C@H]7C7=CC=CC(Cl)=C7F)C(OC)=C6)CC5)C=C4OC)N=C32)=C1
KFRDCTCOKBRAAL,P00533,Q00987,0,0.2602519989013672,0,1223.223,9.71,224.94,C=CC(=O)NC1=CC=CC(N2C(=O)C=C(C)C3=CN=C(NC4=CC=C(N5CCN(C(=O)CCCCCNC(=O)C6=CC=C(NC(=O)[C@@H]7N[C@@H](CC(C)(C)C)[C@](C#N)(C8=CC=C(Cl)C=C8F)[C@H]7C7=CC=CC(Cl)=C7F)C(OC)=C6)CC5)C=C4OC)N=C32)=C1
KFRDCTCOKBRAAL,P00533,Q00987,0,0.2602520287036896,0,1223.223,9.71,224.94,C=CC(=O)NC1=CC=CC(N2C(=O)C=C(C)C3=CN=C(NC4=CC=C(N5CCN(C(=O)CCCCCNC(=O)C6=CC=C(NC(=O)[C@@H]7N[C@@H](CC(C)(C)C)[C@](C#N)(C8=CC=C(Cl)C=C8F)[C@H]7C7=CC=CC(Cl)=C7F)C(OC)=C6)CC5)C=C4OC)N=C32)=C1
NXHJICMMHCOKPI,P00533,P40337,1,0.35006847977638245,0,1108.38,7.44,233.32,C=CC(=O)NC1=CC=CC(N2C(=O)C=C(C)C3=CN=C(NC4=CC=C(N5CCN(C(=O)CCCCCCCCC(=O)N[C@H](C(=O)N6C[C@H](O)C[C@H]6C(=O)NCC6=CC=C(C7=C(C)N=CS7)C=C6)C(C)(C)C)CC5)C=C4OC)N=C32)=C1
NXHJICMMHCOKPI,P00533,P40337,0,0.35006847977638245,0,1108.38,7.44,233.32,C=CC(=O)NC1=CC=CC(N2C(=O)C=C(C)C3=CN=C(NC4=CC=C(N5CCN(C(=O)CCCCCCCCC(=O)N[C@H](C(=O)N6C[C@H](O)C[C@H]6C(=O)NCC6=CC=C(C7=C(C)N=CS7)C=C6)C(C)(C)C)CC5)C=C4OC)N=C32)=C1
HQDMTJMOYXRLMD,P00533,P40337,0,0.5755506157875061,1,1080.326,6.36,233.32,C=CC(=O)NC1=CC=CC(N2C(=O)C=C(C)C3=CN=C(NC4=CC=C(N5CCN(C(=O)CCCCCCC(=O)N[C@H](C(=O)N6C[C@H](O)C[C@H]6C(=O)NCC6=CC=C(C7=C(C)N=CS7)C=C6)C(C)(C)C)CC5)C=C4OC)N=C32)=C1
HQDMTJMOYXRLMD,P00533,P40337,0,0.5755506157875061,1,1080.326,6.36,233.32,C=CC(=O)NC1=CC=CC(N2C(=O)C=C(C)C3=CN=C(NC4=CC=C(N5CCN(C(=O)CCCCCCC(=O)N[C@H](C(=O)N6C[C@H](O)C[C@H]6C(=O)NCC6=CC=C(C7=C(C)N=CS7)C=C6)C(C)(C)C)CC5)C=C4OC)N=C32)=C1
SUWGYDIQBJOKHS,P00533,P40337,0,0.04744981974363327,0,1052.272,5.28,233.32,C=CC(=O)NC1=CC=CC(N2C(=O)C=C(C)C3=CN=C(NC4=CC=C(N5CCN(C(=O)CCCCC(=O)N[C@H](C(=O)N6C[C@H](O)C[C@H]6C(=O)NCC6=CC=C(C7=C(C)N=CS7)C=C6)C(C)(C)C)CC5)C=C4OC)N=C32)=C1
SUWGYDIQBJOKHS,P00533,P40337,0,0.04744981974363327,0,1052.272,5.28,233.32,C=CC(=O)NC1=CC=CC(N2C(=O)C=C(C)C3=CN=C(NC4=CC=C(N5CCN(C(=O)CCCCC(=O)N[C@H](C(=O)N6C[C@H](O)C[C@H]6C(=O)NCC6=CC=C(C7=C(C)N=CS7)C=C6)C(C)(C)C)CC5)C=C4OC)N=C32)=C1
WWVCWKWNVMYOAL,P00533,P40337,0,0.050233859568834305,0,1094.397,8.41,216.25,C=CC(=O)NC1=CC=CC(N2C(=O)C=C(C)C3=CN=C(NC4=CC=C(N5CCN(CCCCCCCCCC(=O)N[C@H](C(=O)N6C[C@H](O)C[C@H]6C(=O)NCC6=CC=C(C7=C(C)N=CS7)C=C6)C(C)(C)C)CC5)C=C4OC)N=C32)=C1
WWVCWKWNVMYOAL,P00533,P40337,0,0.0502338707447052,0,1094.397,8.41,216.25,C=CC(=O)NC1=CC=CC(N2C(=O)C=C(C)C3=CN=C(NC4=CC=C(N5CCN(CCCCCCCCCC(=O)N[C@H](C(=O)N6C[C@H](O)C[C@H]6C(=O)NCC6=CC=C(C7=C(C)N=CS7)C=C6)C(C)(C)C)CC5)C=C4OC)N=C32)=C1
UKICTJWYEJNYHR,P00533,P40337,0,0.05561785399913788,0,1066.343,7.32,216.25,C=CC(=O)NC1=CC=CC(N2C(=O)C=C(C)C3=CN=C(NC4=CC=C(N5CCN(CCCCCCCC(=O)N[C@H](C(=O)N6C[C@H](O)C[C@H]6C(=O)NCC6=CC=C(C7=C(C)N=CS7)C=C6)C(C)(C)C)CC5)C=C4OC)N=C32)=C1
UKICTJWYEJNYHR,P00533,P40337,0,0.05561785399913788,0,1066.343,7.32,216.25,C=CC(=O)NC1=CC=CC(N2C(=O)C=C(C)C3=CN=C(NC4=CC=C(N5CCN(CCCCCCCC(=O)N[C@H](C(=O)N6C[C@H](O)C[C@H]6C(=O)NCC6=CC=C(C7=C(C)N=CS7)C=C6)C(C)(C)C)CC5)C=C4OC)N=C32)=C1
CBWIPIZLLNOTMZ,P00533,P40337,1,0.4132993221282959,0,1038.289,6.24,216.25,C=CC(=O)NC1=CC=CC(N2C(=O)C=C(C)C3=CN=C(NC4=CC=C(N5CCN(CCCCCC(=O)N[C@H](C(=O)N6C[C@H](O)C[C@H]6C(=O)NCC6=CC=C(C7=C(C)N=CS7)C=C6)C(C)(C)C)CC5)C=C4OC)N=C32)=C1
CBWIPIZLLNOTMZ,P00533,P40337,0,0.4132993221282959,0,1038.289,6.24,216.25,C=CC(=O)NC1=CC=CC(N2C(=O)C=C(C)C3=CN=C(NC4=CC=C(N5CCN(CCCCCC(=O)N[C@H](C(=O)N6C[C@H](O)C[C@H]6C(=O)NCC6=CC=C(C7=C(C)N=CS7)C=C6)C(C)(C)C)CC5)C=C4OC)N=C32)=C1
GHHZCEDRWNWCTG,P00533,P40337,0,0.0539851039648056,0,1010.235,5.53,216.25,C=CC(=O)NC1=CC=CC(N2C(=O)C=C(C)C3=CN=C(NC4=CC=C(N5CCN(CCCC(=O)N[C@H](C(=O)N6C[C@H](O)C[C@H]6C(=O)NCC6=CC=C(C7=C(C)N=CS7)C=C6)C(C)(C)C)CC5)C=C4OC)N=C32)=C1
GHHZCEDRWNWCTG,P00533,P40337,0,0.0539851039648056,0,1010.235,5.53,216.25,C=CC(=O)NC1=CC=CC(N2C(=O)C=C(C)C3=CN=C(NC4=CC=C(N5CCN(CCCC(=O)N[C@H](C(=O)N6C[C@H](O)C[C@H]6C(=O)NCC6=CC=C(C7=C(C)N=CS7)C=C6)C(C)(C)C)CC5)C=C4OC)N=C32)=C1
HLFLODKZIGYHNR,P00533,P40337,1,0.9967411160469055,1,1056.747,9.13,191.45,COC1=CC2=NC=NC(NC3=CC=C(F)C(Cl)=C3)=C2C=C1OCCCN1CCN(C(=O)CCCCCCCCCC(=O)N[C@H](C(=O)N2C[C@H](O)C[C@H]2C(=O)NCC2=CC=C(C3=C(C)N=CS3)C=C2)C(C)(C)C)CC1
HLFLODKZIGYHNR,P00533,P40337,1,0.9967411160469055,1,1056.747,9.13,191.45,COC1=CC2=NC=NC(NC3=CC=C(F)C(Cl)=C3)=C2C=C1OCCCN1CCN(C(=O)CCCCCCCCCC(=O)N[C@H](C(=O)N2C[C@H](O)C[C@H]2C(=O)NCC2=CC=C(C3=C(C)N=CS3)C=C2)C(C)(C)C)CC1
ALKKWBPMCDDKKA,P00533,Q96SW2,1,0.9897626042366028,1,901.437,5.92,184.63,COC1=CC2=NC=NC(NC3=CC=C(F)C(Cl)=C3)=C2C=C1OCCCN1CCN(CCC(=O)NCCCCCCCCOC2=CC=CC3=C2C(=O)N(C2CCC(=O)NC2=O)C3=O)CC1
ALKKWBPMCDDKKA,P00533,Q96SW2,1,0.9897626042366028,1,901.437,5.92,184.63,COC1=CC2=NC=NC(NC3=CC=C(F)C(Cl)=C3)=C2C=C1OCCCN1CCN(CCC(=O)NCCCCCCCCOC2=CC=CC3=C2C(=O)N(C2CCC(=O)NC2=O)C3=O)CC1
QYQCPQCOTGJFJH,P24941,Q96SW2,0,0.11093150824308395,0,781.61,2.03,229.07,O=C(COC1=CC=CC2=C1C(=O)N(C1CCC(=O)NC1=O)C2=O)NCCCC(=O)N1CCC(NC(=O)C2=C(NC(=O)C3=C(Cl)C=CC=C3Cl)C=N[NH]2)CC1
QYQCPQCOTGJFJH,P50750,Q96SW2,0,0.07607272267341614,0,781.61,2.03,229.07,O=C(COC1=CC=CC2=C1C(=O)N(C1CCC(=O)NC1=O)C2=O)NCCCC(=O)N1CCC(NC(=O)C2=C(NC(=O)C3=C(Cl)C=CC=C3Cl)C=N[NH]2)CC1
SFNVMXISDYVTJK,P24941,Q96SW2,0,0.1182648316025734,0,780.626,2.14,231.87,O=C(CCC(=O)N1CCC(NC(=O)C2=C(NC(=O)C3=C(Cl)C=CC=C3Cl)C=N[NH]2)CC1)NCCNC1=CC=CC2=C1C(=O)N(C1CCC(=O)NC1=O)C2=O
SFNVMXISDYVTJK,P50750,Q96SW2,0,0.08679039031267166,0,780.626,2.14,231.87,O=C(CCC(=O)N1CCC(NC(=O)C2=C(NC(=O)C3=C(Cl)C=CC=C3Cl)C=N[NH]2)CC1)NCCNC1=CC=CC2=C1C(=O)N(C1CCC(=O)NC1=O)C2=O
LCRUIXHKZDGQEU,P24941,Q96SW2,0,0.12389182299375534,0,808.68,2.85,231.87,O=C(CCC(=O)N1CCC(NC(=O)C2=C(NC(=O)C3=C(Cl)C=CC=C3Cl)C=N[NH]2)CC1)NCCCCNC1=CC=CC2=C1C(=O)N(C1CCC(=O)NC1=O)C2=O
LCRUIXHKZDGQEU,P50750,Q96SW2,0,0.0917104110121727,0,808.68,2.85,231.87,O=C(CCC(=O)N1CCC(NC(=O)C2=C(NC(=O)C3=C(Cl)C=CC=C3Cl)C=N[NH]2)CC1)NCCCCNC1=CC=CC2=C1C(=O)N(C1CCC(=O)NC1=O)C2=O
DQXIAQMKNGYGDW,P24941,Q96SW2,0,0.13127122819423676,0,836.734,3.57,231.87,O=C(CCC(=O)N1CCC(NC(=O)C2=C(NC(=O)C3=C(Cl)C=CC=C3Cl)C=N[NH]2)CC1)NCCCCCCNC1=CC=CC2=C1C(=O)N(C1CCC(=O)NC1=O)C2=O
DQXIAQMKNGYGDW,P50750,Q96SW2,0,0.09490950405597687,0,836.734,3.57,231.87,O=C(CCC(=O)N1CCC(NC(=O)C2=C(NC(=O)C3=C(Cl)C=CC=C3Cl)C=N[NH]2)CC1)NCCCCCCNC1=CC=CC2=C1C(=O)N(C1CCC(=O)NC1=O)C2=O
CCBJHEFTSORGTK,P24941,Q96SW2,0,0.11735789477825165,0,838.662,0.92,258.17,O=C(CCC(=O)N1CCC(NC(=O)C2=C(NC(=O)C3=C(Cl)C=CC=C3Cl)C=N[NH]2)CC1)NCCNC(=O)COC1=CC=CC2=C1C(=O)N(C1CCC(=O)NC1=O)C2=O
CCBJHEFTSORGTK,P50750,Q96SW2,0,0.08599462360143661,0,838.662,0.92,258.17,O=C(CCC(=O)N1CCC(NC(=O)C2=C(NC(=O)C3=C(Cl)C=CC=C3Cl)C=N[NH]2)CC1)NCCNC(=O)COC1=CC=CC2=C1C(=O)N(C1CCC(=O)NC1=O)C2=O
YFJRYUARJIDLMN,P24941,Q96SW2,0,0.11221152544021606,0,866.716,1.63,258.17,O=C(CCC(=O)N1CCC(NC(=O)C2=C(NC(=O)C3=C(Cl)C=CC=C3Cl)C=N[NH]2)CC1)NCCCCNC(=O)COC1=CC=CC2=C1C(=O)N(C1CCC(=O)NC1=O)C2=O
YFJRYUARJIDLMN,P50750,Q96SW2,0,0.08178088814020157,0,866.716,1.63,258.17,O=C(CCC(=O)N1CCC(NC(=O)C2=C(NC(=O)C3=C(Cl)C=CC=C3Cl)C=N[NH]2)CC1)NCCCCNC(=O)COC1=CC=CC2=C1C(=O)N(C1CCC(=O)NC1=O)C2=O
CLSOISUBUKOHQI,P24941,Q96SW2,0,0.1370948702096939,0,894.77,2.35,258.17,O=C(CCC(=O)N1CCC(NC(=O)C2=C(NC(=O)C3=C(Cl)C=CC=C3Cl)C=N[NH]2)CC1)NCCCCCCNC(=O)COC1=CC=CC2=C1C(=O)N(C1CCC(=O)NC1=O)C2=O
CLSOISUBUKOHQI,P50750,Q96SW2,0,0.09824062883853912,0,894.77,2.35,258.17,O=C(CCC(=O)N1CCC(NC(=O)C2=C(NC(=O)C3=C(Cl)C=CC=C3Cl)C=N[NH]2)CC1)NCCCCCCNC(=O)COC1=CC=CC2=C1C(=O)N(C1CCC(=O)NC1=O)C2=O
KTLSDRIBLSMWHN,P50750,Q96SW2,0,0.07958174496889114,0,841.662,1.47,247.53,O=C(COC1=CC=CC2=C1C(=O)N(C1CCC(=O)NC1=O)C2=O)NCCOCCOCC(=O)N1CCC(NC(=O)C2=C(NC(=O)C3=C(Cl)C=CC=C3Cl)C=N[NH]2)CC1
BMDDGQMQYPWSHA,P24941,Q96SW2,0,0.13443578779697418,0,998.875,1.19,285.86,O=C(CCC(=O)N1CCC(NC(=O)C2=C(NC(=O)C3=C(Cl)C=CC=C3Cl)C=N[NH]2)CC1)NCCCOCCOCCOCCCNC(=O)COC1=CC=CC2=C1C(=O)N(C1CCC(=O)NC1=O)C2=O
BMDDGQMQYPWSHA,P50750,Q96SW2,0,0.09692315757274628,0,998.875,1.19,285.86,O=C(CCC(=O)N1CCC(NC(=O)C2=C(NC(=O)C3=C(Cl)C=CC=C3Cl)C=N[NH]2)CC1)NCCCOCCOCCOCCCNC(=O)COC1=CC=CC2=C1C(=O)N(C1CCC(=O)NC1=O)C2=O
BRYMZSSAIDEFEM,P24941,Q96SW2,1,0.453402578830719,0,815.852,1.28,259.61,O=C(CCC(=O)N1CCN(CC2=CC=C(NC(=O)C3=C(NC4=NC=NC5=C4C=C[NH]5)C=N[NH]3)C=C2)CC1)NCCNC1=CC=CC2=C1C(=O)N(C1CCC(=O)NC1=O)C2=O
BRYMZSSAIDEFEM,P50750,Q96SW2,1,0.2933792173862457,0,815.852,1.28,259.61,O=C(CCC(=O)N1CCN(CC2=CC=C(NC(=O)C3=C(NC4=NC=NC5=C4C=C[NH]5)C=N[NH]3)C=C2)CC1)NCCNC1=CC=CC2=C1C(=O)N(C1CCC(=O)NC1=O)C2=O
RXCNFYHHBZVFLZ,P24941,Q96SW2,0,0.265316903591156,0,873.888,0.06,285.91,O=C(CCC(=O)N1CCN(CC2=CC=C(NC(=O)C3=C(NC4=NC=NC5=C4C=C[NH]5)C=N[NH]3)C=C2)CC1)NCCNC(=O)COC1=CC=CC2=C1C(=O)N(C1CCC(=O)NC1=O)C2=O
RXDRMOWDQPUCEN,P24941,Q96SW2,0,0.11886830627918243,0,901.942,0.77,285.91,O=C(CCC(=O)N1CCN(CC2=CC=C(NC(=O)C3=C(NC4=NC=NC5=C4C=C[NH]5)C=N[NH]3)C=C2)CC1)NCCCCNC(=O)COC1=CC=CC2=C1C(=O)N(C1CCC(=O)NC1=O)C2=O
RXDRMOWDQPUCEN,P50750,Q96SW2,0,0.07289410382509232,0,901.942,0.77,285.91,O=C(CCC(=O)N1CCN(CC2=CC=C(NC(=O)C3=C(NC4=NC=NC5=C4C=C[NH]5)C=N[NH]3)C=C2)CC1)NCCCCNC(=O)COC1=CC=CC2=C1C(=O)N(C1CCC(=O)NC1=O)C2=O
ZNSGBSSBUDPPPG,P24941,Q96SW2,0,0.12988562881946564,0,929.996,1.48,285.91,O=C(CCC(=O)N1CCN(CC2=CC=C(NC(=O)C3=C(NC4=NC=NC5=C4C=C[NH]5)C=N[NH]3)C=C2)CC1)NCCCCCCNC(=O)COC1=CC=CC2=C1C(=O)N(C1CCC(=O)NC1=O)C2=O
ZNSGBSSBUDPPPG,P50750,Q96SW2,0,0.0774749368429184,0,929.996,1.48,285.91,O=C(CCC(=O)N1CCN(CC2=CC=C(NC(=O)C3=C(NC4=NC=NC5=C4C=C[NH]5)C=N[NH]3)C=C2)CC1)NCCCCCCNC(=O)COC1=CC=CC2=C1C(=O)N(C1CCC(=O)NC1=O)C2=O
BJAGLKVNYNKNRP,P24941,Q96SW2,0,0.13922655582427979,0,1034.101,0.33,313.6,O=C(CCC(=O)N1CCN(CC2=CC=C(NC(=O)C3=C(NC4=NC=NC5=C4C=C[NH]5)C=N[NH]3)C=C2)CC1)NCCCOCCOCCOCCCNC(=O)COC1=CC=CC2=C1C(=O)N(C1CCC(=O)NC1=O)C2=O
BJAGLKVNYNKNRP,P50750,Q96SW2,0,0.08601978421211243,0,1034.101,0.33,313.6,O=C(CCC(=O)N1CCN(CC2=CC=C(NC(=O)C3=C(NC4=NC=NC5=C4C=C[NH]5)C=N[NH]3)C=C2)CC1)NCCCOCCOCCOCCCNC(=O)COC1=CC=CC2=C1C(=O)N(C1CCC(=O)NC1=O)C2=O
FQLHSKINBMZPFV,Q07817,P40337,1,0.7002213001251221,1,1514.38,13.25,234.0,CC1=C(C2=CC=C([C@H](C)NC(=O)[C@@H]3C[C@@H](O)CN3C(=O)[C@@H](NC(=O)CCCCCN3CCN(CC[C@H](CSC4=CC=CC=C4)NC4=CC=C(S(=O)(=O)NC(=O)C5=CC=C(N6CCN(CC7=C(C8=CC=C(Cl)C=C8)CCC(C)(C)C7)CC6)C=C5)C=C4S(=O)(=O)C(F)(F)F)CC3)C(C)(C)C)C=C2)SC=N1
NCWWDSSVLZQYKO,Q07817,Q96SW2,1,0.8604131937026978,1,1405.095,9.75,245.64,CC1(C)CCC(C2=CC=C(Cl)C=C2)=C(CN2CCN(C3=CC=C(C(=O)NS(=O)(=O)C4=CC=C(N[C@H](CCN5CCN(CCOCCOCCOCCNC6=CC=CC7=C6C(=O)N(C6CCC(=O)NC6=O)C7=O)CC5)CSC5=CC=CC=C5)C(S(=O)(=O)C(F)(F)F)=C4)C=C3)CC2)C1
ZFKTXHMPLCYQMU,Q07817,Q96SW2,1,0.716501772403717,1,1457.175,11.29,263.88,CN(CCCCCCCN1C=C(COCCOCCNC2=CC=CC3=C2C(=O)N(C2CCC(=O)NC2=O)C3=O)N=N1)CC[C@H](CSC1=CC=CC=C1)NC1=CC=C(S(=O)(=O)NC(=O)C2=CC=C(N3CCN(CC4=C(C5=CC=C(Cl)C=C5)CCC(C)(C)C4)CC3)C=C2)C=C1S(=O)(=O)C(F)(F)F
HUFMCQSCXIKKGP,Q07817,Q96SW2,1,0.9068763256072998,1,1231.883,10.74,214.71,CN(CCCNC1=CC=CC2=C1C(=O)N(C1CCC(=O)NC1=O)C2=O)CC[C@H](CSC1=CC=CC=C1)NC1=CC=C(S(=O)(=O)NC(=O)C2=CC=C(N3CCN(CC4=C(C5=CC=C(Cl)C=C5)CCC(C)(C)C4)CC3)C=C2)C=C1S(=O)(=O)C(F)(F)F
RTASGZOITGGVPZ,Q07817,Q96SW2,1,0.8890774250030518,1,1350.015,9.94,242.4,CN(CCOCCOCCOCCNC1=CC=CC2=C1C(=O)N(C1CCC(=O)NC1=O)C2=O)CC[C@H](CSC1=CC=CC=C1)NC1=CC=C(S(=O)(=O)NC(=O)C2=CC=C(N3CCN(CC4=C(C5=CC=C(Cl)C=C5)CCC(C)(C)C4)CC3)C=C2)C=C1S(=O)(=O)C(F)(F)F
PXVFFBGSTYQHRO,Q07817,P40337,1,0.7673987150192261,1,1542.39,12.83,251.07,CC1=C(C2=CC=C([C@H](C)NC(=O)[C@@H]3C[C@@H](O)CN3C(=O)[C@@H](NC(=O)CCCCCC(=O)N3CCN(CC[C@H](CSC4=CC=CC=C4)NC4=CC=C(S(=O)(=O)NC(=O)C5=CC=C(N6CCN(CC7=C(C8=CC=C(Cl)C=C8)CCC(C)(C)C7)CC6)C=C5)C=C4S(=O)(=O)C(F)(F)F)CC3)C(C)(C)C)C=C2)SC=N1
PXVFFBGSTYQHRO,Q07817,P40337,1,0.7673987150192261,1,1542.39,12.83,251.07,CC1=C(C2=CC=C([C@H](C)NC(=O)[C@@H]3C[C@@H](O)CN3C(=O)[C@@H](NC(=O)CCCCCC(=O)N3CCN(CC[C@H](CSC4=CC=CC=C4)NC4=CC=C(S(=O)(=O)NC(=O)C5=CC=C(N6CCN(CC7=C(C8=CC=C(Cl)C=C8)CCC(C)(C)C7)CC6)C=C5)C=C4S(=O)(=O)C(F)(F)F)CC3)C(C)(C)C)C=C2)SC=N1
AWPNCYPNCSCZFL,P11802,Q96SW2,1,0.9245456457138062,1,831.935,2.78,220.93,CC(=O)C1=C(C)C2=CN=C(NC3=CC=C(N4CCN(CCCCNC(=O)CNC5=CC=CC6=C5C(=O)N(C5CCC(=O)NC5=O)C6=O)CC4)C=N3)N=C2N(C2CCCC2)C1=O
AWPNCYPNCSCZFL,Q00534,Q96SW2,1,0.9291155338287354,1,831.935,2.78,220.93,CC(=O)C1=C(C)C2=CN=C(NC3=CC=C(N4CCN(CCCCNC(=O)CNC5=CC=CC6=C5C(=O)N(C5CCC(=O)NC5=O)C6=O)CC4)C=N3)N=C2N(C2CCCC2)C1=O
OWYXKRGXEAHYMU,O43924,Q96SW2,1,0.853182852268219,1,1134.772,4.54,248.39,O=C1CCC(N2C(=O)C3=CC=CC(NCCOCCOCCOCCOCCNC(=O)C4=CC=C(CN(CC5CCNCC5)S(=O)(=O)C5=CC=C(S(=O)(=O)N(CC6=CC=C(Cl)C=C6)C6CCCC6)C=C5)C=C4)=C3C2=O)C(=O)N1
JSJGLYIYFOFJTA,P11802,Q96SW2,1,0.9569945931434631,1,897.998,2.14,239.61,CC(=O)C1=C(C)C2=CN=C(NC3=CC=C(N4CCN(CC5=CN(CCCCCC(=O)NC6=CC=CC7=C6C(=O)N(C6CCC(=O)NC6=O)C7=O)N=N5)CC4)C=N3)N=C2N(C2CCCC2)C1=O
JSJGLYIYFOFJTA,Q00534,Q96SW2,1,0.9594770669937134,1,897.998,2.14,239.61,CC(=O)C1=C(C)C2=CN=C(NC3=CC=C(N4CCN(CC5=CN(CCCCCC(=O)NC6=CC=CC7=C6C(=O)N(C6CCC(=O)NC6=O)C7=O)N=N5)CC4)C=N3)N=C2N(C2CCCC2)C1=O
JYILVSNNISWWAT,P11802,Q96SW2,1,0.5454814434051514,1,885.003,2.52,225.78,CN(C)C(=O)C1=CC2=CN=C(NC3=CC=C(N4CCN(CC5=CN(CCCCCC(=O)NC6=CC=CC7=C6C(=O)N(C6CCC(=O)NC6=O)C7=O)N=N5)CC4)C=N3)N=C2N1C1CCCC1
JYILVSNNISWWAT,Q00534,Q96SW2,0,0.5565151572227478,1,885.003,2.52,225.78,CN(C)C(=O)C1=CC2=CN=C(NC3=CC=C(N4CCN(CC5=CN(CCCCCC(=O)NC6=CC=CC7=C6C(=O)N(C6CCC(=O)NC6=O)C7=O)N=N5)CC4)C=N3)N=C2N1C1CCCC1
ASTBYSZIHNGCIB,Q9UBN7,Q96SW2,1,0.7087613344192505,1,836.907,2.09,246.29,CCCCN(CC1=CC=C(C(=O)NO)C=C1)C(=O)NC1=CC=C(NC(=O)CCCC2=CN(CCOCCNC3=CC=CC4=C3C(=O)N(C3CCC(=O)NC3=O)C4=O)N=N2)C=C1
ORKAKWRVOOOMDD,P11802,P40337,1,0.9485592842102051,1,1016.327,6.85,207.88,CC(=O)C1=C(C)C2=CN=C(NC3=CC=C(N4CCN(CCCCCCCC(=O)N[C@H](C(=O)N5C[C@H](O)C[C@H]5C(=O)N[C@@H](C)C5=CC=C(C6=C(C)N=CS6)C=C5)C(C)(C)C)CC4)C=N3)N=C2N(C2CCCC2)C1=O
ORKAKWRVOOOMDD,Q00534,P40337,1,0.9519178867340088,1,1016.327,6.85,207.88,CC(=O)C1=C(C)C2=CN=C(NC3=CC=C(N4CCN(CCCCCCCC(=O)N[C@H](C(=O)N5C[C@H](O)C[C@H]5C(=O)N[C@@H](C)C5=CC=C(C6=C(C)N=CS6)C=C5)C(C)(C)C)CC4)C=N3)N=C2N(C2CCCC2)C1=O
RSMLEVNIFFMOJA,P11802,P40337,0,0.5011562705039978,1,1064.324,4.35,235.57,CC(=O)C1=C(C)C2=CN=C(NC3=CC=C(N4CCN(CCOCCOCCOCC(=O)N[C@H](C(=O)N5C[C@H](O)C[C@H]5C(=O)N[C@@H](C)C5=CC=C(C6=C(C)N=CS6)C=C5)C(C)(C)C)CC4)C=N3)N=C2N(C2CCCC2)C1=O
RSMLEVNIFFMOJA,P11802,P40337,1,0.5011562705039978,1,1064.324,4.35,235.57,CC(=O)C1=C(C)C2=CN=C(NC3=CC=C(N4CCN(CCOCCOCCOCC(=O)N[C@H](C(=O)N5C[C@H](O)C[C@H]5C(=O)N[C@@H](C)C5=CC=C(C6=C(C)N=CS6)C=C5)C(C)(C)C)CC4)C=N3)N=C2N(C2CCCC2)C1=O
RSMLEVNIFFMOJA,Q00534,P40337,1,0.5174967050552368,1,1064.324,4.35,235.57,CC(=O)C1=C(C)C2=CN=C(NC3=CC=C(N4CCN(CCOCCOCCOCC(=O)N[C@H](C(=O)N5C[C@H](O)C[C@H]5C(=O)N[C@@H](C)C5=CC=C(C6=C(C)N=CS6)C=C5)C(C)(C)C)CC4)C=N3)N=C2N(C2CCCC2)C1=O
RSMLEVNIFFMOJA,Q00534,P40337,1,0.5174967050552368,1,1064.324,4.35,235.57,CC(=O)C1=C(C)C2=CN=C(NC3=CC=C(N4CCN(CCOCCOCCOCC(=O)N[C@H](C(=O)N5C[C@H](O)C[C@H]5C(=O)N[C@@H](C)C5=CC=C(C6=C(C)N=CS6)C=C5)C(C)(C)C)CC4)C=N3)N=C2N(C2CCCC2)C1=O
CTPCMILSWFJJJB,P11802,P40337,0,0.11745861172676086,0,1135.403,3.6,264.67,CC(=O)C1=C(C)C2=CN=C(NC3=CC=C(N4CCN(CC(=O)NCCOCCOCCOCCC(=O)N[C@H](C(=O)N5C[C@H](O)C[C@H]5C(=O)N[C@@H](C)C5=CC=C(C6=C(C)N=CS6)C=C5)C(C)(C)C)CC4)C=N3)N=C2N(C2CCCC2)C1=O
CTPCMILSWFJJJB,Q00534,P40337,0,0.12626881897449493,0,1135.403,3.6,264.67,CC(=O)C1=C(C)C2=CN=C(NC3=CC=C(N4CCN(CC(=O)NCCOCCOCCOCCC(=O)N[C@H](C(=O)N5C[C@H](O)C[C@H]5C(=O)N[C@@H](C)C5=CC=C(C6=C(C)N=CS6)C=C5)C(C)(C)C)CC4)C=N3)N=C2N(C2CCCC2)C1=O
OUTLYXINOACMSY,P11802,Q13490,1,0.9975577592849731,1,1011.233,5.63,215.89,CN[C@@H](C)C(=O)N[C@H](C(=O)N1C[C@@H](NC(=O)CCCCCCCN2CCN(C3=CC=C(NC4=NC=C5C(C)=C(C(C)=O)C(=O)N(C6CCCC6)C5=N4)N=C3)CC2)C[C@H]1C(=O)NC1=C(F)C=CC=C1F)C(C)(C)C
OUTLYXINOACMSY,Q00534,Q13490,1,0.9978131055831909,1,1011.233,5.63,215.89,CN[C@@H](C)C(=O)N[C@H](C(=O)N1C[C@@H](NC(=O)CCCCCCCN2CCN(C3=CC=C(NC4=NC=C5C(C)=C(C(C)=O)C(=O)N(C6CCCC6)C5=N4)N=C3)CC2)C[C@H]1C(=O)NC1=C(F)C=CC=C1F)C(C)(C)C
MFTRNYPINLZRSO,P11802,Q13490,1,0.9999091625213623,1,1059.23,3.13,243.58,CN[C@@H](C)C(=O)N[C@H](C(=O)N1C[C@@H](NC(=O)COCCOCCOCCN2CCN(C3=CC=C(NC4=NC=C5C(C)=C(C(C)=O)C(=O)N(C6CCCC6)C5=N4)N=C3)CC2)C[C@H]1C(=O)NC1=C(F)C=CC=C1F)C(C)(C)C
MFTRNYPINLZRSO,Q00534,Q13490,1,0.9999212026596069,1,1059.23,3.13,243.58,CN[C@@H](C)C(=O)N[C@H](C(=O)N1C[C@@H](NC(=O)COCCOCCOCCN2CCN(C3=CC=C(NC4=NC=C5C(C)=C(C(C)=O)C(=O)N(C6CCCC6)C5=N4)N=C3)CC2)C[C@H]1C(=O)NC1=C(F)C=CC=C1F)C(C)(C)C
DNVODRITWXGBQB,P11802,Q13490,0,0.3221515715122223,0,1130.309,2.37,272.68,CN[C@@H](C)C(=O)N[C@H](C(=O)N1C[C@@H](NC(=O)CCOCCOCCOCCNC(=O)CN2CCN(C3=CC=C(NC4=NC=C5C(C)=C(C(C)=O)C(=O)N(C6CCCC6)C5=N4)N=C3)CC2)C[C@H]1C(=O)NC1=C(F)C=CC=C1F)C(C)(C)C
DNVODRITWXGBQB,Q00534,Q13490,0,0.34209758043289185,0,1130.309,2.37,272.68,CN[C@@H](C)C(=O)N[C@H](C(=O)N1C[C@@H](NC(=O)CCOCCOCCOCCNC(=O)CN2CCN(C3=CC=C(NC4=NC=C5C(C)=C(C(C)=O)C(=O)N(C6CCCC6)C5=N4)N=C3)CC2)C[C@H]1C(=O)NC1=C(F)C=CC=C1F)C(C)(C)C
JWNZXWGMBRXMPK,P11802,Q96SW2,1,0.728715717792511,1,891.987,1.77,239.39,CC(=O)C1=C(C)C2=CN=C(NC3=CC=C(N4CCN(CCOCCOCCNC(=O)CNC5=CC=CC6=C5C(=O)N(C5CCC(=O)NC5=O)C6=O)CC4)C=N3)N=C2N(C2CCCC2)C1=O
JWNZXWGMBRXMPK,Q00534,Q96SW2,1,0.7404147982597351,1,891.987,1.77,239.39,CC(=O)C1=C(C)C2=CN=C(NC3=CC=C(N4CCN(CCOCCOCCNC(=O)CNC5=CC=CC6=C5C(=O)N(C5CCC(=O)NC5=O)C6=O)CC4)C=N3)N=C2N(C2CCCC2)C1=O
VFRJYHIRKCDWOQ,Q06187,P40337,0,0.24984322488307953,0,1061.323,7.88,203.39,CC1=C(C2=CC=C(CNC(=O)[C@@H]3C[C@@H](O)CN3C(=O)[C@H](C(C)C)N3CC4=CC=CC=C4C3=O)C(OCCCCOCCCCN3CCC(N4N=C(C5=CC=C(OC6=CC=CC=C6)C=C5)C5=C(N)N=CN=C54)CC3)=C2)SC=N1
KCRCMDOSXFUJPF,Q06187,Q96SW2,1,0.6621896028518677,1,774.835,3.1,193.33,NC1=NC=NC2=C1C(C1=CC=C(OC3=CC=CC=C3)C=C1)=NN2C1CCN(CCOCCOCCOC2=CC=C3C(=O)N(C4CCC(=O)NC4=O)C(=O)C3=C2)CC1
UJJYPBWMGIPXOE,Q06187,Q96SW2,1,0.7268981337547302,1,760.852,3.15,176.26,NC1=NC=NC2=C1C(C1=CC=C(OC3=CC=CC=C3)C=C1)=NN2C1CCN(CCOCCOCCOC2=CC=C3C(=O)N(C4CCC(=O)NC4=O)CC3=C2)CC1
JSTLWCARHCKNPZ,P23458,Q96SW2,0,0.05370108038187027,0,748.235,5.26,163.24,O=C1CCC(N2CC3=C(NC(=O)CCCCCCCCCN4C=C(NC5=NC=C(Cl)C(NCC6=CC(F)=CC=C6F)=N5)C=N4)C=CC=C3C2=O)C(=O)N1
JSTLWCARHCKNPZ,O60674,Q96SW2,0,0.06966544687747955,0,748.235,5.26,163.24,O=C1CCC(N2CC3=C(NC(=O)CCCCCCCCCN4C=C(NC5=NC=C(Cl)C(NCC6=CC(F)=CC=C6F)=N5)C=N4)C=CC=C3C2=O)C(=O)N1
ZZTHHMXNWQYUOO,P23458,P40337,0,0.11700107157230377,0,983.54,4.49,216.21,CC1=C(C2=CC=C(CNC(=O)[C@@H]3C[C@@H](O)CN3C(=O)[C@@H](NC(=O)COCCOCCOCCOCCN3C=C(NC4=NC=C(Cl)C(NCC5=CC(F)=CC=C5F)=N4)C=N3)C(C)(C)C)C=C2)SC=N1
ZZTHHMXNWQYUOO,O60674,P40337,0,0.1748102456331253,0,983.54,4.49,216.21,CC1=C(C2=CC=C(CNC(=O)[C@@H]3C[C@@H](O)CN3C(=O)[C@@H](NC(=O)COCCOCCOCCOCCN3C=C(NC4=NC=C(Cl)C(NCC5=CC(F)=CC=C5F)=N4)C=N3)C(C)(C)C)C=C2)SC=N1
ANVHTRZROROKIQ,P23458,Q96SW2,0,0.12479899823665619,0,812.231,1.53,200.16,O=C1CCC(N2CC3=C(NC(=O)COCCOCCOCCOCCN4C=C(NC5=NC=C(Cl)C(NCC6=CC(F)=CC=C6F)=N5)C=N4)C=CC=C3C2=O)C(=O)N1
ANVHTRZROROKIQ,O60674,Q96SW2,0,0.17185331881046295,0,812.231,1.53,200.16,O=C1CCC(N2CC3=C(NC(=O)COCCOCCOCCOCCN4C=C(NC5=NC=C(Cl)C(NCC6=CC(F)=CC=C6F)=N5)C=N4)C=CC=C3C2=O)C(=O)N1
OOGRLHGJCRPASG,P23458,P40337,0,0.042443808168172836,0,1013.566,4.52,225.44,CC1=C(C2=CC=C(CNC(=O)[C@@H]3C[C@@H](O)CN3C(=O)[C@@H](NC(=O)COCCOCCOCCOCCOC3=CC(F)=CC(CNC4=NC(NC5=CN(C)N=C5)=NC=C4Cl)=C3F)C(C)(C)C)C=C2)SC=N1
OOGRLHGJCRPASG,O60674,P40337,0,0.06095939129590988,0,1013.566,4.52,225.44,CC1=C(C2=CC=C(CNC(=O)[C@@H]3C[C@@H](O)CN3C(=O)[C@@H](NC(=O)COCCOCCOCCOCCOC3=CC(F)=CC(CNC4=NC(NC5=CN(C)N=C5)=NC=C4Cl)=C3F)C(C)(C)C)C=C2)SC=N1
FZFBKTHMERWOJN,P23458,Q96SW2,0,0.0701352134346962,0,1049.255,6.13,183.68,COC1=CC(C2=CN=C3C=CC=C(C4=CC(F)=C(CN5CCS(=O)(=O)CC5)C(F)=C4)C3=N2)=CC=C1OCCCN1CCN(CCCCCCCCCC(=O)NC2=CC=CC3=C2CN(C2CCC(=O)NC2=O)C3=O)CC1
FZFBKTHMERWOJN,O60674,Q96SW2,0,0.08979389816522598,0,1049.255,6.13,183.68,COC1=CC(C2=CN=C3C=CC=C(C4=CC(F)=C(CN5CCS(=O)(=O)CC5)C(F)=C4)C3=N2)=CC=C1OCCCN1CCN(CCCCCCCCCC(=O)NC2=CC=CC3=C2CN(C2CCC(=O)NC2=O)C3=O)CC1
AQFFACIDFIVTBI,P23458,P40337,0,0.04273659363389015,0,1284.56,5.35,236.65,COC1=CC(C2=CN=C3C=CC=C(C4=CC(F)=C(CN5CCS(=O)(=O)CC5)C(F)=C4)C3=N2)=CC=C1OCCCN1CCN(CCOCCOCCOCCOCC(=O)N[C@H](C(=O)N2C[C@H](O)C[C@H]2C(=O)NCC2=CC=C(C3=C(C)N=CS3)C=C2)C(C)(C)C)CC1
AQFFACIDFIVTBI,O60674,P40337,0,0.0640072450041771,0,1284.56,5.35,236.65,COC1=CC(C2=CN=C3C=CC=C(C4=CC(F)=C(CN5CCS(=O)(=O)CC5)C(F)=C4)C3=N2)=CC=C1OCCCN1CCN(CCOCCOCCOCCOCC(=O)N[C@H](C(=O)N2C[C@H](O)C[C@H]2C(=O)NCC2=CC=C(C3=C(C)N=CS3)C=C2)C(C)(C)C)CC1
UFVPZQSQNJNLLV,P23458,Q96SW2,0,0.07063107937574387,0,1113.251,2.4,220.6,COC1=CC(C2=CN=C3C=CC=C(C4=CC(F)=C(CN5CCS(=O)(=O)CC5)C(F)=C4)C3=N2)=CC=C1OCCCN1CCN(CCOCCOCCOCCOCC(=O)NC2=CC=CC3=C2CN(C2CCC(=O)NC2=O)C3=O)CC1
UFVPZQSQNJNLLV,O60674,Q96SW2,0,0.08911646902561188,0,1113.251,2.4,220.6,COC1=CC(C2=CN=C3C=CC=C(C4=CC(F)=C(CN5CCS(=O)(=O)CC5)C(F)=C4)C3=N2)=CC=C1OCCCN1CCN(CCOCCOCCOCCOCC(=O)NC2=CC=CC3=C2CN(C2CCC(=O)NC2=O)C3=O)CC1
QCULBRPVCWJUKY,P51531,P40337,0,0.6159279346466064,1,918.106,3.22,217.83,CC1=C(C2=CC=C(CNC(=O)[C@@H]3C[C@@H](O)CN3C(=O)[C@@H](NC(=O)C3(F)CC3)C(C)(C)C)C(OCCOCCOCCN3CCN(C4=CC(C5=CC=CC=C5O)=NN=C4N)CC3)=C2)SC=N1
QCULBRPVCWJUKY,P51532,P40337,0,0.5334779620170593,1,918.106,3.22,217.83,CC1=C(C2=CC=C(CNC(=O)[C@@H]3C[C@@H](O)CN3C(=O)[C@@H](NC(=O)C3(F)CC3)C(C)(C)C)C(OCCOCCOCCN3CCN(C4=CC(C5=CC=CC=C5O)=NN=C4N)CC3)=C2)SC=N1
IVARZBJJMMUJHI,P51531,P40337,1,0.8879917860031128,1,936.124,4.98,208.6,CC1=C(C2=CC=C(CNC(=O)[C@@H]3C[C@@H](O)CN3C(=O)[C@@H](NC(=O)C3(F)CC3)C(C)(C)C)C(OCCOC3=CC=C(CN4CCN(C5=CC(C6=CC=CC=C6O)=NN=C5N)CC4)C=C3)=C2)SC=N1
IVARZBJJMMUJHI,P51532,P40337,1,0.8557597994804382,1,936.124,4.98,208.6,CC1=C(C2=CC=C(CNC(=O)[C@@H]3C[C@@H](O)CN3C(=O)[C@@H](NC(=O)C3(F)CC3)C(C)(C)C)C(OCCOC3=CC=C(CN4CCN(C5=CC(C6=CC=CC=C6O)=NN=C5N)CC4)C=C3)=C2)SC=N1
IVARZBJJMMUJHI,Q86U86,P40337,1,0.8256474733352661,1,936.124,4.98,208.6,CC1=C(C2=CC=C(CNC(=O)[C@@H]3C[C@@H](O)CN3C(=O)[C@@H](NC(=O)C3(F)CC3)C(C)(C)C)C(OCCOC3=CC=C(CN4CCN(C5=CC(C6=CC=CC=C6O)=NN=C5N)CC4)C=C3)=C2)SC=N1
HEUMLQGYGXEOHM,Q9NWZ3,P40337,0,0.032391827553510666,0,942.105,2.47,242.86,COC1=CC2=C(OC[C@@H]3CCC(=O)N3)N=CC(C#CCOCCOCCOCCC(=O)N[C@H](C(=O)N3C[C@H](O)C[C@H]3C(=O)NCC3=CC=C(C4=C(C)N=CS4)C=C3)C(C)(C)C)=C2C=C1C(N)=O
DFCKZXBDTTURLE,Q9NWZ3,P40337,0,0.06657017022371292,0,936.189,7.52,215.17,COC1=CC2=C(OC[C@@H]3CCC(=O)N3)N=CC(C#CCCCCCCCCCCC(=O)N[C@H](C(=O)N3C[C@H](O)C[C@H]3C(=O)NCC3=CC=C(C4=C(C)N=CS4)C=C3)C(C)(C)C)=C2C=C1C(N)=O
NPHNFTBWNSEKQR,Q9NWZ3,Q96SW2,0,0.037921175360679626,0,757.753,0.32,224.01,COC1=CC2=C(OC[C@@H]3CCC(=O)N3)N=CC(C#CCOCCOCCOCCOC3=CC=CC4=C3C(=O)N(C3CCC(=O)NC3=O)C4=O)=C2C=C1C(N)=O
POTNHTDKTOIKCT,Q9NWZ3,Q96SW2,0,0.0434860959649086,0,751.837,5.19,196.32,COC1=CC2=C(OC[C@@H]3CCC(=O)N3)N=CC(C#CCCCCCCCCCCOC3=CC=CC4=C3C(=O)N(C3CCC(=O)NC3=O)C4=O)=C2C=C1C(N)=O
OGZACTPFSVITBX,Q9NWZ3,P98170,0,0.11465097218751907,0,995.188,2.8,250.87,CN[C@@H](C)C(=O)N[C@H](C(=O)N1C[C@@H](NC(=O)CCOCCOCCOCC#CC2=CN=C(OC[C@@H]3CCC(=O)N3)C3=CC(OC)=C(C(N)=O)C=C23)C[C@H]1C(=O)N[C@@H]1CCCC2=CC=CC=C21)C1CCCCC1
CVFKSFVSLDSCBQ,Q9NWZ3,P98170,0,0.18885239958763123,0,989.272,7.86,223.18,CN[C@@H](C)C(=O)N[C@H](C(=O)N1C[C@@H](NC(=O)CCCCCCCCCCC#CC2=CN=C(OC[C@@H]3CCC(=O)N3)C3=CC(OC)=C(C(N)=O)C=C23)C[C@H]1C(=O)N[C@@H]1CCCC2=CC=CC=C21)C1CCCCC1
OMTXYNZVPBTRTI,Q9NWZ3,P40337,0,0.3149358034133911,0,982.233,8.79,215.17,CC[C@H]1[C@@H](COC2=NC=C(C#CCCCCCCCCCCC(=O)N[C@H](C(=O)N3C[C@H](O)C[C@H]3C(=O)NCC3=CC=C(C4=C(C)N=CS4)C=C3)C(C)(C)C)C3=CC(C(N)=O)=C(OC)C=C23)NC(=O)[C@H]1F
QSDZWQSDYJSGFC,P53350,Q96SW2,1,0.28069013357162476,0,811.897,3.28,213.73,CC[C@@H]1C(=O)N(C)C2=CN=C(NC3=CC=C(C(=O)NCCOCCOCCNC4=CC=CC5=C4C(=O)N(C4CCC(=O)NC4=O)C5=O)C=C3OC)N=C2N1C1CCCC1
QSDZWQSDYJSGFC,O60885,Q96SW2,1,0.5352833867073059,1,811.897,3.28,213.73,CC[C@@H]1C(=O)N(C)C2=CN=C(NC3=CC=C(C(=O)NCCOCCOCCNC4=CC=CC5=C4C(=O)N(C4CCC(=O)NC4=O)C5=O)C=C3OC)N=C2N1C1CCCC1
VVAVIHDLCKOZJR,P03372,P40337,1,0.920016348361969,1,1035.258,9.25,219.85,CC1=C(C2=CC=C([C@H](C)NC(=O)[C@@H]3C[C@@H](O)CN3C(=O)[C@@H](NC(=O)CCCCOC3=CC=C(/C=N/NC(=O)C4=CC=C(C(=O)C5=C(C6=CC=C(O)C=C6)SC6=CC(O)=CC=C56)C=C4)C=C3)C(C)(C)C)C=C2)SC=N1
QCDUJVGYYULYRO,P03372,P40337,0,0.6469508409500122,1,1009.22,9.08,212.01,CC1=C(C2=CC=C([C@H](C)NC(=O)[C@@H]3C[C@@H](O)CN3C(=O)[C@@H](NC(=O)CCCOC3=CC=C(/C=N/NC(=O)C4=CC=C(OC5=C(C6=CC=C(O)C=C6)SC6=CC(O)=CC=C56)C=C4)C=C3)C(C)(C)C)C=C2)SC=N1
VXEYUCNJDJXFGM,P03372,P40337,1,0.9270265102386475,1,1036.286,9.57,207.49,CC1=C(C2=CC=C([C@H](C)NC(=O)[C@@H]3C[C@@H](O)CN3C(=O)[C@@H](NC(=O)CCCCOC3=CC=C(CCNC(=O)C4=CC=C(C(=O)C5=C(C6=CC=C(O)C=C6)SC6=CC(O)=CC=C56)C=C4)C=C3)C(C)(C)C)C=C2)SC=N1
PPNNFXIBKLCMTI,O75530,P40337,0,0.04308145493268967,0,832.988,4.72,208.98,CC1=C(C2=CC=C(CNC(=O)[C@@H]3C[C@@H](O)CN3C(=O)[C@@H](NC(=O)CCCNC(=O)C3=CC=C(C4=CN=C(NCC5=CC=CO5)N5C=NN=C45)C=C3)C(C)(C)C)C=C2)SC=N1
PPNNFXIBKLCMTI,Q15910,P40337,0,0.08023563027381897,0,832.988,4.72,208.98,CC1=C(C2=CC=C(CNC(=O)[C@@H]3C[C@@H](O)CN3C(=O)[C@@H](NC(=O)CCCNC(=O)C3=CC=C(C4=CN=C(NCC5=CC=CO5)N5C=NN=C45)C=C3)C(C)(C)C)C=C2)SC=N1
PPNNFXIBKLCMTI,Q15022,P40337,0,0.043823204934597015,0,832.988,4.72,208.98,CC1=C(C2=CC=C(CNC(=O)[C@@H]3C[C@@H](O)CN3C(=O)[C@@H](NC(=O)CCCNC(=O)C3=CC=C(C4=CN=C(NCC5=CC=CO5)N5C=NN=C45)C=C3)C(C)(C)C)C=C2)SC=N1
ODGGYJAKYDILGA,P01116,Q96SW2,0,0.027611417695879936,0,936.398,5.36,224.73,C=CC(=O)N1CCN(C2=NC(NCCC(=O)NCCOCCOCCNC3=CC=CC4=C3C(=O)N(C3CCC(=O)NC3=O)C4=O)=NC3=C(F)C(C4=CC(O)=CC5=CC=CC=C45)=C(Cl)C=C23)CC1
DAKJVBKAHBEOKW,P01116,Q96SW2,0,0.04271126165986061,0,1024.504,5.07,243.19,C=CC(=O)N1CCN(C2=NC(NCCC(=O)NCCOCCOCCOCCOCCNC3=CC=CC4=C3C(=O)N(C3CCC(=O)NC3=O)C4=O)=NC3=C(F)C(C4=CC(O)=CC5=CC=CC=C45)=C(Cl)C=C23)CC1
LWKJTRZIDYEODR,P01116,Q96SW2,0,0.05924027040600777,0,954.409,4.7,211.29,C=CC(=O)N1CCN(C2=NC(NCCOCCOCCOCCOCCOC3=CC=CC4=C3C(=O)N(C3CCC(=O)NC3=O)C4=O)=NC3=C(F)C(C4=CC(O)=CC5=CC=CC=C45)=C(Cl)C=C23)CC1
SGSDFTJNSRZKHC,P01116,Q96SW2,0,0.02196004055440426,0,998.462,4.56,220.52,C=CC(=O)N1CCN(C2=NC(NCCOCCOCCOCCOCCOCCOC3=CC=CC4=C3C(=O)N(C3CCC(=O)NC3=O)C4=O)=NC3=C(F)C(C4=CC(O)=CC5=CC=CC=C45)=C(Cl)C=C23)CC1
CDECUBDHQJBDTA,P01116,Q96SW2,0,0.04457230120897293,0,909.372,5.42,204.86,C=CC(=O)N1CCN(C2=NC(NCCOCCOCCOCCNC3=CC=CC4=C3C(=O)N(C3CCC(=O)NC3=O)C4=O)=NC3=C(F)C(C4=CC(O)=CC5=CC=CC=C45)=C(Cl)C=C23)CC1
FMYAMLPDKZOVMB,P01116,Q96SW2,0,0.1269799917936325,0,917.483,10.54,177.17,C=CC(=O)N1CCN(C2=NC(NCCCCCCCCCCCCNC3=CC=CC4=C3C(=O)N(C3CCC(=O)NC3=O)C4=O)=NC3=C(F)C(C4=CC(O)=CC5=CC=CC=C45)=C(Cl)C=C23)CC1
MAMFJEPMCNQZMY,P01116,Q96SW2,0,0.01865948922932148,0,862.363,6.61,180.41,C=CC(=O)N1CCN(C2=NC(NCCCN(C)CCCNC3=CC=CC4=C3C(=O)N(C3CCC(=O)NC3=O)C4=O)=NC3=C(F)C(C4=CC(O)=CC5=CC=CC=C45)=C(Cl)C=C23)CC1
SDUXHTCBZLYUKP,P01116,Q96SW2,0,0.061707086861133575,0,889.389,5.71,183.65,C=CC(=O)N1CCN(C2=NC(NCCN3CCN(CCNC4=CC=CC5=C4C(=O)N(C4CCC(=O)NC4=O)C5=O)CC3)=NC3=C(F)C(C4=CC(O)=CC5=CC=CC=C45)=C(Cl)C=C23)CC1
HIBGKXYCBQYVSE,P01116,Q96SW2,0,0.11188317835330963,0,917.443,6.42,183.65,C=CC(=O)N1CCN(C2=NC(NCCCN3CCN(CCCNC4=CC=CC5=C4C(=O)N(C4CCC(=O)NC4=O)C5=O)CC3)=NC3=C(F)C(C4=CC(O)=CC5=CC=CC=C45)=C(Cl)C=C23)CC1
UJEVNEOODDVMEG,P01116,Q96SW2,0,0.047692976891994476,0,945.497,7.14,183.65,C=CC(=O)N1CCN(C2=NC(NCCCCN3CCN(CCCCNC4=CC=CC5=C4C(=O)N(C4CCC(=O)NC4=O)C5=O)CC3)=NC3=C(F)C(C4=CC(O)=CC5=CC=CC=C45)=C(Cl)C=C23)CC1
RFQOMIJEFMXCLB,P01116,Q96SW2,0,0.22621379792690277,0,865.319,5.01,195.63,C=CC(=O)N1CCN(C2=NC(NCCOCCOCCNC3=CC=C4C(=O)N(C5CCC(=O)NC5=O)C(=O)C4=C3)=NC3=C(F)C(C4=CC(O)=CC5=CC=CC=C45)=C(Cl)C=C23)CC1
RETZCVHABXVOBC,P01116,Q96SW2,0,0.019226480275392532,0,917.443,5.87,183.65,C=CC(=O)N1CCN(C2=NC(NCCCN3CCN(CCCNC4=CC=C5C(=O)N(C6CCC(=O)NC6=O)C(=O)C5=C4)CC3)=NC3=C(F)C(C4=CC(O)=CC5=CC=CC=C45)=C(Cl)C=C23)CC1
PEZCAXDTKNFUCR,Q96SW2,P40337,0,0.11731413751840591,0,1061.269,3.67,273.23,CC1=C(C2=CC=C(CNC(=O)[C@@H]3C[C@@H](O)CN3C(=O)[C@@H](NC(=O)COCCCCCOCCOCCCCCOCC(=O)NCCNC3=CC=CC4=C3C(=O)N(C3CCC(=O)NC3=O)C4=O)C(C)(C)C)C=C2)SC=N1
XCSUEITWRRFFMN,P62942,Q96SW2,1,0.9386433959007263,1,1426.71,5.78,338.41,CO[C@H]1C[C@@H]2CC[C@@H](C)[C@@](O)(O2)C(=O)C(=O)N2CCCC[C@H]2C(=O)O[C@H]([C@H](C)C[C@@H]2CC[C@@H](OCCOCC3=CN(CCOCCOCCNC4=CC=CC5=C4C(=O)N(C4CCC(=O)NC4=O)C5=O)N=N3)[C@H](OC)C2)CC(=O)[C@H](C)/C=C(\C)[C@@H](O)[C@@H](OC)C(=O)[C@H](C)C[C@H](C)/C=C/C=C/C=C/1C
QEZBEUBDCKYYAV,O43353,Q13490,1,0.9406498074531555,1,1092.395,7.7,208.64,CN[C@@H](C)C(=O)N[C@H](C(=O)N1CC2=CC(OCCOCCOCCOCCOC3=CC4=NC=CC(NC5=CC=C6SC=NC6=C5)=C4C=C3S(=O)(=O)C(C)(C)C)=CC=C2C[C@H]1C(=O)N[C@@H]1CCCC2=CC=CC=C21)C(C)(C)C
BRZGXSNAXRPPFI,O43353,Q96SW2,1,0.32355189323425293,0,889.022,2.95,213.68,CC(C)(C)S(=O)(=O)C1=CC2=C(NC3=CC=C4SC=NC4=C3)C=CN=C2C=C1OCCOCCOCCOCCOCC(=O)NC1=CC=CC2=C1CN(C1CCC(=O)NC1=O)C2=O
CHNBEZLJAQUZEX,O43353,Q13490,1,0.9543502330780029,1,1045.232,4.73,261.76,CN[C@@H](C)C(=O)N[C@H](C(=O)N1C[C@@H](NC(=O)C2=CN=C(N3CCN(CCCOC4=CC5=NC=NC(NC6=N[NH]C(C)=C6C)=C5C=C4S(=O)(=O)C(C)(C)C)CC3)C=N2)C[C@H]1C(=O)NC1=C(F)C=CC=C1F)C(C)(C)C
WGJCHHJGGFCCRS,P40337,P40337,1,0.656767725944519,1,1179.47,3.57,278.64,CC1=C(C2=CC=C(CNC(=O)[C@@H]3C[C@@H](O)CN3C(=O)[C@@H](NC(=O)COCCOCCOCCOCCOCCOCC(=O)N[C@H](C(=O)N3C[C@H](O)C[C@H]3C(=O)NCC3=CC=C(C4=C(C)N=CS4)C=C3)C(C)(C)C)C(C)(C)C)C=C2)SC=N1
IFUNICMRISUORK,Q16288,Q96SW2,0,0.0909326896071434,0,1447.675,2.86,422.77,CC[C@H](C)[C@H](N)C1=CN([C@@H](CC2=CC=C(O)C=C2)C(=O)N2CCN(C3=NC(NCCOCCOCCOCC4=CN(CCCCCC(=O)NC5=CC=CC6=C5C(=O)N(C5CCC(=O)NC5=O)C6=O)N=N4)=NC(N4CCN(C(=O)[C@H](CC5=CC=C(O)C=C5)N5C=C([C@@H](N)[C@@H](C)CC)N=N5)CC4)=N3)CC2)N=N1
KSXVXTSIDVRZBR,Q96SW2,P40337,1,0.4403567612171173,0,870.086,6.46,207.21,CC1=C(C2=CC=C(CNC(=O)[C@@H]3C[C@@H](O)CN3C(=O)[C@@H](NC(=O)CCCCCCCCCCNC3=CC=CC4=C3C(=O)N(C3CCC(=O)NC3=O)C4=O)C(C)(C)C)C=C2)SC=N1
NONAQRYFKJIZQD,Q96SW2,P40337,0,0.3803198039531708,0,813.978,4.29,207.21,CC1=C(C2=CC=C(CNC(=O)[C@@H]3C[C@@H](O)CN3C(=O)[C@@H](NC(=O)CCCCCCNC3=CC=CC4=C3C(=O)N(C3CCC(=O)NC3=O)C4=O)C(C)(C)C)C=C2)SC=N1
FWZROUMFDYURRM,Q96SW2,P40337,1,0.5576882362365723,1,927.138,5.8,236.31,CC1=C(C2=CC=C(CNC(=O)[C@@H]3C[C@@H](O)CN3C(=O)[C@@H](NC(=O)CCCCCCCCCCNC(=O)CNC3=CC=CC4=C3C(=O)N(C3CCC(=O)NC3=O)C4=O)C(C)(C)C)C=C2)SC=N1
NANCWGWHLCCPLL,Q96SW2,P40337,0,0.5339453220367432,1,928.122,5.24,233.51,CC1=C(C2=CC=C(CNC(=O)[C@@H]3C[C@@H](O)CN3C(=O)[C@@H](NC(=O)CCCCCCCCCCNC(=O)COC3=CC=CC4=C3C(=O)N(C3CCC(=O)NC3=O)C4=O)C(C)(C)C)C=C2)SC=N1
ZBCXOELGHROVDK,Q96SW2,P40337,0,0.22724728286266327,0,827.961,3.06,224.28,CC1=C(C2=CC=C(CNC(=O)[C@@H]3C[C@@H](O)CN3C(=O)[C@@H](NC(=O)CCCCCC(=O)NC3=CC=CC4=C3C(=O)N(C3CCC(=O)NC3=O)C4=O)C(C)(C)C)C=C2)SC=N1
CEZKEOAAJBCWLN,P03372,P98170,1,0.8416494131088257,1,1036.284,8.01,185.82,CC/C(=C(\C1=CC=C(O)C=C1)C1=CC=C(OCCN(C)C(=O)COCCOCCOCCNC(=O)C2=CC=CC3=C2C=CN3C2=CN=CC([C@@H]3CCCN3C(=O)[C@@H](NC(=O)[C@H](C)NC)C(C)C)=C2)C=C1)C1=CC=CC=C1
DXLPZZKVYXMXOP,P03372,P98170,1,0.9673097729682922,1,1122.414,10.58,186.46,CC/C(=C(\C1=CC=C(O)C=C1)C1=CC=C(OCCN(C)C(=O)COCCOCCOCCOC2=CC=CC(O[C@H]3C[C@@H](C(=O)N[C@@H]4CCCC5=CC=CC=C54)N(C(=O)[C@@H](NC(=O)[C@H](C)NC)C4CCCCC4)C3)=C2)C=C1)C1=CC=CC=C1
MVGYQGKJHVJHEF,P03372,P98170,1,0.863384485244751,1,1122.414,10.58,186.46,CC/C(=C(\C1=CC=C(O)C=C1)C1=CC=C(OCCN(C)C(=O)COCCOCCOCCOC2=CC=C(O[C@H]3C[C@@H](C(=O)N[C@@H]4CCCC5=CC=CC=C54)N(C(=O)[C@@H](NC(=O)[C@H](C)NC)C4CCCCC4)C3)C=C2)C=C1)C1=CC=CC=C1
IMRBKDGQLBEWCO,P03372,P98170,0,0.3244883418083191,0,1016.334,9.87,160.16,CC/C(=C(\C1=CC=C(O)C=C1)C1=CC=C(OCCN(C)C(=O)COCCOCCOCCOC2=CC=CC(CCN3C[C@@H]4CC[C@H]3[C@@H](NC(=O)[C@@H](NC(=O)[C@H](C)NC)C3CCCCC3)C4)=C2)C=C1)C1=CC=CC=C1
NTGZVUKHLCPLPK,P03372,P98170,1,0.8349174857139587,1,1122.414,10.58,186.46,CC/C(=C(\C1=CC=C(O)C=C1)C1=CC=C(OCCN(C)C(=O)COCCOCCOCCOC2=CC=CC=C2O[C@H]2C[C@@H](C(=O)N[C@@H]3CCCC4=CC=CC=C43)N(C(=O)[C@@H](NC(=O)[C@H](C)NC)C3CCCCC3)C2)C=C1)C1=CC=CC=C1
RLQDLUGWXIZLOW,P03372,P98170,0,0.3833935558795929,0,1016.334,9.87,160.16,CC/C(=C(\C1=CC=C(O)C=C1)C1=CC=C(OCCN(C)C(=O)COCCOCCOCCOC2=CC=C(CCN3C[C@@H]4CC[C@H]3[C@@H](NC(=O)[C@@H](NC(=O)[C@H](C)NC)C3CCCCC3)C4)C=C2)C=C1)C1=CC=CC=C1
QLVUUHMLPDRYAZ,P03372,P98170,1,0.9560006856918335,1,1038.296,9.34,178.09,CC/C(=C(\C1=CC=C(O)C=C1)C1=CC=C(OCCN(C)C(=O)COCCOCCOCCOC2=CC=CC(C(=O)C3=CN=CC([C@@H]4CCCN4C(=O)[C@@H](NC(=O)[C@H](C)NC)C4CCCCC4)=C3)=C2)C=C1)C1=CC=CC=C1
MADKLDOJBWDGSR,P03372,P98170,1,0.8907859921455383,1,1091.342,6.92,232.11,CC/C(=C(\C1=CC=C(O)C=C1)C1=CC=C(OCCN(C)C(=O)COCCOCCOCCOCC(=O)NCCCC[C@H](NC(=O)[C@H](C)NC)C(=O)N2CCC[C@H]2C(=O)NC2=C(C3=CC=CC=C3)N=NS2)C=C1)C1=CC=CC=C1
DXLPZZKVYXMXOP,P03372,P98170,0,0.7174184918403625,1,1122.414,10.58,186.46,CC/C(=C(\C1=CC=C(O)C=C1)C1=CC=C(OCCN(C)C(=O)COCCOCCOCCOC2=CC=CC(O[C@@H]3C[C@@H](C(=O)N[C@@H]4CCCC5=CC=CC=C54)N(C(=O)[C@@H](NC(=O)[C@H](C)NC)C4CCCCC4)C3)=C2)C=C1)C1=CC=CC=C1
RTFPXJSTAFUILP,P03372,P98170,0,0.6601309776306152,1,1176.462,12.53,170.25,CC/C(=C(\C1=CC=C(O)C=C1)C1=CC=C(OCCN(C)C(=O)COCCOCCOCCOC2=CC=C(O[C@H]3C[C@@H](C4=NC(C5=CC=C(F)C6=CC=CC=C56)=CS4)N(C(=O)[C@@H](NC(=O)[C@H](C)NC)C4CCCCC4)C3)C=C2)C=C1)C1=CC=CC=C1
NHMJRWPSMORJLM,P10275,Q13490,0,0.01099992636591196,0,820.004,3.8,213.75,CC1=C(C#N)C(C2=CC=C(C#N)C=C2)=C(C)N1CC1=CC=C(C(=O)NCCOCCOCCOCCNC(=O)[C@H](CC(C)C)NC(=O)[C@@H](O)[C@H](N)CC2=CC=CC=C2)C=C1
LMIAQQBKBLWQGJ,P10275,Q13490,0,0.23796546459197998,0,844.454,4.94,202.85,CC1=NN(C2=CC=C(C#N)C(Cl)=C2)C(C)=C1CCC1=CC=C(C(=O)NCCOCCOCCOCCNC(=O)[C@H](CC(C)C)NC(=O)[C@@H](O)[C@H](N)CC2=CC=CC=C2)C=C1
ITBLIPSXEWWMSK,P10275,Q13490,0,0.00973454024642706,0,830.427,4.64,202.85,CC1=NN(C2=CC=C(C#N)C=C2Cl)C(C)=C1CC1=CC=C(C(=O)NCCOCCOCCOCCNC(=O)[C@H](CC(C)C)NC(=O)[C@@H](O)[C@H](N)CC2=CC=CC=C2)C=C1
ZNAIGLCBFNYWAQ,P10275,Q13490,0,0.04192150756716728,0,988.224,9.71,180.83,CN[C@@H](C)C(=O)N[C@H](C(=O)N1CCC[C@H]1C1=NC(C(=O)C2=CC=CC(OCCOC3=CC=C(OCCOC4=CC=C(CN5C(C)=C(C#N)C(C6=CC=C(C#N)C=C6)=C5C)C=C4)C=C3)=C2)=CS1)C1CCCCC1
VPTPISILDHXZGQ,P10275,Q13490,0,0.634336531162262,1,988.224,9.71,180.83,CN[C@@H](C)C(=O)N[C@H](C(=O)N1CCC[C@H]1C1=NC(C(=O)C2=CC=CC(OCCOC3=CC=CC(OCCOC4=CC=C(CN5C(C)=C(C#N)C(C6=CC=C(C#N)C=C6)=C5C)C=C4)=C3)=C2)=CS1)C1CCCCC1
MUSIDTNVTQLLCG,P10275,Q13490,0,0.030416393652558327,0,988.224,9.71,180.83,CN[C@@H](C)C(=O)N[C@H](C(=O)N1CCC[C@H]1C1=NC(C(=O)C2=CC=CC(OCCOC3=CC=CC=C3OCCOC3=CC=C(CN4C(C)=C(C#N)C(C5=CC=C(C#N)C=C5)=C4C)C=C3)=C2)=CS1)C1CCCCC1
GJCIYFAPQUEGNE,P15056,Q96SW2,1,0.4081886410713196,0,1045.136,2.93,245.82,CCCS(=O)(=O)NC1=CC=C(F)C(N2C=C(C3=CN=CN=C3)C3=NC(N(C)C4CCN(C(=O)CCOCCOCCOCCOCCNC5=CC=CC6=C5C(=O)N(C5CCC(=O)NC5=O)C6=O)CC4)=CC=C32)=C1F
RQROXFBXOKHLAH,P15056,Q96SW2,1,0.6407854557037354,1,1089.189,2.78,255.05,CCCS(=O)(=O)NC1=CC=C(F)C(N2C=C(C3=CN=CN=C3)C3=NC(N(C)C4CCN(C(=O)CCOCCOCCOCCOCCOCCNC5=CC=CC6=C5C(=O)N(C5CCC(=O)NC5=O)C6=O)CC4)=CC=C32)=C1F
FFRMYNSJXNXLED,P15056,P40337,0,0.13421016931533813,0,1230.472,4.51,261.87,CCCS(=O)(=O)NC1=CC=C(F)C(N2C=C(C3=CN=CN=C3)C3=NC(N(C)C4CCN(C(=O)CCOCCOCCOCCOCCC(=O)N[C@H](C(=O)N5C[C@H](O)C[C@H]5C(=O)NCC5=CC=C(C6=C(C)N=CS6)C=C5)C(C)(C)C)CC4)=CC=C32)=C1F
KOPPBUIQHDCVSF,P04035,Q96SW2,0,0.10485648363828659,0,1027.12,5.27,256.54,CC(C)C1=C(C(=O)NC2=CC=CC=C2)C(C2=CC=CC(OCCCC3=CN(CCOCCNC4=CC=CC5=C4C(=O)N(C4CCC(=O)NC4=O)C5=O)N=N3)=C2)=C(C2=CC=C(F)C=C2)N1CC[C@@H](O)C[C@@H](O)CC(=O)O
LYZQONNTSQMVGJ,P04035,Q96SW2,0,0.05043267086148262,0,1041.147,5.62,256.54,CC(C)C1=C(C(=O)NC2=CC=CC=C2)C(C2=CC=CC(OCCCCC3=CN(CCOCCNC4=CC=CC5=C4C(=O)N(C4CCC(=O)NC4=O)C5=O)N=N3)=C2)=C(C2=CC=C(F)C=C2)N1CC[C@@H](O)C[C@@H](O)CC(=O)O
JMLYHOMYNWELEV,P04035,Q96SW2,0,0.02885383926331997,0,1055.174,5.98,256.54,CC(C)C1=C(C(=O)NC2=CC=CC=C2)C(C2=CC=CC(OCCCCCC3=CN(CCOCCNC4=CC=CC5=C4C(=O)N(C4CCC(=O)NC4=O)C5=O)N=N3)=C2)=C(C2=CC=C(F)C=C2)N1CC[C@@H](O)C[C@@H](O)CC(=O)O
LFNFPNZCEJIEOS,P04035,Q96SW2,0,0.09499145299196243,0,1085.2,5.48,265.77,CC(C)C1=C(C(=O)NC2=CC=CC=C2)C(C2=CC=CC(OCCCCC3=CN(CCOCCOCCNC4=CC=CC5=C4C(=O)N(C4CCC(=O)NC4=O)C5=O)N=N3)=C2)=C(C2=CC=C(F)C=C2)N1CC[C@@H](O)C[C@@H](O)CC(=O)O
BCTTUKOMPZRYHS,P04035,Q96SW2,0,0.05776428431272507,0,1099.227,5.83,265.77,CC(C)C1=C(C(=O)NC2=CC=CC=C2)C(C2=CC=CC(OCCCCCC3=CN(CCOCCOCCNC4=CC=CC5=C4C(=O)N(C4CCC(=O)NC4=O)C5=O)N=N3)=C2)=C(C2=CC=C(F)C=C2)N1CC[C@@H](O)C[C@@H](O)CC(=O)O
YHXVDJNFXLNLSO,P04035,Q96SW2,0,0.022676587104797363,0,1115.226,4.97,275.0,CC(C)C1=C(C(=O)NC2=CC=CC=C2)C(C2=CC=CC(OCCCC3=CN(CCOCCOCCOCCNC4=CC=CC5=C4C(=O)N(C4CCC(=O)NC4=O)C5=O)N=N3)=C2)=C(C2=CC=C(F)C=C2)N1CC[C@@H](O)C[C@@H](O)CC(=O)O
UHFHFZUJWIFRPV,P04035,Q96SW2,0,0.2943662703037262,0,1129.253,5.33,275.0,CC(C)C1=C(C(=O)NC2=CC=CC=C2)C(C2=CC=CC(OCCCCC3=CN(CCOCCOCCOCCNC4=CC=CC5=C4C(=O)N(C4CCC(=O)NC4=O)C5=O)N=N3)=C2)=C(C2=CC=C(F)C=C2)N1CC[C@@H](O)C[C@@H](O)CC(=O)O
VQPHUFKUCJQDDO,P04035,Q96SW2,0,0.05861188843846321,0,1143.28,5.68,275.0,CC(C)C1=C(C(=O)NC2=CC=CC=C2)C(C2=CC=CC(OCCCCCC3=CN(CCOCCOCCOCCNC4=CC=CC5=C4C(=O)N(C4CCC(=O)NC4=O)C5=O)N=N3)=C2)=C(C2=CC=C(F)C=C2)N1CC[C@@H](O)C[C@@H](O)CC(=O)O
JGEJZAWLMMDNEZ,P04035,Q96SW2,0,0.04723820835351944,0,1159.279,4.82,284.23,CC(C)C1=C(C(=O)NC2=CC=CC=C2)C(C2=CC=CC(OCCCC3=CN(CCOCCOCCOCCOCCNC4=CC=CC5=C4C(=O)N(C4CCC(=O)NC4=O)C5=O)N=N3)=C2)=C(C2=CC=C(F)C=C2)N1CC[C@@H](O)C[C@@H](O)CC(=O)O
JLBAXXGSFOPYED,P04035,Q96SW2,0,0.03381391987204552,0,1203.332,4.68,293.46,CC(C)C1=C(C(=O)NC2=CC=CC=C2)C(C2=CC=CC(OCCCC3=CN(CCOCCOCCOCCOCCOCCNC4=CC=CC5=C4C(=O)N(C4CCC(=O)NC4=O)C5=O)N=N3)=C2)=C(C2=CC=C(F)C=C2)N1CC[C@@H](O)C[C@@H](O)CC(=O)O
UVFPGFDLMAJEOI,P04035,Q96SW2,0,0.02190190739929676,0,1217.359,5.03,293.46,CC(C)C1=C(C(=O)NC2=CC=CC=C2)C(C2=CC=CC(OCCCCC3=CN(CCOCCOCCOCCOCCOCCNC4=CC=CC5=C4C(=O)N(C4CCC(=O)NC4=O)C5=O)N=N3)=C2)=C(C2=CC=C(F)C=C2)N1CC[C@@H](O)C[C@@H](O)CC(=O)O
ZSYCSQSVLORGPQ,P04035,Q96SW2,0,0.041373129934072495,0,1039.175,6.84,247.31,CC(C)C1=C(C(=O)NC2=CC=CC=C2)C(C2=CC=CC(OCCCC3=CN(CCCCCCNC4=CC=CC5=C4C(=O)N(C4CCC(=O)NC4=O)C5=O)N=N3)=C2)=C(C2=CC=C(F)C=C2)N1CC[C@@H](O)C[C@@H](O)CC(=O)O
SSIVFTARUYZQRR,P04035,Q96SW2,0,0.017693493515253067,0,1053.202,7.38,247.31,CC(C)C1=C(C(=O)NC2=CC=CC=C2)C(C2=CC=CC(OCCCC3=CN(CCCCCCCNC4=CC=CC5=C4C(=O)N(C4CCC(=O)NC4=O)C5=O)N=N3)=C2)=C(C2=CC=C(F)C=C2)N1CC[C@@H](O)C[C@@H](O)CC(=O)O
QSIGDMGYYLASQS,P04035,Q96SW2,0,0.03710472956299782,0,1067.229,7.74,247.31,CC(C)C1=C(C(=O)NC2=CC=CC=C2)C(C2=CC=CC(OCCCCC3=CN(CCCCCCCNC4=CC=CC5=C4C(=O)N(C4CCC(=O)NC4=O)C5=O)N=N3)=C2)=C(C2=CC=C(F)C=C2)N1CC[C@@H](O)C[C@@H](O)CC(=O)O
YLSNBWKVPICJNZ,P04035,Q96SW2,0,0.0693957507610321,0,1095.283,8.64,247.31,CC(C)C1=C(C(=O)NC2=CC=CC=C2)C(C2=CC=CC(OCCCCCCC3=CN(CCCCCCCNC4=CC=CC5=C4C(=O)N(C4CCC(=O)NC4=O)C5=O)N=N3)=C2)=C(C2=CC=C(F)C=C2)N1CC[C@@H](O)C[C@@H](O)CC(=O)O
CIOOKQVNPLZLAN,P04035,Q96SW2,0,0.05625009536743164,0,1109.31,9.18,247.31,CC(C)C1=C(C(=O)NC2=CC=CC=C2)C(C2=CC=CC(OCCCCCCCC3=CN(CCCCCCCNC4=CC=CC5=C4C(=O)N(C4CCC(=O)NC4=O)C5=O)N=N3)=C2)=C(C2=CC=C(F)C=C2)N1CC[C@@H](O)C[C@@H](O)CC(=O)O
FLZOWPIEHOMVRX,P04035,Q96SW2,0,0.030407816171646118,0,1115.226,4.42,275.0,CC(C)C1=C(C(=O)NC2=CC=CC=C2)C(C2=CC=CC(OCCCC3=CN(CCOCCOCCOCCNC4=CC=C5C(=O)N(C6CCC(=O)NC6=O)C(=O)C5=C4)N=N3)=C2)=C(C2=CC=C(F)C=C2)N1CC[C@@H](O)C[C@@H](O)CC(=O)O
SGYUWZDXRBHEKP,P04035,Q96SW2,0,0.04337650164961815,0,1129.253,4.78,275.0,CC(C)C1=C(C(=O)NC2=CC=CC=C2)C(C2=CC=CC(OCCCCC3=CN(CCOCCOCCOCCNC4=CC=C5C(=O)N(C6CCC(=O)NC6=O)C(=O)C5=C4)N=N3)=C2)=C(C2=CC=C(F)C=C2)N1CC[C@@H](O)C[C@@H](O)CC(=O)O
LKXPCVSVQQEPRK,P04035,Q96SW2,0,0.2501392066478729,0,1173.306,4.63,284.23,CC(C)C1=C(C(=O)NC2=CC=CC=C2)C(C2=CC=CC(OCCCCC3=CN(CCOCCOCCOCCOCCNC4=CC=C5C(=O)N(C6CCC(=O)NC6=O)C(=O)C5=C4)N=N3)=C2)=C(C2=CC=C(F)C=C2)N1CC[C@@H](O)C[C@@H](O)CC(=O)O
METKOBDLEKDPEQ,P04035,Q96SW2,0,0.028098948299884796,0,1187.333,4.99,284.23,CC(C)C1=C(C(=O)NC2=CC=CC=C2)C(C2=CC=CC(OCCCCCC3=CN(CCOCCOCCOCCOCCNC4=CC=C5C(=O)N(C6CCC(=O)NC6=O)C(=O)C5=C4)N=N3)=C2)=C(C2=CC=C(F)C=C2)N1CC[C@@H](O)C[C@@H](O)CC(=O)O
ICDOXFOPMPLNMJ,P04035,Q96SW2,0,0.03100055642426014,0,1008.117,4.98,227.44,CC(C)C1=C(C(=O)NC2=CC=CC=C2)C(C2=CC=CC(OCCCC3=CN(CCOCC#CC4=CC=CC5=C4CN(C4CCC(=O)NC4=O)C5=O)N=N3)=C2)=C(C2=CC=C(F)C=C2)N1CC[C@@H](O)C[C@@H](O)CC(=O)O
USDKDQYXGONXDX,P04035,Q96SW2,0,0.3802132308483124,0,1036.171,5.69,227.44,CC(C)C1=C(C(=O)NC2=CC=CC=C2)C(C2=CC=CC(OCCCC3=CN(CCCCOCC#CC4=CC=CC5=C4CN(C4CCC(=O)NC4=O)C5=O)N=N3)=C2)=C(C2=CC=C(F)C=C2)N1CC[C@@H](O)C[C@@H](O)CC(=O)O
RXFBLQWZSSSQDX,P04035,Q96SW2,0,0.04646138474345207,0,1050.198,6.05,227.44,CC(C)C1=C(C(=O)NC2=CC=CC=C2)C(C2=CC=CC(OCCCC3=CN(CCCCCOCC#CC4=CC=CC5=C4CN(C4CCC(=O)NC4=O)C5=O)N=N3)=C2)=C(C2=CC=C(F)C=C2)N1CC[C@@H](O)C[C@@H](O)CC(=O)O
UOMHGMSXAWPEFB,P04035,Q96SW2,0,0.019086912274360657,0,1078.252,6.95,227.44,CC(C)C1=C(C(=O)NC2=CC=CC=C2)C(C2=CC=CC(OCCCC3=CN(CCCCCCCOCC#CC4=CC=CC5=C4CN(C4CCC(=O)NC4=O)C5=O)N=N3)=C2)=C(C2=CC=C(F)C=C2)N1CC[C@@H](O)C[C@@H](O)CC(=O)O
DMTQJVYKMUNQSL,P04035,Q96SW2,0,0.05565880611538887,0,1012.149,5.4,227.44,CC(C)C1=C(C(=O)NC2=CC=CC=C2)C(C2=CC=CC(OCCCC3=CN(CCOCCCC4=CC=CC5=C4CN(C4CCC(=O)NC4=O)C5=O)N=N3)=C2)=C(C2=CC=C(F)C=C2)N1CC[C@@H](O)C[C@@H](O)CC(=O)O
LVXGILNVGOQASY,P04035,Q96SW2,0,0.030750993639230728,0,1026.176,5.76,227.44,CC(C)C1=C(C(=O)NC2=CC=CC=C2)C(C2=CC=CC(OCCCC3=CN(CCCOCCCC4=CC=CC5=C4CN(C4CCC(=O)NC4=O)C5=O)N=N3)=C2)=C(C2=CC=C(F)C=C2)N1CC[C@@H](O)C[C@@H](O)CC(=O)O
NRJXEKVOWNZICO,P04035,Q96SW2,0,0.3761146068572998,0,1054.23,6.47,227.44,CC(C)C1=C(C(=O)NC2=CC=CC=C2)C(C2=CC=CC(OCCCC3=CN(CCCCCOCCCC4=CC=CC5=C4CN(C4CCC(=O)NC4=O)C5=O)N=N3)=C2)=C(C2=CC=C(F)C=C2)N1CC[C@@H](O)C[C@@H](O)CC(=O)O
VFNKLBHQQQAJLL,P04035,Q96SW2,0,0.06552716344594955,0,1068.257,6.83,227.44,CC(C)C1=C(C(=O)NC2=CC=CC=C2)C(C2=CC=CC(OCCCC3=CN(CCCCCCOCCCC4=CC=CC5=C4CN(C4CCC(=O)NC4=O)C5=O)N=N3)=C2)=C(C2=CC=C(F)C=C2)N1CC[C@@H](O)C[C@@H](O)CC(=O)O
KCBAMQOKOLXLOX,P36507,P40337,1,0.675572395324707,1,1076.078,10.42,174.02,CC1=C(C2=CC=C([C@H](C)NC(=O)[C@@H]3C[C@@H](O)CN3C(=O)[C@@H](NC(=O)CCCCCCCCCCNCCCONC(=O)C3=CC=C(F)C(F)=C3NC3=CC=C(I)C=C3F)C(C)(C)C)C=C2)SC=N1
KCBAMQOKOLXLOX,Q02750,P40337,1,0.6340161561965942,1,1076.078,10.42,174.02,CC1=C(C2=CC=C([C@H](C)NC(=O)[C@@H]3C[C@@H](O)CN3C(=O)[C@@H](NC(=O)CCCCCCCCCCNCCCONC(=O)C3=CC=C(F)C(F)=C3NC3=CC=C(I)C=C3F)C(C)(C)C)C=C2)SC=N1
YVMSHPWOPPUCHZ,Q9UBN7,Q96SW2,1,0.7755306363105774,1,737.774,2.28,217.19,CCCCN(CC1=CC=C(C(=O)NO)C=C1)C(=O)NC1=CC=C(OCCN2C=C(CNC3=CC=CC4=C3C(=O)N(C3CCC(=O)NC3=O)C4=O)N=N2)C=C1
BCUINMHRBBUKKX,Q9UBN7,Q96SW2,1,0.7441866993904114,1,751.801,2.64,217.19,CCCCN(CC1=CC=C(C(=O)NO)C=C1)C(=O)NC1=CC=C(OCCCN2C=C(CNC3=CC=CC4=C3C(=O)N(C3CCC(=O)NC3=O)C4=O)N=N2)C=C1
WTEQNAJWLZRTQJ,Q9UBN7,Q96SW2,1,0.923071026802063,1,765.828,2.99,217.19,CCCCN(CC1=CC=C(C(=O)NO)C=C1)C(=O)NC1=CC=C(OCCCCN2C=C(CNC3=CC=CC4=C3C(=O)N(C3CCC(=O)NC3=O)C4=O)N=N2)C=C1
DQGQXFRCIYCGOE,Q9UBN7,Q96SW2,1,0.3344672918319702,0,779.855,3.35,217.19,CCCCN(CC1=CC=C(C(=O)NO)C=C1)C(=O)NC1=CC=C(OCCCCCN2C=C(CNC3=CC=CC4=C3C(=O)N(C3CCC(=O)NC3=O)C4=O)N=N2)C=C1
DQGQXFRCIYCGOE,Q9UBN7,Q96SW2,1,0.3344672620296478,0,779.855,3.35,217.19,CCCCN(CC1=CC=C(C(=O)NO)C=C1)C(=O)NC1=CC=C(OCCCCCN2C=C(CNC3=CC=CC4=C3C(=O)N(C3CCC(=O)NC3=O)C4=O)N=N2)C=C1
XTVGDZXMUJCKHJ,Q9UBN7,Q96SW2,0,0.22659848630428314,0,793.882,3.71,217.19,CCCCN(CC1=CC=C(C(=O)NO)C=C1)C(=O)NC1=CC=C(OCCCCCCN2C=C(CNC3=CC=CC4=C3C(=O)N(C3CCC(=O)NC3=O)C4=O)N=N2)C=C1
HNMZDQNWKVLUEV,Q9UBN7,Q96SW2,1,0.8030348420143127,1,751.801,2.74,217.19,CCCCN(CC1=CC=C(C(=O)NO)C=C1)C(=O)NC1=CC=C(OCCN2C=C(CCNC3=CC=CC4=C3C(=O)N(C3CCC(=O)NC3=O)C4=O)N=N2)C=C1
OFJLYSWADWFONC,Q9UBN7,Q96SW2,1,0.9234270453453064,1,765.828,3.1,217.19,CCCCN(CC1=CC=C(C(=O)NO)C=C1)C(=O)NC1=CC=C(OCCCN2C=C(CCNC3=CC=CC4=C3C(=O)N(C3CCC(=O)NC3=O)C4=O)N=N2)C=C1
WIOFXZIGATYRQF,Q9UBN7,Q96SW2,0,0.3511202335357666,0,779.855,3.45,217.19,CCCCN(CC1=CC=C(C(=O)NO)C=C1)C(=O)NC1=CC=C(OCCCCN2C=C(CCNC3=CC=CC4=C3C(=O)N(C3CCC(=O)NC3=O)C4=O)N=N2)C=C1
HKHMBOOYLKOYAW,Q9UBN7,Q96SW2,1,0.9719625115394592,1,765.828,3.1,217.19,CCCCN(CC1=CC=C(C(=O)NO)C=C1)C(=O)NC1=CC=C(OCCN2C=C(CCCNC3=CC=CC4=C3C(=O)N(C3CCC(=O)NC3=O)C4=O)N=N2)C=C1
IOEXOASXZJXISI,Q9UBN7,Q96SW2,0,0.3226076364517212,0,779.855,3.45,217.19,CCCCN(CC1=CC=C(C(=O)NO)C=C1)C(=O)NC1=CC=C(OCCCN2C=C(CCCNC3=CC=CC4=C3C(=O)N(C3CCC(=O)NC3=O)C4=O)N=N2)C=C1
BZYXYQCMBVHDMK,Q9UBN7,Q96SW2,0,0.24707479774951935,0,793.882,3.81,217.19,CCCCN(CC1=CC=C(C(=O)NO)C=C1)C(=O)NC1=CC=C(OCCCCN2C=C(CCCNC3=CC=CC4=C3C(=O)N(C3CCC(=O)NC3=O)C4=O)N=N2)C=C1
BLNDIBWEUOPBJC,Q9UBN7,Q96SW2,1,0.7523155808448792,1,751.801,2.08,217.19,CCCCN(CC1=CC=C(C(=O)NO)C=C1)C(=O)NC1=CC=C(OCCCN2C=C(CNC3=CC=C4C(=O)N(C5CCC(=O)NC5=O)C(=O)C4=C3)N=N2)C=C1
WEOZNDRZTWXKJS,Q9UBN7,Q96SW2,1,0.7598768472671509,1,765.828,2.44,217.19,CCCCN(CC1=CC=C(C(=O)NO)C=C1)C(=O)NC1=CC=C(OCCCCN2C=C(CNC3=CC=C4C(=O)N(C5CCC(=O)NC5=O)C(=O)C4=C3)N=N2)C=C1
HKZRPMHRNXBXCM,Q9UBN7,Q96SW2,1,0.7802603840827942,1,779.855,2.8,217.19,CCCCN(CC1=CC=C(C(=O)NO)C=C1)C(=O)NC1=CC=C(OCCCCCN2C=C(CNC3=CC=C4C(=O)N(C5CCC(=O)NC5=O)C(=O)C4=C3)N=N2)C=C1
PIRPNGRKKIZBLA,Q9UBN7,Q96SW2,1,0.8504915237426758,1,793.882,3.16,217.19,CCCCN(CC1=CC=C(C(=O)NO)C=C1)C(=O)NC1=CC=C(OCCCCCCN2C=C(CNC3=CC=C4C(=O)N(C5CCC(=O)NC5=O)C(=O)C4=C3)N=N2)C=C1
DTEKUQMALSPNLM,Q9UBN7,Q96SW2,1,0.7911021113395691,1,765.828,2.55,217.19,CCCCN(CC1=CC=C(C(=O)NO)C=C1)C(=O)NC1=CC=C(OCCN2C=C(CCCNC3=CC=C4C(=O)N(C5CCC(=O)NC5=O)C(=O)C4=C3)N=N2)C=C1
DEDYBDJSAMKOLG,Q9UBN7,Q96SW2,1,0.7601074576377869,1,779.855,2.9,217.19,CCCCN(CC1=CC=C(C(=O)NO)C=C1)C(=O)NC1=CC=C(OCCCN2C=C(CCCNC3=CC=C4C(=O)N(C5CCC(=O)NC5=O)C(=O)C4=C3)N=N2)C=C1
QLLXPSZTCLBVQY,Q9UBN7,P40337,1,0.9412539601325989,1,1091.434,9.17,233.24,CCCCN(CC1=CC=C(C(=O)NO)C=C1)C(=O)NC1=CC=C(OCCCCCCCCCCCN2C=C(CCCCC(=O)N[C@H](C(=O)N3C[C@H](O)C[C@H]3C(=O)NCC3=CC=C(C4=C(C)N=CS4)C=C3)C(C)(C)C)N=N2)C=C1
TXQZPPRNSVBETP,Q9UBN7,P40337,1,0.9589415788650513,1,1105.461,9.72,233.24,CCCCN(CC1=CC=C(C(=O)NO)C=C1)C(=O)NC1=CC=C(OCCCCCCCCCCCCN2C=C(CCCCC(=O)N[C@H](C(=O)N3C[C@H](O)C[C@H]3C(=O)NCC3=CC=C(C4=C(C)N=CS4)C=C3)C(C)(C)C)N=N2)C=C1
MVXHKLZUALKPTB,P00533,Q96SW2,0,0.08756551146507263,0,961.09,2.29,220.05,C=CC(=O)NC1=CC(NC2=NC=CC(C3=CN(C)C4=CC=CC=C34)=N2)=C(OC)C=C1N(C)CCN(C)CCOCCOCCOCCOCC(=O)NC1=CC=CC2=C1CN(C1CCC(=O)NC1=O)C2=O
DTFYQVSKGVENSY,P36888,Q96SW2,0,0.16011011600494385,0,891.964,5.46,236.83,CC(C)(C)C1=CC(NC(=O)NC2=CC=C(C3=CN4C(=N3)SC3=CC(OCCOCCOCCNC(=O)CNC5=CC=CC6=C5C(=O)N(C5CCC(=O)NC5=O)C6=O)=CC=C34)C=C2)=NO1
FEVHTSVLCZULHW,P36888,Q96SW2,0,0.33208170533180237,0,1044.161,4.39,268.22,CC(C)(C)C1=CC(NC(=O)NC2=CC=C(C3=CN4C(=N3)SC3=CC(OCCN5CCN(C(=O)CCC(=O)NCCCCNC(=O)COC6=CC=CC7=C6C(=O)N(C6CCC(=O)NC6=O)C7=O)CC5)=CC=C34)C=C2)=NO1
YGCOKPHHDANSPA,P36888,Q96SW2,0,0.09724051505327225,0,1100.269,6.19,268.22,CC(C)(C)C1=CC(NC(=O)NC2=CC=C(C3=CN4C(=N3)SC3=CC(OCCN5CCN(C(=O)CCC(=O)NCCCCCCCCNC(=O)COC6=CC=CC7=C6C(=O)N(C6CCC(=O)NC6=O)C7=O)CC5)=CC=C34)C=C2)=NO1
FFFYSRKHPOMFIC,P36888,Q96SW2,0,0.08770938962697983,0,1176.32,3.95,295.91,CC(C)(C)C1=CC(NC(=O)NC2=CC=C(C3=CN4C(=N3)SC3=CC(OCCN5CCN(C(=O)CCC(=O)NCCCOCCOCCOCCCNC(=O)COC6=CC=CC7=C6C(=O)N(C6CCC(=O)NC6=O)C7=O)CC5)=CC=C34)C=C2)=NO1
XZOMNUXRQOBEIL,P36888,Q96SW2,0,0.1598886400461197,0,1002.124,5.1,251.15,CC(C)(C)C1=CC(NC(=O)NC2=CC=C(C3=CN4C(=N3)SC3=CC(OCCN5CCN(CC(=O)NCCCCNC(=O)COC6=CC=CC7=C6C(=O)N(C6CCC(=O)NC6=O)C7=O)CC5)=CC=C34)C=C2)=NO1
XDJIHXDISDCVML,P36888,Q96SW2,0,0.14453387260437012,0,1058.232,6.89,251.15,CC(C)(C)C1=CC(NC(=O)NC2=CC=C(C3=CN4C(=N3)SC3=CC(OCCN5CCN(CC(=O)NCCCCCCCCNC(=O)COC6=CC=CC7=C6C(=O)N(C6CCC(=O)NC6=O)C7=O)CC5)=CC=C34)C=C2)=NO1
MYQLUXJPBFXFPT,P36888,Q96SW2,0,0.4328330457210541,0,1134.283,4.65,278.84,CC(C)(C)C1=CC(NC(=O)NC2=CC=C(C3=CN4C(=N3)SC3=CC(OCCN5CCN(CC(=O)NCCCOCCOCCOCCCNC(=O)COC6=CC=CC7=C6C(=O)N(C6CCC(=O)NC6=O)C7=O)CC5)=CC=C34)C=C2)=NO1
AZBXJGJVABZWSA,P09874,Q96SW2,0,0.08179301768541336,0,789.869,3.65,183.65,CN(CCCCC1=CN(CCOCCNC2=CC=CC3=C2C(=O)N(C2CCC(=O)NC2=O)C3=O)N=N1)CC1=CC=C(C2=C3CCNC(=O)C4=C3C(=CC(F)=C4)[NH]2)C=C1
PNTOZYCYTGDKDX,P09874,Q96SW2,0,0.08692727237939835,0,833.922,3.5,192.88,CN(CCCCC1=CN(CCOCCOCCNC2=CC=CC3=C2C(=O)N(C2CCC(=O)NC2=O)C3=O)N=N1)CC1=CC=C(C2=C3CCNC(=O)C4=C3C(=CC(F)=C4)[NH]2)C=C1
DZUGKZXJLNPGNM,P09874,Q96SW2,0,0.0908246785402298,0,966.081,3.06,220.57,CN(CCCCC1=CN(CCOCCOCCOCCOCCOCCNC2=CC=CC3=C2C(=O)N(C2CCC(=O)NC2=O)C3=O)N=N1)CC1=CC=C(C2=C3CCNC(=O)C4=C3C(=CC(F)=C4)[NH]2)C=C1
KHZLTEFXOJNTLA,P09874,Q96SW2,0,0.10198778659105301,0,853.949,2.91,200.5,CN(CCCCC(=O)NCCOCCOCCOCCNC1=CC=CC2=C1C(=O)N(C1CCC(=O)NC1=O)C2=O)CC1=CC=C(C2=C3CCNC(=O)C4=C3C(=CC(F)=C4)[NH]2)C=C1
CDKSZVJXSCKNQN,P09874,Q96SW2,1,0.5429994463920593,1,842.922,2.66,189.86,CN(CCOCCOCCOCCOCCOCCNC1=CC=CC2=C1C(=O)N(C1CCC(=O)NC1=O)C2=O)CC1=CC=C(C2=C3CCNC(=O)C4=C3C(=CC(F)=C4)[NH]2)C=C1
YHMDCINUVWULST,P09874,Q96SW2,1,0.2228582501411438,0,886.975,2.51,199.09,CN(CCOCCOCCOCCOCCOCCOCCNC1=CC=CC2=C1C(=O)N(C1CCC(=O)NC1=O)C2=O)CC1=CC=C(C2=C3CCNC(=O)C4=C3C(=CC(F)=C4)[NH]2)C=C1
NVSQJRYWOGHMPA,P09874,Q96SW2,0,0.09970501065254211,0,763.849,0.64,216.74,C[C@]1(C2=NC3=C(C(N)=O)C=CC=C3[NH]2)CCCN1CCOCCOCCOCCOCCOCCNC1=CC=CC2=C1C(=O)N(C1CCC(=O)NC1=O)C2=O
XLGCZZCLPNSQNH,Q9UGN5,Q96SW2,1,0.7098572254180908,1,807.902,0.5,225.97,C[C@]1(C2=NC3=C(C(N)=O)C=CC=C3[NH]2)CCCN1CCOCCOCCOCCOCCOCCOCCNC1=CC=CC2=C1C(=O)N(C1CCC(=O)NC1=O)C2=O
MOFKEEMRXXRIRH,P09874,Q96SW2,0,0.05183770880103111,0,839.947,2.38,205.88,NC(=O)C1=CC=CC2=CN(C3=CC=C([C@@H]4CCCN(CCOCCOCCOCCOCCOCCNC5=CC=CC6=C5C(=O)N(C5CCC(=O)NC5=O)C6=O)C4)C=C3)N=C12
SRRRCLKAANGUEF,P09874,Q96SW2,0,0.13027267158031464,0,884.0,2.23,215.11,NC(=O)C1=CC=CC2=CN(C3=CC=C([C@@H]4CCCN(CCOCCOCCOCCOCCOCCOCCNC5=CC=CC6=C5C(=O)N(C5CCC(=O)NC5=O)C6=O)C4)C=C3)N=C12
SLPMKCAJABWZME,P09874,Q96SW2,0,0.1982637643814087,0,928.053,2.09,224.34,NC(=O)C1=CC=CC2=CN(C3=CC=C([C@@H]4CCCN(CCOCCOCCOCCOCCOCCOCCOCCNC5=CC=CC6=C5C(=O)N(C5CCC(=O)NC5=O)C6=O)C4)C=C3)N=C12
KZECCLCVBAHYOC,P09874,Q96SW2,0,0.09861182421445847,0,811.824,1.47,209.64,O=C1CCC(N2C(=O)C3=CC=CC(NCCOCCOCCOCC(=O)N4CCN(C(=O)C5=CC(CC6=N[NH]C(=O)C7=CC=CC=C67)=CC=C5F)CC4)=C3C2=O)C(=O)N1
WNBBQLBUTHWMKP,P09874,Q96SW2,0,0.06755266338586807,0,855.877,1.32,218.87,O=C1CCC(N2C(=O)C3=CC=CC(NCCOCCOCCOCCOCC(=O)N4CCN(C(=O)C5=CC(CC6=N[NH]C(=O)C7=CC=CC=C67)=CC=C5F)CC4)=C3C2=O)C(=O)N1
JAPHJGVTGSYQLY,P09874,Q96SW2,0,0.12235908210277557,0,899.93,1.17,228.1,O=C1CCC(N2C(=O)C3=CC=CC(NCCOCCOCCOCCOCCOCC(=O)N4CCN(C(=O)C5=CC(CC6=N[NH]C(=O)C7=CC=CC=C67)=CC=C5F)CC4)=C3C2=O)C(=O)N1
BNOFYYKLSQEOFU,Q9UBN7,Q96SW2,1,0.32265716791152954,0,615.687,2.6,166.5,O=C(CCCCCCC(=O)N/N=C/C1=CC=C(OCCCC#CC2=CC=CC3=C2CN(C2CCC(=O)NC2=O)C3=O)C=C1)NO
LSNACWWAXJMSKC,Q9UBN7,Q96SW2,0,0.29197558760643005,0,533.585,1.55,157.27,O=C(CCCCCCC(=O)N/N=C/C1=CC=C(C2=CC=CC3=C2CN(C2CCC(=O)NC2=O)C3=O)C=C1)NO
SNRKZQWVOKOHTM,P07437,Q96SW2,0,0.04907335340976715,0,1193.491,4.39,273.25,CC[C@H](C)[C@@H]([C@@H](CC(=O)N1CCC[C@H]1[C@H](OC)[C@@H](C)C(=O)N[C@H](C)[C@@H](O)C1=CC=CC=C1)OC)N(C)C(=O)[C@@H](NC(=O)[C@H](C(C)C)N(C)CCOCCOCCOCCOCCNC1=CC=CC2=C1C(=O)N(C1CCC(=O)NC1=O)C2=O)C(C)C
VCAXDAHGPHVHRX,P07437,Q96SW2,0,0.06504201889038086,0,1157.549,9.66,236.33,CC[C@H](C)[C@@H]([C@@H](CC(=O)N1CCC[C@H]1[C@H](OC)[C@@H](C)C(=O)N[C@H](C)[C@@H](O)C1=CC=CC=C1)OC)N(C)C(=O)[C@@H](NC(=O)[C@H](C(C)C)N(C)CCCCCCCCCCCCNC1=CC=CC2=C1C(=O)N(C1CCC(=O)NC1=O)C2=O)C(C)C
JVINRIYOSSAGQQ,P07437,Q96SW2,0,0.04936802014708519,0,1105.385,4.68,254.79,CC[C@H](C)[C@@H]([C@@H](CC(=O)N1CCC[C@H]1[C@H](OC)[C@@H](C)C(=O)N[C@H](C)[C@@H](O)C1=CC=CC=C1)OC)N(C)C(=O)[C@@H](NC(=O)[C@H](C(C)C)N(C)CCOCCOCCNC1=CC=CC2=C1C(=O)N(C1CCC(=O)NC1=O)C2=O)C(C)C
QRLWEJQTXWHPMO,P07437,Q96SW2,0,0.04919867962598801,0,1149.438,4.53,264.02,CC[C@H](C)[C@@H]([C@@H](CC(=O)N1CCC[C@H]1[C@H](OC)[C@@H](C)C(=O)N[C@H](C)[C@@H](O)C1=CC=CC=C1)OC)N(C)C(=O)[C@@H](NC(=O)[C@H](C(C)C)N(C)CCOCCOCCOCCNC1=CC=CC2=C1C(=O)N(C1CCC(=O)NC1=O)C2=O)C(C)C
WWDSYKAVVVERQX,P07437,Q96SW2,0,0.04882776737213135,0,1237.544,4.24,282.48,CC[C@H](C)[C@@H]([C@@H](CC(=O)N1CCC[C@H]1[C@H](OC)[C@@H](C)C(=O)N[C@H](C)[C@@H](O)C1=CC=CC=C1)OC)N(C)C(=O)[C@@H](NC(=O)[C@H](C(C)C)N(C)CCOCCOCCOCCOCCOCCNC1=CC=CC2=C1C(=O)N(C1CCC(=O)NC1=O)C2=O)C(C)C
SMPBMEBFSPMGRU,P07437,Q96SW2,0,0.049821220338344574,0,1383.73,4.15,310.17,CC[C@H](C)[C@@H]([C@@H](CC(=O)N1CCC[C@H]1[C@H](OC)[C@@H](C)C(=O)N[C@H](C)[C@@H](O)C1=CC=CC=C1)OC)N(C)C(=O)[C@@H](NC(=O)[C@H](C(C)C)N(C)CCCOCCOCCOCCOCCOCCOCCOCCOCCNC1=CC=CC2=C1C(=O)N(C1CCC(=O)NC1=O)C2=O)C(C)C
DVEXOAJPHYJPPM,P07437,Q96SW2,0,0.05795487016439438,0,1143.478,7.61,253.4,CC[C@H](C)[C@@H]([C@@H](CC(=O)N1CCC[C@H]1[C@H](OC)[C@@H](C)C(=O)N[C@H](C)[C@@H](O)C1=CC=CC=C1)OC)N(C)C(=O)[C@@H](NC(=O)[C@H](C(C)C)N(C)C(=O)CCCCCCCCCNC1=CC=CC2=C1C(=O)N(C1CCC(=O)NC1=O)C2=O)C(C)C
PTQCPYGJDAZZDW,P07437,Q96SW2,0,0.033195968717336655,0,747.798,4.04,169.42,COC1=CC=C(/C=C\C2=CC(OC)=C(OC)C(OC)=C2)C=C1OCCOCCOCCOCCNC1=CC=CC2=C1C(=O)N(C1CCC(=O)NC1=O)C2=O
NDBWIRIDYPKECW,P07437,Q96SW2,0,0.02919306978583336,0,791.851,3.89,178.65,COC1=CC=C(/C=C\C2=CC(OC)=C(OC)C(OC)=C2)C=C1OCCOCCOCCOCCOCCNC1=CC=CC2=C1C(=O)N(C1CCC(=O)NC1=O)C2=O
KQUUOYNOWGJXDC,P07437,Q96SW2,0,0.031836505979299545,0,835.904,3.74,187.88,COC1=CC=C(/C=C\C2=CC(OC)=C(OC)C(OC)=C2)C=C1OCCOCCOCCOCCOCCOCCNC1=CC=CC2=C1C(=O)N(C1CCC(=O)NC1=O)C2=O
WJAYRCUALBRAAI,P07437,Q96SW2,0,0.02890956774353981,0,790.867,3.9,181.45,COC1=CC=C(/C=C\C2=CC(OC)=C(OC)C(OC)=C2)C=C1NCCOCCOCCOCCOCCNC1=CC=CC2=C1C(=O)N(C1CCC(=O)NC1=O)C2=O
NWTCZTAQSRLSCP,P10636,Q96SW2,1,0.5134161114692688,1,626.67,1.96,171.82,O=C(CCC1=CC=C2C(=C1)[NH]C1=CC=NC=C12)NCCOCCOCCNC1=CC=CC2=C1C(=O)N(C1CCC(=O)NC1=O)C2=O
JQIURFOHEWHROK,Q06187,P40337,0,0.2469933182001114,0,1029.19,4.99,255.55,C=CC(=O)N1C[C@@H](N2N=C(C3=CC=C(OC4=CC=CC=C4)C=C3)C3=C(N)N=CN=C32)C[C@H]1C(=O)OCCOCCOCC(=O)N[C@H](C(=O)N1C[C@H](O)C[C@H]1C(=O)NCC1=CC=C(C2=C(C)N=CS2)C=C1)C(C)(C)C
JQIURFOHEWHROK,P51451,P40337,0,0.18675939738750458,0,1029.19,4.99,255.55,C=CC(=O)N1C[C@@H](N2N=C(C3=CC=C(OC4=CC=CC=C4)C=C3)C3=C(N)N=CN=C32)C[C@H]1C(=O)OCCOCCOCC(=O)N[C@H](C(=O)N1C[C@H](O)C[C@H]1C(=O)NCC1=CC=C(C2=C(C)N=CS2)C=C1)C(C)(C)C
SKQVKRNHHYLQNC,P49336,Q96SW2,0,0.12400441616773605,0,860.153,9.58,130.17,CN(CCCCCCOCCOCCNC1=CC=CC2=C1C(=O)N(C1CCC(=O)NC1=O)C2=O)[C@H]1CC[C@@]2(C)C(CC[C@@H]3C2CC[C@]2(C)[C@@H](C4=CC=C5C=CN=CC5=C4)CC[C@@H]32)C1
HQBAVLKUBWVLAK,P49336,Q96SW2,0,0.07116906344890594,0,832.055,7.54,147.24,CN(C(=O)CCOCCOCCNC1=CC=CC2=C1C(=O)N(C1CCC(=O)NC1=O)C2=O)[C@H]1CC[C@@]2(C)C(CC[C@@H]3C2CC[C@]2(C)[C@@H](C4=CC=C5C=CN=CC5=C4)CC[C@@H]32)C1
QSLUWEWRUWTRBT,Q06187,Q96SW2,1,0.9245620369911194,1,947.059,3.81,228.86,NC1=NC=NC2=C1C(C1=CC=C(OC3=CC=CC=C3)C=C1)=NN2[C@@H]1CCCN(C(=O)CCCCCCOCCOCCOCCOCCOC2=CC=CC3=C2C(=O)N(C2CCC(=O)NC2=O)C3=O)C1
AWOLTJZICWTLFS,Q06187,Q96SW2,1,0.9252980947494507,1,947.015,2.37,238.09,NC1=NC=NC2=C1C(C1=CC=C(OC3=CC=CC=C3)C=C1)=NN2[C@@H]1CCCN(C(=O)/C=C/COCCOCCOCCOCCOCCOC2=CC=CC3=C2C(=O)N(C2CCC(=O)NC2=O)C3=O)C1
ZJJZBBBSQKVNHL,Q06187,Q96SW2,1,0.9497762322425842,1,945.043,3.69,228.86,NC1=NC=NC2=C1C(C1=CC=C(OC3=CC=CC=C3)C=C1)=NN2[C@@H]1CCCN(C(=O)/C=C/CCCCOCCOCCOCCOCCOC2=CC=CC3=C2C(=O)N(C2CCC(=O)NC2=O)C3=O)C1
JLHRNNVFNFHLTO,Q06187,Q96SW2,0,0.2812100946903229,0,970.053,3.62,252.65,N#C/C(=C/CCCCOCCOCCOCCOCCOC1=CC=CC2=C1C(=O)N(C1CCC(=O)NC1=O)C2=O)C(=O)N1CCC[C@@H](N2N=C(C3=CC=C(OC4=CC=CC=C4)C=C3)C3=C(N)N=CN=C32)C1
DEABZGHTSXTNRF,Q06187,Q96SW2,1,0.8110823035240173,1,998.107,4.5,252.65,CC(C)(/C=C(/C#N)C(=O)N1CCC[C@@H](N2N=C(C3=CC=C(OC4=CC=CC=C4)C=C3)C3=C(N)N=CN=C32)C1)CCCOCCOCCOCCOCCOC1=CC=CC2=C1C(=O)N(C1CCC(=O)NC1=O)C2=O
FJPAZPYNAOAUBR,P08581,Q96SW2,0,0.047083187848329544,0,831.735,4.9,203.71,CC1=C(C(=O)NCCCCNC2=CC=CC3=C2C(=O)N(C2CCC(=O)NC2=O)C3=O)C(C)=C(/C=C2\C(=O)NC3=CC=C(S(=O)(=O)CC4=C(Cl)C=CC=C4Cl)C=C23)[NH]1
OJIFIHZOVWXFKN,P08581,Q96SW2,0,0.10534174740314484,0,845.762,5.26,203.71,CC1=C(C(=O)NCCCCCNC2=CC=CC3=C2C(=O)N(C2CCC(=O)NC2=O)C3=O)C(C)=C(/C=C2\C(=O)NC3=CC=C(S(=O)(=O)CC4=C(Cl)C=CC=C4Cl)C=C23)[NH]1
IPUAUTLUOXRXBD,P08581,Q96SW2,0,0.05606197193264961,0,859.789,5.61,203.71,CC1=C(C(=O)NCCCCCCNC2=CC=CC3=C2C(=O)N(C2CCC(=O)NC2=O)C3=O)C(C)=C(/C=C2\C(=O)NC3=CC=C(S(=O)(=O)CC4=C(Cl)C=CC=C4Cl)C=C23)[NH]1
CGIZJKLJZULKRJ,P08581,Q96SW2,0,0.08942284435033798,0,847.734,4.04,212.94,CC1=C(C(=O)NCCOCCNC2=CC=CC3=C2C(=O)N(C2CCC(=O)NC2=O)C3=O)C(C)=C(/C=C2\C(=O)NC3=CC=C(S(=O)(=O)CC4=C(Cl)C=CC=C4Cl)C=C23)[NH]1
NEEGBTUUVQFERC,P08581,Q96SW2,0,0.04443253204226494,0,845.762,4.71,203.71,CC1=C(C(=O)NCCCCCNC2=CC=C3C(=O)N(C4CCC(=O)NC4=O)C(=O)C3=C2)C(C)=C(/C=C2\C(=O)NC3=CC=C(S(=O)(=O)CC4=C(Cl)C=CC=C4Cl)C=C23)[NH]1
QPKXJIBPFUZACW,P08581,Q96SW2,0,0.0770338624715805,0,859.789,5.06,203.71,CC1=C(C(=O)NCCCCCCNC2=CC=C3C(=O)N(C4CCC(=O)NC4=O)C(=O)C3=C2)C(C)=C(/C=C2\C(=O)NC3=CC=C(S(=O)(=O)CC4=C(Cl)C=CC=C4Cl)C=C23)[NH]1
LQEMUVVPBROAPO,P08581,Q96SW2,0,0.029777610674500465,0,887.843,6.15,203.71,CC1=C(C(=O)NCCCCCCCCNC2=CC=C3C(=O)N(C4CCC(=O)NC4=O)C(=O)C3=C2)C(C)=C(/C=C2\C(=O)NC3=CC=C(S(=O)(=O)CC4=C(Cl)C=CC=C4Cl)C=C23)[NH]1
ZXRBZDUGWZPILK,P08581,Q96SW2,0,0.03957173228263855,0,847.734,3.49,212.94,CC1=C(C(=O)NCCOCCNC2=CC=C3C(=O)N(C4CCC(=O)NC4=O)C(=O)C3=C2)C(C)=C(/C=C2\C(=O)NC3=CC=C(S(=O)(=O)CC4=C(Cl)C=CC=C4Cl)C=C23)[NH]1
IDASPANZGIUDDY,P10721,Q96SW2,0,0.16837717592716217,0,740.789,3.59,195.87,CC1=C(C(=O)NCCCCCCCCNC(=O)COC2=CC=CC3=C2C(=O)N(C2CCC(=O)NC2=O)C3=O)C(C)=C(/C=C2\C(=O)NC3=CC=C(F)C=C23)[NH]1
VXBLUAKQWQJPAD,P10721,Q96SW2,0,0.09347088634967804,0,654.699,3.73,169.57,CC1=C(C(=O)NCCCCCCNC2=CC=CC3=C2C(=O)N(C2CCC(=O)NC2=O)C3=O)C(C)=C(/C=C2\C(=O)NC3=CC=C(F)C=C23)[NH]1
ITHPDQUNEOFFFC,P10721,Q96SW2,0,0.09963856637477875,0,682.753,4.81,169.57,CC1=C(C(=O)NCCCCCCCCNC2=CC=CC3=C2C(=O)N(C2CCC(=O)NC2=O)C3=O)C(C)=C(/C=C2\C(=O)NC3=CC=C(F)C=C23)[NH]1
FGJBRLKBVFBDNO,P10721,Q96SW2,0,0.031208110973238945,0,753.876,5.21,172.81,CCN(CCCCCCCCNC1=CC=CC2=C1C(=O)N(C1CCC(=O)NC1=O)C2=O)CCNC(=O)C1=C(C)[NH]C(/C=C2\C(=O)NC3=CC=C(F)C=C23)=C1C
LTOUXIMRKVFBLW,P10721,Q96SW2,0,0.15071775019168854,0,815.903,5.58,198.67,CC1=C(C(=O)NCCCCCCCCNC(=O)C2=CC=C(CNC3=CC=CC4=C3C(=O)N(C3CCC(=O)NC3=O)C4=O)C=C2)C(C)=C(/C=C2\C(=O)NC3=CC=C(F)C=C23)[NH]1
JKJVDUVIFSWNLW,P10721,Q96SW2,0,0.05198632925748825,0,682.709,2.47,186.64,CC1=C(C(=O)NCCCCCCNC(=O)C2=CC=C3C(=O)N(C4CCC(=O)NC4=O)C(=O)C3=C2)C(C)=C(/C=C2\C(=O)NC3=CC=C(F)C=C23)[NH]1
DRKUZMFKYGOVRX,P10721,Q96SW2,0,0.040509145706892014,0,640.672,2.82,169.57,CC1=C(C(=O)NCCCCCNC2=CC=C3C(=O)N(C4CCC(=O)NC4=O)C(=O)C3=C2)C(C)=C(/C=C2\C(=O)NC3=CC=C(F)C=C23)[NH]1
MHYXTNHNIYFMTQ,P10721,Q96SW2,0,0.15790605545043945,0,654.699,3.18,169.57,CC1=C(C(=O)NCCCCCCNC2=CC=C3C(=O)N(C4CCC(=O)NC4=O)C(=O)C3=C2)C(C)=C(/C=C2\C(=O)NC3=CC=C(F)C=C23)[NH]1
XBRQMDPTNOTCOX,P10721,Q96SW2,0,0.041884440928697586,0,682.753,4.26,169.57,CC1=C(C(=O)NCCCCCCCCNC2=CC=C3C(=O)N(C4CCC(=O)NC4=O)C(=O)C3=C2)C(C)=C(/C=C2\C(=O)NC3=CC=C(F)C=C23)[NH]1
NQYMDTVJBQVMJS,P10721,Q96SW2,0,0.08566062897443771,0,815.903,5.03,198.67,CC1=C(C(=O)NCCCCCCCCNC(=O)C2=CC=C(CNC3=CC=C4C(=O)N(C5CCC(=O)NC5=O)C(=O)C4=C3)C=C2)C(C)=C(/C=C2\C(=O)NC3=CC=C(F)C=C23)[NH]1
KXNAXDRQLDYTGB,P10721,Q96SW2,0,0.037035197019577026,0,642.644,1.6,178.8,CC1=C(C(=O)NCCOCCNC2=CC=C3C(=O)N(C4CCC(=O)NC4=O)C(=O)C3=C2)C(C)=C(/C=C2\C(=O)NC3=CC=C(F)C=C23)[NH]1
OOJOCFBXSPWHCW,P10721,Q96SW2,0,0.04109659790992737,0,686.697,1.45,188.03,CC1=C(C(=O)NCCOCCOCCNC2=CC=C3C(=O)N(C4CCC(=O)NC4=O)C(=O)C3=C2)C(C)=C(/C=C2\C(=O)NC3=CC=C(F)C=C23)[NH]1
AMPBLCGZRAITTM,P10275,P40337,0,0.12041975557804108,0,941.592,8.11,192.21,CC(C)(C)[C@H](NC(=O)COCCCCCOC1=CC=C(C(=O)N[C@H]2C(C)(C)[C@H](OC3=CC=C(C#N)C(Cl)=C3)C2(C)C)C=C1)C(=O)N1C[C@H](O)C[C@H]1C(=O)NCC1=CC=C(C2=CN=CS2)C=C1
JQTRUKZGCBXQDD,P10275,P40337,0,0.3051437735557556,0,968.662,8.92,195.01,CC1=C(C2=CC=C([C@H](C)NC(=O)[C@@H]3C[C@@H](O)CN3C(=O)[C@@H](NC(=O)COCCCCCNC3=CC=C(C(=O)N[C@H]4C(C)(C)[C@H](OC5=CC=C(C#N)C(Cl)=C5)C4(C)C)C=C3)C(C)(C)C)C=C2)SC=N1
GPLDNHBAUYMIMT,P10275,P40337,0,0.4086410105228424,0,973.637,9.35,182.98,CC1=C(C2=CC=C(CNC(=O)[C@@H]3C[C@@H](O)CN3C(=O)[C@@H](NC(=O)COCCC3=CC=C(C4=CC=C(C(=O)N[C@H]5C(C)(C)[C@H](OC6=CC=C(C#N)C(Cl)=C6)C5(C)C)C=C4)C=C3)C(C)(C)C)C=C2)SC=N1
VEFDAFDSPLDCMS,P10275,P40337,0,0.0719214677810669,0,883.443,6.95,205.35,CC1=C(C2=CC=C(CNC(=O)[C@@H]3C[C@@H](O)CN3C(=O)[C@@H](NC(=O)COCC3=CC=C(OC(=O)N[C@H]4C(C)(C)[C@H](OC5=CC=C(C#N)C(Cl)=C5)C4(C)C)C=C3)C(C)(C)C)C=C2)OC=N1
GMSYMVWHCWNMPW,Q9NWZ3,Q96SW2,0,0.09255343675613403,0,887.833,2.36,267.03,NCC1=NN(C2=CC=C(C(=O)NCCOCCOCCNC3=CC=CC4=C3C(=O)N(C3CCC(=O)NC3=O)C4=O)C=C2)C=C1NC(=O)C1=COC(C2=CC=NC(NCC(F)(F)F)=C2)=N1
XCRTYJKBXRNWFO,Q9NWZ3,Q96SW2,0,0.04461142420768738,0,954.924,3.77,278.11,NC(=O)C1=NN(C2=CC=C(C(=O)NCC3CCCCN3CCOCCNC3=CC=CC4=C3C(=O)N(C3CCC(=O)NC3=O)C4=O)C=C2)C=C1NC(=O)C1=COC(C2=CC=NC(NCC(F)(F)F)=C2)=N1
RPEVIDOVLHHGCE,Q9NWZ3,Q96SW2,0,0.1265299767255783,0,897.872,3.19,243.81,O=C1CCC(N2C(=O)C3=CC=CC(NCCNCCOCCNC(=O)C4=CC=C(N5C=C(NC(=O)C6=COC(C7=CC=NC(NCC8CC8)=C7)=N6)C(C(F)(F)F)=N5)C=C4)=C3C2=O)C(=O)N1
BGKCCQJEDNCIEQ,Q9NWZ3,Q96SW2,0,0.055628105998039246,0,886.923,2.57,263.28,CN(CCOCCOCCCC1=CC=C2C(=O)N(C3CCC(=O)NC3=O)C(=O)C2=C1)C(=O)C1=CC=C(N2C=C(NC(=O)C3=COC(C4=CC=NC(NCC5CC5)=C4)=N3)C(C(N)=O)=N2)C=C1
NEDLOBIINPJVJR,Q9NWZ3,Q96SW2,0,0.0840512216091156,0,991.932,4.16,244.25,O=C1CCC(N2C(=O)C3=CC=CC(NC4CCN(CCOCCOCCNC(=O)C5=CC=C(N6C=C(NC(=O)C7=COC(C8=CC=NC(NCC(F)(F)F)=C8)=N7)C(C(F)F)=N6)C=C5)CC4)=C3C2=O)C(=O)N1
LHRPSSVRMZOELN,Q9NWZ3,Q96SW2,0,0.14320030808448792,0,942.913,2.65,270.27,NC(=O)C1=NN(C2=CC=C(CNCC3CN(CCOCCNC4=CC=CC5=C4C(=O)N(C4CCC(=O)NC4=O)C5=O)CCO3)C=C2)C=C1NC(=O)C1=COC(C2=CC=NC(NCC(F)(F)F)=C2)=N1
QHTRGRVSPWMPCL,Q9NWZ3,Q96SW2,0,0.05113455653190613,0,872.94,2.95,246.21,CN(CCOCCOCCCC1=CC=C2C(=O)N(C3CCC(=O)NC3=O)C(=O)C2=C1)CC1=CC=C(N2C=C(NC(=O)C3=COC(C4=CC=NC(NCC5CC5)=C4)=N3)C(C(N)=O)=N2)C=C1
NDFHKKBPNSXZOS,Q9NWZ3,Q96SW2,0,0.05217989534139633,0,803.833,1.89,234.18,CN(CCOCCOCCCC1=CC=C2C(=O)N(C3CCC(=O)NC3=O)C(=O)C2=C1)CC1=CC=C(N2C=C(NC(=O)C3=COC(C4=CC=NC=C4)=N3)C(C(N)=O)=N2)C=C1
XTPZACBHGSKXJI,Q9NWZ3,Q96SW2,0,0.06908875703811646,0,828.887,3.1,236.98,CN(CCOCCCC1=CC=CC2=C1C(=O)N(C1CCC(=O)NC1=O)C2=O)CC1=CC=C(N2C=C(NC(=O)C3=COC(C4=CC=NC(NCC5CC5)=C4)=N3)C(C(N)=O)=N2)C=C1
ADNQFJRANZZPKY,Q9NWZ3,Q96SW2,0,0.30600646138191223,0,948.009,3.31,194.1,O=C1CCC(N2C(=O)C3=CC=C(OCCOCCOCCOCCN4CCN(CC5=CC=C6N=C(NC(=O)C7=CC=CC(C(F)(F)F)=C7)N([C@H]7CC[C@@H](CO)CC7)C6=C5)CC4)C=C3C2=O)C(=O)N1
RJDRFOSUZYUZBV,Q9NWZ3,Q96SW2,0,0.3412850499153137,0,868.958,4.65,160.42,O=C1CCC(N2C(=O)C3=CC=C(N4CCC(CN5CCN(CC6=CC=C7N=C(NC(=O)C8=CC=CC(C(F)(F)F)=C8)N([C@H]8CC[C@@H](CO)CC8)C7=C6)CC5)CC4)C=C3C2=O)C(=O)N1
KSDCGXPRMXBENQ,Q9NWZ3,Q96SW2,0,0.06975923478603363,0,749.747,2.83,157.22,COC1=CC2=NN(C3CCN(CCOCCOC4=CC=C5CN(C6CCC(=O)NC6=O)C(=O)C5=C4)CC3)C=C2C=C1NC(=O)C1=CC=CC(C(F)(F)F)=N1
WNWBHGDKGOSOKU,P03372,P40337,1,0.7800210118293762,1,1005.214,7.29,167.58,CC1=C(C2=CC=C([C@H](C)NC(=O)[C@@H]3C[C@@H](O)CN3C(=O)[C@@H](NC(=O)COCCOCCOCCOC3=CC(F)=C([C@@H]4C5=C(C[C@@H](C)N4CC(C)(C)F)C4=CC=CC=C4[NH]5)C(F)=C3)C(C)(C)C)C=C2)SC=N1
PMXVLCRRMGVGJX,P03372,P40337,1,0.8323440551757812,1,975.188,7.75,158.35,CC1=C(C2=CC=C(CNC(=O)[C@@H]3C[C@@H](O)CN3C(=O)[C@@H](NC(=O)COCCCOCCCOC3=CC(F)=C([C@@H]4C5=C(C[C@@H](C)N4CC(C)(C)F)C4=CC=CC=C4[NH]5)C(F)=C3)C(C)(C)C)C=C2)SC=N1
KEOMTDRIBPAOQE,P03372,P40337,1,0.7189605236053467,1,1025.195,8.42,158.35,CC1=C(C2=CC=C(CNC(=O)[C@@H]3C[C@@H](O)CN3C(=O)[C@@H](NC(=O)COCCOCCC(F)(F)CCOC3=CC(F)=C([C@@H]4C5=C(C[C@@H](C)N4CC(C)(C)F)C4=CC=CC=C4[NH]5)C(F)=C3)C(C)(C)C)C=C2)SC=N1
SZXPSAFGLXHHHB,P01116,P40337,0,0.010713117197155952,0,1223.867,7.33,250.45,C=CC(=O)N1CCN(C2=NC(NCCC(=O)N(C)CCOCCOCCOCCOCC(=O)N[C@H](C(=O)N3C[C@H](O)C[C@H]3C(=O)N[C@@H](C)C3=CC=C(C4=C(C)N=CS4)C=C3)C(C)(C)C)=NC3=C(F)C(C4=CC(O)=CC5=CC=CC=C45)=C(Cl)C=C23)CC1
FIFSEXYOESMAAZ,P01116,P40337,0,0.0059708766639232635,0,1267.92,7.19,259.68,C=CC(=O)N1CCN(C2=NC(NCCC(=O)N(C)CCOCCOCCOCCOCCOCC(=O)N[C@H](C(=O)N3C[C@H](O)C[C@H]3C(=O)N[C@@H](C)C3=CC=C(C4=C(C)N=CS4)C=C3)C(C)(C)C)=NC3=C(F)C(C4=CC(O)=CC5=CC=CC=C45)=C(Cl)C=C23)CC1
LBWOFJWPPVDIKM,P01116,Q96SW2,0,0.039714470505714417,0,994.478,5.4,225.17,C=CC(=O)N1CCN(C2=NC(NCCC(=O)N(C)CCOCCOCCOCCNC3=CC=CC4=C3C(=O)N(C3CCC(=O)NC3=O)C4=O)=NC3=C(F)C(C4=CC(O)=CC5=CC=CC=C45)=C(Cl)C=C23)CC1
KYNLICKDOYXLDI,P01116,P40337,0,0.014489228837192059,0,1193.841,7.38,241.22,C=CC(=O)N1CCN(C2=NC(NCCC(=O)N(C)CCOCCOCCOCCC(=O)N[C@H](C(=O)N3C[C@H](O)C[C@H]3C(=O)N[C@@H](C)C3=CC=C(C4=C(C)N=CS4)C=C3)C(C)(C)C)=NC3=C(F)C(C4=CC(O)=CC5=CC=CC=C45)=C(Cl)C=C23)CC1
WDEFLCUOWXEZNQ,P01116,Q96SW2,0,0.0397706963121891,0,1027.548,4.62,214.53,CCC(=O)N1CCN(C2=NC(NCCC(=O)N(C)CCOCCOCCOCCOCCOC3=CC=C4C(=O)N(C5CCC(=O)NC5=O)CC4=C3)=NC3=C(F)C(C4=CC(O)=CC5=CC=CC=C45)=C(Cl)C=C23)CC1
LLQQVMLZWGPUJC,P01116,P40337,0,0.014791371300816536,0,1225.883,7.21,250.45,CCC(=O)N1CCN(C2=NC(NCCC(=O)N(C)CCOCCOCCOCCOCC(=O)N[C@H](C(=O)N3C[C@H](O)C[C@H]3C(=O)N[C@@H](C)C3=CC=C(C4=C(C)N=CS4)C=C3)C(C)(C)C)=NC3=C(F)C(C4=CC(O)=CC5=CC=CC=C45)=C(Cl)C=C23)CC1
BSUPZQFUKPWPOE,Q06124,P40337,0,0.16384753584861755,0,962.644,4.67,250.89,CC1=C(C2=CC=C([C@H](C)NC(=O)[C@@H]3C[C@@H](O)CN3C(=O)[C@@H](NC(=O)CCCNC(=O)CC(=O)NC3=CC=CC(SC4=NC=C(N5CCC(C)(N)CC5)N=C4N)=C3Cl)C(C)(C)C)C=C2)SC=N1
OCFFPCZLJBIURT,Q06124,P40337,0,0.205672025680542,0,976.671,5.03,250.89,CC1=C(C2=CC=C([C@H](C)NC(=O)[C@@H]3C[C@@H](O)CN3C(=O)[C@@H](NC(=O)CCCCNC(=O)CC(=O)NC3=CC=CC(SC4=NC=C(N5CCC(C)(N)CC5)N=C4N)=C3Cl)C(C)(C)C)C=C2)SC=N1
LYNHJTOOUICSOZ,Q06124,P40337,0,0.156088188290596,0,990.698,5.38,250.89,CC1=C(C2=CC=C([C@H](C)NC(=O)[C@@H]3C[C@@H](O)CN3C(=O)[C@@H](NC(=O)CCCCCNC(=O)CC(=O)NC3=CC=CC(SC4=NC=C(N5CCC(C)(N)CC5)N=C4N)=C3Cl)C(C)(C)C)C=C2)SC=N1
MYBHAEJFKMYUTJ,Q06124,P40337,0,0.44303542375564575,0,1004.725,5.93,250.89,CC1=C(C2=CC=C([C@H](C)NC(=O)[C@@H]3C[C@@H](O)CN3C(=O)[C@@H](NC(=O)CCCCCCNC(=O)CC(=O)NC3=CC=CC(SC4=NC=C(N5CCC(C)(N)CC5)N=C4N)=C3Cl)C(C)(C)C)C=C2)SC=N1
RFEUYCHUHZJDIJ,Q06124,P40337,0,0.14914283156394958,0,1018.752,6.47,250.89,CC1=C(C2=CC=C([C@H](C)NC(=O)[C@@H]3C[C@@H](O)CN3C(=O)[C@@H](NC(=O)CCCCCCCNC(=O)CC(=O)NC3=CC=CC(SC4=NC=C(N5CCC(C)(N)CC5)N=C4N)=C3Cl)C(C)(C)C)C=C2)SC=N1
YFSTWJMDUBQIPP,Q06124,P40337,1,0.7444993853569031,1,1032.779,7.01,250.89,CC1=C(C2=CC=C([C@H](C)NC(=O)[C@@H]3C[C@@H](O)CN3C(=O)[C@@H](NC(=O)CCCCCCCCNC(=O)CC(=O)NC3=CC=CC(SC4=NC=C(N5CCC(C)(N)CC5)N=C4N)=C3Cl)C(C)(C)C)C=C2)SC=N1
GPRBATDTNWJZKP,Q06124,P40337,1,0.831355094909668,1,1046.806,7.55,250.89,CC1=C(C2=CC=C([C@H](C)NC(=O)[C@@H]3C[C@@H](O)CN3C(=O)[C@@H](NC(=O)CCCCCCCCCNC(=O)CC(=O)NC3=CC=CC(SC4=NC=C(N5CCC(C)(N)CC5)N=C4N)=C3Cl)C(C)(C)C)C=C2)SC=N1
CIOBPXATFROPAB,Q06124,P40337,1,0.9662860035896301,1,1074.86,8.63,250.89,CC1=C(C2=CC=C([C@H](C)NC(=O)[C@@H]3C[C@@H](O)CN3C(=O)[C@@H](NC(=O)CCCCCCCCCCCNC(=O)CC(=O)NC3=CC=CC(SC4=NC=C(N5CCC(C)(N)CC5)N=C4N)=C3Cl)C(C)(C)C)C=C2)SC=N1
WMKAYLVXHJOUAH,Q06124,P40337,1,0.9563572406768799,1,1074.86,7.28,250.89,CC1=C(C2=CC=C([C@H](C)NC(=O)[C@@H]3C[C@@H](O)CN3C(=O)[C@@H](NC(=O)CCCCCCCCCCNC(=O)CCC(=O)NC3=CC=CC(SC4=NC=C(N5CCC(C)(N)CC5)N=C4N)=C3Cl)C(C)(C)C)C=C2)SC=N1
WCYILWGVRFKHNJ,Q06124,P40337,1,0.1795952171087265,0,1088.887,7.82,250.89,CC1=C(C2=CC=C([C@H](C)NC(=O)[C@@H]3C[C@@H](O)CN3C(=O)[C@@H](NC(=O)CCCCCCCCCCCNC(=O)CCC(=O)NC3=CC=CC(SC4=NC=C(N5CCC(C)(N)CC5)N=C4N)=C3Cl)C(C)(C)C)C=C2)SC=N1
HHTDPKNXGUKAHR,Q06124,P40337,1,0.3518632650375366,0,1102.914,8.18,250.89,CC1=C(C2=CC=C([C@H](C)NC(=O)[C@@H]3C[C@@H](O)CN3C(=O)[C@@H](NC(=O)CCCCCCCCCCCNC(=O)CCCC(=O)NC3=CC=CC(SC4=NC=C(N5CCC(C)(N)CC5)N=C4N)=C3Cl)C(C)(C)C)C=C2)SC=N1
NKCAYORTFFXZIT,Q06124,P40337,1,0.8609517216682434,1,1080.776,3.15,278.58,CC1=C(C2=CC=C([C@H](C)NC(=O)[C@@H]3C[C@@H](O)CN3C(=O)[C@@H](NC(=O)COCCOCCOCCNC(=O)CCC(=O)NC3=CC=CC(SC4=NC=C(N5CCC(C)(N)CC5)N=C4N)=C3Cl)C(C)(C)C)C=C2)SC=N1
WTLCMZCJJKANHP,Q06124,P40337,0,0.14980143308639526,0,1094.803,3.05,278.58,CC1=C(C2=CC=C([C@H](C)NC(=O)[C@@H]3C[C@@H](O)CN3C(=O)[C@@H](NC(=O)CCOCCOCCOCCNC(=O)CCC(=O)NC3=CC=CC(SC4=NC=C(N5CCC(C)(N)CC5)N=C4N)=C3Cl)C(C)(C)C)C=C2)SC=N1
LHLMBOONNIHUQA,Q06124,P40337,0,0.13600093126296997,0,1138.856,2.91,287.81,CC1=C(C2=CC=C([C@H](C)NC(=O)[C@@H]3C[C@@H](O)CN3C(=O)[C@@H](NC(=O)CCOCCOCCOCCOCCNC(=O)CCC(=O)NC3=CC=CC(SC4=NC=C(N5CCC(C)(N)CC5)N=C4N)=C3Cl)C(C)(C)C)C=C2)SC=N1
KIPZFAMCWADNHW,Q06124,P40337,1,0.6530969142913818,1,1101.93,7.97,228.27,CC1=C(C2=CC=C([C@H](C)NC(=O)[C@@H]3C[C@@H](O)CN3C(=O)[C@@H](NC(=O)CCCCCCCCCCN3CCN(CC(=O)NC4=CC=CC(SC5=NC=C(N6CCC(C)(N)CC6)N=C5N)=C4Cl)CC3)C(C)(C)C)C=C2)SC=N1
XJSPAQRZSJUBLB,Q06124,P40337,1,0.6784502267837524,1,1115.913,6.19,245.34,CC1=C(C2=CC=C([C@H](C)NC(=O)[C@@H]3C[C@@H](O)CN3C(=O)[C@@H](NC(=O)CCCCCCCCN3CCN(C(=O)CCC(=O)NC4=CC=CC(SC5=NC=C(N6CCC(C)(N)CC6)N=C5N)=C4Cl)CC3)C(C)(C)C)C=C2)SC=N1
UCRQERODCAEDKT,Q06124,P40337,0,0.14002679288387299,0,1130.928,4.77,257.37,CC1=C(C2=CC=C([C@H](C)NC(=O)[C@@H]3C[C@@H](O)CN3C(=O)[C@@H](NC(=O)CCCCN3CCN(CCCCNC(=O)CCC(=O)NC4=CC=CC(SC5=NC=C(N6CCC(C)(N)CC6)N=C5N)=C4Cl)CC3)C(C)(C)C)C=C2)SC=N1
RZKZQCHSKWKOAJ,Q05397,Q96SW2,1,0.910887598991394,1,949.93,2.19,273.96,CN(C1=NC=CC=C1CNC1=NC(NC2=CC=C(NC(=O)C3=CN(CCOCCOCCNC4=CC=CC5=C4C(=O)N(C4CCC(=O)NC4=O)C5=O)N=N3)C=C2)=NC=C1C(F)(F)F)S(C)(=O)=O
RZKZQCHSKWKOAJ,Q05397,Q96SW2,1,0.910887598991394,1,949.93,2.19,273.96,CN(C1=NC=CC=C1CNC1=NC(NC2=CC=C(NC(=O)C3=CN(CCOCCOCCNC4=CC=CC5=C4C(=O)N(C4CCC(=O)NC4=O)C5=O)N=N3)C=C2)=NC=C1C(F)(F)F)S(C)(=O)=O
RZKZQCHSKWKOAJ,Q05397,Q96SW2,1,0.910887598991394,1,949.93,2.19,273.96,CN(C1=NC=CC=C1CNC1=NC(NC2=CC=C(NC(=O)C3=CN(CCOCCOCCNC4=CC=CC5=C4C(=O)N(C4CCC(=O)NC4=O)C5=O)N=N3)C=C2)=NC=C1C(F)(F)F)S(C)(=O)=O
GMEHQGWGMMKWAX,O60885,P40337,1,0.3541280925273895,0,1118.777,4.48,239.18,CC1=C(C2=CC=C3CNC(=O)[C@@H]4C[C@@H](O)CN4C(=O)[C@H](C(C)(C)C)NC(=O)COCCOCCOC[C@H](NC(=O)C[C@@H]4N=C(C5=CC=C(Cl)C=C5)C5=C(SC(C)=C5C)N5C(C)=NN=C45)COCCOCCOC3=C2)SC=N1
GMEHQGWGMMKWAX,P25440,P40337,0,0.16167385876178741,0,1118.777,4.48,239.18,CC1=C(C2=CC=C3CNC(=O)[C@@H]4C[C@@H](O)CN4C(=O)[C@H](C(C)(C)C)NC(=O)COCCOCCOC[C@H](NC(=O)C[C@@H]4N=C(C5=CC=C(Cl)C=C5)C5=C(SC(C)=C5C)N5C(C)=NN=C45)COCCOCCOC3=C2)SC=N1
GMEHQGWGMMKWAX,Q15059,P40337,0,0.11498258262872696,0,1118.777,4.48,239.18,CC1=C(C2=CC=C3CNC(=O)[C@@H]4C[C@@H](O)CN4C(=O)[C@H](C(C)(C)C)NC(=O)COCCOCCOC[C@H](NC(=O)C[C@@H]4N=C(C5=CC=C(Cl)C=C5)C5=C(SC(C)=C5C)N5C(C)=NN=C45)COCCOCCOC3=C2)SC=N1
VIHNRRRMTAYCFU,Q06187,Q96SW2,0,0.6191204786300659,1,787.834,2.89,213.2,NC1=NC=NC2=C1C(C1=CC=C(OC3=CC=CC=C3)C=C1)=NN2C1CCN(CCOCCOCC(=O)NC2=CC=CC3=C2C(=O)N(C2CCC(=O)NC2=O)C3=O)CC1
AWZDAIQLULBEES,P10275,Q96SW2,0,0.04844290018081665,0,837.83,3.63,177.04,CC1(C)C(=O)N(C2=CC=C(C#N)C(C(F)(F)F)=C2)C(=S)N1C1=CC=C(OCCOCCOCCOCCOC2=CC=CC3=C2C(=O)N(C2CCC(=O)NC2=O)C3=O)C=C1
SGTVGCRQPJCKNZ,P10275,P40337,0,0.14009994268417358,0,1021.198,6.71,199.55,CC1=C(C2=CC=C(CNC(=O)[C@@H]3C[C@@H](O)CN3C(=O)[C@@H](NC(=O)COCCCOCCCCCOC3=CC=C(N4C(=S)N(C5=CN=C(C#N)C(C(F)(F)F)=C5)C(=O)C4(C)C)C=C3)C(C)(C)C)C=C2)SC=N1
FLLKKIZFEMVEEL,P10275,P40337,0,0.03645173832774162,0,1052.227,7.95,186.66,CC1=C(C2=CC=C([C@H](C)NC(=O)[C@@H]3C[C@@H](O)CN3C(=O)[C@@H](NC(=O)COCCCOCCCCCOC3=CC=C(N4C(=S)N(C5=CC=C(C#N)C(C(F)(F)F)=C5)C(=O)C4(C)C)C=C3F)C(C)(C)C)C=C2)SC=N1
DKNBVZGJLBYCQJ,P10275,P40337,0,0.11532662063837051,0,1070.217,8.05,186.66,CC1=C(C2=CC=C([C@H](C)NC(=O)[C@@H]3C[C@@H](O)CN3C(=O)[C@@H](NC(=O)COCCCOCCCCCOC3=C(F)C=C(N4C(=S)N(C5=CC=C(C#N)C(C(F)(F)F)=C5)C(=O)C4(C)C)C=C3F)C(C)(C)C)C=C2)SC=N1
HVIFXYXSTAVNJM,P10275,P40337,0,0.02372639626264572,0,1024.173,7.19,186.66,CC1=C(C2=CC=C(CNC(=O)[C@@H]3C[C@@H](O)CN3C(=O)[C@@H](NC(=O)COCCCOCCCCOC3=CC=C(N4C(=S)N(C5=CC=C(C#N)C(C(F)(F)F)=C5)C(=O)C4(C)C)C=C3F)C(C)(C)C)C=C2)SC=N1
QRYUVTSBJUTMOL,P10275,P40337,0,0.02255941927433014,0,1007.171,6.35,199.55,CC1=C(C2=CC=C(CNC(=O)[C@@H]3C[C@@H](O)CN3C(=O)[C@@H](NC(=O)COCCCOCCCCOC3=CC=C(N4C(=S)N(C5=CN=C(C#N)C(C(F)(F)F)=C5)C(=O)C4(C)C)C=C3)C(C)(C)C)C=C2)SC=N1
HTGWWWOBPGTSLC,P10275,P40337,0,0.08026490360498428,0,972.631,6.83,186.66,CC1=C(C2=CC=C(CNC(=O)[C@@H]3C[C@@H](O)CN3C(=O)[C@@H](NC(=O)COCCCOCCCCOC3=CC=C(N4C(=S)N(C5=CC=C(C#N)C(Cl)=C5)C(=O)C4(C)C)C=C3)C(C)(C)C)C=C2)SC=N1
IACCNUDTPQOEHL,P10275,P40337,0,0.10002537071704865,0,1082.281,8.72,186.66,CC1=C(C2=CC=C(CNC(=O)[C@@H]3C[C@@H](O)CN3C(=O)[C@@H](NC(=O)COCCCOCCCCOC3=CC=C(C4=CC=C(N5C(=S)N(C6=CC=C(C#N)C(C(F)(F)F)=C6)C(=O)C5(C)C)C=C4)C=C3)C(C)(C)C)C=C2)SC=N1
JEEWMQSGYNEVAR,O43924,Q96SW2,0,0.056079376488924026,0,652.712,2.67,177.39,CC1=CC=C(N2N=C3C(=O)N(CCCC(=O)NCCCNC4=CC=CC5=C4C(=O)N(C4CCC(=O)NC4=O)C5=O)N=C(C)C3=C2C)C=C1
QAIXUYJWVALFLV,O43924,Q96SW2,0,0.060729146003723145,0,666.739,3.02,177.39,CC1=CC=C(N2N=C3C(=O)N(CCCC(=O)NCCCCNC4=CC=CC5=C4C(=O)N(C4CCC(=O)NC4=O)C5=O)N=C(C)C3=C2C)C=C1
JJAOWBPHOQZIJX,O43924,Q96SW2,0,0.09335476160049438,0,680.766,3.38,177.39,CC1=CC=C(N2N=C3C(=O)N(CCCC(=O)NCCCCCNC4=CC=CC5=C4C(=O)N(C4CCC(=O)NC4=O)C5=O)N=C(C)C3=C2C)C=C1
KVPIXXSMHHXIPO,O43924,Q96SW2,0,0.07228962332010269,0,694.793,3.74,177.39,CC1=CC=C(N2N=C3C(=O)N(CCCC(=O)NCCCCCCNC4=CC=CC5=C4C(=O)N(C4CCC(=O)NC4=O)C5=O)N=C(C)C3=C2C)C=C1
CSOBFSQKJUVRAA,O43924,Q96SW2,0,0.09210377931594849,0,726.791,2.01,195.85,CC1=CC=C(N2N=C3C(=O)N(CCCC(=O)NCCOCCOCCNC4=CC=CC5=C4C(=O)N(C4CCC(=O)NC4=O)C5=O)N=C(C)C3=C2C)C=C1
OBUJFXGGFPXSOS,O43924,Q96SW2,0,0.062050506472587585,0,722.847,4.27,177.39,CC1=CC=C(N2N=C3C(=O)N(CCCC(=O)NCCCCCCCCNC4=CC=C5C(=O)N(C6CCC(=O)NC6=O)C(=O)C5=C4)N=C(C)C3=C2C)C=C1
DYERNVOWSSIIQF,Q15759,Q96SW2,1,0.9877029061317444,1,997.939,6.27,186.62,CC1=CC=C(C(=O)NCCCCC2=CN(CCCC(=O)NCCCCCCC3=CC=CC4=C3CN(C3CCC(=O)NC3=O)C4=O)N=N2)C=C1N1C(C)=CC(OCC2=CC=C(F)C=C2F)=C(Br)C1=O
DYERNVOWSSIIQF,Q16539,Q96SW2,1,0.9865689277648926,1,997.939,6.27,186.62,CC1=CC=C(C(=O)NCCCCC2=CN(CCCC(=O)NCCCCCCC3=CC=CC4=C3CN(C3CCC(=O)NC3=O)C4=O)N=N2)C=C1N1C(C)=CC(OCC2=CC=C(F)C=C2F)=C(Br)C1=O
BEMLUUUHZPFCBS,Q15759,Q96SW2,1,0.693039059638977,1,998.883,5.41,215.72,CC1=CC=C(C(=O)NCCCCC2=CN(CCCC(=O)NCCCCNC3=CC=CC4=C3C(=O)N(C3CCC(=O)NC3=O)C4=O)N=N2)C=C1N1C(C)=CC(OCC2=CC=C(F)C=C2F)=C(Br)C1=O
BEMLUUUHZPFCBS,Q16539,Q96SW2,1,0.6783799529075623,1,998.883,5.41,215.72,CC1=CC=C(C(=O)NCCCCC2=CN(CCCC(=O)NCCCCNC3=CC=CC4=C3C(=O)N(C3CCC(=O)NC3=O)C4=O)N=N2)C=C1N1C(C)=CC(OCC2=CC=C(F)C=C2F)=C(Br)C1=O
LOJJAKUNUJJOKC,Q07817,P40337,0,0.23424144089221954,0,1329.631,8.07,271.66,CC1=C(C2=CC=C(CNC(=O)[C@@H]3C[C@@H](O)CN3C(=O)[C@@H](NC(=O)CCOCCOCCOCCOCCOCCOCC#CC3=CC=C(OCCCC4=C(C(=O)O)N=C(N5CCC6=CC=CC(C(=O)NC7=NC8=CC=CC=C8S7)=C6C5)S4)C=C3)C(C)(C)C)C=C2)SC=N1
YOXZTCCVXQIAMP,Q06187,Q96SW2,1,0.7603030800819397,1,1109.147,2.32,295.12,NC(=O)C1=C(N)N([C@@H]2CCCN(C(=O)OCCOCCOCCOCCOCCOCCOCCOCCOCCNC3=CC=CC4=C3C(=O)N(C3CCC(=O)NC3=O)C4=O)C2)N=C1C1=CC=C(OC2=CC=C(F)C=C2F)C=C1
AIFXAXRMMBWMAG,P25440,P40337,0,0.11646854132413864,0,992.64,6.71,191.53,CC(=O)N1C2=CC=C(C3=CC=C(C(=O)NCCOCCOCC(=O)N[C@H](C(=O)N4C[C@H](O)C[C@H]4C(=O)NCC4=CC=C(C5=C(C)N=CS5)C=C4)C(C)(C)C)C=C3)C=C2[C@H](NC2=CC=C(Cl)C=C2)C[C@@H]1C
AIFXAXRMMBWMAG,Q15059,P40337,0,0.08191430568695068,0,992.64,6.71,191.53,CC(=O)N1C2=CC=C(C3=CC=C(C(=O)NCCOCCOCC(=O)N[C@H](C(=O)N4C[C@H](O)C[C@H]4C(=O)NCC4=CC=C(C5=C(C)N=CS5)C=C4)C(C)(C)C)C=C3)C=C2[C@H](NC2=CC=C(Cl)C=C2)C[C@@H]1C
AIFXAXRMMBWMAG,O60885,P40337,0,0.2615997791290283,0,992.64,6.71,191.53,CC(=O)N1C2=CC=C(C3=CC=C(C(=O)NCCOCCOCC(=O)N[C@H](C(=O)N4C[C@H](O)C[C@H]4C(=O)NCC4=CC=C(C5=C(C)N=CS5)C=C4)C(C)(C)C)C=C3)C=C2[C@H](NC2=CC=C(Cl)C=C2)C[C@@H]1C
FYSWLIFIYIVHPI,P25440,P40337,0,0.7677724361419678,1,1036.693,6.56,200.76,CC(=O)N1C2=CC=C(C3=CC=C(C(=O)NCCOCCOCCOCC(=O)N[C@H](C(=O)N4C[C@H](O)C[C@H]4C(=O)NCC4=CC=C(C5=C(C)N=CS5)C=C4)C(C)(C)C)C=C3)C=C2[C@H](NC2=CC=C(Cl)C=C2)C[C@@H]1C
FYSWLIFIYIVHPI,Q15059,P40337,1,0.7200419306755066,1,1036.693,6.56,200.76,CC(=O)N1C2=CC=C(C3=CC=C(C(=O)NCCOCCOCCOCC(=O)N[C@H](C(=O)N4C[C@H](O)C[C@H]4C(=O)NCC4=CC=C(C5=C(C)N=CS5)C=C4)C(C)(C)C)C=C3)C=C2[C@H](NC2=CC=C(Cl)C=C2)C[C@@H]1C
FYSWLIFIYIVHPI,O60885,P40337,1,0.8849354982376099,1,1036.693,6.56,200.76,CC(=O)N1C2=CC=C(C3=CC=C(C(=O)NCCOCCOCCOCC(=O)N[C@H](C(=O)N4C[C@H](O)C[C@H]4C(=O)NCC4=CC=C(C5=C(C)N=CS5)C=C4)C(C)(C)C)C=C3)C=C2[C@H](NC2=CC=C(Cl)C=C2)C[C@@H]1C
UAQDCZFGBBSHLT,P25440,P40337,0,0.11039246618747711,0,958.608,5.11,202.26,CC1=C(C2=CC=C(CNC(=O)[C@@H]3C[C@@H](O)CN3C(=O)[C@@H](NC(=O)COCCOCCNC(=O)C[C@@H]3N=C(C4=CC=C(Cl)C=C4)C4=C(SC(C)=C4C)N4C(C)=NN=C34)C(C)(C)C)C=C2)SC=N1
UAQDCZFGBBSHLT,Q15059,P40337,0,0.08187630772590637,0,958.608,5.11,202.26,CC1=C(C2=CC=C(CNC(=O)[C@@H]3C[C@@H](O)CN3C(=O)[C@@H](NC(=O)COCCOCCNC(=O)C[C@@H]3N=C(C4=CC=C(Cl)C=C4)C4=C(SC(C)=C4C)N4C(C)=NN=C34)C(C)(C)C)C=C2)SC=N1
UAQDCZFGBBSHLT,O60885,P40337,0,0.23221367597579956,0,958.608,5.11,202.26,CC1=C(C2=CC=C(CNC(=O)[C@@H]3C[C@@H](O)CN3C(=O)[C@@H](NC(=O)COCCOCCNC(=O)C[C@@H]3N=C(C4=CC=C(Cl)C=C4)C4=C(SC(C)=C4C)N4C(C)=NN=C34)C(C)(C)C)C=C2)SC=N1
ADTXLFJKQHYGPM,Q05397,Q96SW2,1,0.7961403131484985,1,917.851,2.93,242.78,COC1=CC(C(=O)NCCOCCOCCOCCC(=O)NC2=CC=CC3=C2C(=O)N(C2CCC(=O)NC2=O)C3=O)=CC=C1NC1=NC=C(C(F)(F)F)C(OC2=CC=CC3=C2C(=O)CC3)=N1
ADTXLFJKQHYGPM,Q05397,Q96SW2,1,0.7961403131484985,1,917.851,2.93,242.78,COC1=CC(C(=O)NCCOCCOCCOCCC(=O)NC2=CC=CC3=C2C(=O)N(C2CCC(=O)NC2=O)C3=O)=CC=C1NC1=NC=C(C(F)(F)F)C(OC2=CC=CC3=C2C(=O)CC3)=N1
ADTXLFJKQHYGPM,Q05397,Q96SW2,1,0.7961403131484985,1,917.851,2.93,242.78,COC1=CC(C(=O)NCCOCCOCCOCCC(=O)NC2=CC=CC3=C2C(=O)N(C2CCC(=O)NC2=O)C3=O)=CC=C1NC1=NC=C(C(F)(F)F)C(OC2=CC=CC3=C2C(=O)CC3)=N1
ADTXLFJKQHYGPM,Q05397,Q96SW2,1,0.7961403131484985,1,917.851,2.93,242.78,COC1=CC(C(=O)NCCOCCOCCOCCC(=O)NC2=CC=CC3=C2C(=O)N(C2CCC(=O)NC2=O)C3=O)=CC=C1NC1=NC=C(C(F)(F)F)C(OC2=CC=CC3=C2C(=O)CC3)=N1
UVVQLQQNGHYTOL,Q05397,P40337,1,0.905859112739563,1,1061.15,5.49,241.76,COC1=CC(C(=O)NCCOCCOCCOCC(=O)N[C@H](C(=O)N2C[C@H](O)C[C@H]2C(=O)NCC2=CC=C(C3=C(C)N=CS3)C=C2)C(C)(C)C)=CC=C1NC1=NC=C(C(F)(F)F)C(OC2=CC=CC3=C2C(=O)CC3)=N1
UVVQLQQNGHYTOL,Q05397,P40337,1,0.905859112739563,1,1061.15,5.49,241.76,COC1=CC(C(=O)NCCOCCOCCOCC(=O)N[C@H](C(=O)N2C[C@H](O)C[C@H]2C(=O)NCC2=CC=C(C3=C(C)N=CS3)C=C2)C(C)(C)C)=CC=C1NC1=NC=C(C(F)(F)F)C(OC2=CC=CC3=C2C(=O)CC3)=N1
UVVQLQQNGHYTOL,Q05397,P40337,1,0.905859112739563,1,1061.15,5.49,241.76,COC1=CC(C(=O)NCCOCCOCCOCC(=O)N[C@H](C(=O)N2C[C@H](O)C[C@H]2C(=O)NCC2=CC=C(C3=C(C)N=CS3)C=C2)C(C)(C)C)=CC=C1NC1=NC=C(C(F)(F)F)C(OC2=CC=CC3=C2C(=O)CC3)=N1
UVVQLQQNGHYTOL,Q05397,P40337,1,0.905859112739563,1,1061.15,5.49,241.76,COC1=CC(C(=O)NCCOCCOCCOCC(=O)N[C@H](C(=O)N2C[C@H](O)C[C@H]2C(=O)NCC2=CC=C(C3=C(C)N=CS3)C=C2)C(C)(C)C)=CC=C1NC1=NC=C(C(F)(F)F)C(OC2=CC=CC3=C2C(=O)CC3)=N1
ZCGQZLKPUVGCBQ,P01116,P40337,0,0.4835284948348999,0,1132.805,7.27,209.69,C=C(F)C(=O)N1CCN(C2=NC(OC[C@@H]3CCCN3CCCOCCC(=O)N[C@H](C(=O)N3C[C@H](O)C[C@H]3C(=O)NCC3=CC=C(C4=C(C)N=CS4)C=C3)C(C)(C)C)=NC3=C2CCN(C2=CC=CC4=CC=CC(Cl)=C24)C3)C[C@@H]1CC#N
ZCGQZLKPUVGCBQ,P01116,P40337,0,0.4835284650325775,0,1132.805,7.27,209.69,C=C(F)C(=O)N1CCN(C2=NC(OC[C@@H]3CCCN3CCCOCCC(=O)N[C@H](C(=O)N3C[C@H](O)C[C@H]3C(=O)NCC3=CC=C(C4=C(C)N=CS4)C=C3)C(C)(C)C)=NC3=C2CCN(C2=CC=CC4=CC=CC(Cl)=C24)C3)C[C@@H]1CC#N
QSJKPPVXARILLJ,P01116,P40337,0,0.2029571682214737,0,1145.804,6.31,229.56,C=C(F)C(=O)N1CCN(C2=NC(OC[C@@H]3CCCN3CCC(=O)NCCC(=O)N[C@H](C(=O)N3C[C@H](O)C[C@H]3C(=O)NCC3=CC=C(C4=C(C)N=CS4)C=C3)C(C)(C)C)=NC3=C2CCN(C2=CC=CC4=CC=CC(Cl)=C24)C3)C[C@@H]1CC#N
ZTFKFELOBVAACZ,P01116,P40337,0,0.18949490785598755,0,1146.832,7.63,209.69,C=C(F)C(=O)N1CCN(C2=NC(OC[C@@H]3CCCN3CCCCOCCC(=O)N[C@H](C(=O)N3C[C@H](O)C[C@H]3C(=O)NCC3=CC=C(C4=C(C)N=CS4)C=C3)C(C)(C)C)=NC3=C2CCN(C2=CC=CC4=CC=CC(Cl)=C24)C3)C[C@@H]1CC#N
LHQBPRGJSOSPMT,P01116,P40337,0,0.12547902762889862,0,1162.831,6.77,218.92,C=C(F)C(=O)N1CCN(C2=NC(OC[C@@H]3CCCN3CCOCCOCCC(=O)N[C@H](C(=O)N3C[C@H](O)C[C@H]3C(=O)NCC3=CC=C(C4=C(C)N=CS4)C=C3)C(C)(C)C)=NC3=C2CCN(C2=CC=CC4=CC=CC(Cl)=C24)C3)C[C@@H]1CC#N
ATYRLOQATKCPHD,P01116,P40337,0,0.34409165382385254,0,1189.857,6.17,238.79,C=C(F)C(=O)N1CCN(C2=NC(OC[C@@H]3CCCN3CCC(=O)NCCOCCC(=O)N[C@H](C(=O)N3C[C@H](O)C[C@H]3C(=O)NCC3=CC=C(C4=C(C)N=CS4)C=C3)C(C)(C)C)=NC3=C2CCN(C2=CC=CC4=CC=CC(Cl)=C24)C3)C[C@@H]1CC#N
HPBWDZVXFSTVMR,P09874,Q96SW2,1,0.933312714099884,1,876.987,5.03,211.05,O=C(CCCCCCCCCCC(=O)N1CCN(C(=O)C2=CC(CC3=N[NH]C(=O)C4=CC=CC=C34)=CC=C2F)CC1)NCCNC1=CC=CC2=C1C(=O)N(C1CCC(=O)NC1=O)C2=O
HPBWDZVXFSTVMR,P09874,Q96SW2,1,0.933312714099884,1,876.987,5.03,211.05,O=C(CCCCCCCCCCC(=O)N1CCN(C(=O)C2=CC(CC3=N[NH]C(=O)C4=CC=CC=C34)=CC=C2F)CC1)NCCNC1=CC=CC2=C1C(=O)N(C1CCC(=O)NC1=O)C2=O
HPBWDZVXFSTVMR,P09874,Q96SW2,1,0.933312714099884,1,876.987,5.03,211.05,O=C(CCCCCCCCCCC(=O)N1CCN(C(=O)C2=CC(CC3=N[NH]C(=O)C4=CC=CC=C34)=CC=C2F)CC1)NCCNC1=CC=CC2=C1C(=O)N(C1CCC(=O)NC1=O)C2=O
FPRAOLVAUXBFAM,P04629,Q96SW2,1,0.9035896062850952,1,756.799,3.72,165.45,O=C1CCC(N2C(=O)C3=CC=CC(NCC(=O)N4CCN(C5=CC=CC(C6=CN=C7C=CC(N8CCC[C@@H]8C8=CC=CC(F)=C8)=NN67)=N5)CC4)=C3C2=O)C(=O)N1
PQXMLGVMAGAZND,P04629,Q96SW2,1,0.8331134915351868,1,784.853,3.98,165.45,O=C1CCC(N2C(=O)C3=CC=CC(NCCCC(=O)N4CCN(C5=CC=CC(C6=CN=C7C=CC(N8CCC[C@@H]8C8=CC=CC(F)=C8)=NN67)=N5)CC4)=C3C2=O)C(=O)N1
FRMFOBIMNHXGPY,P04629,Q96SW2,1,0.7904531955718994,1,798.88,4.34,165.45,O=C1CCC(N2C(=O)C3=CC=CC(NCCCCC(=O)N4CCN(C5=CC=CC(C6=CN=C7C=CC(N8CCC[C@@H]8C8=CC=CC(F)=C8)=NN67)=N5)CC4)=C3C2=O)C(=O)N1
YTPXNCADDOOFPA,P04629,Q96SW2,1,0.9185781478881836,1,812.907,4.69,165.45,O=C1CCC(N2C(=O)C3=CC=CC(NCCCCCC(=O)N4CCN(C5=CC=CC(C6=CN=C7C=CC(N8CCC[C@@H]8C8=CC=CC(F)=C8)=NN67)=N5)CC4)=C3C2=O)C(=O)N1
FUIPOZKPQFMWHV,P04629,Q96SW2,1,0.9967718720436096,1,826.934,5.24,165.45,O=C1CCC(N2C(=O)C3=CC=CC(NCCCCCCC(=O)N4CCN(C5=CC=CC(C6=CN=C7C=CC(N8CCC[C@@H]8C8=CC=CC(F)=C8)=NN67)=N5)CC4)=C3C2=O)C(=O)N1
UUXJQTJKYDQCKR,P04629,Q96SW2,1,0.9743279218673706,1,840.961,5.78,165.45,O=C1CCC(N2C(=O)C3=CC=CC(NCCCCCCCC(=O)N4CCN(C5=CC=CC(C6=CN=C7C=CC(N8CCC[C@@H]8C8=CC=CC(F)=C8)=NN67)=N5)CC4)=C3C2=O)C(=O)N1
IQQDXLBSPZWBKO,P04629,Q96SW2,1,0.9654731154441833,1,858.932,3.33,183.91,O=C1CCC(N2C(=O)C3=CC=CC(NCCOCCOCCC(=O)N4CCN(C5=CC=CC(C6=CN=C7C=CC(N8CCC[C@@H]8C8=CC=CC(F)=C8)=NN67)=N5)CC4)=C3C2=O)C(=O)N1
LYOSHDFVUGOVCI,P04629,Q96SW2,1,0.985338568687439,1,902.985,3.18,193.14,O=C1CCC(N2C(=O)C3=CC=CC(NCCOCCOCCOCCC(=O)N4CCN(C5=CC=CC(C6=CN=C7C=CC(N8CCC[C@@H]8C8=CC=CC(F)=C8)=NN67)=N5)CC4)=C3C2=O)C(=O)N1
PVLXFMAKABZOPF,Q9Y616,Q96SW2,0,0.148967906832695,0,864.065,2.44,176.11,CC(C)C1=C2C(N[C@H]3CC[C@@H](N4CCN(C(=O)CCC(=O)N5CCC(CN6CCN(C7=CC=C8C(=O)N(C9CCC(=O)NC9=O)C(=O)C8=C7)CC6)CC5)CC4)CC3)=NC=NN2C=C1
ZUODKONSNNHSAJ,Q9Y616,Q96SW2,1,0.7297619581222534,1,878.092,2.8,176.11,CC(C)C1=C2C(N[C@H]3CC[C@@H](N4CCN(C(=O)CCC(=O)N5CCC(CCN6CCN(C7=CC=C8C(=O)N(C9CCC(=O)NC9=O)C(=O)C8=C7)CC6)CC5)CC4)CC3)=NC=NN2C=C1
DXMOVGRUXPNRRX,P36507,P40337,1,0.9382808804512024,1,1090.105,10.88,165.23,CC1=C(C2=CC=C([C@H](C)NC(=O)[C@@H]3C[C@@H](O)CN3C(=O)[C@@H](NC(=O)CCCCCCCCCCN(C)CCCONC(=O)C3=CC=C(F)C(F)=C3NC3=CC=C(I)C=C3F)C(C)(C)C)C=C2)SC=N1
DXMOVGRUXPNRRX,Q02750,P40337,1,0.9254066944122314,1,1090.105,10.88,165.23,CC1=C(C2=CC=C([C@H](C)NC(=O)[C@@H]3C[C@@H](O)CN3C(=O)[C@@H](NC(=O)CCCCCCCCCCN(C)CCCONC(=O)C3=CC=C(F)C(F)=C3NC3=CC=C(I)C=C3F)C(C)(C)C)C=C2)SC=N1
DYLGPTDXXUWFMK,P36507,P40337,1,0.98432457447052,1,1104.132,11.31,174.02,CC1=C(C2=CC=C([C@H](C)NC(=O)[C@@H]3C[C@@H](O)CN3C(=O)[C@@H](NC(=O)CCCCCCCCCCCNCCCCONC(=O)C3=CC=C(F)C(F)=C3NC3=CC=C(I)C=C3F)C(C)(C)C)C=C2)SC=N1
DYLGPTDXXUWFMK,Q02750,P40337,1,0.9801249504089355,1,1104.132,11.31,174.02,CC1=C(C2=CC=C([C@H](C)NC(=O)[C@@H]3C[C@@H](O)CN3C(=O)[C@@H](NC(=O)CCCCCCCCCCCNCCCCONC(=O)C3=CC=C(F)C(F)=C3NC3=CC=C(I)C=C3F)C(C)(C)C)C=C2)SC=N1
OWWBODSADLTRAR,P36507,Q96SW2,1,0.9461268782615662,1,984.764,3.36,204.12,O=C1CCC(N2C(=O)C3=CC=C(NCCOCCOCCOCCOCCOCCNCCCONC(=O)C4=CC=C(F)C(F)=C4NC4=CC=C(I)C=C4F)C=C3C2=O)C(=O)N1
OWWBODSADLTRAR,Q02750,Q96SW2,1,0.9350489974021912,1,984.764,3.36,204.12,O=C1CCC(N2C(=O)C3=CC=C(NCCOCCOCCOCCOCCOCCNCCCONC(=O)C4=CC=C(F)C(F)=C4NC4=CC=C(I)C=C4F)C=C3C2=O)C(=O)N1
XUJMNOQMXWVXQE,O14744,P40337,0,0.1549556404352188,0,1101.338,2.22,268.47,CC1=C(C2=CC=C([C@H](C)NC(=O)[C@@H]3C[C@@H](O)CN3C(=O)[C@@H](NC(=O)COCCOCCOCCOCCOCC(=O)N3CC(NC4=CC(C(=O)NC[C@H](O)CN5CCC6=CC=CC=C6C5)=NC=N4)C3)C(C)(C)C)C=C2)SC=N1
VTPSYVSGGUUAFN,O60885,P40337,1,0.7229658365249634,1,1096.337,6.78,228.79,CC1=C(C2=CC=C(CNC(=O)[C@@H]3C[C@@H](O)CN3C(=O)[C@@H](NC(=O)CCCCCCCCCCNC(=O)C3=CC4=C(C=C3CS(C)(=O)=O)C3=CN(C)C(=O)C5=C3C(=C[NH]5)CN4C3=NC=C(F)C=C3F)C(C)(C)C)C=C2)SC=N1
QZSIUKWWOMOSBP,O60885,P40337,0,0.642254114151001,1,1201.386,2.75,277.74,CC1=C(C2=CC=C(CNC(=O)[C@@H]3C[C@@H](O)CN3C(=O)[C@@H](NC(=O)COCCOCCOCCNC(=O)C3=CC4=C(C=C3CS(C)(=O)=O)C3=CN(C)C(=O)C5=C3C(=C[NH]5)CN4C3=NC=C(F)C=C3F)C(C)(C)C)C(OC3CCNCC3)=C2)SC=N1
UNADZUGJDDCVKE,O60885,P40337,1,0.9462080001831055,1,1149.313,4.2,273.27,CC1=C(C2=CC=C(CNC(=O)[C@@H]3C[C@@H](O)CN3C(=O)[C@@H](NC(=O)COCCC3=CC(N)=CC(OCCNC(=O)C4=CC5=C(C=C4CS(C)(=O)=O)C4=CN(C)C(=O)C6=C4C(=C[NH]6)CN5C4=NC=C(F)C=C4F)=C3)C(C)(C)C)C=C2)SC=N1
JQHNOZDZLLPAJF,O60885,P40337,1,0.9525747895240784,1,1150.297,4.52,267.48,CC1=C(C2=CC=C(CNC(=O)[C@@H]3C[C@@H](O)CN3C(=O)[C@@H](NC(=O)COCCC3=CC(O)=CC(OCCNC(=O)C4=CC5=C(C=C4CS(C)(=O)=O)C4=CN(C)C(=O)C6=C4C(=C[NH]6)CN5C4=NC=C(F)C=C4F)=C3)C(C)(C)C)C=C2)SC=N1
XCXZOGOAQQLALD,O60885,P40337,0,0.2271023690700531,0,983.231,3.66,237.51,CC1=C(C2=CC=C(CNC(=O)[C@@H]3C[C@@H](O)CN3C(=O)[C@@H](NC(=O)COCCOCCOCCNC(=O)C[C@@H]3N=C(C4=CC=C(N)C=C4)C4=C(SC(C)=C4C)N4C(C)=NN=C34)C(C)(C)C)C=C2)SC=N1
AFQYUHBTQNKWIU,O60885,P40337,0,0.24703720211982727,0,1075.756,4.51,232.75,CNCCOC1=CC(C2=C(C)N=CS2)=CC=C1CNC(=O)[C@@H]1C[C@@H](O)CN1C(=O)[C@@H](NC(=O)COCCOCCOCCNC(=O)C[C@@H]1N=C(C2=CC=C(Cl)C=C2)C2=C(SC(C)=C2C)N2C(C)=NN=C12)C(C)(C)C
FOJOYRKGPBBUCX,O60885,P40337,0,0.6310111284255981,1,1101.794,5.06,232.75,CC1=C(C2=CC=C(CNC(=O)[C@@H]3C[C@@H](O)CN3C(=O)[C@@H](NC(=O)COCCOCCOCCNC(=O)C[C@@H]3N=C(C4=CC=C(Cl)C=C4)C4=C(SC(C)=C4C)N4C(C)=NN=C34)C(C)(C)C)C(OC3CCNCC3)=C2)SC=N1
BVEMTZIKXNJFIM,O60885,P40337,1,0.809013843536377,1,1049.721,6.51,228.28,CC1=C(C2=CC=C(CNC(=O)[C@@H]3C[C@@H](O)CN3C(=O)[C@@H](NC(=O)COCCC3=CC(N)=CC(OCCNC(=O)C[C@@H]4N=C(C5=CC=C(Cl)C=C5)C5=C(SC(C)=C5C)N5C(C)=NN=C45)=C3)C(C)(C)C)C=C2)SC=N1
XYRCFJBQFAIJBP,O60885,P40337,0,0.28592339158058167,0,1041.742,5.33,214.29,CC1=C(C2=CC=C(CNC(=O)[C@@H]3C[C@@H](O)CN3C(=O)[C@@H](NC(=O)COC[C@@H]3CNC[C@H](COCCNC(=O)C[C@@H]4N=C(C5=CC=C(Cl)C=C5)C5=C(SC(C)=C5C)N5C(C)=NN=C45)C3)C(C)(C)C)C=C2)SC=N1
MXYBZGJJYHQKSU,O60885,P40337,1,0.8269818425178528,1,1107.442,7.89,212.07,CC1=C(C2=CC=C(CNC(=O)[C@@H]3C[C@@H](O)CN3C(=O)[C@@H](NC(=O)CCC3=CC(N)=CC(CCOCCOCC#CC4=CC=C(C5=N[C@@H](CC6=NC=CS6)C6=NN=C(C)N6C6=C5C(C)=C(C)S6)C=C4)=C3)C(C)(C)C)C=C2)SC=N1
FXEIENSZGMCCEE,O60885,P40337,1,0.7700566649436951,1,962.599,5.71,193.03,CC1=C(C2=CC=C(CNC(=O)[C@@H]3C[C@@H](O)CN3C(=O)[C@@H](NC(=O)COCC#CC#CCNC(=O)C[C@@H]3N=C(C4=CC=C(Cl)C=C4)C4=C(SC(C)=C4C)N4C(C)=NN=C34)C(C)(C)C)C=C2)SC=N1
HFHJPCGVORVJEM,Q05397,Q96SW2,1,0.8910231590270996,1,964.945,0.8,286.85,CN(C1=NC=CN=C1CNC1=NC(NC2=CC=C(C(=O)NCC3=CN(CCOCCOCCNC4=CC=CC5=C4C(=O)N(C4CCC(=O)NC4=O)C5=O)N=N3)C=C2)=NC=C1C(F)(F)F)S(C)(=O)=O
SWVYRPQUTONQRV,Q05397,Q96SW2,1,0.792664110660553,1,1008.998,0.65,296.08,CN(C1=NC=CN=C1CNC1=NC(NC2=CC=C(C(=O)NCC3=CN(CCOCCOCCOCCNC4=CC=CC5=C4C(=O)N(C4CCC(=O)NC4=O)C5=O)N=N3)C=C2)=NC=C1C(F)(F)F)S(C)(=O)=O
YKYLBDUVVSFNHK,Q05397,Q96SW2,1,0.8450953960418701,1,919.904,1.98,264.73,CN(C1=NC=CC=C1CNC1=NC(NC2=CC=C(C(=O)NCC3=CN(CCOCCNC4=CC=CC5=C4C(=O)N(C4CCC(=O)NC4=O)C5=O)N=N3)C=C2)=NC=C1C(F)(F)F)S(C)(=O)=O
PKVORWUTBARDDH,Q05397,Q96SW2,1,0.9029771685600281,1,963.957,1.83,273.96,CN(C1=NC=CC=C1CNC1=NC(NC2=CC=C(C(=O)NCC3=CN(CCOCCOCCNC4=CC=CC5=C4C(=O)N(C4CCC(=O)NC4=O)C5=O)N=N3)C=C2)=NC=C1C(F)(F)F)S(C)(=O)=O
LCIKYUVWQAEKNS,Q05397,Q96SW2,1,0.8103285431861877,1,1008.01,1.69,283.19,CN(C1=NC=CC=C1CNC1=NC(NC2=CC=C(C(=O)NCC3=CN(CCOCCOCCOCCNC4=CC=CC5=C4C(=O)N(C4CCC(=O)NC4=O)C5=O)N=N3)C=C2)=NC=C1C(F)(F)F)S(C)(=O)=O
ZYXULQSSGRJULY,Q05397,Q96SW2,1,0.8516941070556641,1,906.865,1.31,277.62,CN(C1=NC=CN=C1CNC1=NC(NC2=CC=C(NC(=O)C3=CN(CCOCCNC4=CC=CC5=C4C(=O)N(C4CCC(=O)NC4=O)C5=O)N=N3)C=C2)=NC=C1C(F)(F)F)S(C)(=O)=O
WSSLMXUFNPNQOC,Q05397,Q96SW2,1,0.8960962891578674,1,950.918,1.16,286.85,CN(C1=NC=CN=C1CNC1=NC(NC2=CC=C(NC(=O)C3=CN(CCOCCOCCNC4=CC=CC5=C4C(=O)N(C4CCC(=O)NC4=O)C5=O)N=N3)C=C2)=NC=C1C(F)(F)F)S(C)(=O)=O
HJCPWLDOKFFNBA,Q05397,Q96SW2,1,0.9219410419464111,1,994.971,1.01,296.08,CN(C1=NC=CN=C1CNC1=NC(NC2=CC=C(NC(=O)C3=CN(CCOCCOCCOCCNC4=CC=CC5=C4C(=O)N(C4CCC(=O)NC4=O)C5=O)N=N3)C=C2)=NC=C1C(F)(F)F)S(C)(=O)=O
YBMPYUQIBZJXCZ,Q05397,Q96SW2,1,0.9476401209831238,1,993.983,2.05,283.19,CN(C1=NC=CC=C1CNC1=NC(NC2=CC=C(NC(=O)C3=CN(CCOCCOCCOCCNC4=CC=CC5=C4C(=O)N(C4CCC(=O)NC4=O)C5=O)N=N3)C=C2)=NC=C1C(F)(F)F)S(C)(=O)=O
SDUQBXCEGLRTPJ,Q05397,Q96SW2,1,0.6117722988128662,1,1038.036,1.9,292.42,CN(C1=NC=CC=C1CNC1=NC(NC2=CC=C(NC(=O)C3=CN(CCOCCOCCOCCOCCNC4=CC=CC5=C4C(=O)N(C4CCC(=O)NC4=O)C5=O)N=N3)C=C2)=NC=C1C(F)(F)F)S(C)(=O)=O
AEQCSXCPHFZTNV,Q05397,Q96SW2,1,0.8975836038589478,1,944.91,1.85,261.93,CN(C1=NC=CC=C1CNC1=NC(NC2=CC=C(NC(=O)C3=CN(CCOCCOCC#CC4=CC=CC5=C4C(=O)N(C4CCC(=O)NC4=O)C5=O)N=N3)C=C2)=NC=C1C(F)(F)F)S(C)(=O)=O
FEZJNHIIMHWZTF,Q05397,Q96SW2,1,0.9050259590148926,1,942.938,3.07,252.7,CN(C1=NC=CC=C1CNC1=NC(NC2=CC=C(NC(=O)C3=CN(CCCCCOCC#CC4=CC=CC5=C4C(=O)N(C4CCC(=O)NC4=O)C5=O)N=N3)C=C2)=NC=C1C(F)(F)F)S(C)(=O)=O
PBHLTZUVDXLJQZ,Q05397,Q96SW2,1,0.9178522825241089,1,940.966,4.95,243.47,CN(C1=NC=CC=C1CNC1=NC(NC2=CC=C(NC(=O)C3=CN(CCCCCCCC#CC4=CC=CC5=C4C(=O)N(C4CCC(=O)NC4=O)C5=O)N=N3)C=C2)=NC=C1C(F)(F)F)S(C)(=O)=O
GNTSSXPDCUGXDV,Q05397,Q96SW2,1,0.9221118092536926,1,948.942,2.28,261.93,CN(C1=NC=CC=C1CNC1=NC(NC2=CC=C(NC(=O)C3=CN(CCOCCOCCCC4=CC=CC5=C4C(=O)N(C4CCC(=O)NC4=O)C5=O)N=N3)C=C2)=NC=C1C(F)(F)F)S(C)(=O)=O
WWPUSLMSNQTZNH,Q05397,Q96SW2,1,0.9434038996696472,1,944.998,5.64,243.47,CN(C1=NC=CC=C1CNC1=NC(NC2=CC=C(NC(=O)C3=CN(CCCCCCCCCC4=CC=CC5=C4C(=O)N(C4CCC(=O)NC4=O)C5=O)N=N3)C=C2)=NC=C1C(F)(F)F)S(C)(=O)=O
SXXOFFJATGUTIT,O60760,Q13490,0,0.1554456502199173,0,1113.352,5.96,227.06,CN[C@@H](C)C(=O)N[C@H](C(=O)N1CCC[C@H]1C1=NC(C(=O)C2=CC=CC(OCCOCCOCC(=O)N3CCN(C(=O)C4CCN(C5=CC=C(NC(=O)C6=CN=C(OC7=CC=CC=C7)N=C6)C=C5)CC4)CC3)=C2)=CS1)C1CCCCC1
DAEHHDDUURMTNL,P14902,Q96SW2,0,0.035351064056158066,0,746.551,0.72,221.64,O=C1CCC(N2CC3=C(NC(=O)COCCOCCNCCNC4=NON=C4/C(=N\O)NC4=CC=C(F)C(Br)=C4)C=CC=C3C2=O)C(=O)N1
KDFPOECSAQSOFF,P14902,Q96SW2,0,0.07654272019863129,0,790.604,0.57,230.87,O=C1CCC(N2CC3=C(NC(=O)COCCOCCOCCNCCNC4=NON=C4/C(=N\O)NC4=CC=C(F)C(Br)=C4)C=CC=C3C2=O)C(=O)N1
VIACJOIWGKKFOO,P14902,Q96SW2,0,0.023436058312654495,0,834.657,0.43,240.1,O=C1CCC(N2CC3=C(NC(=O)COCCOCCOCCOCCNCCNC4=NON=C4/C(=N\O)NC4=CC=C(F)C(Br)=C4)C=CC=C3C2=O)C(=O)N1
YDEQEGICAMJAIK,P14902,Q96SW2,0,0.047547947615385056,0,878.71,1.55,249.33,O=C1CCC(N2C(=O)C3=CC=CC(NCCOCCOCCOCCOCCOCCNCCNC4=NON=C4/C(=N\O)NC4=CC=C(F)C(Br)=C4)=C3C2=O)C(=O)N1
BVQZWOPTIZSOAW,P14902,Q96SW2,0,0.1005479246377945,0,966.816,1.26,267.79,O=C1CCC(N2C(=O)C3=CC=CC(NCCOCCOCCOCCOCCOCCOCCOCCNCCNC4=NON=C4/C(=N\O)NC4=CC=C(F)C(Br)=C4)=C3C2=O)C(=O)N1
WUUYWUDYFMUNCU,P14902,Q96SW2,0,0.07880353182554245,0,1054.922,0.96,286.25,O=C1CCC(N2C(=O)C3=CC=CC(NCCOCCOCCOCCOCCOCCOCCOCCOCCOCCNCCNC4=NON=C4/C(=N\O)NC4=CC=C(F)C(Br)=C4)=C3C2=O)C(=O)N1
SFODRSARUJDQSA,P35348,Q96SW2,0,0.03966791182756424,0,829.828,-0.23,264.86,COC1=CC2=NC(N3CCN(C(=O)C4=CN(CCOCCOCCOCC(=O)NC5=CC=CC6=C5C(=O)N(C5CCC(=O)NC5=O)C6=O)N=N4)CC3)=NC(N)=C2C=C1OC
YPWCKSJHFDZUNO,P35613,Q96SW2,0,0.04892575740814209,0,746.766,2.9,197.98,COC(=O)C1=CC[C@]23CC[C@@H]([C@@]2(OC(C)=O)CC1)[C@@](C)(/C=C/C=C(\C)C(=O)OCCCOC1=CC=CC2=C1C(=O)N(C1CCC(=O)NC1=O)C2=O)OC3=O
NPCDHHICMMZLER,P35613,Q96SW2,0,0.044852741062641144,0,774.82,3.61,197.98,COC(=O)C1=CC[C@]23CC[C@@H]([C@@]2(OC(C)=O)CC1)[C@@](C)(/C=C/C=C(\C)C(=O)OCCCCCOC1=CC=CC2=C1C(=O)N(C1CCC(=O)NC1=O)C2=O)OC3=O
DHWXVGHEJBGGBG,P35613,Q96SW2,0,0.04727071151137352,0,802.874,4.51,197.98,COC(=O)C1=CC[C@]23CC[C@@H]([C@@]2(OC(C)=O)CC1)[C@@](C)(/C=C/C=C(\C)C(=O)OCCCCCCCOC1=CC=CC2=C1C(=O)N(C1CCC(=O)NC1=O)C2=O)OC3=O
LIIPDGRRJYPSAT,P35613,Q96SW2,0,0.04751688241958618,0,820.845,2.25,216.44,COC(=O)C1=CC[C@]23CC[C@@H]([C@@]2(OC(C)=O)CC1)[C@@](C)(/C=C/C=C(\C)C(=O)OCCOCCOCCOC1=CC=CC2=C1C(=O)N(C1CCC(=O)NC1=O)C2=O)OC3=O
KIKGYQSXBONTRB,P35613,Q96SW2,0,0.06767338514328003,0,864.898,2.1,225.67,COC(=O)C1=CC[C@]23CC[C@@H]([C@@]2(OC(C)=O)CC1)[C@@](C)(/C=C/C=C(\C)C(=O)OCCOCCOCCOCCOC1=CC=CC2=C1C(=O)N(C1CCC(=O)NC1=O)C2=O)OC3=O
FINCIBVFPLIQGI,P35613,Q96SW2,0,0.04973611235618591,0,744.798,2.89,203.58,COC(=O)C1=CC[C@]23CC[C@@H]([C@@]2(OC(C)=O)CC1)[C@@](C)(/C=C/C=C(\C)C(=O)NCCCNC1=CC=CC2=C1C(=O)N(C1CCC(=O)NC1=O)C2=O)OC3=O
MBFRJWUVWQWPIJ,P35613,Q96SW2,0,0.04488716647028923,0,758.825,3.24,203.58,COC(=O)C1=CC[C@]23CC[C@@H]([C@@]2(OC(C)=O)CC1)[C@@](C)(/C=C/C=C(\C)C(=O)NCCCCNC1=CC=CC2=C1C(=O)N(C1CCC(=O)NC1=O)C2=O)OC3=O
JGEQPCIHUWDGBZ,P35613,Q96SW2,0,0.06112190708518028,0,786.879,3.96,203.58,COC(=O)C1=CC[C@]23CC[C@@H]([C@@]2(OC(C)=O)CC1)[C@@](C)(/C=C/C=C(\C)C(=O)NCCCCCCNC1=CC=CC2=C1C(=O)N(C1CCC(=O)NC1=O)C2=O)OC3=O
UGEBDJFVWGYGBO,P35613,Q96SW2,0,0.03452010825276375,0,756.809,2.07,186.0,COC(=O)C1=CC[C@]23CC[C@@H]([C@@]2(OC(C)=O)CC1)[C@@](C)(/C=C/C=C(\C)C(=O)N1CCN(C2=CC=CC4=C2C(=O)N(C2CCC(=O)NC2=O)C4=O)CC1)OC3=O
LMIYKUREKRMWNT,P35613,Q96SW2,0,0.03600386902689934,0,770.836,2.67,194.79,COC(=O)C1=CC[C@]23CC[C@@H]([C@@]2(OC(C)=O)CC1)[C@@](C)(/C=C/C=C(\C)C(=O)NC1CCN(C2=CC=CC4=C2C(=O)N(C2CCC(=O)NC2=O)C4=O)CC1)OC3=O
JRWNCELYFXURRI,P35613,Q96SW2,0,0.04447489604353905,0,770.836,2.71,194.79,COC(=O)C1=CC[C@]23CC[C@@H]([C@@]2(OC(C)=O)CC1)[C@@](C)(/C=C/C=C(\C)C(=O)N1CCC(NC2=CC=CC4=C2C(=O)N(C2CCC(=O)NC2=O)C4=O)CC1)OC3=O
AMBNMDIPGZXRRW,O15379,Q96SW2,0,0.0653763860464096,0,657.659,1.78,208.9,NC1=CC(F)=CC=C1NC(=O)C1=CC=C(NC(=O)CCCCNC(=O)CNC2=CC=CC3=C2C(=O)N(C2CCC(=O)NC2=O)C3=O)C=C1
WEFNUHQNBKXKGD,O00418,Q96SW2,0,0.03831566870212555,0,707.657,-2.07,286.21,CCN1C(=O)N(CC(=O)NCCOCCNC(=O)COC2=CC=CC3=C2C(=O)N(C2CCC(=O)NC2=O)C3=O)C(=O)C2=CC(C(N)=O)=C(N)N=C21
MCPFQJKJCFMAIH,P00533,P40337,0,0.5673746466636658,1,995.312,8.54,185.77,CC1=C(C2=CC=C(CNC(=O)[C@@H]3C[C@@H](O)CN3C(=O)[C@@H](NC(=O)CCCCCCN3CCN(C4=CC=C(NC5=NC=C6N=C(NC7=CC=CC=C7)N(C7CCCC7)C6=N5)C=C4)CC3)C(C)(C)C)C=C2)SC=N1
MCPFQJKJCFMAIH,P00533,P40337,0,0.5673746466636658,1,995.312,8.54,185.77,CC1=C(C2=CC=C(CNC(=O)[C@@H]3C[C@@H](O)CN3C(=O)[C@@H](NC(=O)CCCCCCN3CCN(C4=CC=C(NC5=NC=C6N=C(NC7=CC=CC=C7)N(C7CCCC7)C6=N5)C=C4)CC3)C(C)(C)C)C=C2)SC=N1
MCPFQJKJCFMAIH,P00533,P40337,1,0.5673746466636658,1,995.312,8.54,185.77,CC1=C(C2=CC=C(CNC(=O)[C@@H]3C[C@@H](O)CN3C(=O)[C@@H](NC(=O)CCCCCCN3CCN(C4=CC=C(NC5=NC=C6N=C(NC7=CC=CC=C7)N(C7CCCC7)C6=N5)C=C4)CC3)C(C)(C)C)C=C2)SC=N1
OAEOAAWVWTZNON,P00533,P40337,0,0.07390312105417252,0,1009.339,9.08,185.77,CC1=C(C2=CC=C(CNC(=O)[C@@H]3C[C@@H](O)CN3C(=O)[C@@H](NC(=O)CCCCCCCN3CCN(C4=CC=C(NC5=NC=C6N=C(NC7=CC=CC=C7)N(C7CCCC7)C6=N5)C=C4)CC3)C(C)(C)C)C=C2)SC=N1
OAEOAAWVWTZNON,P00533,P40337,0,0.07390309870243073,0,1009.339,9.08,185.77,CC1=C(C2=CC=C(CNC(=O)[C@@H]3C[C@@H](O)CN3C(=O)[C@@H](NC(=O)CCCCCCCN3CCN(C4=CC=C(NC5=NC=C6N=C(NC7=CC=CC=C7)N(C7CCCC7)C6=N5)C=C4)CC3)C(C)(C)C)C=C2)SC=N1
YTBOHZLAPNSENZ,P00533,Q96SW2,1,0.3049919307231903,0,943.123,3.67,200.65,CN(CCOCCOCCOCCN1CCN(C2=CC=C(NC3=NC=C4N=C(NC5=CC=CC=C5)N(C5CCCC5)C4=N3)C=C2)CC1)CC(=O)NC1=CC=CC2=C1CN(C1CCC(=O)NC1=O)C2=O
YTBOHZLAPNSENZ,P00533,Q96SW2,0,0.3049919307231903,0,943.123,3.67,200.65,CN(CCOCCOCCOCCN1CCN(C2=CC=C(NC3=NC=C4N=C(NC5=CC=CC=C5)N(C5CCCC5)C4=N3)C=C2)CC1)CC(=O)NC1=CC=CC2=C1CN(C1CCC(=O)NC1=O)C2=O
YMXWKCAXGFLWAH,Q9NWZ3,Q96SW2,0,0.06234081834554672,0,802.849,2.28,246.61,CC(C)NC1=CC(N2C=CC3=CC(C#N)=CN=C32)=NC=C1C(=O)N[C@H]1CC[C@H](C(=O)NCCNC(=O)COC2=CC=CC3=C2C(=O)N(C2CCC(=O)NC2=O)C3=O)CC1
DHVQDOJINANBTP,Q9NWZ3,Q96SW2,0,0.03548625111579895,0,816.876,2.64,246.61,CC(C)NC1=CC(N2C=CC3=CC(C#N)=CN=C32)=NC=C1C(=O)N[C@H]1CC[C@H](C(=O)NCCCNC(=O)COC2=CC=CC3=C2C(=O)N(C2CCC(=O)NC2=O)C3=O)CC1
HTWBTPRKNVRYHW,Q9NWZ3,Q96SW2,0,0.034577857702970505,0,830.903,3.0,246.61,CC(C)NC1=CC(N2C=CC3=CC(C#N)=CN=C32)=NC=C1C(=O)N[C@H]1CC[C@H](C(=O)NCCCCNC(=O)COC2=CC=CC3=C2C(=O)N(C2CCC(=O)NC2=O)C3=O)CC1
NOGGUZVPDPKPMG,Q9NWZ3,Q96SW2,0,0.05769390985369682,0,844.93,3.36,246.61,CC(C)NC1=CC(N2C=CC3=CC(C#N)=CN=C32)=NC=C1C(=O)N[C@H]1CC[C@H](C(=O)NCCCCCNC(=O)COC2=CC=CC3=C2C(=O)N(C2CCC(=O)NC2=O)C3=O)CC1
YNNBDJQWDDDBRU,Q9NWZ3,Q96SW2,0,0.05046707019209862,0,846.902,2.14,255.84,CC(C)NC1=CC(N2C=CC3=CC(C#N)=CN=C32)=NC=C1C(=O)N[C@H]1CC[C@H](C(=O)NCCOCCNC(=O)COC2=CC=CC3=C2C(=O)N(C2CCC(=O)NC2=O)C3=O)CC1
INXGMIWEZJNJOA,O15379,P40337,1,0.5517092347145081,1,852.115,6.81,181.86,CCCNNC(=O)C1=CC=C(C2=CC=C(NC(=O)CCCCCCC(=O)N[C@H](C(=O)N3C[C@H](O)C[C@H]3C(=O)N[C@@H](C)C3=CC=C(C4=C(C)N=CS4)C=C3)C(C)(C)C)C=C2)C=C1
IKUFCSGURQJEKV,Q00534,P40337,1,0.9927513599395752,1,1002.3,6.45,207.88,CC(=O)C1=C(C)C2=CN=C(NC3=CC=C(N4CCN(CCCCCCCC(=O)N[C@H](C(=O)N5C[C@H](O)C[C@H]5C(=O)NCC5=CC=C(C6=C(C)N=CS6)C=C5)C(C)(C)C)CC4)C=N3)N=C2N(C2CCCC2)C1=O
WYPMPGWHIPETEB,P11802,P40337,1,0.9920727610588074,1,1094.325,4.76,235.57,CC(=O)C1=C(C)C2=CN=C(NC3=CC=C(N4CCN(CCOCCOCCOC5=CC(C6=C(C)N=CS6)=CC=C5CNC(=O)[C@@H]5C[C@@H](O)CN5C(=O)[C@@H](NC(=O)C5(F)CC5)C(C)(C)C)CC4)C=N3)N=C2N(C2CCCC2)C1=O
WYPMPGWHIPETEB,Q00534,P40337,1,0.9926204681396484,1,1094.325,4.76,235.57,CC(=O)C1=C(C)C2=CN=C(NC3=CC=C(N4CCN(CCOCCOCCOC5=CC(C6=C(C)N=CS6)=CC=C5CNC(=O)[C@@H]5C[C@@H](O)CN5C(=O)[C@@H](NC(=O)C5(F)CC5)C(C)(C)C)CC4)C=N3)N=C2N(C2CCCC2)C1=O
ZGJRSUQTJKRDJL,Q00534,P98170,0,0.10977620631456375,0,1182.478,6.58,232.94,CN[C@@H](C)C(=O)N[C@H](C(=O)N1C[C@@H](OC2=CC=CC(OCCOCCOCCOCCN3CCN(C4=CC=C(NC5=NC=C6C(C)=C(C(C)=O)C(=O)N(C7CCCC7)C6=N5)N=C4)CC3)=C2)C[C@H]1C(=O)N[C@@H]1CCCC2=CC=CC=C21)C1CCCCC1
XRGFJEIUSASXRL,Q00534,Q00987,0,0.18706032633781433,0,1221.248,7.93,227.19,COC1=CC(C(=O)NCCOCCOCCOCCN2CCN(C3=CC=C(NC4=NC=C5C(C)=C(C(C)=O)C(=O)N(C6CCCC6)C5=N4)N=C3)CC2)=CC=C1NC(=O)[C@@H]1N[C@@H](CC(C)(C)C)[C@](C#N)(C2=CC=C(Cl)C=C2F)[C@H]1C1=CC=CC(Cl)=C1F
XRGFJEIUSASXRL,P11802,Q00987,0,0.1728236824274063,0,1221.248,7.93,227.19,COC1=CC(C(=O)NCCOCCOCCOCCN2CCN(C3=CC=C(NC4=NC=C5C(C)=C(C(C)=O)C(=O)N(C6CCCC6)C5=N4)N=C3)CC2)=CC=C1NC(=O)[C@@H]1N[C@@H](CC(C)(C)C)[C@](C#N)(C2=CC=C(Cl)C=C2F)[C@H]1C1=CC=CC(Cl)=C1F
PHBHADRVFSMQAN,P15056,Q96SW2,1,0.8519225716590881,1,1133.242,2.63,264.28,CCCS(=O)(=O)NC1=CC=C(F)C(N2C=C(C3=CN=CN=C3)C3=NC(N(C)C4CCN(C(=O)CCOCCOCCOCCOCCOCCOCCNC5=CC=CC6=C5C(=O)N(C5CCC(=O)NC5=O)C6=O)CC4)=CC=C32)=C1F
UGQUDUNSDGAZIO,P15056,Q96SW2,0,0.16551940143108368,0,1221.348,2.34,282.74,CCCS(=O)(=O)NC1=CC=C(F)C(N2C=C(C3=CN=CN=C3)C3=NC(N(C)C4CCN(C(=O)CCOCCOCCOCCOCCOCCOCCOCCOCCNC5=CC=CC6=C5C(=O)N(C5CCC(=O)NC5=O)C6=O)CC4)=CC=C32)=C1F
GVOFKFUVWFBDKE,P15056,Q96SW2,0,0.10782629996538162,0,1100.216,3.04,265.69,CCCS(=O)(=O)NC1=CC=C(F)C(N2C=C(C3=CN=CN=C3)C3=NC(N(C)C4CCN(C(=O)CCC(=O)NCCCOCCOCCOCCCNC5=CC=CC6=C5C(=O)N(C5CCC(=O)NC5=O)C6=O)CC4)=CC=C32)=C1F
LCDUHYBKQVDAET,P15056,Q96SW2,0,0.7308052778244019,1,1070.19,3.15,239.83,CCCS(=O)(=O)NC1=CC=C(F)C(N2C=C(C3=CN=CN=C3)C3=NC(N(C)C4CCN(CC5CN(C(=O)CCOCCOCCOCCNC6=CC=CC7=C6C(=O)N(C6CCC(=O)NC6=O)C7=O)C5)CC4)=CC=C32)=C1F
CKYMSWCSFSXJQJ,P15056,Q96SW2,0,0.14926446974277496,0,1155.387,7.9,215.38,CCCS(=O)(=O)NC1=CC=C(F)C(N2C=C(C3=CN=CN=C3)C3=NC(N(C)C4CCN(CCCCCCCCCC(=O)N5CCN(CC6=CC=C(CNC7=CC=CC8=C7C(=O)N(C7CCC(=O)NC7=O)C8=O)C=C6)CC5)CC4)=CC=C32)=C1F
KHDFCYGRSVDYNO,P15056,Q96SW2,0,0.10588520765304565,0,1036.22,6.16,203.35,CCCS(=O)(=O)NC1=CC=C(F)C(N2C=C(C3=CN=CN=C3)C3=NC(N(C)C4CCN(CCCCCCCCCC(=O)N5CCN(C6=CC=CC7=C6C(=O)N(C6CCC(=O)NC6=O)C7=O)CC5)CC4)=CC=C32)=C1F
VFSRJJPNEQKSQQ,P15056,Q96SW2,0,0.12660013139247894,0,1082.161,2.31,267.3,CCCS(=O)(=O)NC1=CC=C(F)C(N2C=C(C3=CN=CN=C3)C3=NC(N(C)C4CCN(C(=O)CCOCCOCCN5C=C(COCCNC6=CC=CC7=C6C(=O)N(C6CCC(=O)NC6=O)C7=O)N=N5)CC4)=CC=C32)=C1F
OURGGRRMESLKOS,P15056,Q96SW2,0,0.17503663897514343,0,1026.133,2.64,216.72,CCCS(=O)(=O)NC1=CC=C(F)C(N2C=C(C3=CN=CN=C3)C3=NC(N(C)C4CCN(C(=O)CCOCCOCCOCCOCC#CC5=CC=CC6=C5CN(C5CCC(=O)NC5=O)C6=O)CC4)=CC=C32)=C1F
PTEVOZUKHQQUNI,Q06187,Q13490,0,0.36662253737449646,0,1082.223,6.05,251.25,CN[C@@H](C)C(=O)N[C@H](C(=O)N1CC2=CC(OCC3=CN=C(COC(=O)N4CCC[C@@H](N5N=C(C6=CC=C(OC7=CC=C(F)C=C7F)C=C6)C(C(N)=O)=C5N)C4)C=N3)=CC=C2C[C@H]1C(=O)N[C@@H]1CCCC2=CC=CC=C21)C(C)(C)C
BXCPYBFBMAWDDY,P24941,Q96SW2,1,0.9106475114822388,1,890.962,2.19,285.98,CC1=C(C(=O)N2N=C(NC3=CC=C(S(=O)(=O)NCCOCC4=CN(CCOCCOCCNC5=CC=CC6=C5C(=O)N(C5CCC(=O)NC5=O)C6=O)N=N4)C=C3)N=C2N)SC=C1
BXCPYBFBMAWDDY,P24941,Q96SW2,1,0.9106475114822388,1,890.962,2.19,285.98,CC1=C(C(=O)N2N=C(NC3=CC=C(S(=O)(=O)NCCOCC4=CN(CCOCCOCCNC5=CC=CC6=C5C(=O)N(C5CCC(=O)NC5=O)C6=O)N=N4)C=C3)N=C2N)SC=C1
BXCPYBFBMAWDDY,P24941,Q96SW2,1,0.9106475114822388,1,890.962,2.19,285.98,CC1=C(C(=O)N2N=C(NC3=CC=C(S(=O)(=O)NCCOCC4=CN(CCOCCOCCNC5=CC=CC6=C5C(=O)N(C5CCC(=O)NC5=O)C6=O)N=N4)C=C3)N=C2N)SC=C1
BXCPYBFBMAWDDY,P24941,Q96SW2,1,0.9106475114822388,1,890.962,2.19,285.98,CC1=C(C(=O)N2N=C(NC3=CC=C(S(=O)(=O)NCCOCC4=CN(CCOCCOCCNC5=CC=CC6=C5C(=O)N(C5CCC(=O)NC5=O)C6=O)N=N4)C=C3)N=C2N)SC=C1
BXCPYBFBMAWDDY,P24941,Q96SW2,1,0.9106475114822388,1,890.962,2.19,285.98,CC1=C(C(=O)N2N=C(NC3=CC=C(S(=O)(=O)NCCOCC4=CN(CCOCCOCCNC5=CC=CC6=C5C(=O)N(C5CCC(=O)NC5=O)C6=O)N=N4)C=C3)N=C2N)SC=C1
BXCPYBFBMAWDDY,P24941,Q96SW2,1,0.9106475114822388,1,890.962,2.19,285.98,CC1=C(C(=O)N2N=C(NC3=CC=C(S(=O)(=O)NCCOCC4=CN(CCOCCOCCNC5=CC=CC6=C5C(=O)N(C5CCC(=O)NC5=O)C6=O)N=N4)C=C3)N=C2N)SC=C1
MBCAVOCJJAQHHT,P15056,P40337,1,0.9246854782104492,1,1010.203,6.39,210.03,CCCS(=O)(=O)NC1=CC=C(F)C(C(=O)C2=C[NH]C3=NC=C(C4=CC=C(N5CCN(CC(=O)N[C@H](C(=O)N6C[C@H](O)C[C@H]6C(=O)NCC6=CC=C(C7=C(C)N=CS7)C=C6)C(C)(C)C)CC5)C=C4)C=C23)=C1F
MBCAVOCJJAQHHT,P15056,P40337,1,0.9246854782104492,1,1010.203,6.39,210.03,CCCS(=O)(=O)NC1=CC=C(F)C(C(=O)C2=C[NH]C3=NC=C(C4=CC=C(N5CCN(CC(=O)N[C@H](C(=O)N6C[C@H](O)C[C@H]6C(=O)NCC6=CC=C(C7=C(C)N=CS7)C=C6)C(C)(C)C)CC5)C=C4)C=C23)=C1F
MBCAVOCJJAQHHT,P15056,P40337,1,0.9246854782104492,1,1010.203,6.39,210.03,CCCS(=O)(=O)NC1=CC=C(F)C(C(=O)C2=C[NH]C3=NC=C(C4=CC=C(N5CCN(CC(=O)N[C@H](C(=O)N6C[C@H](O)C[C@H]6C(=O)NCC6=CC=C(C7=C(C)N=CS7)C=C6)C(C)(C)C)CC5)C=C4)C=C23)=C1F
TXZDWTVEZQSZKM,Q06187,Q96SW2,1,0.5495274066925049,1,907.005,3.93,250.87,CN(CCCNC(=O)CNC1=CC=CC2=C1C(=O)N(C1CCC(=O)NC1=O)C2=O)C(C)(C)/C=C(\C#N)C(=O)N1CCC[C@@H](N2N=C(C3=CC=C(OC4=CC=CC=C4)C=C3)C3=C(N)N=CN=C32)C1
QFFHUSYJWPTYGI,P09874,Q96SW2,0,0.07702800631523132,0,722.818,4.83,170.43,O=C1CCC(N2CC3=C(NC(=O)CCCCCCCCCCNC(=O)C4=CC(CC5=N[NH]C(=O)C6=CC=CC=C56)=CC=C4F)C=CC=C3C2=O)C(=O)N1
JOZGICGAZBMCJF,P10275,P40337,0,0.025709005072712898,0,882.069,5.35,175.32,CC1=C(C2=CC=C([C@H](C)NC(=O)[C@@H]3C[C@@H](O)CN3C(=O)[C@@H](NC(=O)CCCCNC(=O)COC3=C(F)C(F)=CC=C3C3=CSC(N4CCOCC4)=N3)C(C)(C)C)C=C2)SC=N1
JOZGICGAZBMCJF,P10275,P40337,0,0.025709005072712898,0,882.069,5.35,175.32,CC1=C(C2=CC=C([C@H](C)NC(=O)[C@@H]3C[C@@H](O)CN3C(=O)[C@@H](NC(=O)CCCCNC(=O)COC3=C(F)C(F)=CC=C3C3=CSC(N4CCOCC4)=N3)C(C)(C)C)C=C2)SC=N1
UDYJPOTUXDFZCN,Q5S007,Q96SW2,0,0.07150750607252121,0,703.716,1.32,219.58,N#CC1=CC=CC(C2=C[NH]C3=NC=NC(N4CCOC(CNC(=O)CCCC(=O)NC5=CC=CC6=C5C(=O)N(C5CCC(=O)NC5=O)C6=O)C4)=C23)=C1
NVQXUHMTYDPLRQ,Q5S007,Q96SW2,0,0.021585553884506226,0,675.706,2.2,202.51,N#CC1=CC=CC(C2=C[NH]C3=NC=NC(N4CCOC(CC(=O)NCCCNC5=CC=CC6=C5C(=O)N(C5CCC(=O)NC5=O)C6=O)C4)=C23)=C1
SDBHLHNOMSXRIY,Q5S007,Q96SW2,0,0.02852710708975792,0,758.796,1.91,222.82,N#CC1=CC=CC(C2=C[NH]C3=NC=NC(N4CCOC(C(=O)NCC5CCN(CC(=O)NC6=CC=CC7=C6C(=O)N(C6CCC(=O)NC6=O)C7=O)CC5)C4)=C23)=C1
ABQYIRMSMUIEPF,Q5S007,Q96SW2,0,0.031838107854127884,0,673.69,1.59,201.56,N#CC1=CC=CC(C2=C[NH]C3=NC=NC(N4CCN(C(=O)CCCC(=O)NC5=CC=CC6=C5C(=O)N(C5CCC(=O)NC5=O)C6=O)CC4)=C23)=C1
FMKJLSALAKADSF,Q5S007,Q96SW2,0,0.07848367094993591,0,841.776,2.04,230.36,CCNC1=NC(NC2=CC(F)=C(C(=O)N3CCOC(CNC(=O)CCCC(=O)NC4=CC=CC5=C4C(=O)N(C4CCC(=O)NC4=O)C5=O)C3)C=C2OC)=NC=C1C(F)(F)F
SNOZHFUVGZIHHA,Q5S007,Q96SW2,0,0.05171384662389755,0,769.713,3.38,204.06,CCNC1=NC(NC2=CC(F)=C(C(=O)NCC3CCN(C(=O)NC4=CC=CC5=C4C(=O)N(C4CCC(=O)NC4=O)C5=O)CC3)C=C2OC)=NC=C1C(F)(F)F
NHYGUXAZZSSUPD,Q5S007,Q96SW2,0,0.0624900758266449,0,700.65,4.14,183.75,CCNC1=NC(NC2=CC(F)=C(C(=O)NCCCCNC3=CC=CC4=C3C(=O)N(C3CCC(=O)NC3=O)C4=O)C=C2OC)=NC=C1C(F)(F)F
CWHOUYZVKBUYQS,Q05397,Q96SW2,1,0.721946120262146,1,944.969,4.37,224.9,CNC(=O)C1=CC=CC=C1NC1=CC(NC2=CC=C(N3CCN(CCOCCOCCNC(=O)CNC4=CC=CC5=C4C(=O)N(C4CCC(=O)NC4=O)C5=O)CC3)C=C2OC)=NC=C1C(F)(F)F
HCAIFMPFSRAOSK,Q05397,Q96SW2,1,0.7883077263832092,1,941.025,7.18,206.44,CNC(=O)C1=CC=CC=C1NC1=CC(NC2=CC=C(N3CCN(CCCCCCCCNC(=O)CNC4=CC=CC5=C4C(=O)N(C4CCC(=O)NC4=O)C5=O)CC3)C=C2OC)=NC=C1C(F)(F)F
DWHLPTIPTXJNCX,Q05397,Q96SW2,1,0.8596775531768799,1,883.973,7.83,177.34,CNC(=O)C1=CC=CC=C1NC1=CC(NC2=CC=C(N3CCN(CCCCCCCCNC4=CC=CC5=C4C(=O)N(C4CCC(=O)NC4=O)C5=O)CC3)C=C2OC)=NC=C1C(F)(F)F
WWPRKSXCVFQZRY,Q05397,Q96SW2,1,0.9496101140975952,1,906.941,5.02,234.96,CS(=O)(=O)C1=CC=CC(CNC2=NC(NC3=CC=C(C(=O)NCCCCCCCCNC(=O)COC4=CC=CC5=C4C(=O)N(C4CCC(=O)NC4=O)C5=O)C=C3)=NC=C2C(F)(F)F)=C1
KYOUGFMQWHDXIB,Q05397,Q96SW2,1,0.7670912742614746,1,955.048,7.34,200.4,CNC(=O)C1=CC=CC=C1NC1=CC(NC2=CC(C)=C(C3CCN(CCCCCCNC(=O)COC4=CC=CC5=C4C(=O)N(C4CCC(=O)NC4=O)C5=O)CC3)C=C2OC(C)C)=NC=C1C(F)(F)F
IJEJPRVUJLKGAE,P03372,Q96SW2,1,0.8129991292953491,1,775.974,4.77,121.01,C[C@@H]1CC2=C([NH]C3=CC=CC=C23)[C@@H](C2=CN=C(N3CCC(CCN4CCN(C5=CC=C6C(=O)N(C7CCC(=O)NC7=O)CC6=C5)CC4)CC3)N=C2)N1CC(C)(C)F
YPOGTJVZKIJFOH,P03372,Q96SW2,1,0.8506379723548889,1,859.108,5.2,124.25,C[C@@H]1CC2=C([NH]C3=CC=CC=C23)[C@@H](C2=CN=C(N3CCC(CN4CCN(CC5CCN(C6=CC=C7C(=O)N(C8CCC(=O)NC8=O)CC7=C6)CC5)CC4)CC3)N=C2)N1CC(C)(C)F
KTYXNZWFRVLYAQ,P03372,Q96SW2,1,0.9191741943359375,1,844.093,6.09,121.01,C[C@@H]1CC2=C([NH]C3=CC=CC=C23)[C@@H](C2=CN=C(N3CCC4(CCN(CCC5CCN(C6=CC=C7C(=O)N(C8CCC(=O)NC8=O)CC7=C6)CC5)CC4)CC3)N=C2)N1CC(C)(C)F
VYWJZVLGTNXMPM,P03372,Q96SW2,1,0.9875770807266235,1,844.093,6.09,121.01,C[C@@H]1CC2=C([NH]C3=CC=CC=C23)[C@@H](C2=CN=C(N3CCC(CCN4CCC5(CC4)CCN(C4=CC=C6C(=O)N(C7CCC(=O)NC7=O)CC6=C4)CC5)CC3)N=C2)N1CC(C)(C)F
UVOLQWHYZGQCTM,P03372,Q96SW2,1,0.9915751814842224,1,806.0,4.74,130.24,COC1=CC(N2CCN(CCC3CCN(C4=NC=C([C@@H]5C6=C(C[C@@H](C)N5CC(C)(C)F)C5=CC=CC=C5[NH]6)C=N4)CC3)CC2)=CC2=C1C(=O)N(C1CCC(=O)NC1=O)C2
LRCKXZMRGJWXQI,P03372,Q96SW2,1,0.9765426516532898,1,860.092,5.35,130.24,C[C@@H]1CC2=C([NH]C3=CC=CC=C23)[C@@H](C2=CN=C(N3CCC(CCN4CCOC5(CC4)CCN(C4=CC=C6C(=O)N(C7CCC(=O)NC7=O)CC6=C4)CC5)CC3)N=C2)N1CC(C)(C)F
QFRXPTNFPOHCTQ,P03372,Q96SW2,1,0.9121885299682617,1,842.077,5.62,121.01,C[C@@H]1CC2=C([NH]C3=CC=CC=C23)[C@@H](C2=CN=C(N3CCC4(CC3)CC(CN3CC5(CCN(C6=CC=C7C(=O)N(C8CCC(=O)NC8=O)CC7=C6)CC5)C3)C4)N=C2)N1CC(C)(C)F
HWCUOPSCISMUJK,P03372,Q96SW2,1,0.9165634512901306,1,791.973,4.39,130.24,COC1=CC(N2CCN(CC3CCN(C4=NC=C([C@@H]5C6=C(C[C@@H](C)N5CC(C)(C)F)C5=CC=CC=C5[NH]6)C=N4)CC3)CC2)=CC2=C1C(=O)N(C1CCC(=O)NC1=O)C2
YVQDCQVRYNZDBP,P03372,Q96SW2,1,0.9987623691558838,1,845.077,6.36,127.0,C[C@@H]1CC2=C([NH]C3=CC=CC=C23)[C@@H](C2=CN=C(OC3CCC4(CC3)CCN(CC3CCN(C5=CC=C6C(=O)N(C7CCC(=O)NC7=O)CC6=C5)CC3)CC4)N=C2)N1CC(C)(C)F
LPYXXDVKMQAWIP,P51531,P40337,1,0.932725727558136,1,950.151,5.34,208.6,CC1=C(C2=CC=C(CNC(=O)[C@@H]3C[C@@H](O)CN3C(=O)[C@@H](NC(=O)C3(F)CC3)C(C)(C)C)C(OCCCOC3=CC=C(CN4CCN(C5=CC(C6=CC=CC=C6O)=NN=C5N)CC4)C=C3)=C2)SC=N1
LPYXXDVKMQAWIP,P51532,P40337,1,0.9081131219863892,1,950.151,5.34,208.6,CC1=C(C2=CC=C(CNC(=O)[C@@H]3C[C@@H](O)CN3C(=O)[C@@H](NC(=O)C3(F)CC3)C(C)(C)C)C(OCCCOC3=CC=C(CN4CCN(C5=CC(C6=CC=CC=C6O)=NN=C5N)CC4)C=C3)=C2)SC=N1
KKFAKGWHXAANIL,P51531,P40337,1,0.8954927325248718,1,934.152,5.63,199.37,CC1=C(C2=CC=C(CNC(=O)[C@@H]3C[C@@H](O)CN3C(=O)[C@@H](NC(=O)C3(F)CC3)C(C)(C)C)C(OCCCC3=CC=C(CN4CCN(C5=CC(C6=CC=CC=C6O)=NN=C5N)CC4)C=C3)=C2)SC=N1
KKFAKGWHXAANIL,P51532,P40337,1,0.8636794686317444,1,934.152,5.63,199.37,CC1=C(C2=CC=C(CNC(=O)[C@@H]3C[C@@H](O)CN3C(=O)[C@@H](NC(=O)C3(F)CC3)C(C)(C)C)C(OCCCC3=CC=C(CN4CCN(C5=CC(C6=CC=CC=C6O)=NN=C5N)CC4)C=C3)=C2)SC=N1
TWFCHBNLUUPMHG,P51531,P40337,1,0.8271477222442627,1,938.115,5.37,199.37,CC1=C(C2=CC=C(CNC(=O)[C@@H]3C[C@@H](O)CN3C(=O)[C@@H](NC(=O)C3(F)CC3)C(C)(C)C)C(OCCC3=CC=C(CN4CCN(C5=CC(C6=CC=CC=C6O)=NN=C5N)CC4)C(F)=C3)=C2)SC=N1
TWFCHBNLUUPMHG,P51532,P40337,1,0.7825823426246643,1,938.115,5.37,199.37,CC1=C(C2=CC=C(CNC(=O)[C@@H]3C[C@@H](O)CN3C(=O)[C@@H](NC(=O)C3(F)CC3)C(C)(C)C)C(OCCC3=CC=C(CN4CCN(C5=CC(C6=CC=CC=C6O)=NN=C5N)CC4)C(F)=C3)=C2)SC=N1
GYYUTVJCZHOBQP,P49840,Q96SW2,0,0.06403741985559464,0,832.923,4.3,265.32,CC1=C(C)C(NC2=CC(NCCCNC(=O)CCCCCCNC(=O)COC3=CC=CC4=C3C(=O)N(C3CCC(=O)NC3=O)C4=O)=NC(NC3=CC=C(CC#N)C=C3)=N2)=N[NH]1
GYYUTVJCZHOBQP,P49841,Q96SW2,0,0.06124652922153473,0,832.923,4.3,265.32,CC1=C(C)C(NC2=CC(NCCCNC(=O)CCCCCCNC(=O)COC3=CC=CC4=C3C(=O)N(C3CCC(=O)NC3=O)C4=O)=NC(NC3=CC=C(CC#N)C=C3)=N2)=N[NH]1
GGSCUGYUNPVLRY,P49840,Q96SW2,0,0.08080410212278366,0,832.923,4.34,265.32,CCC1=C[NH]N=C1NC1=CC(NCCCNC(=O)CCCCCCNC(=O)COC2=CC=CC3=C2C(=O)N(C2CCC(=O)NC2=O)C3=O)=NC(NC2=CC=C(CC#N)C=C2)=N1
GGSCUGYUNPVLRY,P49841,Q96SW2,0,0.07594499737024307,0,832.923,4.34,265.32,CCC1=C[NH]N=C1NC1=CC(NCCCNC(=O)CCCCCCNC(=O)COC2=CC=CC3=C2C(=O)N(C2CCC(=O)NC2=O)C3=O)=NC(NC2=CC=C(CC#N)C=C2)=N1
YXOUAEYBXMZEFV,Q13153,P40337,0,0.07648569345474243,0,991.622,8.56,159.57,CC1=C(C2=CC=C([C@H](C)NC(=O)[C@@H]3C[C@@H](O)CN3C(=O)[C@@H](NC(=O)CCCCCCCC(=O)N3CC[C@H](NC4=NC5=CC(F)=CC=C5N(CC(F)F)C5=CC=C(Cl)C=C45)C3)C(C)(C)C)C=C2)SC=N1
YSXDVUXVDABBBG,P49336,Q96SW2,0,0.16941845417022705,0,735.245,3.97,158.63,O=C1CCC(N2C(=O)C3=CC=CC(NCCCCN4C=C(C5=CC=C(C6=CN=CC(Cl)=C6N6CCC7(CCNC7=O)CC6)C=C5)C=N4)=C3C2=O)C(=O)N1
YSXDVUXVDABBBG,Q9BWU1,Q96SW2,0,0.1688579022884369,0,735.245,3.97,158.63,O=C1CCC(N2C(=O)C3=CC=CC(NCCCCN4C=C(C5=CC=C(C6=CN=CC(Cl)=C6N6CCC7(CCNC7=O)CC6)C=C5)C=N4)=C3C2=O)C(=O)N1
ZXZFPMWMKMRHMV,P00519,Q96SW2,0,0.3640056848526001,0,948.909,3.03,254.81,O=C(CNC(=O)C1=CC=CC(C2=CC(NC3=CC=C(OC(F)(F)F)C=C3)=NC=N2)=C1)NCCCOCCOCCOCCCNC(=O)COC1=CC=CC2=C1C(=O)N(C1CCC(=O)NC1=O)C2=O
DODGFSCGJUTMII,P10721,P40337,0,0.050533026456832886,0,1149.288,5.53,266.56,CC1=C(C2=CC=C([C@H](C)NC(=O)[C@@H]3C[C@@H](O)CN3C(=O)[C@@H](NC(=O)COCCOCCOCCNC(=O)C3=CC=C(NC(=O)C4(C(=O)NC5=CC(F)=C(OC6=CC=NC(C7=CN(C)N=C7)=C6)C=C5F)CC4)C=C3)C(C)(C)C)C=C2)SC=N1
VQUPCLPBXNZZKO,P00519,Q96SW2,0,0.31805220246315,0,978.124,4.59,237.26,CC1=CC=C(NC(=O)C2=CC=C(CN3CCN(CC(=O)NCCCCCCCCNC(=O)COC4=CC=CC5=C4C(=O)N(C4CCC(=O)NC4=O)C5=O)CC3)C=C2)C=C1NC1=NC=CC(C2=CC=CN=C2)=N1
FJPFQABHJIRCGO,P31749,P40337,0,0.08884064108133316,0,1005.303,8.75,216.5,CC1=C(C2=CC=C([C@H](C)NC(=O)[C@@H]3C[C@@H](O)CN3C(=O)[C@@H](NC(=O)CCCCCCCCCOC3=CC=CC(C4=CC=C5N=C(C6=CC=CN=C6N)N(C6=CC=C(CN)C=C6)C5=N4)=C3)C(C)(C)C)C=C2)SC=N1
FJPFQABHJIRCGO,P31751,P40337,0,0.09727443754673004,0,1005.303,8.75,216.5,CC1=C(C2=CC=C([C@H](C)NC(=O)[C@@H]3C[C@@H](O)CN3C(=O)[C@@H](NC(=O)CCCCCCCCCOC3=CC=CC(C4=CC=C5N=C(C6=CC=CN=C6N)N(C6=CC=C(CN)C=C6)C5=N4)=C3)C(C)(C)C)C=C2)SC=N1
FJPFQABHJIRCGO,Q9Y243,P40337,0,0.09570731222629547,0,1005.303,8.75,216.5,CC1=C(C2=CC=C([C@H](C)NC(=O)[C@@H]3C[C@@H](O)CN3C(=O)[C@@H](NC(=O)CCCCCCCCCOC3=CC=CC(C4=CC=C5N=C(C6=CC=CN=C6N)N(C6=CC=C(CN)C=C6)C5=N4)=C3)C(C)(C)C)C=C2)SC=N1
QRZFNIKXZKNNGY,P31749,P40337,0,0.08317764848470688,0,956.655,5.4,182.22,CC1=C(C2=CC=C([C@H](C)NC(=O)[C@@H]3C[C@@H](O)CN3C(=O)[C@@H](NC(=O)CCOCCCNC[C@@H](C(=O)N3CCN(C4=NC=NC5=C4[C@H](C)CC5)CC3)C3=CC=C(Cl)C=C3)C(C)(C)C)C=C2)SC=N1
QRZFNIKXZKNNGY,P31751,P40337,0,0.08931807428598404,0,956.655,5.4,182.22,CC1=C(C2=CC=C([C@H](C)NC(=O)[C@@H]3C[C@@H](O)CN3C(=O)[C@@H](NC(=O)CCOCCCNC[C@@H](C(=O)N3CCN(C4=NC=NC5=C4[C@H](C)CC5)CC3)C3=CC=C(Cl)C=C3)C(C)(C)C)C=C2)SC=N1
QRZFNIKXZKNNGY,Q9Y243,P40337,0,0.08826525509357452,0,956.655,5.4,182.22,CC1=C(C2=CC=C([C@H](C)NC(=O)[C@@H]3C[C@@H](O)CN3C(=O)[C@@H](NC(=O)CCOCCCNC[C@@H](C(=O)N3CCN(C4=NC=NC5=C4[C@H](C)CC5)CC3)C3=CC=C(Cl)C=C3)C(C)(C)C)C=C2)SC=N1
DRPKOAJBBGKJRW,P31749,P40337,0,0.08778275549411774,0,943.141,3.71,245.89,CNC1=CC(NC2=CC(C)=CC(OCCOCCOCCOCCC(=O)N[C@H](C(=O)N3C[C@H](O)C[C@H]3C(=O)N[C@@H](C)C3=CC=C(C4=C(C)N=CS4)C=C3)C(C)(C)C)=C2)=NN2C(C(N)=O)=CN=C12
DRPKOAJBBGKJRW,P31751,P40337,0,0.09611360728740692,0,943.141,3.71,245.89,CNC1=CC(NC2=CC(C)=CC(OCCOCCOCCOCCC(=O)N[C@H](C(=O)N3C[C@H](O)C[C@H]3C(=O)N[C@@H](C)C3=CC=C(C4=C(C)N=CS4)C=C3)C(C)(C)C)=C2)=NN2C(C(N)=O)=CN=C12
DRPKOAJBBGKJRW,Q9Y243,P40337,0,0.09467417001724243,0,943.141,3.71,245.89,CNC1=CC(NC2=CC(C)=CC(OCCOCCOCCOCCC(=O)N[C@H](C(=O)N3C[C@H](O)C[C@H]3C(=O)N[C@@H](C)C3=CC=C(C4=C(C)N=CS4)C=C3)C(C)(C)C)=C2)=NN2C(C(N)=O)=CN=C12
CYPKZTLZBHAONG,P31749,P40337,0,0.09263118356466293,0,1014.087,6.59,189.04,CC1=C(C2=CC=C([C@H](C)NC(=O)[C@@H]3C[C@@H](O)CN3C(=O)[C@@H](NC(=O)CCOCCOCCNC[C@H](CC3=CC=CC(F)=C3)NC(=O)C3=CC(C4=C(Cl)C=NN4C)=C(Cl)S3)C(C)(C)C)C=C2)SC=N1
CYPKZTLZBHAONG,P31751,P40337,0,0.10103201121091843,0,1014.087,6.59,189.04,CC1=C(C2=CC=C([C@H](C)NC(=O)[C@@H]3C[C@@H](O)CN3C(=O)[C@@H](NC(=O)CCOCCOCCNC[C@H](CC3=CC=CC(F)=C3)NC(=O)C3=CC(C4=C(Cl)C=NN4C)=C(Cl)S3)C(C)(C)C)C=C2)SC=N1
CYPKZTLZBHAONG,Q9Y243,P40337,0,0.09942618012428284,0,1014.087,6.59,189.04,CC1=C(C2=CC=C([C@H](C)NC(=O)[C@@H]3C[C@@H](O)CN3C(=O)[C@@H](NC(=O)CCOCCOCCNC[C@H](CC3=CC=CC(F)=C3)NC(=O)C3=CC(C4=C(Cl)C=NN4C)=C(Cl)S3)C(C)(C)C)C=C2)SC=N1
WNAAAXBWJZHFHV,O60674,P40337,0,0.09387966245412827,0,1003.309,7.45,194.47,CC1=C(C2=CC=C([C@H](C)NC(=O)[C@@H]3C[C@@H](O)CN3C(=O)[C@@H](NC(=O)CCCCCCN3CCN(C4=CC=CC(NC5=NN6C=CC=C(C7=CC=C(S(C)(=O)=O)C=C7)C6=N5)=C4)CC3)C(C)(C)C)C=C2)SC=N1
HOISUMPGDHVJQI,P48426,Q96SW2,0,0.014672940596938133,0,805.808,3.03,233.68,O=C(COC1=CC=CC2=C1C(=O)N(C1CCC(=O)NC1=O)C2=O)NCCC(=O)NC1=CC=C(C(=O)NC2=CC=CC(NC3=CC(C4=C[NH]C5=CC=CC=C45)=NC=N3)=C2)C=C1
HOISUMPGDHVJQI,P78356,Q96SW2,0,0.014187310822308064,0,805.808,3.03,233.68,O=C(COC1=CC=CC2=C1C(=O)N(C1CCC(=O)NC1=O)C2=O)NCCC(=O)NC1=CC=C(C(=O)NC2=CC=CC(NC3=CC(C4=C[NH]C5=CC=CC=C45)=NC=N3)=C2)C=C1
HOISUMPGDHVJQI,Q8TBX8,Q96SW2,0,0.016131555661559105,0,805.808,3.03,233.68,O=C(COC1=CC=CC2=C1C(=O)N(C1CCC(=O)NC1=O)C2=O)NCCC(=O)NC1=CC=C(C(=O)NC2=CC=CC(NC3=CC(C4=C[NH]C5=CC=CC=C45)=NC=N3)=C2)C=C1
VYAVALFZAUHAMN,Q9UM73,Q96SW2,0,0.17144331336021423,0,794.913,5.36,179.02,CCC1=CC2=C(C=C1N1CCC(N3CCN(C(=O)CNC4=CC=CC5=C4C(=O)N(C4CCC(=O)NC4=O)C5=O)CC3)CC1)C(C)(C)C1=C(C2=O)C2=CC=C(C#N)C=C2[NH]1
UMEMOEKJTJMMJN,Q9UM73,Q96SW2,1,0.8383584022521973,1,711.779,4.77,175.78,CCC1=CC2=C(C=C1N1CCN(C(=O)CNC3=CC=CC4=C3C(=O)N(C3CCC(=O)NC3=O)C4=O)CC1)C(C)(C)C1=C(C2=O)C2=CC=C(C#N)C=C2[NH]1
CTTFKCVPGPPVQB,Q9UM73,Q96SW2,0,0.1265963613986969,0,739.833,5.03,175.78,CCC1=CC2=C(C=C1N1CCN(C(=O)CCCNC3=CC=CC4=C3C(=O)N(C3CCC(=O)NC3=O)C4=O)CC1)C(C)(C)C1=C(C2=O)C2=CC=C(C#N)C=C2[NH]1
HPWASJPVHGPZEW,Q9UM73,Q96SW2,0,0.11833573877811432,0,767.887,5.74,175.78,CCC1=CC2=C(C=C1N1CCN(C(=O)CCCCCNC3=CC=CC4=C3C(=O)N(C3CCC(=O)NC3=O)C4=O)CC1)C(C)(C)C1=C(C2=O)C2=CC=C(C#N)C=C2[NH]1
BWJIJVUAQRLZRJ,Q9UM73,Q96SW2,1,0.6409140229225159,1,780.93,4.86,161.95,CCC1=CC2=C(C=C1N1CCC(N3CCN(C(=O)CNC4=CC=CC5=C4CN(C4CCC(=O)NC4=O)C5=O)CC3)CC1)C(C)(C)C1=C(C2=O)C2=CC=C(C#N)C=C2[NH]1
OGAOHACYLUBWJQ,Q9UM73,Q96SW2,0,0.11391936987638474,0,789.981,6.4,132.85,CCC1=CC2=C(C=C1N1CCC(N3CCN(CCCC#CC4=CC=CC5=C4CN(C4CCC(=O)NC4=O)C5=O)CC3)CC1)C(C)(C)C1=C(C2=O)C2=CC=C(C#N)C=C2[NH]1
OGAOHACYLUBWJQ,Q9UM73,Q96SW2,0,0.11391936987638474,0,789.981,6.4,132.85,CCC1=CC2=C(C=C1N1CCC(N3CCN(CCCC#CC4=CC=CC5=C4CN(C4CCC(=O)NC4=O)C5=O)CC3)CC1)C(C)(C)C1=C(C2=O)C2=CC=C(C#N)C=C2[NH]1
UFVWZVUFBJDPFK,P00533,Q96SW2,1,0.526020348072052,1,854.34,4.99,195.27,C=CC(=O)NC1=CC2=C(NC3=CC=C(F)C(Cl)=C3)N=CN=C2C=C1OCCCN1CCN(C(=O)CCCCCNC2=CC=CC3=C2C(=O)N(C2CCC(=O)NC2=O)C3=O)CC1
UFVWZVUFBJDPFK,P00533,Q96SW2,0,0.526020348072052,1,854.34,4.99,195.27,C=CC(=O)NC1=CC2=C(NC3=CC=C(F)C(Cl)=C3)N=CN=C2C=C1OCCCN1CCN(C(=O)CCCCCNC2=CC=CC3=C2C(=O)N(C2CCC(=O)NC2=O)C3=O)CC1
YTNYTUGBAXJPBN,P00533,Q96SW2,1,0.6854678988456726,1,868.367,5.53,195.27,C=CC(=O)NC1=CC2=C(NC3=CC=C(F)C(Cl)=C3)N=CN=C2C=C1OCCCN1CCN(C(=O)CCCCCCNC2=CC=CC3=C2C(=O)N(C2CCC(=O)NC2=O)C3=O)CC1
YTNYTUGBAXJPBN,P00533,Q96SW2,1,0.6854678988456726,1,868.367,5.53,195.27,C=CC(=O)NC1=CC2=C(NC3=CC=C(F)C(Cl)=C3)N=CN=C2C=C1OCCCN1CCN(C(=O)CCCCCCNC2=CC=CC3=C2C(=O)N(C2CCC(=O)NC2=O)C3=O)CC1
GOEFYTZABOPTQD,Q06124,Q96SW2,1,0.7686676383018494,1,979.558,1.77,271.76,C[C@@H]1OCC2(CCN(C3=CN=C(SC4=CC=CC(NC(=O)CCC(=O)NCCCOCCOCCOCCCNC5=CC=CC6=C5C(=O)N(C5CCC(=O)NC5=O)C6=O)=C4Cl)C(N)=N3)CC2)[C@@H]1N
HTRNIXWEXIRUMI,Q460N5,Q96SW2,1,0.8944675922393799,1,788.947,4.53,185.7,O=C(CN1CCC(SCC2=NC3=CC(NC4CCCC4)=CC(F)=C3C(=O)[NH]2)CC1)NCCCCCCNC1=CC=CC2=C1C(=O)N(C1CCC(=O)NC1=O)C2=O
MSGCDHXTWFWAJI,P36888,Q96SW2,1,0.9174327850341797,1,733.761,2.19,206.69,NC1=C(C2=NC3=CC(N4CCN(C(=O)CCCCNC5=CC=CC6=C5C(=O)N(C5CCC(=O)NC5=O)C6=O)CC4)=CC=C3[NH]2)C(=O)[NH]C2=CC=CC(F)=C12
LOZMISVXTOAAHE,P36888,Q96SW2,1,0.9991315007209778,1,747.788,2.54,206.69,NC1=C(C2=NC3=CC(N4CCN(C(=O)CCCCCNC5=CC=CC6=C5C(=O)N(C5CCC(=O)NC5=O)C6=O)CC4)=CC=C3[NH]2)C(=O)[NH]C2=CC=CC(F)=C12
CCAKBASGLWLWPO,P61964,Q96SW2,0,0.05026068165898323,0,842.832,2.32,202.35,CN1CCN(C2=CC=C(C3=CC=C(C(=O)NCCOCCNC4=CC=CC5=C4C(=O)N(C4CCC(=O)NC4=O)C5=O)C=C3)C=C2NC(=O)C2=C[NH]C(=O)C=C2C(F)(F)F)CC1
MPVUSWCQRFACNA,P61964,Q96SW2,0,0.04333471134305,0,930.938,3.38,221.07,CN1CCN(C2=CC=C(C3=CC=C(C(=O)NCCOCCOCCOCCNC4=CC=CC5=C4C(=O)N(C4CCC(=O)NC4=O)C5=O)C=C3)C=C2NC(=O)C2=CN=C(O)C=C2C(F)(F)F)CC1
DHDXVQJEEHRETI,P61964,Q96SW2,0,0.06972087919712067,0,1019.044,1.73,239.27,CN1CCN(C2=CC=C(C3=CC=C(C(=O)NCCOCCOCCOCCOCCOCCNC4=CC=CC5=C4C(=O)N(C4CCC(=O)NC4=O)C5=O)C=C3)C=C2NC(=O)C2=C[NH]C(=O)C=C2C(F)(F)F)CC1
YRFBQBWDKSHTTB,P61964,Q96SW2,0,0.10256442427635193,0,874.877,3.76,193.12,CN1CCN(C2=CC=C(C3=CC=C(C(=O)NCC4=CC=C(CNC5=CC=CC6=C5C(=O)N(C5CCC(=O)NC5=O)C6=O)C=C4)C=C3)C=C2NC(=O)C2=C[NH]C(=O)C=C2C(F)(F)F)CC1
WZJUOFSNOKPRHG,P61964,P40337,0,0.028580596670508385,0,1028.168,3.9,218.4,CC1=C(C2=CC=C(CNC(=O)[C@@H]3C[C@@H](O)CN3C(=O)[C@@H](NC(=O)CCOCCNC(=O)C3=CC=C(C4=CC=C(N5CCN(C)CC5)C(NC(=O)C5=C[NH]C(=O)C=C5C(F)(F)F)=C4)C=C3)C(C)(C)C)C=C2)SC=N1
CTQDFWAQIJZIMB,P61964,P40337,0,0.05988319590687752,0,1072.221,3.76,227.63,CC1=C(C2=CC=C(CNC(=O)[C@@H]3C[C@@H](O)CN3C(=O)[C@@H](NC(=O)CCOCCOCCNC(=O)C3=CC=C(C4=CC=C(N5CCN(C)CC5)C(NC(=O)C5=C[NH]C(=O)C=C5C(F)(F)F)=C4)C=C3)C(C)(C)C)C=C2)SC=N1
MZOFELXFRDGDBN,P61964,P40337,0,0.07133703678846359,0,1160.327,3.46,246.09,CC1=C(C2=CC=C(CNC(=O)[C@@H]3C[C@@H](O)CN3C(=O)[C@@H](NC(=O)CCOCCOCCOCCOCCNC(=O)C3=CC=C(C4=CC=C(N5CCN(C)CC5)C(NC(=O)C5=C[NH]C(=O)C=C5C(F)(F)F)=C4)C=C3)C(C)(C)C)C=C2)SC=N1
QAANVDJLUGLPQA,P61964,P40337,0,0.15975265204906464,0,913.036,4.8,180.07,CC1=C(C2=CC=C(CNC(=O)[C@@H]3C[C@@H](O)CN3C(=O)[C@@H](NC(=O)C3=CC=C(C4=CC=C(N5CCN(C)CC5)C(NC(=O)C5=C[NH]C(=O)C=C5C(F)(F)F)=C4)C=C3)C(C)(C)C)C=C2)SC=N1
YOILXXMNXUOXLA,P61964,P40337,0,0.14101243019104004,0,984.115,4.05,209.17,CC1=C(C2=CC=C(CNC(=O)[C@@H]3C[C@@H](O)CN3C(=O)[C@@H](NC(=O)CCNC(=O)C3=CC=C(C4=CC=C(N5CCN(C)CC5)C(NC(=O)C5=C[NH]C(=O)C=C5C(F)(F)F)=C4)C=C3)C(C)(C)C)C=C2)SC=N1
KFCLTULBYCCZBG,P61964,P40337,0,0.03445248678326607,0,998.142,4.41,209.17,CC1=C(C2=CC=C(CNC(=O)[C@@H]3C[C@@H](O)CN3C(=O)[C@@H](NC(=O)CCCNC(=O)C3=CC=C(C4=CC=C(N5CCN(C)CC5)C(NC(=O)C5=C[NH]C(=O)C=C5C(F)(F)F)=C4)C=C3)C(C)(C)C)C=C2)SC=N1
OFNZESNEBSQKSE,P61964,P40337,1,0.9683983325958252,1,1012.169,4.77,209.17,CC1=C(C2=CC=C(CNC(=O)[C@@H]3C[C@@H](O)CN3C(=O)[C@@H](NC(=O)CCCCNC(=O)C3=CC=C(C4=CC=C(N5CCN(C)CC5)C(NC(=O)C5=C[NH]C(=O)C=C5C(F)(F)F)=C4)C=C3)C(C)(C)C)C=C2)SC=N1
UPLJFUHLGRAYID,P61964,P40337,0,0.03323261812329292,0,1026.196,5.12,209.17,CC1=C(C2=CC=C(CNC(=O)[C@@H]3C[C@@H](O)CN3C(=O)[C@@H](NC(=O)CCCCCNC(=O)C3=CC=C(C4=CC=C(N5CCN(C)CC5)C(NC(=O)C5=C[NH]C(=O)C=C5C(F)(F)F)=C4)C=C3)C(C)(C)C)C=C2)SC=N1
HXWVYVXJBYTQQT,P61964,P40337,0,0.4737377464771271,0,944.983,5.84,177.01,CC1=C(C2=CC=C(CNC(=O)[C@@H]3C[C@@H](O)CN3C(=O)[C@@H](NC(=O)CCOCCOC3=CC=C(C4=CN5CCCC5=N4)C=C3CNC(=O)CC3=CC=C(Cl)C(Cl)=C3)C(C)(C)C)C=C2)SC=N1
KUOHKJIOVPXKOP,P61964,P40337,0,0.1617361456155777,0,989.036,5.69,186.24,CC1=C(C2=CC=C(CNC(=O)[C@@H]3C[C@@H](O)CN3C(=O)[C@@H](NC(=O)CCOCCOCCOC3=CC=C(C4=CN5CCCC5=N4)C=C3CNC(=O)CC3=CC=C(Cl)C(Cl)=C3)C(C)(C)C)C=C2)SC=N1
LDNZZSMPSRDFMJ,P61964,P40337,0,0.12862882018089294,0,1033.089,5.55,195.47,CC1=C(C2=CC=C(CNC(=O)[C@@H]3C[C@@H](O)CN3C(=O)[C@@H](NC(=O)CCOCCOCCOCCOC3=CC=C(C4=CN5CCCC5=N4)C=C3CNC(=O)CC3=CC=C(Cl)C(Cl)=C3)C(C)(C)C)C=C2)SC=N1
KYOGCLYFWYQCRH,P61964,P40337,0,0.10184743255376816,0,1077.142,5.4,204.7,CC1=C(C2=CC=C(CNC(=O)[C@@H]3C[C@@H](O)CN3C(=O)[C@@H](NC(=O)CCOCCOCCOCCOCCOC3=CC=C(C4=CN5CCCC5=N4)C=C3CNC(=O)CC3=CC=C(Cl)C(Cl)=C3)C(C)(C)C)C=C2)SC=N1
BWKMAVVUNCRRQL,P61964,P40337,0,0.14336395263671875,0,1121.195,5.25,213.93,CC1=C(C2=CC=C(CNC(=O)[C@@H]3C[C@@H](O)CN3C(=O)[C@@H](NC(=O)CCOCCOCCOCCOCCOCCOC3=CC=C(C4=CN5CCCC5=N4)C=C3CNC(=O)CC3=CC=C(Cl)C(Cl)=C3)C(C)(C)C)C=C2)SC=N1
BKYWMROBTBIDEK,P61964,P40337,0,0.09609188884496689,0,1165.248,5.1,223.16,CC1=C(C2=CC=C(CNC(=O)[C@@H]3C[C@@H](O)CN3C(=O)[C@@H](NC(=O)CCOCCOCCOCCOCCOCCOCCOC3=CC=C(C4=CN5CCCC5=N4)C=C3CNC(=O)CC3=CC=C(Cl)C(Cl)=C3)C(C)(C)C)C=C2)SC=N1
CUEHDGXRMAWGBL,P61964,P40337,0,0.08124937117099762,0,1209.301,4.95,232.39,CC1=C(C2=CC=C(CNC(=O)[C@@H]3C[C@@H](O)CN3C(=O)[C@@H](NC(=O)CCOCCOCCOCCOCCOCCOCCOCCOC3=CC=C(C4=CN5CCCC5=N4)C=C3CNC(=O)CC3=CC=C(Cl)C(Cl)=C3)C(C)(C)C)C=C2)SC=N1
AQYGZJMNWBCYPQ,P10275,Q96SW2,0,0.05553194135427475,0,711.219,5.72,169.73,CC1(C)[C@H](NC(=O)C2=CC=C(NCCCNC3=CC=C4C(=O)N(C5CCC(=O)NC5=O)C(=O)C4=C3)C=C2)C(C)(C)[C@H]1OC1=CC=C(C#N)C(Cl)=C1
SKJNZPCXKUNTAH,P10275,Q96SW2,0,0.11247047036886215,0,725.246,6.08,169.73,CC1(C)[C@H](NC(=O)C2=CC=C(NCCCCNC3=CC=C4C(=O)N(C5CCC(=O)NC5=O)C(=O)C4=C3)C=C2)C(C)(C)[C@H]1OC1=CC=C(C#N)C(Cl)=C1
HTQHVCIFHNZERG,P10275,Q96SW2,1,0.6226643919944763,1,739.273,6.44,169.73,CC1(C)[C@H](NC(=O)C2=CC=C(NCCCCCNC3=CC=C4C(=O)N(C5CCC(=O)NC5=O)C(=O)C4=C3)C=C2)C(C)(C)[C@H]1OC1=CC=C(C#N)C(Cl)=C1
URFCUOCEARNOFL,P10275,Q96SW2,0,0.055353794246912,0,753.3,6.79,169.73,CC1(C)[C@H](NC(=O)C2=CC=C(NCCCCCCNC3=CC=C4C(=O)N(C5CCC(=O)NC5=O)C(=O)C4=C3)C=C2)C(C)(C)[C@H]1OC1=CC=C(C#N)C(Cl)=C1
FJEXQQXJFDIPKV,P10275,Q96SW2,0,0.09988828748464584,0,767.327,7.33,169.73,CC1(C)[C@H](NC(=O)C2=CC=C(NCCCCCCCNC3=CC=C4C(=O)N(C5CCC(=O)NC5=O)C(=O)C4=C3)C=C2)C(C)(C)[C@H]1OC1=CC=C(C#N)C(Cl)=C1
FHHWNWZNSVDUKE,P10275,Q96SW2,1,0.7200756669044495,1,781.354,7.88,169.73,CC1(C)[C@H](NC(=O)C2=CC=C(NCCCCCCCCNC3=CC=C4C(=O)N(C5CCC(=O)NC5=O)C(=O)C4=C3)C=C2)C(C)(C)[C@H]1OC1=CC=C(C#N)C(Cl)=C1
UPRYTOIAZTWNPQ,P10275,Q96SW2,0,0.07300503551959991,0,766.299,5.31,164.18,CC1(C)[C@H](NC(=O)C2=CC=C(N3CCN(CCNC4=CC=C5C(=O)N(C6CCC(=O)NC6=O)C(=O)C5=C4)CC3)C=C2)C(C)(C)[C@H]1OC1=CC=C(C#N)C(Cl)=C1
FBYCVTUXHOLVFB,P10275,Q96SW2,0,0.10029478371143341,0,780.326,5.67,164.18,CC1(C)[C@H](NC(=O)C2=CC=C(N3CCN(CCCNC4=CC=C5C(=O)N(C6CCC(=O)NC6=O)C(=O)C5=C4)CC3)C=C2)C(C)(C)[C@H]1OC1=CC=C(C#N)C(Cl)=C1
USRBELPDGYYQCZ,P10275,Q96SW2,1,0.8414446115493774,1,794.353,6.03,164.18,CC1(C)[C@H](NC(=O)C2=CC=C(N3CCN(CCCCNC4=CC=C5C(=O)N(C6CCC(=O)NC6=O)C(=O)C5=C4)CC3)C=C2)C(C)(C)[C@H]1OC1=CC=C(C#N)C(Cl)=C1
WJJVJSVWKAKNNP,P10275,Q96SW2,1,0.720996081829071,1,808.38,6.39,164.18,CC1(C)[C@H](NC(=O)C2=CC=C(N3CCN(CCCCCNC4=CC=C5C(=O)N(C6CCC(=O)NC6=O)C(=O)C5=C4)CC3)C=C2)C(C)(C)[C@H]1OC1=CC=C(C#N)C(Cl)=C1
KMDMGCNLBWJTNV,P10275,Q96SW2,0,0.20769819617271423,0,739.273,6.99,169.73,CC1(C)[C@H](NC(=O)C2=CC=C(NCCCCCNC3=CC=CC4=C3C(=O)N(C3CCC(=O)NC3=O)C4=O)C=C2)C(C)(C)[C@H]1OC1=CC=C(C#N)C(Cl)=C1
YAVZMCDVNXQJID,P10275,Q96SW2,0,0.06442767381668091,0,766.299,5.87,164.18,CC1(C)[C@H](NC(=O)C2=CC=C(N3CCN(CCNC4=CC=CC5=C4C(=O)N(C4CCC(=O)NC4=O)C5=O)CC3)C=C2)C(C)(C)[C@H]1OC1=CC=C(C#N)C(Cl)=C1
JYSCBQWRAQKZNR,P10275,Q96SW2,0,0.12132258713245392,0,780.326,6.22,164.18,CC1(C)[C@H](NC(=O)C2=CC=C(N3CCN(CCCNC4=CC=CC5=C4C(=O)N(C4CCC(=O)NC4=O)C5=O)CC3)C=C2)C(C)(C)[C@H]1OC1=CC=C(C#N)C(Cl)=C1
NYTQWRHXSYHGSP,P10275,Q96SW2,1,0.9775020480155945,1,792.337,5.48,155.39,CC1(C)[C@H](NC(=O)C2=CC=C(N3CCN(CC4CN(C5=CC=C6C(=O)N(C7CCC(=O)NC7=O)C(=O)C6=C5)C4)CC3)C=C2)C(C)(C)[C@H]1OC1=CC=C(C#N)C(Cl)=C1
GOJVIZZNCNOPSJ,P10275,Q96SW2,1,0.9566369652748108,1,806.364,6.01,155.39,CC1(C)[C@H](NC(=O)C2=CC=C(N3CCN(C4CCN(C5=CC=C6C(=O)N(C7CCC(=O)NC7=O)C(=O)C6=C5)CC4)CC3)C=C2)C(C)(C)[C@H]1OC1=CC=C(C#N)C(Cl)=C1
BWDWHHAZFQBJQL,P10275,Q96SW2,1,0.5724941492080688,1,820.391,6.2,155.39,CC1(C)[C@H](NC(=O)C2=CC=C(N3CCN(CC4CCN(C5=CC=C6C(=O)N(C7CCC(=O)NC7=O)C(=O)C6=C5)CC4)CC3)C=C2)C(C)(C)[C@H]1OC1=CC=C(C#N)C(Cl)=C1
GSBDPSRAZIBNMI,P10275,Q96SW2,1,0.998210072517395,1,806.32,4.63,172.46,CC1(C)[C@H](NC(=O)C2=CC=C(C(=O)N3CCN(C4CN(C5=CC=C6C(=O)N(C7CCC(=O)NC7=O)C(=O)C6=C5)C4)CC3)C=C2)C(C)(C)[C@H]1OC1=CC=C(C#N)C(Cl)=C1
PMCUCRVADOBCSR,P10275,Q96SW2,1,0.9561931490898132,1,820.347,4.82,172.46,CC1(C)[C@H](NC(=O)C2=CC=C(C(=O)N3CCN(CC4CN(C5=CC=C6C(=O)N(C7CCC(=O)NC7=O)C(=O)C6=C5)C4)CC3)C=C2)C(C)(C)[C@H]1OC1=CC=C(C#N)C(Cl)=C1
IFHFBUGVHCIJNP,P10275,Q96SW2,1,0.9904744029045105,1,834.374,5.34,172.46,CC1(C)[C@H](NC(=O)C2=CC=C(C(=O)N3CCN(C4CCN(C5=CC=C6C(=O)N(C7CCC(=O)NC7=O)C(=O)C6=C5)CC4)CC3)C=C2)C(C)(C)[C@H]1OC1=CC=C(C#N)C(Cl)=C1
DHRLIGMURBNFBV,P10275,Q96SW2,1,0.9773269295692444,1,848.401,5.54,172.46,CC1(C)[C@H](NC(=O)C2=CC=C(C(=O)N3CCN(CC4CCN(C5=CC=C6C(=O)N(C7CCC(=O)NC7=O)C(=O)C6=C5)CC4)CC3)C=C2)C(C)(C)[C@H]1OC1=CC=C(C#N)C(Cl)=C1
IBPGCZDPTQXMHO,P10275,Q96SW2,1,0.9355691075325012,1,806.364,6.01,155.39,CC1(C)[C@H](NC(=O)C2=CC=C(N3CCC(N4CCN(C5=CC=C6C(=O)N(C7CCC(=O)NC7=O)C(=O)C6=C5)CC4)CC3)C=C2)C(C)(C)[C@H]1OC1=CC=C(C#N)C(Cl)=C1
ARVBJCZQRUZZDE,P10275,Q96SW2,1,0.6167045831680298,1,820.391,6.2,155.39,CC1(C)[C@H](NC(=O)C2=CC=C(N3CCC(CN4CCN(C5=CC=C6C(=O)N(C7CCC(=O)NC7=O)C(=O)C6=C5)CC4)CC3)C=C2)C(C)(C)[C@H]1OC1=CC=C(C#N)C(Cl)=C1
GXQKKLUWLOIBAM,P10275,Q96SW2,1,0.9697712659835815,1,818.375,5.9,155.39,CC1(C)[C@H](NC(=O)C2=CC=C(N3CCN(C4CC5(C4)CN(C4=CC=C6C(=O)N(C7CCC(=O)NC7=O)C(=O)C6=C4)C5)CC3)C=C2)C(C)(C)[C@H]1OC1=CC=C(C#N)C(Cl)=C1
DMBURQWZRJNBLX,P10275,Q96SW2,1,0.9844520092010498,1,832.402,6.09,155.39,CC1(C)[C@H](NC(=O)C2=CC=C(N3CCN(CC4CC5(C4)CN(C4=CC=C6C(=O)N(C7CCC(=O)NC7=O)C(=O)C6=C4)C5)CC3)C=C2)C(C)(C)[C@H]1OC1=CC=C(C#N)C(Cl)=C1
UHARXTYMRNQSKR,P10275,Q96SW2,1,0.999035120010376,1,832.402,6.25,155.39,CC1(C)[C@H](NC(=O)C2=CC=C(N3CCN(C4CC5(CCN(C6=CC=C7C(=O)N(C8CCC(=O)NC8=O)C(=O)C7=C6)C5)C4)CC3)C=C2)C(C)(C)[C@H]1OC1=CC=C(C#N)C(Cl)=C1
YSPGTJUSEGQJII,P10275,Q96SW2,0,0.6172304749488831,1,874.483,7.33,155.39,CC1(C)[C@H](NC(=O)C2=CC=C(N3CCN(C4CCC5(CC4)CCN(C4=CC=C6C(=O)N(C7CCC(=O)NC7=O)C(=O)C6=C4)CC5)CC3)C=C2)C(C)(C)[C@H]1OC1=CC=C(C#N)C(Cl)=C1
NTTPTYCXQDIWQW,P10275,Q96SW2,0,0.06885744631290436,0,846.429,6.61,155.39,CC1(C)[C@H](NC(=O)C2=CC=C(N3CCN(C4CCC5(CC4)CN(C4=CC=C6C(=O)N(C7CCC(=O)NC7=O)C(=O)C6=C4)C5)CC3)C=C2)C(C)(C)[C@H]1OC1=CC=C(C#N)C(Cl)=C1
BSJZNQXMKMMAHE,P10275,Q96SW2,1,0.8052083849906921,1,777.322,6.66,160.94,CC1(C)[C@H](NC(=O)C2=CC=C(N3CCC4(CC3)CC(NC3=CC=C5C(=O)N(C6CCC(=O)NC6=O)C(=O)C5=C3)C4)C=C2)C(C)(C)[C@H]1OC1=CC=C(C#N)C(Cl)=C1
GOPLBBMERRSJEP,P10275,Q96SW2,0,0.8485881686210632,1,805.376,7.38,160.94,CC1(C)[C@H](NC(=O)C2=CC=C(N3CCC4(CCC(NC5=CC=C6C(=O)N(C7CCC(=O)NC7=O)C(=O)C6=C5)CC4)CC3)C=C2)C(C)(C)[C@H]1OC1=CC=C(C#N)C(Cl)=C1
KZBHLBPCXLIZLA,P10275,Q96SW2,0,0.4012278616428375,0,764.283,4.53,155.39,N#CC1=CC=C(O[C@H]2C[C@H](NC(=O)C3=CC=C(N4CCN(CC5CCN(C6=CC=C7C(=O)N(C8CCC(=O)NC8=O)C(=O)C7=C6)CC5)CC4)C=C3)C2)C=C1Cl
VNIUIQUONIMGCZ,P10275,Q96SW2,0,0.47063228487968445,0,803.936,5.67,155.39,CC1(C)[C@H](NC(=O)C2=CC=C(N3CCN(CC4CCN(C5=CC=C6C(=O)N(C7CCC(=O)NC7=O)C(=O)C6=C5)CC4)CC3)C=C2)C(C)(C)[C@H]1OC1=CC=C(C#N)C(F)=C1
SKXRXOCDOMSQPQ,P10275,Q96SW2,1,0.6061239838600159,1,853.943,6.45,155.39,CC1(C)[C@H](NC(=O)C2=CC=C(N3CCN(CC4CCN(C5=CC=C6C(=O)N(C7CCC(=O)NC7=O)C(=O)C6=C5)CC4)CC3)C=C2)C(C)(C)[C@H]1OC1=CC=C(C#N)C(C(F)(F)F)=C1
ABSBBQRJBGJPAQ,P10275,Q96SW2,0,0.5671327114105225,1,854.931,5.72,168.28,CC1(C)[C@H](NC(=O)C2=CC=C(N3CCN(CC4CCN(C5=CC=C6C(=O)N(C7CCC(=O)NC7=O)C(=O)C6=C5)CC4)CC3)C=C2)C(C)(C)[C@H]1OC1=CN=C(C#N)C(C(F)(F)F)=C1
PWFGHENEZLVBOP,P25440,P40337,0,0.4930623471736908,0,1000.689,6.18,202.26,CC1=C(C2=CC=C(CNC(=O)[C@@H]3C[C@@H](O)CN3C(=O)[C@@H](NC(=O)COCCCCCOCCNC(=O)C[C@@H]3N=C(C4=CC=C(Cl)C=C4)C4=C(SC(C)=C4C)N4C(C)=NN=C34)C(C)(C)C)C=C2)SC=N1
PWFGHENEZLVBOP,Q15059,P40337,0,0.38189461827278137,0,1000.689,6.18,202.26,CC1=C(C2=CC=C(CNC(=O)[C@@H]3C[C@@H](O)CN3C(=O)[C@@H](NC(=O)COCCCCCOCCNC(=O)C[C@@H]3N=C(C4=CC=C(Cl)C=C4)C4=C(SC(C)=C4C)N4C(C)=NN=C34)C(C)(C)C)C=C2)SC=N1
PWFGHENEZLVBOP,O60885,P40337,0,0.692939043045044,1,1000.689,6.18,202.26,CC1=C(C2=CC=C(CNC(=O)[C@@H]3C[C@@H](O)CN3C(=O)[C@@H](NC(=O)COCCCCCOCCNC(=O)C[C@@H]3N=C(C4=CC=C(Cl)C=C4)C4=C(SC(C)=C4C)N4C(C)=NN=C34)C(C)(C)C)C=C2)SC=N1
MJCKFIWZHNIKPQ,P25440,P40337,0,0.5664747357368469,1,972.635,5.47,202.26,CC1=C(C2=CC=C(CNC(=O)[C@@H]3C[C@@H](O)CN3C(=O)[C@@H](NC(=O)COCCCOCCNC(=O)C[C@@H]3N=C(C4=CC=C(Cl)C=C4)C4=C(SC(C)=C4C)N4C(C)=NN=C34)C(C)(C)C)C=C2)SC=N1
MJCKFIWZHNIKPQ,Q15059,P40337,0,0.4899612367153168,0,972.635,5.47,202.26,CC1=C(C2=CC=C(CNC(=O)[C@@H]3C[C@@H](O)CN3C(=O)[C@@H](NC(=O)COCCCOCCNC(=O)C[C@@H]3N=C(C4=CC=C(Cl)C=C4)C4=C(SC(C)=C4C)N4C(C)=NN=C34)C(C)(C)C)C=C2)SC=N1
MJCKFIWZHNIKPQ,O60885,P40337,0,0.7255710959434509,1,972.635,5.47,202.26,CC1=C(C2=CC=C(CNC(=O)[C@@H]3C[C@@H](O)CN3C(=O)[C@@H](NC(=O)COCCCOCCNC(=O)C[C@@H]3N=C(C4=CC=C(Cl)C=C4)C4=C(SC(C)=C4C)N4C(C)=NN=C34)C(C)(C)C)C=C2)SC=N1
HZTRWCKQNKXISW,P25440,P40337,0,0.461239755153656,0,1003.645,5.54,208.69,CC1=C(C2=CC=C(CNC(=O)[C@@H]3C[C@@H](O)CN3C(=O)[C@@H](NC(=O)COCCOCCOCCOC(=O)C[C@@H]3N=C(C4=CC=C(Cl)C=C4)C4=C(SC(C)=C4C)N4C(C)=NN=C34)C(C)(C)C)C=C2)SC=N1
HZTRWCKQNKXISW,Q15059,P40337,0,0.35034841299057007,0,1003.645,5.54,208.69,CC1=C(C2=CC=C(CNC(=O)[C@@H]3C[C@@H](O)CN3C(=O)[C@@H](NC(=O)COCCOCCOCCOC(=O)C[C@@H]3N=C(C4=CC=C(Cl)C=C4)C4=C(SC(C)=C4C)N4C(C)=NN=C34)C(C)(C)C)C=C2)SC=N1
HZTRWCKQNKXISW,O60885,P40337,1,0.6733063459396362,1,1003.645,5.54,208.69,CC1=C(C2=CC=C(CNC(=O)[C@@H]3C[C@@H](O)CN3C(=O)[C@@H](NC(=O)COCCOCCOCCOC(=O)C[C@@H]3N=C(C4=CC=C(Cl)C=C4)C4=C(SC(C)=C4C)N4C(C)=NN=C34)C(C)(C)C)C=C2)SC=N1
CWTFXHWWWKKEQI,P25440,P40337,1,0.8768856525421143,1,987.646,6.45,199.46,CC1=C(C2=CC=C([C@H](C)NC(=O)[C@@H]3C[C@@H](O)CN3C(=O)[C@@H](NC(=O)COCCCOCCOC(=O)C[C@@H]3N=C(C4=CC=C(Cl)C=C4)C4=C(SC(C)=C4C)N4C(C)=NN=C34)C(C)(C)C)C=C2)SC=N1
CWTFXHWWWKKEQI,Q15059,P40337,1,0.8422791957855225,1,987.646,6.45,199.46,CC1=C(C2=CC=C([C@H](C)NC(=O)[C@@H]3C[C@@H](O)CN3C(=O)[C@@H](NC(=O)COCCCOCCOC(=O)C[C@@H]3N=C(C4=CC=C(Cl)C=C4)C4=C(SC(C)=C4C)N4C(C)=NN=C34)C(C)(C)C)C=C2)SC=N1
CWTFXHWWWKKEQI,O60885,P40337,1,0.9455525279045105,1,987.646,6.45,199.46,CC1=C(C2=CC=C([C@H](C)NC(=O)[C@@H]3C[C@@H](O)CN3C(=O)[C@@H](NC(=O)COCCCOCCOC(=O)C[C@@H]3N=C(C4=CC=C(Cl)C=C4)C4=C(SC(C)=C4C)N4C(C)=NN=C34)C(C)(C)C)C=C2)SC=N1
VRVWHAZIBGEPEK,P25440,P40337,1,0.5084339380264282,1,1001.673,6.76,199.46,CC1=C(C2=CC=C(CNC(=O)[C@@H]3C[C@@H](O)CN3C(=O)[C@@H](NC(=O)COCCCCCOCCOC(=O)C[C@@H]3N=C(C4=CC=C(Cl)C=C4)C4=C(SC(C)=C4C)N4C(C)=NN=C34)C(C)(C)C)C=C2)SC=N1
VRVWHAZIBGEPEK,Q15059,P40337,0,0.40036752820014954,0,1001.673,6.76,199.46,CC1=C(C2=CC=C(CNC(=O)[C@@H]3C[C@@H](O)CN3C(=O)[C@@H](NC(=O)COCCCCCOCCOC(=O)C[C@@H]3N=C(C4=CC=C(Cl)C=C4)C4=C(SC(C)=C4C)N4C(C)=NN=C34)C(C)(C)C)C=C2)SC=N1
VRVWHAZIBGEPEK,O60885,P40337,1,0.7013257741928101,1,1001.673,6.76,199.46,CC1=C(C2=CC=C(CNC(=O)[C@@H]3C[C@@H](O)CN3C(=O)[C@@H](NC(=O)COCCCCCOCCOC(=O)C[C@@H]3N=C(C4=CC=C(Cl)C=C4)C4=C(SC(C)=C4C)N4C(C)=NN=C34)C(C)(C)C)C=C2)SC=N1
SZLZPTHXIDWXLS,P25440,P40337,1,0.5707014203071594,1,973.619,6.04,199.46,CC1=C(C2=CC=C(CNC(=O)[C@@H]3C[C@@H](O)CN3C(=O)[C@@H](NC(=O)COCCCOCCOC(=O)C[C@@H]3N=C(C4=CC=C(Cl)C=C4)C4=C(SC(C)=C4C)N4C(C)=NN=C34)C(C)(C)C)C=C2)SC=N1
SZLZPTHXIDWXLS,Q15059,P40337,1,0.4949241876602173,0,973.619,6.04,199.46,CC1=C(C2=CC=C(CNC(=O)[C@@H]3C[C@@H](O)CN3C(=O)[C@@H](NC(=O)COCCCOCCOC(=O)C[C@@H]3N=C(C4=CC=C(Cl)C=C4)C4=C(SC(C)=C4C)N4C(C)=NN=C34)C(C)(C)C)C=C2)SC=N1
SZLZPTHXIDWXLS,O60885,P40337,1,0.7296311855316162,1,973.619,6.04,199.46,CC1=C(C2=CC=C(CNC(=O)[C@@H]3C[C@@H](O)CN3C(=O)[C@@H](NC(=O)COCCCOCCOC(=O)C[C@@H]3N=C(C4=CC=C(Cl)C=C4)C4=C(SC(C)=C4C)N4C(C)=NN=C34)C(C)(C)C)C=C2)SC=N1
SUUSSNMSFOIMTM,P33981,P40337,0,0.1910461038351059,0,1048.325,4.82,225.48,CCC(=O)N[C@H]1CC[C@@H](N2C(=O)C=C(C)C3=CN=C(NC4=CC=C(N5CCN(CCOCCC(=O)N[C@@H](C(=O)N6C[C@H](O)C[C@H]6C(=O)NCC6=CC=C(C7=C(C)N=CS7)C=C6)C(C)(C)C)CC5)C=C4OC)N=C32)CC1
MPXCMWJVCZZWNP,P33981,P40337,0,0.10329178720712662,0,1076.379,5.53,225.48,CCC(=O)N[C@H]1CC[C@@H](N2C(=O)C=C(C)C3=CN=C(NC4=CC=C(N5CCN(CCCCOCCC(=O)N[C@@H](C(=O)N6C[C@H](O)C[C@H]6C(=O)NCC6=CC=C(C7=C(C)N=CS7)C=C6)C(C)(C)C)CC5)C=C4OC)N=C32)CC1
MKPDBPCFJYIBSR,P33981,P40337,0,0.05243520438671112,0,1104.433,6.25,225.48,CCC(=O)N[C@H]1CC[C@@H](N2C(=O)C=C(C)C3=CN=C(NC4=CC=C(N5CCN(CCCCCCOCCC(=O)N[C@@H](C(=O)N6C[C@H](O)C[C@H]6C(=O)NCC6=CC=C(C7=C(C)N=CS7)C=C6)C(C)(C)C)CC5)C=C4OC)N=C32)CC1
HGGXUMRGGKLPIH,P33981,P40337,0,0.05872535705566406,0,1132.487,7.33,225.48,CCC(=O)N[C@H]1CC[C@@H](N2C(=O)C=C(C)C3=CN=C(NC4=CC=C(N5CCN(CCCCCCCCOCCC(=O)N[C@@H](C(=O)N6C[C@H](O)C[C@H]6C(=O)NCC6=CC=C(C7=C(C)N=CS7)C=C6)C(C)(C)C)CC5)C=C4OC)N=C32)CC1
ILIHAEQFLUWMRH,P33981,Q96SW2,0,0.6387172341346741,1,855.997,3.31,188.17,CCC(=O)N[C@H]1CC[C@@H](N2C(=O)C=C(C)C3=CN=C(NC4=CC=C(N5CCN(C(=O)CCCC#CC6=CC=CC7=C6CN(C6CCC(=O)NC6=O)C7=O)CC5)C=C4OC)N=C32)CC1
QEDFXQXPBXHVGU,P33981,Q96SW2,0,0.24888573586940765,0,884.051,4.39,188.17,CCC(=O)N[C@H]1CC[C@@H](N2C(=O)C=C(C)C3=CN=C(NC4=CC=C(N5CCN(C(=O)CCCCCC#CC6=CC=CC7=C6CN(C6CCC(=O)NC6=O)C7=O)CC5)C=C4OC)N=C32)CC1
LUPSPQQYVRGZLI,P33981,Q96SW2,1,0.8815550208091736,1,940.159,6.56,188.17,CCC(=O)N[C@H]1CC[C@@H](N2C(=O)C=C(C)C3=CN=C(NC4=CC=C(N5CCN(C(=O)CCCCCCCCCC#CC6=CC=CC7=C6CN(C6CCC(=O)NC6=O)C7=O)CC5)C=C4OC)N=C32)CC1
LWHJKWAUKAHIGC,P33981,Q96SW2,1,0.8953434228897095,1,855.997,3.31,188.17,CCC(=O)N[C@H]1CC[C@@H](N2C(=O)C=C(C)C3=CN=C(NC4=CC=C(N5CCN(C(=O)CCCC#CC6=CC=C7C(=O)N(C8CCC(=O)NC8=O)CC7=C6)CC5)C=C4OC)N=C32)CC1
WLMZSJVDMUNOHX,P33981,Q96SW2,1,0.989264726638794,1,884.051,4.39,188.17,CCC(=O)N[C@H]1CC[C@@H](N2C(=O)C=C(C)C3=CN=C(NC4=CC=C(N5CCN(C(=O)CCCCCC#CC6=CC=C7C(=O)N(C8CCC(=O)NC8=O)CC7=C6)CC5)C=C4OC)N=C32)CC1
VGMBSGNGVRXDBY,P33981,Q96SW2,1,0.9398288726806641,1,912.105,5.47,188.17,CCC(=O)N[C@H]1CC[C@@H](N2C(=O)C=C(C)C3=CN=C(NC4=CC=C(N5CCN(C(=O)CCCCCCCC#CC6=CC=C7C(=O)N(C8CCC(=O)NC8=O)CC7=C6)CC5)C=C4OC)N=C32)CC1
WNBZJWHJHXEDEO,P33981,Q96SW2,1,0.9876977801322937,1,940.159,6.56,188.17,CCC(=O)N[C@H]1CC[C@@H](N2C(=O)C=C(C)C3=CN=C(NC4=CC=C(N5CCN(C(=O)CCCCCCCCCC#CC6=CC=C7C(=O)N(C8CCC(=O)NC8=O)CC7=C6)CC5)C=C4OC)N=C32)CC1
IJOXNAXACYQBRL,P33981,Q96SW2,0,0.30312782526016235,0,855.997,3.31,188.17,CCC(=O)N[C@H]1CC[C@@H](N2C(=O)C=C(C)C3=CN=C(NC4=CC=C(N5CCN(C(=O)CCCC#CC6=CC=C7CN(C8CCC(=O)NC8=O)C(=O)C7=C6)CC5)C=C4OC)N=C32)CC1
ILQRGGWQVGLOSJ,P33981,Q96SW2,1,0.9975098371505737,1,912.105,5.47,188.17,CCC(=O)N[C@H]1CC[C@@H](N2C(=O)C=C(C)C3=CN=C(NC4=CC=C(N5CCN(C(=O)CCCCCCCC#CC6=CC=C7CN(C8CCC(=O)NC8=O)C(=O)C7=C6)CC5)C=C4OC)N=C32)CC1
DTEBXQFNWWUSPH,P33981,Q96SW2,1,0.9956598877906799,1,940.159,6.56,188.17,CCC(=O)N[C@H]1CC[C@@H](N2C(=O)C=C(C)C3=CN=C(NC4=CC=C(N5CCN(C(=O)CCCCCCCCCC#CC6=CC=C7CN(C8CCC(=O)NC8=O)C(=O)C7=C6)CC5)C=C4OC)N=C32)CC1
RPGBSIRPMJGXHN,P33981,Q96SW2,0,0.23008055984973907,0,855.997,3.31,188.17,CCC(=O)N[C@H]1CC[C@@H](N2C(=O)C=C(C)C3=CN=C(NC4=CC=C(N5CCN(C(=O)CCCC#CC6=CC=CC7=C6C(=O)N(C6CCC(=O)NC6=O)C7)CC5)C=C4OC)N=C32)CC1
QKBCJYTUWJPJPK,P33981,Q96SW2,0,0.8488100171089172,1,884.051,4.39,188.17,CCC(=O)N[C@H]1CC[C@@H](N2C(=O)C=C(C)C3=CN=C(NC4=CC=C(N5CCN(C(=O)CCCCCC#CC6=CC=CC7=C6C(=O)N(C6CCC(=O)NC6=O)C7)CC5)C=C4OC)N=C32)CC1
RFDZITCLUUJECZ,P33981,Q96SW2,1,0.9977567791938782,1,940.159,6.56,188.17,CCC(=O)N[C@H]1CC[C@@H](N2C(=O)C=C(C)C3=CN=C(NC4=CC=C(N5CCN(C(=O)CCCCCCCCCC#CC6=CC=CC7=C6C(=O)N(C6CCC(=O)NC6=O)C7)CC5)C=C4OC)N=C32)CC1
CWIUDSZQDVZITQ,Q07817,P40337,1,0.653817892074585,1,1600.47,13.4,269.09,CC1=C(C2=CC=C([C@H](C)NC(=O)[C@@H]3C[C@@H](O)CN3C(=O)[C@@H](NC(=O)CCCCCCCCC(=O)NCC3(C)CCC(C4=CC=C(Cl)C=C4)=C(CN4CCN(C5=CC=C(C(=O)NS(=O)(=O)C6=CC=C(N[C@H](CCN7CCOCC7)CSC7=CC=CC=C7)C(S(=O)(=O)C(F)(F)F)=C6)C=C5)CC4)C3)C(C)(C)C)C=C2)SC=N1
CWIUDSZQDVZITQ,Q07817,P40337,1,0.8589656949043274,1,1600.47,13.4,269.09,CC1=C(C2=CC=C([C@H](C)NC(=O)[C@@H]3C[C@@H](O)CN3C(=O)[C@@H](NC(=O)CCCCCCCCC(=O)NC[C@@]3(C)CCC(C4=CC=C(Cl)C=C4)=C(CN4CCN(C5=CC=C(C(=O)NS(=O)(=O)C6=CC=C(N[C@H](CCN7CCOCC7)CSC7=CC=CC=C7)C(S(=O)(=O)C(F)(F)F)=C6)C=C5)CC4)C3)C(C)(C)C)C=C2)SC=N1
AQGLXXCBEXDRNS,Q05397,Q96SW2,1,0.7075499892234802,1,883.347,4.57,198.51,COC1=CC(N2CCC(N3CCN(C(=O)CNC4=CC=CC5=C4C(=O)N(C4CCC(=O)NC4=O)C5=O)CC3)CC2)=CC=C1NC1=NC=C(Cl)C(NC2=CC=CC=C2P(C)(C)=O)=N1
AQGLXXCBEXDRNS,Q9UM73,Q96SW2,1,0.40651220083236694,0,883.347,4.57,198.51,COC1=CC(N2CCC(N3CCN(C(=O)CNC4=CC=CC5=C4C(=O)N(C4CCC(=O)NC4=O)C5=O)CC3)CC2)=CC=C1NC1=NC=C(Cl)C(NC2=CC=CC=C2P(C)(C)=O)=N1
AQGLXXCBEXDRNS,Q9UM73,Q96SW2,0,0.40651223063468933,0,883.347,4.57,198.51,COC1=CC(N2CCC(N3CCN(C(=O)CNC4=CC=CC5=C4C(=O)N(C4CCC(=O)NC4=O)C5=O)CC3)CC2)=CC=C1NC1=NC=C(Cl)C(NC2=CC=CC=C2P(C)(C)=O)=N1
AQGLXXCBEXDRNS,Q14289,Q96SW2,1,0.6763398051261902,1,883.347,4.57,198.51,COC1=CC(N2CCC(N3CCN(C(=O)CNC4=CC=CC5=C4C(=O)N(C4CCC(=O)NC4=O)C5=O)CC3)CC2)=CC=C1NC1=NC=C(Cl)C(NC2=CC=CC=C2P(C)(C)=O)=N1
AQGLXXCBEXDRNS,Q13882,Q96SW2,1,0.5663248896598816,1,883.347,4.57,198.51,COC1=CC(N2CCC(N3CCN(C(=O)CNC4=CC=CC5=C4C(=O)N(C4CCC(=O)NC4=O)C5=O)CC3)CC2)=CC=C1NC1=NC=C(Cl)C(NC2=CC=CC=C2P(C)(C)=O)=N1
AQGLXXCBEXDRNS,P00533,Q96SW2,0,0.2201085239648819,0,883.347,4.57,198.51,COC1=CC(N2CCC(N3CCN(C(=O)CNC4=CC=CC5=C4C(=O)N(C4CCC(=O)NC4=O)C5=O)CC3)CC2)=CC=C1NC1=NC=C(Cl)C(NC2=CC=CC=C2P(C)(C)=O)=N1
AQGLXXCBEXDRNS,P16591,Q96SW2,1,0.4635498821735382,0,883.347,4.57,198.51,COC1=CC(N2CCC(N3CCN(C(=O)CNC4=CC=CC5=C4C(=O)N(C4CCC(=O)NC4=O)C5=O)CC3)CC2)=CC=C1NC1=NC=C(Cl)C(NC2=CC=CC=C2P(C)(C)=O)=N1
AQGLXXCBEXDRNS,Q15418,Q96SW2,0,0.31273606419563293,0,883.347,4.57,198.51,COC1=CC(N2CCC(N3CCN(C(=O)CNC4=CC=CC5=C4C(=O)N(C4CCC(=O)NC4=O)C5=O)CC3)CC2)=CC=C1NC1=NC=C(Cl)C(NC2=CC=CC=C2P(C)(C)=O)=N1
BUDQKNIUFHYJQZ,P00533,P40337,1,0.968718945980072,1,1091.756,7.83,221.72,CC1=C(C2=CC=C(CNC(=O)[C@@H]3C[C@@H](O)CN3C(=O)[C@@H](NC(=O)CCCCCCCN3C=C(COC4=CC5=NC=NC(NC6=CC=C(F)C(Cl)=C6)=C5C=C4NC(=O)/C=C/CN4CCCCC4)N=N3)C(C)(C)C)C=C2)SC=N1
RBUUUIFZYMVDPT,P00533,P40337,1,0.8100874423980713,1,1133.837,9.46,221.72,CC1=C(C2=CC=C(CNC(=O)[C@@H]3C[C@@H](O)CN3C(=O)[C@@H](NC(=O)CCCCCCCCCCN3C=C(COC4=CC5=NC=NC(NC6=CC=C(F)C(Cl)=C6)=C5C=C4NC(=O)/C=C/CN4CCCCC4)N=N3)C(C)(C)C)C=C2)SC=N1
VQDITZKUBYFBHD,P00533,P40337,0,0.7107181549072266,1,1139.753,5.33,249.41,CC1=C(C2=CC=C(CNC(=O)[C@@H]3C[C@@H](O)CN3C(=O)[C@@H](NC(=O)COCCOCCOCCN3C=C(COC4=CC5=NC=NC(NC6=CC=C(F)C(Cl)=C6)=C5C=C4NC(=O)/C=C/CN4CCCCC4)N=N3)C(C)(C)C)C=C2)SC=N1
PXQHEFZTJMGFAP,P00533,P40337,1,0.8751802444458008,1,1151.808,7.01,240.18,CC1=C(C2=CC=C(CNC(=O)[C@@H]3C[C@@H](O)CN3C(=O)[C@@H](NC(=O)COCCOCCN3C=C(CCCCCOC4=CC5=NC=NC(NC6=CC=C(F)C(Cl)=C6)=C5C=C4NC(=O)/C=C/CN4CCCCC4)N=N3)C(C)(C)C)C=C2)SC=N1
XXPSDQVUSUURLT,Q13547,P40337,0,0.041787032037973404,0,810.034,5.54,195.85,CC1=C(C2=CC=C(CNC(=O)[C@@H]3C[C@@H](O)CN3C(=O)[C@@H](NC(=O)CCCCCCCC(=O)NC3=CC=C(C(=O)NC4=CC=CC=C4N)C=C3)C(C)(C)C)C=C2)SC=N1
XXPSDQVUSUURLT,Q92769,P40337,0,0.03828347101807594,0,810.034,5.54,195.85,CC1=C(C2=CC=C(CNC(=O)[C@@H]3C[C@@H](O)CN3C(=O)[C@@H](NC(=O)CCCCCCCC(=O)NC3=CC=C(C(=O)NC4=CC=CC=C4N)C=C3)C(C)(C)C)C=C2)SC=N1
XXPSDQVUSUURLT,O15379,P40337,0,0.0635809451341629,0,810.034,5.54,195.85,CC1=C(C2=CC=C(CNC(=O)[C@@H]3C[C@@H](O)CN3C(=O)[C@@H](NC(=O)CCCCCCCC(=O)NC3=CC=C(C(=O)NC4=CC=CC=C4N)C=C3)C(C)(C)C)C=C2)SC=N1
UAWAGYHWPQELMG,Q13547,P40337,0,0.032418143004179,0,824.061,6.08,195.85,CC1=C(C2=CC=C(CNC(=O)[C@@H]3C[C@@H](O)CN3C(=O)[C@@H](NC(=O)CCCCCCCCC(=O)NC3=CC=C(C(=O)NC4=CC=CC=C4N)C=C3)C(C)(C)C)C=C2)SC=N1
UAWAGYHWPQELMG,Q92769,P40337,0,0.030027613043785095,0,824.061,6.08,195.85,CC1=C(C2=CC=C(CNC(=O)[C@@H]3C[C@@H](O)CN3C(=O)[C@@H](NC(=O)CCCCCCCCC(=O)NC3=CC=C(C(=O)NC4=CC=CC=C4N)C=C3)C(C)(C)C)C=C2)SC=N1
UAWAGYHWPQELMG,O15379,P40337,0,0.04899931326508522,0,824.061,6.08,195.85,CC1=C(C2=CC=C(CNC(=O)[C@@H]3C[C@@H](O)CN3C(=O)[C@@H](NC(=O)CCCCCCCCC(=O)NC3=CC=C(C(=O)NC4=CC=CC=C4N)C=C3)C(C)(C)C)C=C2)SC=N1
LNVRDNANRZUWIH,Q13547,P40337,0,0.033101730048656464,0,838.088,6.63,195.85,CC1=C(C2=CC=C(CNC(=O)[C@@H]3C[C@@H](O)CN3C(=O)[C@@H](NC(=O)CCCCCCCCCC(=O)NC3=CC=C(C(=O)NC4=CC=CC=C4N)C=C3)C(C)(C)C)C=C2)SC=N1
LNVRDNANRZUWIH,Q92769,P40337,0,0.03072422929108143,0,838.088,6.63,195.85,CC1=C(C2=CC=C(CNC(=O)[C@@H]3C[C@@H](O)CN3C(=O)[C@@H](NC(=O)CCCCCCCCCC(=O)NC3=CC=C(C(=O)NC4=CC=CC=C4N)C=C3)C(C)(C)C)C=C2)SC=N1
LNVRDNANRZUWIH,O15379,P40337,0,0.048408713191747665,0,838.088,6.63,195.85,CC1=C(C2=CC=C(CNC(=O)[C@@H]3C[C@@H](O)CN3C(=O)[C@@H](NC(=O)CCCCCCCCCC(=O)NC3=CC=C(C(=O)NC4=CC=CC=C4N)C=C3)C(C)(C)C)C=C2)SC=N1
AHURBROGQUEMLW,Q13547,P40337,0,0.09559937566518784,0,880.169,8.25,195.85,CC1=C(C2=CC=C(CNC(=O)[C@@H]3C[C@@H](O)CN3C(=O)[C@@H](NC(=O)CCCCCCCCCCCCC(=O)NC3=CC=C(C(=O)NC4=CC=CC=C4N)C=C3)C(C)(C)C)C=C2)SC=N1
AHURBROGQUEMLW,Q92769,P40337,0,0.08851711452007294,0,880.169,8.25,195.85,CC1=C(C2=CC=C(CNC(=O)[C@@H]3C[C@@H](O)CN3C(=O)[C@@H](NC(=O)CCCCCCCCCCCCC(=O)NC3=CC=C(C(=O)NC4=CC=CC=C4N)C=C3)C(C)(C)C)C=C2)SC=N1
AHURBROGQUEMLW,O15379,P40337,0,0.138395756483078,0,880.169,8.25,195.85,CC1=C(C2=CC=C(CNC(=O)[C@@H]3C[C@@H](O)CN3C(=O)[C@@H](NC(=O)CCCCCCCCCCCCC(=O)NC3=CC=C(C(=O)NC4=CC=CC=C4N)C=C3)C(C)(C)C)C=C2)SC=N1
GNWRYRVABIRHOP,Q13547,P40337,0,0.036818698048591614,0,854.087,5.85,205.08,CC1=C(C2=CC=C(CNC(=O)[C@@H]3C[C@@H](O)CN3C(=O)[C@@H](NC(=O)COCCCCCCCCC(=O)NC3=CC=C(C(=O)NC4=CC=CC=C4N)C=C3)C(C)(C)C)C=C2)SC=N1
GNWRYRVABIRHOP,Q92769,P40337,0,0.03413248434662819,0,854.087,5.85,205.08,CC1=C(C2=CC=C(CNC(=O)[C@@H]3C[C@@H](O)CN3C(=O)[C@@H](NC(=O)COCCCCCCCCC(=O)NC3=CC=C(C(=O)NC4=CC=CC=C4N)C=C3)C(C)(C)C)C=C2)SC=N1
GNWRYRVABIRHOP,O15379,P40337,0,0.05528125539422035,0,854.087,5.85,205.08,CC1=C(C2=CC=C(CNC(=O)[C@@H]3C[C@@H](O)CN3C(=O)[C@@H](NC(=O)COCCCCCCCCC(=O)NC3=CC=C(C(=O)NC4=CC=CC=C4N)C=C3)C(C)(C)C)C=C2)SC=N1
QANLZMZKZIPVPD,O15379,P40337,0,0.05218476057052612,0,854.087,5.85,205.08,CC1=C(C2=CC=C(CNC(=O)[C@@H]3C[C@@H](O)CN3C(=O)[C@@H](NC(=O)CCCCCCCCOCC(=O)NC3=CC=C(C(=O)NC4=CC=CC=C4N)C=C3)C(C)(C)C)C=C2)SC=N1
QANLZMZKZIPVPD,Q13547,P40337,0,0.03475012257695198,0,854.087,5.85,205.08,CC1=C(C2=CC=C(CNC(=O)[C@@H]3C[C@@H](O)CN3C(=O)[C@@H](NC(=O)CCCCCCCCOCC(=O)NC3=CC=C(C(=O)NC4=CC=CC=C4N)C=C3)C(C)(C)C)C=C2)SC=N1
QANLZMZKZIPVPD,Q92769,P40337,0,0.032245393842458725,0,854.087,5.85,205.08,CC1=C(C2=CC=C(CNC(=O)[C@@H]3C[C@@H](O)CN3C(=O)[C@@H](NC(=O)CCCCCCCCOCC(=O)NC3=CC=C(C(=O)NC4=CC=CC=C4N)C=C3)C(C)(C)C)C=C2)SC=N1
XBGNSTADRHNHPM,Q13547,P40337,0,0.03127114474773407,0,856.059,4.53,214.31,CC1=C(C2=CC=C(CNC(=O)[C@@H]3C[C@@H](O)CN3C(=O)[C@@H](NC(=O)COCCCCCCOCC(=O)NC3=CC=C(C(=O)NC4=CC=CC=C4N)C=C3)C(C)(C)C)C=C2)SC=N1
XBGNSTADRHNHPM,Q92769,P40337,0,0.029092250391840935,0,856.059,4.53,214.31,CC1=C(C2=CC=C(CNC(=O)[C@@H]3C[C@@H](O)CN3C(=O)[C@@H](NC(=O)COCCCCCCOCC(=O)NC3=CC=C(C(=O)NC4=CC=CC=C4N)C=C3)C(C)(C)C)C=C2)SC=N1
XBGNSTADRHNHPM,O15379,P40337,0,0.046859703958034515,0,856.059,4.53,214.31,CC1=C(C2=CC=C(CNC(=O)[C@@H]3C[C@@H](O)CN3C(=O)[C@@H](NC(=O)COCCCCCCOCC(=O)NC3=CC=C(C(=O)NC4=CC=CC=C4N)C=C3)C(C)(C)C)C=C2)SC=N1
BOXZMOCGSKLDAH,O15379,P40337,0,0.05031336471438408,0,898.14,6.16,214.31,CC1=C(C2=CC=C(CNC(=O)[C@@H]3C[C@@H](O)CN3C(=O)[C@@H](NC(=O)COCCCCCCCCCOCC(=O)NC3=CC=C(C(=O)NC4=CC=CC=C4N)C=C3)C(C)(C)C)C=C2)SC=N1
BOXZMOCGSKLDAH,Q13547,P40337,0,0.03377174958586693,0,898.14,6.16,214.31,CC1=C(C2=CC=C(CNC(=O)[C@@H]3C[C@@H](O)CN3C(=O)[C@@H](NC(=O)COCCCCCCCCCOCC(=O)NC3=CC=C(C(=O)NC4=CC=CC=C4N)C=C3)C(C)(C)C)C=C2)SC=N1
BOXZMOCGSKLDAH,Q92769,P40337,0,0.03140774369239807,0,898.14,6.16,214.31,CC1=C(C2=CC=C(CNC(=O)[C@@H]3C[C@@H](O)CN3C(=O)[C@@H](NC(=O)COCCCCCCCCCOCC(=O)NC3=CC=C(C(=O)NC4=CC=CC=C4N)C=C3)C(C)(C)C)C=C2)SC=N1
LDFNYUSMNVVOAO,Q13547,P40337,0,0.041791025549173355,0,799.951,3.1,214.31,CC1=C(C2=CC=C(CNC(=O)[C@@H]3C[C@@H](O)CN3C(=O)[C@@H](NC(=O)COCCOCC(=O)NC3=CC=C(C(=O)NC4=CC=CC=C4N)C=C3)C(C)(C)C)C=C2)SC=N1
LDFNYUSMNVVOAO,Q92769,P40337,0,0.03871291130781174,0,799.951,3.1,214.31,CC1=C(C2=CC=C(CNC(=O)[C@@H]3C[C@@H](O)CN3C(=O)[C@@H](NC(=O)COCCOCC(=O)NC3=CC=C(C(=O)NC4=CC=CC=C4N)C=C3)C(C)(C)C)C=C2)SC=N1
LDFNYUSMNVVOAO,O15379,P40337,0,0.06133964657783508,0,799.951,3.1,214.31,CC1=C(C2=CC=C(CNC(=O)[C@@H]3C[C@@H](O)CN3C(=O)[C@@H](NC(=O)COCCOCC(=O)NC3=CC=C(C(=O)NC4=CC=CC=C4N)C=C3)C(C)(C)C)C=C2)SC=N1
MNUQUYIPHCWRAK,Q13547,P40337,0,0.028812676668167114,0,844.004,2.96,223.54,CC1=C(C2=CC=C(CNC(=O)[C@@H]3C[C@@H](O)CN3C(=O)[C@@H](NC(=O)COCCOCCOCC(=O)NC3=CC=C(C(=O)NC4=CC=CC=C4N)C=C3)C(C)(C)C)C=C2)SC=N1
MNUQUYIPHCWRAK,Q92769,P40337,0,0.02688244730234146,0,844.004,2.96,223.54,CC1=C(C2=CC=C(CNC(=O)[C@@H]3C[C@@H](O)CN3C(=O)[C@@H](NC(=O)COCCOCCOCC(=O)NC3=CC=C(C(=O)NC4=CC=CC=C4N)C=C3)C(C)(C)C)C=C2)SC=N1
MNUQUYIPHCWRAK,O15379,P40337,0,0.04203866049647331,0,844.004,2.96,223.54,CC1=C(C2=CC=C(CNC(=O)[C@@H]3C[C@@H](O)CN3C(=O)[C@@H](NC(=O)COCCOCCOCC(=O)NC3=CC=C(C(=O)NC4=CC=CC=C4N)C=C3)C(C)(C)C)C=C2)SC=N1
CJLCITMDOZXVCN,Q13547,P40337,0,0.039007823914289474,0,888.057,2.81,232.77,CC1=C(C2=CC=C(CNC(=O)[C@@H]3C[C@@H](O)CN3C(=O)[C@@H](NC(=O)COCCOCCOCCOCC(=O)NC3=CC=C(C(=O)NC4=CC=CC=C4N)C=C3)C(C)(C)C)C=C2)SC=N1
CJLCITMDOZXVCN,Q92769,P40337,0,0.03619349002838135,0,888.057,2.81,232.77,CC1=C(C2=CC=C(CNC(=O)[C@@H]3C[C@@H](O)CN3C(=O)[C@@H](NC(=O)COCCOCCOCCOCC(=O)NC3=CC=C(C(=O)NC4=CC=CC=C4N)C=C3)C(C)(C)C)C=C2)SC=N1
CJLCITMDOZXVCN,O15379,P40337,0,0.056779030710458755,0,888.057,2.81,232.77,CC1=C(C2=CC=C(CNC(=O)[C@@H]3C[C@@H](O)CN3C(=O)[C@@H](NC(=O)COCCOCCOCCOCC(=O)NC3=CC=C(C(=O)NC4=CC=CC=C4N)C=C3)C(C)(C)C)C=C2)SC=N1
BTSROZKIJVUHNO,Q13547,P40337,0,0.040131181478500366,0,880.129,3.77,202.33,CC1=C(C2=CC=C(CNC(=O)[C@@H]3C[C@@H](O)CN3C(=O)[C@@H](NC(=O)CCCN3CCN(CCCC(=O)NC4=CC=C(C(=O)NC5=CC=CC=C5N)C=C4)CC3)C(C)(C)C)C=C2)SC=N1
BTSROZKIJVUHNO,Q92769,P40337,0,0.037190672010183334,0,880.129,3.77,202.33,CC1=C(C2=CC=C(CNC(=O)[C@@H]3C[C@@H](O)CN3C(=O)[C@@H](NC(=O)CCCN3CCN(CCCC(=O)NC4=CC=C(C(=O)NC5=CC=CC=C5N)C=C4)CC3)C(C)(C)C)C=C2)SC=N1
BTSROZKIJVUHNO,O15379,P40337,0,0.058305248618125916,0,880.129,3.77,202.33,CC1=C(C2=CC=C(CNC(=O)[C@@H]3C[C@@H](O)CN3C(=O)[C@@H](NC(=O)CCCN3CCN(CCCC(=O)NC4=CC=C(C(=O)NC5=CC=CC=C5N)C=C4)CC3)C(C)(C)C)C=C2)SC=N1
ZMQIQFPWRGOCBN,Q13547,P40337,0,0.03608780726790428,0,828.024,5.64,195.85,CC1=C(C2=CC=C(CNC(=O)[C@@H]3C[C@@H](O)CN3C(=O)[C@@H](NC(=O)CCCCCCCC(=O)NC3=CC=C(C(=O)NC4=CC=C(F)C=C4N)C=C3)C(C)(C)C)C=C2)SC=N1
ZMQIQFPWRGOCBN,Q92769,P40337,0,0.03333723545074463,0,828.024,5.64,195.85,CC1=C(C2=CC=C(CNC(=O)[C@@H]3C[C@@H](O)CN3C(=O)[C@@H](NC(=O)CCCCCCCC(=O)NC3=CC=C(C(=O)NC4=CC=C(F)C=C4N)C=C3)C(C)(C)C)C=C2)SC=N1
ZMQIQFPWRGOCBN,O15379,P40337,0,0.054389357566833496,0,828.024,5.64,195.85,CC1=C(C2=CC=C(CNC(=O)[C@@H]3C[C@@H](O)CN3C(=O)[C@@H](NC(=O)CCCCCCCC(=O)NC3=CC=C(C(=O)NC4=CC=C(F)C=C4N)C=C3)C(C)(C)C)C=C2)SC=N1
NEDMKPKINQQVSY,Q13547,P40337,0,0.05093040689826012,0,870.105,7.27,195.85,CC1=C(C2=CC=C(CNC(=O)[C@@H]3C[C@@H](O)CN3C(=O)[C@@H](NC(=O)CCCCCCCCCCC(=O)NC3=CC=C(C(=O)NC4=CC=C(F)C=C4N)C=C3)C(C)(C)C)C=C2)SC=N1
NEDMKPKINQQVSY,Q92769,P40337,0,0.047037914395332336,0,870.105,7.27,195.85,CC1=C(C2=CC=C(CNC(=O)[C@@H]3C[C@@H](O)CN3C(=O)[C@@H](NC(=O)CCCCCCCCCCC(=O)NC3=CC=C(C(=O)NC4=CC=C(F)C=C4N)C=C3)C(C)(C)C)C=C2)SC=N1
NEDMKPKINQQVSY,O15379,P40337,0,0.07630504667758942,0,870.105,7.27,195.85,CC1=C(C2=CC=C(CNC(=O)[C@@H]3C[C@@H](O)CN3C(=O)[C@@H](NC(=O)CCCCCCCCCCC(=O)NC3=CC=C(C(=O)NC4=CC=C(F)C=C4N)C=C3)C(C)(C)C)C=C2)SC=N1
PZHPXXZQHPOAGY,Q13547,P40337,0,0.14090657234191895,0,861.994,3.06,223.54,CC1=C(C2=CC=C(CNC(=O)[C@@H]3C[C@@H](O)CN3C(=O)[C@@H](NC(=O)COCCOCCOCC(=O)NC3=CC=C(C(=O)NC4=CC=C(F)C=C4N)C=C3)C(C)(C)C)C=C2)SC=N1
PZHPXXZQHPOAGY,Q92769,P40337,0,0.13013975322246552,0,861.994,3.06,223.54,CC1=C(C2=CC=C(CNC(=O)[C@@H]3C[C@@H](O)CN3C(=O)[C@@H](NC(=O)COCCOCCOCC(=O)NC3=CC=C(C(=O)NC4=CC=C(F)C=C4N)C=C3)C(C)(C)C)C=C2)SC=N1
PZHPXXZQHPOAGY,O15379,P40337,0,0.20300211012363434,0,861.994,3.06,223.54,CC1=C(C2=CC=C(CNC(=O)[C@@H]3C[C@@H](O)CN3C(=O)[C@@H](NC(=O)COCCOCCOCC(=O)NC3=CC=C(C(=O)NC4=CC=C(F)C=C4N)C=C3)C(C)(C)C)C=C2)SC=N1
AGMBKWPLZPKEGR,Q13547,P40337,0,0.0226752907037735,0,916.13,6.26,214.31,CC1=C(C2=CC=C(CNC(=O)[C@@H]3C[C@@H](O)CN3C(=O)[C@@H](NC(=O)COCCCCCCCCCOCC(=O)NC3=CC=C(C(=O)NC4=CC=C(F)C=C4N)C=C3)C(C)(C)C)C=C2)SC=N1
AGMBKWPLZPKEGR,Q92769,P40337,0,0.021084388718008995,0,916.13,6.26,214.31,CC1=C(C2=CC=C(CNC(=O)[C@@H]3C[C@@H](O)CN3C(=O)[C@@H](NC(=O)COCCCCCCCCCOCC(=O)NC3=CC=C(C(=O)NC4=CC=C(F)C=C4N)C=C3)C(C)(C)C)C=C2)SC=N1
AGMBKWPLZPKEGR,O15379,P40337,0,0.034194327890872955,0,916.13,6.26,214.31,CC1=C(C2=CC=C(CNC(=O)[C@@H]3C[C@@H](O)CN3C(=O)[C@@H](NC(=O)COCCCCCCCCCOCC(=O)NC3=CC=C(C(=O)NC4=CC=C(F)C=C4N)C=C3)C(C)(C)C)C=C2)SC=N1
SLSLECNMOKDWNA,Q13547,P40337,0,0.055380646139383316,0,892.161,6.89,195.85,CC1=C(C2=CC=C(CNC(=O)[C@@H]3C[C@@H](O)CN3C(=O)[C@@H](NC(=O)CCCCCCCC(=O)NC3=CC=C(C(=O)NC4=CC(C5=CC=CS5)=CC=C4N)C=C3)C(C)(C)C)C=C2)SC=N1
SLSLECNMOKDWNA,Q92769,P40337,0,0.05041171610355377,0,892.161,6.89,195.85,CC1=C(C2=CC=C(CNC(=O)[C@@H]3C[C@@H](O)CN3C(=O)[C@@H](NC(=O)CCCCCCCC(=O)NC3=CC=C(C(=O)NC4=CC(C5=CC=CS5)=CC=C4N)C=C3)C(C)(C)C)C=C2)SC=N1
SLSLECNMOKDWNA,O15379,P40337,0,0.08626721054315567,0,892.161,6.89,195.85,CC1=C(C2=CC=C(CNC(=O)[C@@H]3C[C@@H](O)CN3C(=O)[C@@H](NC(=O)CCCCCCCC(=O)NC3=CC=C(C(=O)NC4=CC(C5=CC=CS5)=CC=C4N)C=C3)C(C)(C)C)C=C2)SC=N1
PYFJRWPCHWNACA,Q13547,P40337,0,0.024279741570353508,0,934.242,8.51,195.85,CC1=C(C2=CC=C(CNC(=O)[C@@H]3C[C@@H](O)CN3C(=O)[C@@H](NC(=O)CCCCCCCCCCC(=O)NC3=CC=C(C(=O)NC4=CC(C5=CC=CS5)=CC=C4N)C=C3)C(C)(C)C)C=C2)SC=N1
PYFJRWPCHWNACA,Q92769,P40337,0,0.022406259551644325,0,934.242,8.51,195.85,CC1=C(C2=CC=C(CNC(=O)[C@@H]3C[C@@H](O)CN3C(=O)[C@@H](NC(=O)CCCCCCCCCCC(=O)NC3=CC=C(C(=O)NC4=CC(C5=CC=CS5)=CC=C4N)C=C3)C(C)(C)C)C=C2)SC=N1
PYFJRWPCHWNACA,O15379,P40337,0,0.03672971576452255,0,934.242,8.51,195.85,CC1=C(C2=CC=C(CNC(=O)[C@@H]3C[C@@H](O)CN3C(=O)[C@@H](NC(=O)CCCCCCCCCCC(=O)NC3=CC=C(C(=O)NC4=CC(C5=CC=CS5)=CC=C4N)C=C3)C(C)(C)C)C=C2)SC=N1
DMWWBSQOUPHWCN,Q13547,P40337,0,0.0834101140499115,0,926.131,4.3,223.54,CC1=C(C2=CC=C(CNC(=O)[C@@H]3C[C@@H](O)CN3C(=O)[C@@H](NC(=O)COCCOCCOCC(=O)NC3=CC=C(C(=O)NC4=CC(C5=CC=CS5)=CC=C4N)C=C3)C(C)(C)C)C=C2)SC=N1
DMWWBSQOUPHWCN,Q92769,P40337,0,0.07705607265233994,0,926.131,4.3,223.54,CC1=C(C2=CC=C(CNC(=O)[C@@H]3C[C@@H](O)CN3C(=O)[C@@H](NC(=O)COCCOCCOCC(=O)NC3=CC=C(C(=O)NC4=CC(C5=CC=CS5)=CC=C4N)C=C3)C(C)(C)C)C=C2)SC=N1
DMWWBSQOUPHWCN,O15379,P40337,0,0.12141252309083939,0,926.131,4.3,223.54,CC1=C(C2=CC=C(CNC(=O)[C@@H]3C[C@@H](O)CN3C(=O)[C@@H](NC(=O)COCCOCCOCC(=O)NC3=CC=C(C(=O)NC4=CC(C5=CC=CS5)=CC=C4N)C=C3)C(C)(C)C)C=C2)SC=N1
XPJGKIYHVFVWKJ,O15379,P40337,0,0.06312023103237152,0,896.168,7.56,205.08,CC(=O)N[C@H](C(=O)N1C[C@H](O)C[C@H]1C(=O)NCC1=CC=C(C2=C(C)N=CS2)C=C1OCCCCCCCCCCCC(=O)NC1=CC=C(C(=O)NC2=CC=CC=C2N)C=C1)C(C)(C)C
XPJGKIYHVFVWKJ,Q13547,P40337,0,0.04347361624240875,0,896.168,7.56,205.08,CC(=O)N[C@H](C(=O)N1C[C@H](O)C[C@H]1C(=O)NCC1=CC=C(C2=C(C)N=CS2)C=C1OCCCCCCCCCCCC(=O)NC1=CC=C(C(=O)NC2=CC=CC=C2N)C=C1)C(C)(C)C
XPJGKIYHVFVWKJ,Q92769,P40337,0,0.04025343433022499,0,896.168,7.56,205.08,CC(=O)N[C@H](C(=O)N1C[C@H](O)C[C@H]1C(=O)NCC1=CC=C(C2=C(C)N=CS2)C=C1OCCCCCCCCCCCC(=O)NC1=CC=C(C(=O)NC2=CC=CC=C2N)C=C1)C(C)(C)C
NAADBQUVFJWCFU,O15379,P40337,0,0.1270957887172699,0,940.196,8.28,205.08,CC1=C(C2=CC=C(CNC(=O)[C@@H]3C[C@@H](O)CN3C(=O)[C@@H](NC(=O)C3(F)CC3)C(C)(C)C)C(OCCCCCCCCCCCC(=O)NC3=CC=C(C(=O)NC4=CC=CC=C4N)C=C3)=C2)SC=N1
NAADBQUVFJWCFU,Q13547,P40337,0,0.0845235139131546,0,940.196,8.28,205.08,CC1=C(C2=CC=C(CNC(=O)[C@@H]3C[C@@H](O)CN3C(=O)[C@@H](NC(=O)C3(F)CC3)C(C)(C)C)C(OCCCCCCCCCCCC(=O)NC3=CC=C(C(=O)NC4=CC=CC=C4N)C=C3)=C2)SC=N1
NAADBQUVFJWCFU,Q92769,P40337,0,0.0777987539768219,0,940.196,8.28,205.08,CC1=C(C2=CC=C(CNC(=O)[C@@H]3C[C@@H](O)CN3C(=O)[C@@H](NC(=O)C3(F)CC3)C(C)(C)C)C(OCCCCCCCCCCCC(=O)NC3=CC=C(C(=O)NC4=CC=CC=C4N)C=C3)=C2)SC=N1
DMMLGYWZMDZZME,Q13547,P40337,0,0.028987716883420944,0,897.112,3.92,234.18,CC(=O)N[C@H](C(=O)N1C[C@H](O)C[C@H]1C(=O)NCC1=CC=C(C2=C(C)N=CS2)C=C1OCCCCNC(=O)CCCCC(=O)NC1=CC=C(C(=O)NC2=CC=CC=C2N)C=C1)C(C)(C)C
DMMLGYWZMDZZME,Q92769,P40337,0,0.02702869288623333,0,897.112,3.92,234.18,CC(=O)N[C@H](C(=O)N1C[C@H](O)C[C@H]1C(=O)NCC1=CC=C(C2=C(C)N=CS2)C=C1OCCCCNC(=O)CCCCC(=O)NC1=CC=C(C(=O)NC2=CC=CC=C2N)C=C1)C(C)(C)C
DMMLGYWZMDZZME,O15379,P40337,0,0.04193577170372009,0,897.112,3.92,234.18,CC(=O)N[C@H](C(=O)N1C[C@H](O)C[C@H]1C(=O)NCC1=CC=C(C2=C(C)N=CS2)C=C1OCCCCNC(=O)CCCCC(=O)NC1=CC=C(C(=O)NC2=CC=CC=C2N)C=C1)C(C)(C)C
XEWSKARQBANKDD,Q13547,P40337,0,0.03335796296596527,0,939.193,5.54,234.18,CC(=O)N[C@H](C(=O)N1C[C@H](O)C[C@H]1C(=O)NCC1=CC=C(C2=C(C)N=CS2)C=C1OCCCCNC(=O)CCCCCCCC(=O)NC1=CC=C(C(=O)NC2=CC=CC=C2N)C=C1)C(C)(C)C
XEWSKARQBANKDD,Q92769,P40337,0,0.031037963926792145,0,939.193,5.54,234.18,CC(=O)N[C@H](C(=O)N1C[C@H](O)C[C@H]1C(=O)NCC1=CC=C(C2=C(C)N=CS2)C=C1OCCCCNC(=O)CCCCCCCC(=O)NC1=CC=C(C(=O)NC2=CC=CC=C2N)C=C1)C(C)(C)C
XEWSKARQBANKDD,O15379,P40337,0,0.04816359281539917,0,939.193,5.54,234.18,CC(=O)N[C@H](C(=O)N1C[C@H](O)C[C@H]1C(=O)NCC1=CC=C(C2=C(C)N=CS2)C=C1OCCCCNC(=O)CCCCCCCC(=O)NC1=CC=C(C(=O)NC2=CC=CC=C2N)C=C1)C(C)(C)C
XLWFMSWFAKUJON,P10275,Q96SW2,1,0.9451295733451843,1,683.165,4.77,169.73,N#CC1=CC=C(O[C@H]2CC[C@H](NC(=O)C3=CC=C(NCCCNC4=CC=C5C(=O)N(C6CCC(=O)NC6=O)C(=O)C5=C4)C=C3)CC2)C=C1Cl
SEKBVYVWYRALIG,P10275,Q96SW2,1,0.773389995098114,1,697.192,5.13,169.73,N#CC1=CC=C(O[C@H]2CC[C@H](NC(=O)C3=CC=C(NCCCCNC4=CC=C5C(=O)N(C6CCC(=O)NC6=O)C(=O)C5=C4)C=C3)CC2)C=C1Cl
SLYLTYLJUFVQPH,P10275,Q96SW2,1,0.8606507778167725,1,725.246,5.84,169.73,N#CC1=CC=C(O[C@H]2CC[C@H](NC(=O)C3=CC=C(NCCCCCCNC4=CC=C5C(=O)N(C6CCC(=O)NC6=O)C(=O)C5=C4)C=C3)CC2)C=C1Cl
KLUHWCISGKYNHH,P10275,Q96SW2,1,0.9557130932807922,1,739.273,6.38,169.73,N#CC1=CC=C(O[C@H]2CC[C@H](NC(=O)C3=CC=C(NCCCCCCCNC4=CC=C5C(=O)N(C6CCC(=O)NC6=O)C(=O)C5=C4)C=C3)CC2)C=C1Cl
LIAPRZHHMHGLCS,P10275,Q96SW2,1,0.9866155385971069,1,753.3,6.93,169.73,N#CC1=CC=C(O[C@H]2CC[C@H](NC(=O)C3=CC=C(NCCCCCCCCNC4=CC=C5C(=O)N(C6CCC(=O)NC6=O)C(=O)C5=C4)C=C3)CC2)C=C1Cl
VSYZSMLAOKWORE,P10275,Q96SW2,1,0.5377985239028931,1,767.327,7.47,169.73,N#CC1=CC=C(O[C@H]2CC[C@H](NC(=O)C3=CC=C(NCCCCCCCCCNC4=CC=C5C(=O)N(C6CCC(=O)NC6=O)C(=O)C5=C4)C=C3)CC2)C=C1Cl
RJFFRTWDHINENB,P10275,Q96SW2,0,0.59298175573349,1,781.354,8.01,169.73,N#CC1=CC=C(O[C@H]2CC[C@H](NC(=O)C3=CC=C(NCCCCCCCCCCNC4=CC=C5C(=O)N(C6CCC(=O)NC6=O)C(=O)C5=C4)C=C3)CC2)C=C1Cl
KPYLNSRIYNAOJF,P10275,Q96SW2,0,0.2518061697483063,0,795.381,8.55,169.73,N#CC1=CC=C(O[C@H]2CC[C@H](NC(=O)C3=CC=C(NCCCCCCCCCCCNC4=CC=C5C(=O)N(C6CCC(=O)NC6=O)C(=O)C5=C4)C=C3)CC2)C=C1Cl
KUCKATJPXILIRH,P10275,Q96SW2,0,0.31902649998664856,0,738.245,4.36,164.18,N#CC1=CC=C(O[C@H]2CC[C@H](NC(=O)C3=CC=C(N4CCN(CCNC5=CC=C6C(=O)N(C7CCC(=O)NC7=O)C(=O)C6=C5)CC4)C=C3)CC2)C=C1Cl
IOIPLMHHWKGICH,P10275,Q96SW2,1,0.9991129040718079,1,752.272,4.72,164.18,N#CC1=CC=C(O[C@H]2CC[C@H](NC(=O)C3=CC=C(N4CCN(CCCNC5=CC=C6C(=O)N(C7CCC(=O)NC7=O)C(=O)C6=C5)CC4)C=C3)CC2)C=C1Cl
QFBDIBRAVHTJHW,P10275,Q96SW2,0,0.0748019739985466,0,766.299,5.08,164.18,N#CC1=CC=C(O[C@H]2CC[C@H](NC(=O)C3=CC=C(N4CCN(CCCCNC5=CC=C6C(=O)N(C7CCC(=O)NC7=O)C(=O)C6=C5)CC4)C=C3)CC2)C=C1Cl
RIBBYHBSLKRREX,P10275,Q96SW2,1,0.9493159651756287,1,780.326,5.44,164.18,N#CC1=CC=C(O[C@H]2CC[C@H](NC(=O)C3=CC=C(N4CCN(CCCCCNC5=CC=C6C(=O)N(C7CCC(=O)NC7=O)C(=O)C6=C5)CC4)C=C3)CC2)C=C1Cl
QJZUVOHJKPMREF,P10275,Q96SW2,1,0.9890278577804565,1,792.337,5.25,155.39,N#CC1=CC=C(O[C@H]2CC[C@H](NC(=O)C3=CC=C(N4CCN(CC5CCN(C6=CC=C7C(=O)N(C8CCC(=O)NC8=O)C(=O)C7=C6)CC5)CC4)C=C3)CC2)C=C1Cl
ZEEFAZNIKLZENT,P10275,Q96SW2,1,0.9890621304512024,1,778.31,5.06,155.39,N#CC1=CC=C(O[C@H]2CC[C@H](NC(=O)C3=CC=C(N4CCC(N5CCN(C6=CC=C7C(=O)N(C8CCC(=O)NC8=O)C(=O)C7=C6)CC5)CC4)C=C3)CC2)C=C1Cl
ZXOIALMBAAMQKG,P10275,Q96SW2,1,0.9791890978813171,1,764.283,4.53,155.39,N#CC1=CC=C(O[C@H]2CC[C@H](NC(=O)C3=CC=C(N4CCN(CC5CN(C6=CC=C7C(=O)N(C8CCC(=O)NC8=O)C(=O)C7=C6)C5)CC4)C=C3)CC2)C=C1Cl
IFCKDGNCNVHZTM,P10275,Q96SW2,0,0.20822322368621826,0,750.256,4.34,155.39,N#CC1=CC=C(O[C@H]2CC[C@H](NC(=O)C3=CC=C(N4CCN(C5CN(C6=CC=C7C(=O)N(C8CCC(=O)NC8=O)C(=O)C7=C6)C5)CC4)C=C3)CC2)C=C1Cl
GXUBCAYGWJGCKT,P10275,Q96SW2,0,0.837851881980896,1,764.283,4.7,155.39,N#CC1=CC=C(O[C@H]2CC[C@H](NC(=O)C3=CC=C(N4CCC(N5CCN(C6=CC=C7C(=O)N(C8CCC(=O)NC8=O)C(=O)C7=C6)CC5)CC4)C=C3)C2)C=C1Cl
VGXZUMFEKIFIQW,P10275,Q96SW2,0,0.1401926577091217,0,792.337,5.42,155.39,N#CC1=CC=C(O[C@@H]2CCC[C@@H](NC(=O)C3=CC=C(N4CCC(N5CCN(C6=CC=C7C(=O)N(C8CCC(=O)NC8=O)C(=O)C7=C6)CC5)CC4)C=C3)CC2)C=C1Cl
LOWACICYXXELEY,P10275,Q96SW2,0,0.07442782074213028,0,806.364,5.77,155.39,N#CC1=CC=C(O[C@H]2CCC[C@@H](NC(=O)C3=CC=C(N4CCC(N5CCN(C6=CC=C7C(=O)N(C8CCC(=O)NC8=O)C(=O)C7=C6)CC5)CC4)C=C3)CCC2)C=C1Cl
RACWFSYZHXHUJV,P10275,Q96SW2,0,0.27357277274131775,0,764.283,4.46,146.6,N#CC1=CC=C(OC2CCN(C(=O)C3=CC=C(N4CCC(N5CCN(C6=CC=C7C(=O)N(C8CCC(=O)NC8=O)C(=O)C7=C6)CC5)CC4)C=C3)CC2)C=C1Cl
IRDHCECVXOCRLY,P10275,Q96SW2,0,0.9880250096321106,1,777.326,5.07,158.19,N#CC1=CC=C(N[C@H]2CC[C@H](NC(=O)C3=CC=C(N4CCC(N5CCN(C6=CC=C7C(=O)N(C8CCC(=O)NC8=O)C(=O)C7=C6)CC5)CC4)C=C3)CC2)C=C1Cl
BEEAHZAQHFFDHP,P10275,Q96SW2,1,0.9351866245269775,1,791.353,5.21,149.4,CN(C1=CC=C(C#N)C(Cl)=C1)[C@H]1CC[C@H](NC(=O)C2=CC=C(N3CCC(N4CCN(C5=CC=C6C(=O)N(C7CCC(=O)NC7=O)C(=O)C6=C5)CC4)CC3)C=C2)CC1
BEEAHZAQHFFDHP,P10275,Q96SW2,1,0.9351866245269775,1,791.353,5.21,149.4,CN(C1=CC=C(C#N)C(Cl)=C1)[C@H]1CC[C@H](NC(=O)C2=CC=C(N3CCC(N4CCN(C5=CC=C6C(=O)N(C7CCC(=O)NC7=O)C(=O)C6=C5)CC4)CC3)C=C2)CC1
VZVAWYNZTBXESG,P10275,Q96SW2,1,0.9970250725746155,1,805.38,5.58,149.4,CCN(C1=CC=C(C#N)C(Cl)=C1)[C@H]1CC[C@H](NC(=O)C2=CC=C(N3CCC(N4CCN(C5=CC=C6C(=O)N(C7CCC(=O)NC7=O)C(=O)C6=C5)CC4)CC3)C=C2)CC1
FVEFTVCRDXCSLR,P10275,Q96SW2,1,0.8476641178131104,1,819.407,6.1,149.4,CCCN(C1=CC=C(C#N)C(Cl)=C1)[C@H]1CC[C@H](NC(=O)C2=CC=C(N3CCC(N4CCN(C5=CC=C6C(=O)N(C7CCC(=O)NC7=O)C(=O)C6=C5)CC4)CC3)C=C2)CC1
FSMCKEYFGVIYBM,P10275,Q96SW2,1,0.9959704875946045,1,805.38,5.4,149.4,CN(C1=CC=C(C#N)C(Cl)=C1)[C@H]1CC[C@H](NC(=O)C2=CC=C(N3CCN(CC4CCN(C5=CC=C6C(=O)N(C7CCC(=O)NC7=O)C(=O)C6=C5)CC4)CC3)C=C2)CC1
WHJVBMNCPUFBSX,P10275,Q96SW2,1,0.9470968246459961,1,791.353,5.21,149.4,CN(C1=CC=C(C#N)C(Cl)=C1)[C@H]1CC[C@H](NC(=O)C2=CC=C(N3CCN(C4CCN(C5=CC=C6C(=O)N(C7CCC(=O)NC7=O)C(=O)C6=C5)CC4)CC3)C=C2)CC1
WHJVBMNCPUFBSX,P10275,Q96SW2,1,0.9470968246459961,1,791.353,5.21,149.4,CN(C1=CC=C(C#N)C(Cl)=C1)[C@H]1CC[C@H](NC(=O)C2=CC=C(N3CCN(C4CCN(C5=CC=C6C(=O)N(C7CCC(=O)NC7=O)C(=O)C6=C5)CC4)CC3)C=C2)CC1
YYULHFDWXXZSRM,P10275,Q96SW2,1,0.9717870950698853,1,777.326,4.69,149.4,CN(C1=CC=C(C#N)C(Cl)=C1)[C@H]1CC[C@H](NC(=O)C2=CC=C(N3CCN(CC4CN(C5=CC=C6C(=O)N(C7CCC(=O)NC7=O)C(=O)C6=C5)C4)CC3)C=C2)CC1
YYULHFDWXXZSRM,P10275,Q96SW2,1,0.9717870950698853,1,777.326,4.69,149.4,CN(C1=CC=C(C#N)C(Cl)=C1)[C@H]1CC[C@H](NC(=O)C2=CC=C(N3CCN(CC4CN(C5=CC=C6C(=O)N(C7CCC(=O)NC7=O)C(=O)C6=C5)C4)CC3)C=C2)CC1
LUCHABJUYSYJAT,P10275,Q96SW2,1,0.9697386622428894,1,763.299,4.5,149.4,CN(C1=CC=C(C#N)C(Cl)=C1)[C@H]1CC[C@H](NC(=O)C2=CC=C(N3CCN(C4CN(C5=CC=C6C(=O)N(C7CCC(=O)NC7=O)C(=O)C6=C5)C4)CC3)C=C2)CC1
LUCHABJUYSYJAT,P10275,Q96SW2,1,0.9697386622428894,1,763.299,4.5,149.4,CN(C1=CC=C(C#N)C(Cl)=C1)[C@H]1CC[C@H](NC(=O)C2=CC=C(N3CCN(C4CN(C5=CC=C6C(=O)N(C7CCC(=O)NC7=O)C(=O)C6=C5)C4)CC3)C=C2)CC1
LOFIFWMXRZZLIL,P10275,Q96SW2,1,0.9758977293968201,1,777.326,4.69,149.4,CN(C1=CC=C(C#N)C(Cl)=C1)[C@H]1CC[C@H](NC(=O)C2=CC=C(N3CC(CN4CCN(C5=CC=C6C(=O)N(C7CCC(=O)NC7=O)C(=O)C6=C5)CC4)C3)C=C2)CC1
LOFIFWMXRZZLIL,P10275,Q96SW2,1,0.9758977293968201,1,777.326,4.69,149.4,CN(C1=CC=C(C#N)C(Cl)=C1)[C@H]1CC[C@H](NC(=O)C2=CC=C(N3CC(CN4CCN(C5=CC=C6C(=O)N(C7CCC(=O)NC7=O)C(=O)C6=C5)CC4)C3)C=C2)CC1
RNZSZCNUPQYOIX,P10275,Q96SW2,1,0.8326537013053894,1,763.299,4.5,149.4,CN(C1=CC=C(C#N)C(Cl)=C1)[C@H]1CC[C@H](NC(=O)C2=CC=C(N3CC(N4CCN(C5=CC=C6C(=O)N(C7CCC(=O)NC7=O)C(=O)C6=C5)CC4)C3)C=C2)CC1
RNZSZCNUPQYOIX,P10275,Q96SW2,0,0.8326537013053894,1,763.299,4.5,149.4,CN(C1=CC=C(C#N)C(Cl)=C1)[C@H]1CC[C@H](NC(=O)C2=CC=C(N3CC(N4CCN(C5=CC=C6C(=O)N(C7CCC(=O)NC7=O)C(=O)C6=C5)CC4)C3)C=C2)CC1
RDTWXYREPJFRLJ,P10275,Q96SW2,0,0.11863470077514648,0,835.862,2.72,200.53,CC(O)(CS(=O)(=O)C1=CC=C(N2CCN(C3CCN(C4=CC=C5C(=O)N(C6CCC(=O)NC6=O)C(=O)C5=C4)CC3)CC2)C=C1)C(=O)NC1=CC=C(C#N)C(C(F)(F)F)=C1
GPZDKLVDAYMWLZ,P10275,Q96SW2,0,0.06725319474935532,0,858.875,4.18,157.68,CC1(C)C(=O)N(C2=CC=C(C#N)C(C(F)(F)F)=C2)C(=S)N1C1=CC=C(C(=O)N2CCN(C3CCN(C4=CC=C5C(=O)N(C6CCC(=O)NC6=O)C(=O)C5=C4)CC3)CC2)C(F)=C1
DTFBEQQOOYQAKH,P10275,Q96SW2,0,0.5209757685661316,1,871.874,3.55,170.57,N#CC1=NC=C(N2C(=O)C3(CCC3)N(C3=CC=C(C(=O)N4CCN(C5CCN(C6=CC=C7C(=O)N(C8CCC(=O)NC8=O)C(=O)C7=C6)CC5)CC4)C(F)=C3)C2=S)C=C1C(F)(F)F
YVMDSBSVEFRUNQ,Q9UM73,Q96SW2,0,0.11652464419603348,0,654.727,4.83,146.68,CCC1=CC2=C(C=C1N1CCN(C3=CC=CC4=C3C(=O)N(C3CCC(=O)NC3=O)C4=O)CC1)C(C)(C)C1=C(C2=O)C2=CC=C(C#N)C=C2[NH]1
RKODSCPRYMAXPY,Q9UM73,Q96SW2,0,0.127304807305336,0,754.848,4.62,187.81,CCC1=CC2=C(C=C1N1CCN(CC(=O)NCCNC3=CC=CC4=C3C(=O)N(C3CCC(=O)NC3=O)C4=O)CC1)C(C)(C)C1=C(C2=O)C2=CC=C(C#N)C=C2[NH]1
BGYJVKQWMFAWEA,Q9UM73,Q96SW2,0,0.11512937396764755,0,810.956,6.05,187.81,CCC1=CC2=C(C=C1N1CCN(CC(=O)NCCCCCCNC3=CC=CC4=C3C(=O)N(C3CCC(=O)NC3=O)C4=O)CC1)C(C)(C)C1=C(C2=O)C2=CC=C(C#N)C=C2[NH]1
VZMZARQMQAUZAY,Q9UM73,Q96SW2,0,0.15726850926876068,0,837.982,5.21,191.05,CCC1=CC2=C(C=C1N1CCC(N3CCN(CC(=O)NCCNC4=CC=CC5=C4C(=O)N(C4CCC(=O)NC4=O)C5=O)CC3)CC1)C(C)(C)C1=C(C2=O)C2=CC=C(C#N)C=C2[NH]1
NEPFHFUEULTHSK,Q9UM73,Q96SW2,0,0.12292100489139557,0,866.036,5.93,191.05,CCC1=CC2=C(C=C1N1CCC(N3CCN(CC(=O)NCCCCNC4=CC=CC5=C4C(=O)N(C4CCC(=O)NC4=O)C5=O)CC3)CC1)C(C)(C)C1=C(C2=O)C2=CC=C(C#N)C=C2[NH]1
XGKYUMNEOGWSOG,Q9UM73,Q96SW2,0,0.09229531139135361,0,894.09,6.64,191.05,CCC1=CC2=C(C=C1N1CCC(N3CCN(CC(=O)NCCCCCCNC4=CC=CC5=C4C(=O)N(C4CCC(=O)NC4=O)C5=O)CC3)CC1)C(C)(C)C1=C(C2=O)C2=CC=C(C#N)C=C2[NH]1
KQNXUQJGOJWQGL,O60760,Q96SW2,1,0.7504385709762573,1,742.793,2.77,174.45,O=C1CCC(N2C(=O)C3=CC=CC(N4CCN(C(=O)C5CCN(C6=CC=C(NC(=O)C7=CN=C(OC8=CC=CC=C8)N=C7)C=C6)CC5)CC4)=C3C2=O)C(=O)N1
UUILKUWMNHXPIN,O60760,Q96SW2,0,0.14065653085708618,0,756.82,2.96,165.66,CN1C(=O)CCC(N2C(=O)C3=CC=CC(N4CCN(C(=O)C5CCN(C6=CC=C(NC(=O)C7=CN=C(OC8=CC=CC=C8)N=C7)C=C6)CC5)CC4)=C3C2=O)C1=O
ZTZZWBWDZLZUKQ,O60760,P40337,0,0.2185368537902832,0,888.064,4.91,208.08,CC1=C(C2=CC=C(CNC(=O)[C@@H]3C[C@@H](O)CN3C(=O)[C@@H](NC(=O)CNC(=O)C3CCN(C4=CC=C(NC(=O)C5=CN=C(OC6=CC=CC=C6)N=C5)C=C4)CC3)C(C)(C)C)C=C2)SC=N1
QUWWUNJGSUEYJK,P31751,P40337,1,0.8190289735794067,1,1097.869,7.29,222.32,CC1=C(C2=CC=C([C@H](C)NC(=O)[C@@H]3C[C@@H](O)CN3C(=O)[C@@H](NC(=O)CCCCCCCCCCC(=O)NCCNC[C@@H](C(=O)N3CCN(C4=NC=NC5=C4[C@H](C)C[C@H]5O)CC3)C3=CC=C(Cl)C=C3)C(C)(C)C)C=C2)SC=N1
QUWWUNJGSUEYJK,P31749,P40337,1,0.8104543089866638,1,1097.869,7.29,222.32,CC1=C(C2=CC=C([C@H](C)NC(=O)[C@@H]3C[C@@H](O)CN3C(=O)[C@@H](NC(=O)CCCCCCCCCCC(=O)NCCNC[C@@H](C(=O)N3CCN(C4=NC=NC5=C4[C@H](C)C[C@H]5O)CC3)C3=CC=C(Cl)C=C3)C(C)(C)C)C=C2)SC=N1
QUWWUNJGSUEYJK,Q9Y243,P40337,1,0.8164792060852051,1,1097.869,7.29,222.32,CC1=C(C2=CC=C([C@H](C)NC(=O)[C@@H]3C[C@@H](O)CN3C(=O)[C@@H](NC(=O)CCCCCCCCCCC(=O)NCCNC[C@@H](C(=O)N3CCN(C4=NC=NC5=C4[C@H](C)C[C@H]5O)CC3)C3=CC=C(Cl)C=C3)C(C)(C)C)C=C2)SC=N1
QMLFGZYEQAMKRK,P31751,Q96SW2,1,0.9161444306373596,1,870.452,3.86,206.27,C[C@@H]1C[C@@H](O)C2=NC=NC(N3CCN(C(=O)[C@H](CNCCC(=O)NCCCCCCCCNC4=CC=CC5=C4C(=O)N(C4CCC(=O)NC4=O)C5=O)C4=CC=C(Cl)C=C4)CC3)=C21
QMLFGZYEQAMKRK,P31749,Q96SW2,1,0.9106044173240662,1,870.452,3.86,206.27,C[C@@H]1C[C@@H](O)C2=NC=NC(N3CCN(C(=O)[C@H](CNCCC(=O)NCCCCCCCCNC4=CC=CC5=C4C(=O)N(C4CCC(=O)NC4=O)C5=O)C4=CC=C(Cl)C=C4)CC3)=C21
QMLFGZYEQAMKRK,Q9Y243,Q96SW2,1,0.9144427180290222,1,870.452,3.86,206.27,C[C@@H]1C[C@@H](O)C2=NC=NC(N3CCN(C(=O)[C@H](CNCCC(=O)NCCCCCCCCNC4=CC=CC5=C4C(=O)N(C4CCC(=O)NC4=O)C5=O)C4=CC=C(Cl)C=C4)CC3)=C21
NLHHAISQIXLYLK,P00533,P40337,0,0.12390697747468948,0,1126.443,5.23,222.73,COC1=CC(N(C)CCN(C)C)=C(NC(=O)/C=C/CN(C)CCN(C)C(=O)CCCC(=O)N[C@H](C(=O)N2C[C@H](O)C[C@H]2C(=O)NCC2=CC=C(C3=C(C)N=CS3)C=C2)C(C)(C)C)C=C1NC1=NC=CC(C2=CN(C)C3=CC=CC=C23)=N1
AUDHLQVDQXAEMW,P00533,P40337,0,0.07684662938117981,0,1154.497,6.13,222.73,COC1=CC(N(C)CCN(C)C)=C(NC(=O)/C=C/CN(C)CCN(C)C(=O)CCCCCC(=O)N[C@H](C(=O)N2C[C@H](O)C[C@H]2C(=O)NCC2=CC=C(C3=C(C)N=CS3)C=C2)C(C)(C)C)C=C1NC1=NC=CC(C2=CN(C)C3=CC=CC=C23)=N1
AUDHLQVDQXAEMW,P00533,P40337,0,0.076846644282341,0,1154.497,6.13,222.73,COC1=CC(N(C)CCN(C)C)=C(NC(=O)/C=C/CN(C)CCN(C)C(=O)CCCCCC(=O)N[C@H](C(=O)N2C[C@H](O)C[C@H]2C(=O)NCC2=CC=C(C3=C(C)N=CS3)C=C2)C(C)(C)C)C=C1NC1=NC=CC(C2=CN(C)C3=CC=CC=C23)=N1
BHWDRQOZBAXOIL,P00533,P40337,0,0.11243242770433426,0,1168.524,6.67,222.73,COC1=CC(N(C)CCN(C)C)=C(NC(=O)/C=C/CN(C)CCN(C)C(=O)CCCCCCC(=O)N[C@H](C(=O)N2C[C@H](O)C[C@H]2C(=O)NCC2=CC=C(C3=C(C)N=CS3)C=C2)C(C)(C)C)C=C1NC1=NC=CC(C2=CN(C)C3=CC=CC=C23)=N1
BHWDRQOZBAXOIL,P00533,P40337,0,0.11243242770433426,0,1168.524,6.67,222.73,COC1=CC(N(C)CCN(C)C)=C(NC(=O)/C=C/CN(C)CCN(C)C(=O)CCCCCCC(=O)N[C@H](C(=O)N2C[C@H](O)C[C@H]2C(=O)NCC2=CC=C(C3=C(C)N=CS3)C=C2)C(C)(C)C)C=C1NC1=NC=CC(C2=CN(C)C3=CC=CC=C23)=N1
UOILNJUDFXJYIX,P00533,P40337,0,0.27753958106040955,0,1097.445,7.59,202.42,COC1=CC(N(C)CCN(C)C)=C(NC(=O)/C=C/CN(C)CCCCCCCC(=O)N[C@H](C(=O)N2C[C@H](O)C[C@H]2C(=O)NCC2=CC=C(C3=C(C)N=CS3)C=C2)C(C)(C)C)C=C1NC1=NC=CC(C2=CN(C)C3=CC=CC=C23)=N1
UOILNJUDFXJYIX,P00533,P40337,0,0.27753958106040955,0,1097.445,7.59,202.42,COC1=CC(N(C)CCN(C)C)=C(NC(=O)/C=C/CN(C)CCCCCCCC(=O)N[C@H](C(=O)N2C[C@H](O)C[C@H]2C(=O)NCC2=CC=C(C3=C(C)N=CS3)C=C2)C(C)(C)C)C=C1NC1=NC=CC(C2=CN(C)C3=CC=CC=C23)=N1
RLLCZBYYTSDTJQ,P00533,P40337,0,0.05196699872612953,0,1026.322,7.35,199.18,C=CC(=O)NC1=CC(NC2=NC=CC(C3=CN(C)C4=CC=CC=C34)=N2)=C(OC)C=C1N(CCCCCCC(=O)N[C@H](C(=O)N1C[C@H](O)C[C@H]1C(=O)NCC1=CC=C(C2=C(C)N=CS2)C=C1)C(C)(C)C)CCN(C)C
RLLCZBYYTSDTJQ,P00533,P40337,0,0.05196699872612953,0,1026.322,7.35,199.18,C=CC(=O)NC1=CC(NC2=NC=CC(C3=CN(C)C4=CC=CC=C34)=N2)=C(OC)C=C1N(CCCCCCC(=O)N[C@H](C(=O)N1C[C@H](O)C[C@H]1C(=O)NCC1=CC=C(C2=C(C)N=CS2)C=C1)C(C)(C)C)CCN(C)C
ALUNGNVSILUROK,P00533,P40337,0,0.04755939543247223,0,1171.48,6.4,246.74,C=CC(=O)NC1=CC(NC2=NC=CC(C3=CN(C)C4=CC=CC=C34)=N2)=C(OC)C=C1N(CCCCCCC(=O)NCCOCCOCC(=O)N[C@H](C(=O)N1C[C@H](O)C[C@H]1C(=O)NCC1=CC=C(C2=C(C)N=CS2)C=C1)C(C)(C)C)CCN(C)C
ALUNGNVSILUROK,P00533,P40337,0,0.04755939543247223,0,1171.48,6.4,246.74,C=CC(=O)NC1=CC(NC2=NC=CC(C3=CN(C)C4=CC=CC=C34)=N2)=C(OC)C=C1N(CCCCCCC(=O)NCCOCCOCC(=O)N[C@H](C(=O)N1C[C@H](O)C[C@H]1C(=O)NCC1=CC=C(C2=C(C)N=CS2)C=C1)C(C)(C)C)CCN(C)C
UWPKPQXGEGLODQ,P00533,P40337,0,0.049616195261478424,0,1153.509,8.21,228.28,C=CC(=O)NC1=CC(NC2=NC=CC(C3=CN(C)C4=CC=CC=C34)=N2)=C(OC)C=C1N(CCCCCCC(=O)NCCCCCCC(=O)N[C@H](C(=O)N1C[C@H](O)C[C@H]1C(=O)NCC1=CC=C(C2=C(C)N=CS2)C=C1)C(C)(C)C)CCN(C)C
UWPKPQXGEGLODQ,P00533,P40337,0,0.049616195261478424,0,1153.509,8.21,228.28,C=CC(=O)NC1=CC(NC2=NC=CC(C3=CN(C)C4=CC=CC=C34)=N2)=C(OC)C=C1N(CCCCCCC(=O)NCCCCCCC(=O)N[C@H](C(=O)N1C[C@H](O)C[C@H]1C(=O)NCC1=CC=C(C2=C(C)N=CS2)C=C1)C(C)(C)C)CCN(C)C
ZSAWNDDMNMQIIJ,P00533,P40337,0,0.05792315676808357,0,1040.349,7.89,199.18,C=CC(=O)NC1=CC(NC2=NC=CC(C3=CN(C)C4=CC=CC=C34)=N2)=C(OC)C=C1N(C)CCN(C)CCCCCCCC(=O)N[C@H](C(=O)N1C[C@H](O)C[C@H]1C(=O)NCC1=CC=C(C2=C(C)N=CS2)C=C1)C(C)(C)C
ZSAWNDDMNMQIIJ,P00533,P40337,0,0.05792315676808357,0,1040.349,7.89,199.18,C=CC(=O)NC1=CC(NC2=NC=CC(C3=CN(C)C4=CC=CC=C34)=N2)=C(OC)C=C1N(C)CCN(C)CCCCCCCC(=O)N[C@H](C(=O)N1C[C@H](O)C[C@H]1C(=O)NCC1=CC=C(C2=C(C)N=CS2)C=C1)C(C)(C)C
PLSIZPKPMOPGBN,P00533,P40337,0,0.11673049628734589,0,1150.465,7.52,252.07,COC1=CC(N(C)CCN(C)C)=C(NC(=O)/C(C#N)=C/C(C)(C)NC(=O)CCCCCCC(=O)N[C@H](C(=O)N2C[C@H](O)C[C@H]2C(=O)NCC2=CC=C(C3=C(C)N=CS3)C=C2)C(C)(C)C)C=C1NC1=NC=CC(C2=CN(C)C3=CC=CC=C23)=N1
PLSIZPKPMOPGBN,P00533,P40337,0,0.1167304664850235,0,1150.465,7.52,252.07,COC1=CC(N(C)CCN(C)C)=C(NC(=O)/C(C#N)=C/C(C)(C)NC(=O)CCCCCCC(=O)N[C@H](C(=O)N2C[C@H](O)C[C@H]2C(=O)NCC2=CC=C(C3=C(C)N=CS3)C=C2)C(C)(C)C)C=C1NC1=NC=CC(C2=CN(C)C3=CC=CC=C23)=N1
FXWJQZDZCXGXTI,P00533,P40337,0,0.9722860455513,1,1050.348,7.56,206.08,C=CC(=O)N1CC[C@H](N2C(NC3=CC=CC=C3)=NC3=CN=C(NC4=CC=C(N5CCN(CCCCCCC(=O)N[C@H](C(=O)N6C[C@H](O)C[C@H]6C(=O)NCC6=CC=C(C7=C(C)N=CS7)C=C6)C(C)(C)C)CC5)C=C4)N=C32)C1
FXWJQZDZCXGXTI,P00533,P40337,1,0.9722860455513,1,1050.348,7.56,206.08,C=CC(=O)N1CC[C@H](N2C(NC3=CC=CC=C3)=NC3=CN=C(NC4=CC=C(N5CCN(CCCCCCC(=O)N[C@H](C(=O)N6C[C@H](O)C[C@H]6C(=O)NCC6=CC=C(C7=C(C)N=CS7)C=C6)C(C)(C)C)CC5)C=C4)N=C32)C1
CSQRGDCIFDELOJ,P00533,P40337,0,0.6079391241073608,1,1064.375,7.91,206.08,C=CC(=O)N1CCC[C@H](N2C(NC3=CC=CC=C3)=NC3=CN=C(NC4=CC=C(N5CCN(CCCCCCC(=O)N[C@H](C(=O)N6C[C@H](O)C[C@H]6C(=O)NCC6=CC=C(C7=C(C)N=CS7)C=C6)C(C)(C)C)CC5)C=C4)N=C32)C1
CSQRGDCIFDELOJ,P00533,P40337,1,0.6079391241073608,1,1064.375,7.91,206.08,C=CC(=O)N1CCC[C@H](N2C(NC3=CC=CC=C3)=NC3=CN=C(NC4=CC=C(N5CCN(CCCCCCC(=O)N[C@H](C(=O)N6C[C@H](O)C[C@H]6C(=O)NCC6=CC=C(C7=C(C)N=CS7)C=C6)C(C)(C)C)CC5)C=C4)N=C32)C1
WSSNDQVXHFXMID,P00533,P40337,0,0.512137770652771,1,1078.402,8.45,206.08,C=CC(=O)N1CCC[C@H](N2C(NC3=CC=CC=C3)=NC3=CN=C(NC4=CC=C(N5CCN(CCCCCCCC(=O)N[C@H](C(=O)N6C[C@H](O)C[C@H]6C(=O)NCC6=CC=C(C7=C(C)N=CS7)C=C6)C(C)(C)C)CC5)C=C4)N=C32)C1
WSSNDQVXHFXMID,P00533,P40337,1,0.512137770652771,1,1078.402,8.45,206.08,C=CC(=O)N1CCC[C@H](N2C(NC3=CC=CC=C3)=NC3=CN=C(NC4=CC=C(N5CCN(CCCCCCCC(=O)N[C@H](C(=O)N6C[C@H](O)C[C@H]6C(=O)NCC6=CC=C(C7=C(C)N=CS7)C=C6)C(C)(C)C)CC5)C=C4)N=C32)C1
GKMLWAGLQFDOKQ,P00533,P40337,0,0.6002879738807678,1,1107.4,6.72,235.18,C=CC(=O)N1CCC[C@H](N2C(NC3=CC=CC=C3)=NC3=CN=C(NC4=CC=C(N5CCN(CC(=O)NCCCCCC(=O)N[C@H](C(=O)N6C[C@H](O)C[C@H]6C(=O)NCC6=CC=C(C7=C(C)N=CS7)C=C6)C(C)(C)C)CC5)C=C4)N=C32)C1
GKMLWAGLQFDOKQ,P00533,P40337,1,0.600287914276123,1,1107.4,6.72,235.18,C=CC(=O)N1CCC[C@H](N2C(NC3=CC=CC=C3)=NC3=CN=C(NC4=CC=C(N5CCN(CC(=O)NCCCCCC(=O)N[C@H](C(=O)N6C[C@H](O)C[C@H]6C(=O)NCC6=CC=C(C7=C(C)N=CS7)C=C6)C(C)(C)C)CC5)C=C4)N=C32)C1
IROOQIWNFFCZLN,P00533,P40337,0,0.631567120552063,1,1121.427,7.26,235.18,C=CC(=O)N1CCC[C@H](N2C(NC3=CC=CC=C3)=NC3=CN=C(NC4=CC=C(N5CCN(CC(=O)NCCCCCCC(=O)N[C@H](C(=O)N6C[C@H](O)C[C@H]6C(=O)NCC6=CC=C(C7=C(C)N=CS7)C=C6)C(C)(C)C)CC5)C=C4)N=C32)C1
IROOQIWNFFCZLN,P00533,P40337,1,0.631567120552063,1,1121.427,7.26,235.18,C=CC(=O)N1CCC[C@H](N2C(NC3=CC=CC=C3)=NC3=CN=C(NC4=CC=C(N5CCN(CC(=O)NCCCCCCC(=O)N[C@H](C(=O)N6C[C@H](O)C[C@H]6C(=O)NCC6=CC=C(C7=C(C)N=CS7)C=C6)C(C)(C)C)CC5)C=C4)N=C32)C1
HTDTVBXASZKIHM,P00533,P40337,0,0.23494164645671844,0,1139.398,5.45,253.64,C=CC(=O)N1CCC[C@H](N2C(NC3=CC=CC=C3)=NC3=CN=C(NC4=CC=C(N5CCN(CC(=O)NCCOCCOCC(=O)N[C@H](C(=O)N6C[C@H](O)C[C@H]6C(=O)NCC6=CC=C(C7=C(C)N=CS7)C=C6)C(C)(C)C)CC5)C=C4)N=C32)C1
HTDTVBXASZKIHM,P00533,P40337,1,0.23494164645671844,0,1139.398,5.45,253.64,C=CC(=O)N1CCC[C@H](N2C(NC3=CC=CC=C3)=NC3=CN=C(NC4=CC=C(N5CCN(CC(=O)NCCOCCOCC(=O)N[C@H](C(=O)N6C[C@H](O)C[C@H]6C(=O)NCC6=CC=C(C7=C(C)N=CS7)C=C6)C(C)(C)C)CC5)C=C4)N=C32)C1
RYXQXEGTLNBKEC,P00533,P40337,1,0.8748281598091125,1,1092.429,8.86,206.08,C=CC(=O)N1CCC[C@H](N2C(NC3=CC=CC=C3)=NC3=CN=C(NC4=CC=C(N5CCN(CCCCCCCC(=O)N[C@H](C(=O)N6C[C@H](O)C[C@H]6C(=O)N[C@@H](C)C6=CC=C(C7=C(C)N=CS7)C=C6)C(C)(C)C)CC5)C=C4)N=C32)C1
RYXQXEGTLNBKEC,P00533,P40337,1,0.8748281598091125,1,1092.429,8.86,206.08,C=CC(=O)N1CCC[C@H](N2C(NC3=CC=CC=C3)=NC3=CN=C(NC4=CC=C(N5CCN(CCCCCCCC(=O)N[C@H](C(=O)N6C[C@H](O)C[C@H]6C(=O)N[C@@H](C)C6=CC=C(C7=C(C)N=CS7)C=C6)C(C)(C)C)CC5)C=C4)N=C32)C1
NEBQLCJXQCQWAT,P00533,P40337,0,0.8054671883583069,1,1094.445,8.74,206.08,CCC(=O)N1CCC[C@H](N2C(NC3=CC=CC=C3)=NC3=CN=C(NC4=CC=C(N5CCN(CCCCCCCC(=O)N[C@H](C(=O)N6C[C@H](O)C[C@H]6C(=O)N[C@@H](C)C6=CC=C(C7=C(C)N=CS7)C=C6)C(C)(C)C)CC5)C=C4)N=C32)C1
NEBQLCJXQCQWAT,P00533,P40337,1,0.8054671883583069,1,1094.445,8.74,206.08,CCC(=O)N1CCC[C@H](N2C(NC3=CC=CC=C3)=NC3=CN=C(NC4=CC=C(N5CCN(CCCCCCCC(=O)N[C@H](C(=O)N6C[C@H](O)C[C@H]6C(=O)N[C@@H](C)C6=CC=C(C7=C(C)N=CS7)C=C6)C(C)(C)C)CC5)C=C4)N=C32)C1
KRTXNKFNVDUMFW,Q07889,P40337,0,0.2089083194732666,0,1009.738,7.61,151.2,CC1=CC(CN2C(N3CC4(CNC4)C3)=NC3=C(N4CCN(CCCCCC(=O)N[C@H](C(=O)N5C[C@H](O)C[C@H]5C(=O)N[C@@H](C)C5=CC=C(C6=C(C)N=CS6)C=C5)C(C)(C)C)CC4)C=C(Cl)C=C32)=CC(C)=C1F
RWXRMOUTGNDVRG,Q07889,P40337,0,0.09804677218198776,0,1023.765,8.15,151.2,CC1=CC(CN2C(N3CC4(CNC4)C3)=NC3=C(N4CCN(CCCCCCC(=O)N[C@H](C(=O)N5C[C@H](O)C[C@H]5C(=O)N[C@@H](C)C5=CC=C(C6=C(C)N=CS6)C=C5)C(C)(C)C)CC4)C=C(Cl)C=C32)=CC(C)=C1F
AZBRWXRYNYEDKG,Q07889,P40337,1,0.9642640948295593,1,1051.819,9.23,151.2,CC1=CC(CN2C(N3CC4(CNC4)C3)=NC3=C(N4CCN(CCCCCCCCC(=O)N[C@H](C(=O)N5C[C@H](O)C[C@H]5C(=O)N[C@@H](C)C5=CC=C(C6=C(C)N=CS6)C=C5)C(C)(C)C)CC4)C=C(Cl)C=C32)=CC(C)=C1F
AZBRWXRYNYEDKG,Q07889,P40337,1,0.9642640948295593,1,1051.819,9.23,151.2,CC1=CC(CN2C(N3CC4(CNC4)C3)=NC3=C(N4CCN(CCCCCCCCC(=O)N[C@H](C(=O)N5C[C@H](O)C[C@H]5C(=O)N[C@@H](C)C5=CC=C(C6=C(C)N=CS6)C=C5)C(C)(C)C)CC4)C=C(Cl)C=C32)=CC(C)=C1F
BKHFNIAHQPHQNG,Q07889,P40337,0,0.03448154404759407,0,1065.846,9.77,151.2,CC1=CC(CN2C(N3CC4(CNC4)C3)=NC3=C(N4CCN(CCCCCCCCCC(=O)N[C@H](C(=O)N5C[C@H](O)C[C@H]5C(=O)N[C@@H](C)C5=CC=C(C6=C(C)N=CS6)C=C5)C(C)(C)C)CC4)C=C(Cl)C=C32)=CC(C)=C1F
YIHJSSOOZVRPGE,Q07889,P40337,0,0.03585060313344002,0,1079.873,10.31,151.2,CC1=CC(CN2C(N3CC4(CNC4)C3)=NC3=C(N4CCN(CCCCCCCCCCC(=O)N[C@H](C(=O)N5C[C@H](O)C[C@H]5C(=O)N[C@@H](C)C5=CC=C(C6=C(C)N=CS6)C=C5)C(C)(C)C)CC4)C=C(Cl)C=C32)=CC(C)=C1F
KMPZNMUJYMSUSI,Q07889,P40337,0,0.06518061459064484,0,1093.9,10.86,151.2,CC1=CC(CN2C(N3CC4(CNC4)C3)=NC3=C(N4CCN(CCCCCCCCCCCC(=O)N[C@H](C(=O)N5C[C@H](O)C[C@H]5C(=O)N[C@@H](C)C5=CC=C(C6=C(C)N=CS6)C=C5)C(C)(C)C)CC4)C=C(Cl)C=C32)=CC(C)=C1F
HNWMZIJESIXUPN,Q07889,P40337,0,0.8967186212539673,1,1055.763,6.24,169.66,CC1=CC(CN2C(N3CC4(CNC4)C3)=NC3=C(N4CCN(CCOCCOCCC(=O)N[C@H](C(=O)N5C[C@H](O)C[C@H]5C(=O)N[C@@H](C)C5=CC=C(C6=C(C)N=CS6)C=C5)C(C)(C)C)CC4)C=C(Cl)C=C32)=CC(C)=C1F
KEAIJOOOCCVKLN,Q07889,P40337,0,0.03682192787528038,0,1052.763,6.14,180.3,CC1=CC(CN2C(N3CC4(CNC4)C3)=NC3=C(N4CCN(CCC(=O)NCCCC(=O)N[C@H](C(=O)N5C[C@H](O)C[C@H]5C(=O)N[C@@H](C)C5=CC=C(C6=C(C)N=CS6)C=C5)C(C)(C)C)CC4)C=C(Cl)C=C32)=CC(C)=C1F
GGQNUIQRAOZHGV,Q07889,P40337,0,0.023765189573168755,0,1066.79,6.5,180.3,CC1=CC(CN2C(N3CC4(CNC4)C3)=NC3=C(N4CCN(CCCC(=O)NCCCC(=O)N[C@H](C(=O)N5C[C@H](O)C[C@H]5C(=O)N[C@@H](C)C5=CC=C(C6=C(C)N=CS6)C=C5)C(C)(C)C)CC4)C=C(Cl)C=C32)=CC(C)=C1F
AIYOQVDTDVIWSY,Q07889,P40337,0,0.2612338066101074,0,1080.817,6.85,180.3,CC1=CC(CN2C(N3CC4(CNC4)C3)=NC3=C(N4CCN(CCCCC(=O)NCCCC(=O)N[C@H](C(=O)N5C[C@H](O)C[C@H]5C(=O)N[C@@H](C)C5=CC=C(C6=C(C)N=CS6)C=C5)C(C)(C)C)CC4)C=C(Cl)C=C32)=CC(C)=C1F
VGSNFIXQGOYMDO,Q07889,P40337,0,0.02338908612728119,0,1064.818,7.32,154.44,CC1=CC(CN2C(N3CC4(CNC4)C3)=NC3=C(N4CCN(CC5CCN(CCC(=O)N[C@H](C(=O)N6C[C@H](O)C[C@H]6C(=O)N[C@@H](C)C6=CC=C(C7=C(C)N=CS7)C=C6)C(C)(C)C)CC5)CC4)C=C(Cl)C=C32)=CC(C)=C1F
KGZDQGZDFMGWIY,Q07889,P40337,0,0.024758676066994667,0,1078.845,7.67,154.44,CC1=CC(CN2C(N3CC4(CNC4)C3)=NC3=C(N4CCN(CC5CCN(CCCC(=O)N[C@H](C(=O)N6C[C@H](O)C[C@H]6C(=O)N[C@@H](C)C6=CC=C(C7=C(C)N=CS7)C=C6)C(C)(C)C)CC5)CC4)C=C(Cl)C=C32)=CC(C)=C1F
KJSOPWPRPNOFCQ,P06730,Q96SW2,0,0.053586140275001526,0,893.719,5.26,268.7,O=C(COC1=CC=CC2=C1C(=O)N(C1CCC(=O)NC1=O)C2=O)NCCCCNC(=O)CC1=C(C2=CC=C(Cl)C(Cl)=C2)N=C(N/N=C(\CC2=CC=CC=C2[N+](=O)[O-])C(=O)O)S1
NGIBNEVPRVRVCR,P06730,Q96SW2,0,0.062444087117910385,0,663.76,5.93,161.96,C/C(=N\NC1=NC(C2=CC=C(C3=CC=CC=C3)C=C2)=CS1)C(=O)NCCCCNC1=CC=CC2=C1C(=O)N(C1CCC(=O)NC1=O)C2=O
SIZOLXLQEPVTOK,P06730,Q96SW2,0,0.039191290736198425,0,784.855,7.35,205.1,O=C1CCC(N2C(=O)C3=CC=CC(NCCCCNC(=O)/C(CC4=CC=CC=C4[N+](=O)[O-])=N/NC4=NC(C5=CC=C(C6=CC=CC=C6)C=C5)=CS4)=C3C2=O)C(=O)N1
GPJNFMRIVNCEFF,P06730,Q96SW2,0,0.04548495262861252,0,635.706,5.21,161.96,C/C(=N\NC1=NC(C2=CC=C(C3=CC=CC=C3)C=C2)=CS1)C(=O)NCCNC1=CC=CC2=C1C(=O)N(C1CCC(=O)NC1=O)C2=O
HGSSHSLVOZGCKV,P06730,Q96SW2,0,0.08931738883256912,0,649.733,5.57,161.96,C/C(=N\NC1=NC(C2=CC=C(C3=CC=CC=C3)C=C2)=CS1)C(=O)NCCCNC1=CC=CC2=C1C(=O)N(C1CCC(=O)NC1=O)C2=O
VVPAYWVSEZULNU,P14679,Q96SW2,0,0.06243476644158363,0,511.487,1.12,172.32,O=C1CCC(N2C(=O)C3=CC=CC(NCCCCCC(=O)OCC4=CC(=O)C(O)=CO4)=C3C2=O)C(=O)N1
WNZPMDBPOIDSBB,P14679,Q96SW2,0,0.03566032275557518,0,539.541,2.2,172.32,O=C1CCC(N2C(=O)C3=CC=CC(NCCCCCCCC(=O)OCC4=CC(=O)C(O)=CO4)=C3C2=O)C(=O)N1
BZYYBKJDUOWQDR,P14679,Q96SW2,0,0.0379284992814064,0,553.568,2.74,172.32,O=C1CCC(N2C(=O)C3=CC=CC(NCCCCCCCCC(=O)OCC4=CC(=O)C(O)=CO4)=C3C2=O)C(=O)N1
AAYBTCSHQQGPRU,P14679,Q96SW2,0,0.046124182641506195,0,581.622,3.83,172.32,O=C1CCC(N2C(=O)C3=CC=CC(NCCCCCCCCCCC(=O)OCC4=CC(=O)C(O)=CO4)=C3C2=O)C(=O)N1
GTUJRUVNUQLCDT,P14679,Q96SW2,0,0.044840432703495026,0,537.573,1.42,191.16,N[C@@H](CC1=CC=C(O)C(O)=C1)C(=O)NCCCCCNC1=CC=CC2=C1C(=O)N(C1CCC(=O)NC1=O)C2=O
XVCGNRHPFMMQTF,P24941,P40337,0,0.18498831987380981,0,981.219,4.22,241.34,CC1=C(C2=CC=C(CNC(=O)[C@@H]3C[C@@H](O)CN3C(=O)[C@@H](NC(=O)COCCN3C=C(CCCS(=O)(=O)C4=CC=C(NC5=NC=CC(C6=CN=C(C)N6C(C)C)=N5)C=C4)N=N3)C(C)(C)C)C=C2)SC=N1
AORZPRLVKUMTOJ,O60885,Q96SW2,1,0.840742290019989,1,873.972,4.21,223.18,CC[C@@H]1C2=NN=C(C)N2C2=CN=C(NC3=CC=C(C(=O)NC4CCN(C(=O)COC5=CC=CC6=C5C(=O)N(C5CCC(=O)NC5=O)C6=O)CC4)C=C3OC)N=C2N1CC1CCCCC1
XZMGOWQHLJWQJN,Q9NYV4,Q96SW2,0,0.14672209322452545,0,866.956,4.06,230.69,CC(C)N1C=NC2=C(NCC3=NC4=CC(F)=C(NCCCCCCCCNC(=O)COC5=CC=CC6=C5C(=O)N(C5CCC(=O)NC5=O)C6=O)C=C4[NH]3)N=C(N3CCOCC3)N=C21
LBFRBZBJTSKGIW,P49840,Q96SW2,0,0.052354466170072556,0,995.093,-1.22,300.42,NC1=NC=C(C2=CC=C(S(=O)(=O)N3CCN(CC4=CN(CCOCCOCCOCCNC(=O)CNC5=CC=CC6=C5CN(C5CCC(=O)NC5=O)C6=O)N=N4)CC3)C=C2)N=C1C(=O)NC1=CC=CN=C1
LBFRBZBJTSKGIW,P49841,Q96SW2,0,0.04756810516119003,0,995.093,-1.22,300.42,NC1=NC=C(C2=CC=C(S(=O)(=O)N3CCN(CC4=CN(CCOCCOCCOCCNC(=O)CNC5=CC=CC6=C5CN(C5CCC(=O)NC5=O)C6=O)N=N4)CC3)C=C2)N=C1C(=O)NC1=CC=CN=C1
GAEXVYPDSWYWEL,P49840,Q96SW2,0,0.09921994805335999,0,836.303,1.1,230.37,COC1=CC=C(C2=C(C(=O)NCCCC3=CN(CCOCCOCCOCCNC(=O)CNC4=CC=CC5=C4CN(C4CCC(=O)NC4=O)C5=O)N=N3)N=CO2)C=C1Cl
GAEXVYPDSWYWEL,P49841,Q96SW2,0,0.09029117971658707,0,836.303,1.1,230.37,COC1=CC=C(C2=C(C(=O)NCCCC3=CN(CCOCCOCCOCCNC(=O)CNC4=CC=CC5=C4CN(C4CCC(=O)NC4=O)C5=O)N=N3)N=CO2)C=C1Cl
LQWQMXZHKPRTOM,P49840,Q96SW2,0,0.06112973392009735,0,780.191,1.22,215.54,COC1=CC=C(C2=C(C(=O)NCCCN3C=C(COCCOCCOCCOC4=CC=CC5=C4C(=O)N(C4CCC(=O)NC4=O)C5=O)N=N3)N=CO2)C=C1Cl
LQWQMXZHKPRTOM,P49841,Q96SW2,0,0.05577940121293068,0,780.191,1.22,215.54,COC1=CC=C(C2=C(C(=O)NCCCN3C=C(COCCOCCOCCOC4=CC=CC5=C4C(=O)N(C4CCC(=O)NC4=O)C5=O)N=N3)N=CO2)C=C1Cl
YLHOZWVXEUSDRF,P49840,P40337,0,0.2657214403152466,0,874.465,4.99,206.7,COC1=CC=C(C2=C(C(=O)NCCCN3C=C(CCCCC(=O)N[C@@H](C(=O)N4C[C@H](O)C[C@H]4C(=O)NCC4=CC=C(C5=C(C)N=CS5)C=C4)C(C)(C)C)N=N3)N=CO2)C=C1Cl
YLHOZWVXEUSDRF,P49841,P40337,0,0.22245746850967407,0,874.465,4.99,206.7,COC1=CC=C(C2=C(C(=O)NCCCN3C=C(CCCCC(=O)N[C@@H](C(=O)N4C[C@H](O)C[C@H]4C(=O)NCC4=CC=C(C5=C(C)N=CS5)C=C4)C(C)(C)C)N=N3)N=CO2)C=C1Cl
UGFBBKMBFHLSDU,P49840,P40337,0,0.08041287213563919,0,994.569,3.32,243.62,COC1=CC=C(C2=C(C(=O)NCCCN3C=C(COCCOCCOCCOCC(=O)N[C@@H](C(=O)N4C[C@H](O)C[C@H]4C(=O)NCC4=CC=C(C5=C(C)N=CS5)C=C4)C(C)(C)C)N=N3)N=CO2)C=C1Cl
UGFBBKMBFHLSDU,P49841,P40337,0,0.07154785841703415,0,994.569,3.32,243.62,COC1=CC=C(C2=C(C(=O)NCCCN3C=C(COCCOCCOCCOCC(=O)N[C@@H](C(=O)N4C[C@H](O)C[C@H]4C(=O)NCC4=CC=C(C5=C(C)N=CS5)C=C4)C(C)(C)C)N=N3)N=CO2)C=C1Cl
NPHVGHZMOBTTNX,P49840,Q96SW2,0,0.15950749814510345,0,907.971,0.08,279.16,NC1=NC=C(C2=CC=C(S(=O)(=O)N3CCN(CC4=CN(CCOCCOCCNC5=CC=CC6=C5C(=O)N(C5CCC(=O)NC5=O)C6=O)N=N4)CC3)C=C2)N=C1C(=O)NC1=CC=CN=C1
NPHVGHZMOBTTNX,P49841,Q96SW2,0,0.13538242876529694,0,907.971,0.08,279.16,NC1=NC=C(C2=CC=C(S(=O)(=O)N3CCN(CC4=CN(CCOCCOCCNC5=CC=CC6=C5C(=O)N(C5CCC(=O)NC5=O)C6=O)N=N4)CC3)C=C2)N=C1C(=O)NC1=CC=CN=C1
RCVAZYOLQQIQJE,P49840,Q96SW2,0,0.0806838795542717,0,952.024,-0.07,288.39,NC1=NC=C(C2=CC=C(S(=O)(=O)N3CCN(CC4=CN(CCOCCOCCOCCNC5=CC=CC6=C5C(=O)N(C5CCC(=O)NC5=O)C6=O)N=N4)CC3)C=C2)N=C1C(=O)NC1=CC=CN=C1
RCVAZYOLQQIQJE,P49841,Q96SW2,0,0.07470580190420151,0,952.024,-0.07,288.39,NC1=NC=C(C2=CC=C(S(=O)(=O)N3CCN(CC4=CN(CCOCCOCCOCCNC5=CC=CC6=C5C(=O)N(C5CCC(=O)NC5=O)C6=O)N=N4)CC3)C=C2)N=C1C(=O)NC1=CC=CN=C1
DDQDFURXLHREJI,P49840,Q96SW2,0,0.04363057389855385,0,996.077,-0.22,297.62,NC1=NC=C(C2=CC=C(S(=O)(=O)N3CCN(CC4=CN(CCOCCOCCOCCOCCNC5=CC=CC6=C5C(=O)N(C5CCC(=O)NC5=O)C6=O)N=N4)CC3)C=C2)N=C1C(=O)NC1=CC=CN=C1
DDQDFURXLHREJI,P49841,Q96SW2,0,0.04230024293065071,0,996.077,-0.22,297.62,NC1=NC=C(C2=CC=C(S(=O)(=O)N3CCN(CC4=CN(CCOCCOCCOCCOCCNC5=CC=CC6=C5C(=O)N(C5CCC(=O)NC5=O)C6=O)N=N4)CC3)C=C2)N=C1C(=O)NC1=CC=CN=C1
ALKXFMAFDABCFF,P49840,Q96SW2,0,0.045707132667303085,0,1040.13,-0.37,306.85,NC1=NC=C(C2=CC=C(S(=O)(=O)N3CCN(CC4=CN(CCOCCOCCOCCOCCOCCNC5=CC=CC6=C5C(=O)N(C5CCC(=O)NC5=O)C6=O)N=N4)CC3)C=C2)N=C1C(=O)NC1=CC=CN=C1
ALKXFMAFDABCFF,P49841,Q96SW2,0,0.042615026235580444,0,1040.13,-0.37,306.85,NC1=NC=C(C2=CC=C(S(=O)(=O)N3CCN(CC4=CN(CCOCCOCCOCCOCCOCCNC5=CC=CC6=C5C(=O)N(C5CCC(=O)NC5=O)C6=O)N=N4)CC3)C=C2)N=C1C(=O)NC1=CC=CN=C1
QVFPGOOSKWKGHK,P49840,Q96SW2,0,0.779701828956604,1,1084.183,-0.51,316.08,NC1=NC=C(C2=CC=C(S(=O)(=O)N3CCN(CC4=CN(CCOCCOCCOCCOCCOCCOCCNC5=CC=CC6=C5C(=O)N(C5CCC(=O)NC5=O)C6=O)N=N4)CC3)C=C2)N=C1C(=O)NC1=CC=CN=C1
QVFPGOOSKWKGHK,P49841,Q96SW2,0,0.707866370677948,1,1084.183,-0.51,316.08,NC1=NC=C(C2=CC=C(S(=O)(=O)N3CCN(CC4=CN(CCOCCOCCOCCOCCOCCOCCNC5=CC=CC6=C5C(=O)N(C5CCC(=O)NC5=O)C6=O)N=N4)CC3)C=C2)N=C1C(=O)NC1=CC=CN=C1
NPUQFBMJXLMXKF,P49840,Q96SW2,0,0.07898404449224472,0,921.998,0.54,279.16,NC1=NC=C(C2=CC=C(S(=O)(=O)N3CCN(CCC4=CN(CCOCCOCCNC5=CC=CC6=C5C(=O)N(C5CCC(=O)NC5=O)C6=O)N=N4)CC3)C=C2)N=C1C(=O)NC1=CC=CN=C1
NPUQFBMJXLMXKF,P49841,Q96SW2,0,0.07573694735765457,0,921.998,0.54,279.16,NC1=NC=C(C2=CC=C(S(=O)(=O)N3CCN(CCC4=CN(CCOCCOCCNC5=CC=CC6=C5C(=O)N(C5CCC(=O)NC5=O)C6=O)N=N4)CC3)C=C2)N=C1C(=O)NC1=CC=CN=C1
PHKJXNMSYVMZFD,P49840,Q96SW2,0,0.29296645522117615,0,1010.104,0.24,297.62,NC1=NC=C(C2=CC=C(S(=O)(=O)N3CCN(CCC4=CN(CCOCCOCCOCCOCCNC5=CC=CC6=C5C(=O)N(C5CCC(=O)NC5=O)C6=O)N=N4)CC3)C=C2)N=C1C(=O)NC1=CC=CN=C1
PHKJXNMSYVMZFD,P49841,Q96SW2,0,0.2447974681854248,0,1010.104,0.24,297.62,NC1=NC=C(C2=CC=C(S(=O)(=O)N3CCN(CCC4=CN(CCOCCOCCOCCOCCNC5=CC=CC6=C5C(=O)N(C5CCC(=O)NC5=O)C6=O)N=N4)CC3)C=C2)N=C1C(=O)NC1=CC=CN=C1
YSSYSNAJBZMOSQ,P49840,Q96SW2,0,0.07250643521547318,0,1054.157,0.1,306.85,NC1=NC=C(C2=CC=C(S(=O)(=O)N3CCN(CCC4=CN(CCOCCOCCOCCOCCOCCNC5=CC=CC6=C5C(=O)N(C5CCC(=O)NC5=O)C6=O)N=N4)CC3)C=C2)N=C1C(=O)NC1=CC=CN=C1
YSSYSNAJBZMOSQ,P49841,Q96SW2,0,0.06854426860809326,0,1054.157,0.1,306.85,NC1=NC=C(C2=CC=C(S(=O)(=O)N3CCN(CCC4=CN(CCOCCOCCOCCOCCOCCNC5=CC=CC6=C5C(=O)N(C5CCC(=O)NC5=O)C6=O)N=N4)CC3)C=C2)N=C1C(=O)NC1=CC=CN=C1
JJGALSSJVYZYHC,P49840,Q96SW2,0,0.050616491585969925,0,1098.21,-0.05,316.08,NC1=NC=C(C2=CC=C(S(=O)(=O)N3CCN(CCC4=CN(CCOCCOCCOCCOCCOCCOCCNC5=CC=CC6=C5C(=O)N(C5CCC(=O)NC5=O)C6=O)N=N4)CC3)C=C2)N=C1C(=O)NC1=CC=CN=C1
JJGALSSJVYZYHC,P49841,Q96SW2,0,0.048773929476737976,0,1098.21,-0.05,316.08,NC1=NC=C(C2=CC=C(S(=O)(=O)N3CCN(CCC4=CN(CCOCCOCCOCCOCCOCCOCCNC5=CC=CC6=C5C(=O)N(C5CCC(=O)NC5=O)C6=O)N=N4)CC3)C=C2)N=C1C(=O)NC1=CC=CN=C1
POEDIMKQYSDVSE,P49840,Q96SW2,0,0.22510436177253723,0,950.052,1.25,279.16,NC1=NC=C(C2=CC=C(S(=O)(=O)N3CCN(CCCCC4=CN(CCOCCOCCNC5=CC=CC6=C5C(=O)N(C5CCC(=O)NC5=O)C6=O)N=N4)CC3)C=C2)N=C1C(=O)NC1=CC=CN=C1
POEDIMKQYSDVSE,P49841,Q96SW2,0,0.18794433772563934,0,950.052,1.25,279.16,NC1=NC=C(C2=CC=C(S(=O)(=O)N3CCN(CCCCC4=CN(CCOCCOCCNC5=CC=CC6=C5C(=O)N(C5CCC(=O)NC5=O)C6=O)N=N4)CC3)C=C2)N=C1C(=O)NC1=CC=CN=C1
LFQJJPPCBLKJNQ,P49840,Q96SW2,0,0.06397395581007004,0,994.105,1.1,288.39,NC1=NC=C(C2=CC=C(S(=O)(=O)N3CCN(CCCCC4=CN(CCOCCOCCOCCNC5=CC=CC6=C5C(=O)N(C5CCC(=O)NC5=O)C6=O)N=N4)CC3)C=C2)N=C1C(=O)NC1=CC=CN=C1
LFQJJPPCBLKJNQ,P49841,Q96SW2,0,0.05798421427607536,0,994.105,1.1,288.39,NC1=NC=C(C2=CC=C(S(=O)(=O)N3CCN(CCCCC4=CN(CCOCCOCCOCCNC5=CC=CC6=C5C(=O)N(C5CCC(=O)NC5=O)C6=O)N=N4)CC3)C=C2)N=C1C(=O)NC1=CC=CN=C1
MMDZUELMJKLTTR,P49841,Q96SW2,0,0.06694602221250534,0,1038.158,0.96,297.62,NC1=NC=C(C2=CC=C(S(=O)(=O)N3CCN(CCCCC4=CN(CCOCCOCCOCCOCCNC5=CC=CC6=C5C(=O)N(C5CCC(=O)NC5=O)C6=O)N=N4)CC3)C=C2)N=C1C(=O)NC1=CC=CN=C1
MMDZUELMJKLTTR,P49840,Q96SW2,1,0.07648815959692001,0,1038.158,0.96,297.62,NC1=NC=C(C2=CC=C(S(=O)(=O)N3CCN(CCCCC4=CN(CCOCCOCCOCCOCCNC5=CC=CC6=C5C(=O)N(C5CCC(=O)NC5=O)C6=O)N=N4)CC3)C=C2)N=C1C(=O)NC1=CC=CN=C1
QJSFLEBIQZMJQF,P49840,Q96SW2,1,0.9913316965103149,1,1082.211,0.81,306.85,NC1=NC=C(C2=CC=C(S(=O)(=O)N3CCN(CCCCC4=CN(CCOCCOCCOCCOCCOCCNC5=CC=CC6=C5C(=O)N(C5CCC(=O)NC5=O)C6=O)N=N4)CC3)C=C2)N=C1C(=O)NC1=CC=CN=C1
QJSFLEBIQZMJQF,P49841,Q96SW2,1,0.9858647584915161,1,1082.211,0.81,306.85,NC1=NC=C(C2=CC=C(S(=O)(=O)N3CCN(CCCCC4=CN(CCOCCOCCOCCOCCOCCNC5=CC=CC6=C5C(=O)N(C5CCC(=O)NC5=O)C6=O)N=N4)CC3)C=C2)N=C1C(=O)NC1=CC=CN=C1
ZHGGZYWCROVTRI,P49840,Q96SW2,1,0.9939382076263428,1,1126.264,0.66,316.08,NC1=NC=C(C2=CC=C(S(=O)(=O)N3CCN(CCCCC4=CN(CCOCCOCCOCCOCCOCCOCCNC5=CC=CC6=C5C(=O)N(C5CCC(=O)NC5=O)C6=O)N=N4)CC3)C=C2)N=C1C(=O)NC1=CC=CN=C1
ZHGGZYWCROVTRI,P49841,Q96SW2,1,0.9900609254837036,1,1126.264,0.66,316.08,NC1=NC=C(C2=CC=C(S(=O)(=O)N3CCN(CCCCC4=CN(CCOCCOCCOCCOCCOCCOCCNC5=CC=CC6=C5C(=O)N(C5CCC(=O)NC5=O)C6=O)N=N4)CC3)C=C2)N=C1C(=O)NC1=CC=CN=C1
WGGGBWUFPMJXRU,Q00987,Q96SW2,1,0.8509998321533203,1,846.303,6.29,157.98,CCOC(=O)C1=C(C(C(=O)NC(C)(C)C)N(CC2=CC(F)=C(F)C(F)=C2)C(=O)CCCCC#CC2=CC=CC3=C2CN(C2CCC(=O)NC2=O)C3=O)C2=CC=C(Cl)C=C2[NH]1
VJEBOMJUVXOGQI,P01116,P40337,0,0.03034318797290325,0,1179.89,7.67,233.48,CC1=C(C2=CC=C(CNC(=O)[C@@H]3C[C@@H](O)CN3C(=O)[C@@H](NC(=O)CCOCCCN3CCC[C@H]3COC3=NC4=C(CCN(C5=CC=CC6=CC=CC(Cl)=C56)C4)C(N4CCN(C(=O)/C(C#N)=C\C5CC5)[C@@H](CC#N)C4)=N3)C(C)(C)C)C=C2)SC=N1
YUNXARYSBTUJHY,Q06187,Q96SW2,0,0.2023307830095291,0,853.289,3.82,232.27,O=C(CNC1=NC=NC2=C1C(C(=O)C1=CC=C(OC3=CC=CC=C3)C=C1Cl)=C[NH]2)NCCOCCOCCOCCNC1=CC=CC2=C1C(=O)N(C1CCC(=O)NC1=O)C2=O
IVICRPGKKOLGDE,Q06187,Q96SW2,0,0.17405787110328674,0,897.342,3.67,241.5,O=C(CNC1=NC=NC2=C1C(C(=O)C1=CC=C(OC3=CC=CC=C3)C=C1Cl)=C[NH]2)NCCOCCOCCOCCOCCNC1=CC=CC2=C1C(=O)N(C1CCC(=O)NC1=O)C2=O
IVICRPGKKOLGDE,Q06187,Q96SW2,0,0.17405787110328674,0,897.342,3.67,241.5,O=C(CNC1=NC=NC2=C1C(C(=O)C1=CC=C(OC3=CC=CC=C3)C=C1Cl)=C[NH]2)NCCOCCOCCOCCOCCNC1=CC=CC2=C1C(=O)N(C1CCC(=O)NC1=O)C2=O
SVBNVWQRLLLMHI,Q06187,Q96SW2,0,0.20055951178073883,0,941.395,3.52,250.73,O=C(CNC1=NC=NC2=C1C(C(=O)C1=CC=C(OC3=CC=CC=C3)C=C1Cl)=C[NH]2)NCCOCCOCCOCCOCCOCCNC1=CC=CC2=C1C(=O)N(C1CCC(=O)NC1=O)C2=O
SVBNVWQRLLLMHI,Q06187,Q96SW2,1,0.20055951178073883,0,941.395,3.52,250.73,O=C(CNC1=NC=NC2=C1C(C(=O)C1=CC=C(OC3=CC=CC=C3)C=C1Cl)=C[NH]2)NCCOCCOCCOCCOCCOCCNC1=CC=CC2=C1C(=O)N(C1CCC(=O)NC1=O)C2=O
WJQKJTMVUALADJ,Q06187,Q96SW2,1,0.2345358282327652,0,985.448,3.37,259.96,O=C(CNC1=NC=NC2=C1C(C(=O)C1=CC=C(OC3=CC=CC=C3)C=C1Cl)=C[NH]2)NCCOCCOCCOCCOCCOCCOCCNC1=CC=CC2=C1C(=O)N(C1CCC(=O)NC1=O)C2=O
WJQKJTMVUALADJ,Q06187,Q96SW2,1,0.2345358282327652,0,985.448,3.37,259.96,O=C(CNC1=NC=NC2=C1C(C(=O)C1=CC=C(OC3=CC=CC=C3)C=C1Cl)=C[NH]2)NCCOCCOCCOCCOCCOCCOCCNC1=CC=CC2=C1C(=O)N(C1CCC(=O)NC1=O)C2=O
HTWXOMYINZDUGN,Q06187,Q96SW2,0,0.4398576021194458,0,936.423,4.95,244.3,O=C1CCC(N2C(=O)C3=CC=CC(NCCOCCOCCOCCNC(=O)N[C@H]4CC[C@@H](NC5=NC=NC6=C5C(C(=O)C5=CC=C(OC7=CC=CC=C7)C=C5Cl)=C[NH]6)CC4)=C3C2=O)C(=O)N1
HTWXOMYINZDUGN,Q06187,Q96SW2,1,0.4398576319217682,0,936.423,4.95,244.3,O=C1CCC(N2C(=O)C3=CC=CC(NCCOCCOCCOCCNC(=O)N[C@H]4CC[C@@H](NC5=NC=NC6=C5C(C(=O)C5=CC=C(OC7=CC=CC=C7)C=C5Cl)=C[NH]6)CC4)=C3C2=O)C(=O)N1
QJZSKXPDZKWNIF,Q06187,Q96SW2,0,0.37127771973609924,0,980.476,4.8,253.53,O=C1CCC(N2C(=O)C3=CC=CC(NCCOCCOCCOCCOCCNC(=O)N[C@H]4CC[C@@H](NC5=NC=NC6=C5C(C(=O)C5=CC=C(OC7=CC=CC=C7)C=C5Cl)=C[NH]6)CC4)=C3C2=O)C(=O)N1
QJZSKXPDZKWNIF,Q06187,Q96SW2,1,0.37127771973609924,0,980.476,4.8,253.53,O=C1CCC(N2C(=O)C3=CC=CC(NCCOCCOCCOCCOCCNC(=O)N[C@H]4CC[C@@H](NC5=NC=NC6=C5C(C(=O)C5=CC=C(OC7=CC=CC=C7)C=C5Cl)=C[NH]6)CC4)=C3C2=O)C(=O)N1
OIAOFDRZXBDDRR,Q06187,Q96SW2,1,0.8522337079048157,1,1024.529,4.65,262.76,O=C1CCC(N2C(=O)C3=CC=CC(NCCOCCOCCOCCOCCOCCNC(=O)N[C@H]4CC[C@@H](NC5=NC=NC6=C5C(C(=O)C5=CC=C(OC7=CC=CC=C7)C=C5Cl)=C[NH]6)CC4)=C3C2=O)C(=O)N1
OIAOFDRZXBDDRR,Q06187,Q96SW2,1,0.8522337079048157,1,1024.529,4.65,262.76,O=C1CCC(N2C(=O)C3=CC=CC(NCCOCCOCCOCCOCCOCCNC(=O)N[C@H]4CC[C@@H](NC5=NC=NC6=C5C(C(=O)C5=CC=C(OC7=CC=CC=C7)C=C5Cl)=C[NH]6)CC4)=C3C2=O)C(=O)N1
MPFMOTZSJQYYCE,Q9UBN7,Q96SW2,0,0.22305233776569366,0,846.858,1.57,248.01,O=C(CCCO/N=C1C(=C2/C(=O)N(CC3=CN(CCOCCOCCNC4=CC=CC5=C4C(=O)N(C4CCC(=O)NC4=O)C5=O)N=N3)C3=CC=CC=C23)/NC2=CC=CC=C/12)NO
VSESTTCSINIKPR,Q9UBN7,Q96SW2,0,0.22848646342754364,0,890.911,1.42,257.24,O=C(CCCO/N=C1C(=C2/C(=O)N(CC3=CN(CCOCCOCCOCCNC4=CC=CC5=C4C(=O)N(C4CCC(=O)NC4=O)C5=O)N=N3)C3=CC=CC=C23)/NC2=CC=CC=C/12)NO
URAWSEZNADEPFF,Q9UBN7,Q96SW2,0,0.2436036914587021,0,934.964,1.27,266.47,O=C(CCCO/N=C1C(=C2/C(=O)N(CC3=CN(CCOCCOCCOCCOCCNC4=CC=CC5=C4C(=O)N(C4CCC(=O)NC4=O)C5=O)N=N3)C3=CC=CC=C23)/NC2=CC=CC=C/12)NO
YMDKCHNRIDZCIK,O60674,Q96SW2,1,0.9685903191566467,1,763.885,2.18,219.89,CCS(=O)(=O)N1CC(CC#N)(N2C=C(C3=NC(NC4=CC=C(C(=O)NCCCCNC5=CC=CC(C6CCC(=O)NC6=O)=C5)C=C4)=NC4=C3C=C[NH]4)C=N2)C1
JQXUGPKGNONGRJ,O60674,Q96SW2,1,0.9933307766914368,1,764.869,2.17,217.09,CCS(=O)(=O)N1CC(CC#N)(N2C=C(C3=NC(NC4=CC=C(C(=O)NCCCCOC5=CC=C(C6CCC(=O)NC6=O)C=C5)C=C4)=NC4=C3C=C[NH]4)C=N2)C1
XKYDUBODDYBCNZ,O60674,Q96SW2,1,0.9960285425186157,1,775.896,2.16,211.1,CCS(=O)(=O)N1CC(CC#N)(N2C=C(C3=NC(NC4=CC=C(C(=O)NC5CCN(C6=CC=C(C7CCC(=O)NC7=O)C=C6)CC5)C=C4)=NC4=C3C=C[NH]4)C=N2)C1
WBEBZVDAHMXWJN,P52333,Q96SW2,1,0.996473491191864,1,818.965,1.78,214.34,CCS(=O)(=O)N1CC(CC#N)(N2C=C(C3=NC(NC4=CC=C(C(=O)NCCCN5CCN(C6=CC=C(C7CCC(=O)NC7=O)C=C6)CC5)C=C4)=NC4=C3C=C[NH]4)C=N2)C1
WBEBZVDAHMXWJN,O60674,Q96SW2,1,0.9941291809082031,1,818.965,1.78,214.34,CCS(=O)(=O)N1CC(CC#N)(N2C=C(C3=NC(NC4=CC=C(C(=O)NCCCN5CCN(C6=CC=C(C7CCC(=O)NC7=O)C=C6)CC5)C=C4)=NC4=C3C=C[NH]4)C=N2)C1
WBEBZVDAHMXWJN,O60674,Q96SW2,1,0.9941291809082031,1,818.965,1.78,214.34,CCS(=O)(=O)N1CC(CC#N)(N2C=C(C3=NC(NC4=CC=C(C(=O)NCCCN5CCN(C6=CC=C(C7CCC(=O)NC7=O)C=C6)CC5)C=C4)=NC4=C3C=C[NH]4)C=N2)C1
KSHZFKVXGRVRTM,P00533,P40337,1,0.9173402786254883,1,1055.728,8.63,194.25,COC1=CC(N2CCN(CCCCCCCC(=O)N[C@H](C(=O)N3C[C@H](O)C[C@H]3C(=O)N[C@@H](C)C3=CC=C(C4=C(C)N=CS4)C=C3)C(C)(C)C)CC2)=CC=C1NC1=NC=C(Cl)C(NC2=CC=CC=C2P(C)(C)=O)=N1
OHDMEJTVYXXZNQ,P40763,Q96SW2,1,0.8787506222724915,1,1136.169,2.46,327.88,NC(=O)CC[C@H](NC(=O)[C@@H]1CC[C@@H]2CCN(C(=O)CCCCCC#CC3=CC=CC4=C3CN(C3CCC(=O)NC3=O)C4=O)C[C@H](NC(=O)C3=CC4=CC(C(=O)P(=O)(O)O)=CC=C4[NH]3)C(=O)N12)C(=O)NC(C1=CC=CC=C1)C1=CC=CC=C1
FOOHAGZPIHCYKX,Q05397,P40337,0,0.29597851634025574,0,1161.359,6.81,230.31,CNC(=O)C1=CC=CC=C1NC1=CC(NC2=CC=C(N3CCN(CCOCCOCCOCCOCC(=O)N[C@H](C(=O)N4C[C@H](O)C[C@H]4C(=O)N[C@@H](C)C4=CC=C(C5=C(C)N=CS5)C=C4)C(C)(C)C)CC3)C=C2OC)=NC=C1C(F)(F)F
LCSUSCWWBGDOAP,Q05397,P40337,1,0.8229459524154663,1,1111.39,11.09,193.39,CNC(=O)C1=CC=CC=C1NC1=CC(NC2=CC=C(N3CCN(CCCCCCCCCCC(=O)N[C@H](C(=O)N4C[C@H](O)C[C@H]4C(=O)N[C@@H](C)C4=CC=C(C5=C(C)N=CS5)C=C4)C(C)(C)C)CC3)C=C2OC)=NC=C1C(F)(F)F
RDCVMTUYWQXPEC,Q05397,P40337,0,0.738683819770813,1,1073.253,7.11,211.85,CNC(=O)C1=CC=CC=C1NC1=CC(NC2=CC=C(N3CCN(CCOCCOCC(=O)N[C@H](C(=O)N4C[C@H](O)C[C@H]4C(=O)N[C@@H](C)C4=CC=C(C5=C(C)N=CS5)C=C4)C(C)(C)C)CC3)C=C2OC)=NC=C1C(F)(F)F
ZGSWGXNEXAXEGV,Q05397,P40337,1,0.6421477794647217,1,985.147,7.4,193.39,CNC(=O)C1=CC=CC=C1NC1=CC(NC2=CC=C(N3CCN(CC(=O)N[C@H](C(=O)N4C[C@H](O)C[C@H]4C(=O)N[C@@H](C)C4=CC=C(C5=C(C)N=CS5)C=C4)C(C)(C)C)CC3)C=C2OC)=NC=C1C(F)(F)F
VVRONDSUSMJAEI,O60885,Q96SW2,1,0.757162868976593,1,730.291,4.47,156.67,CC1=C(C)C2=C(S1)N1C(C)=NN=C1[C@H](CC(=O)NCCCCCNC(=O)COC1=CC=C(C3CCC(=O)NC3=O)C=C1)N=C2C1=CC=C(Cl)C=C1
VVRONDSUSMJAEI,O60885,Q96SW2,1,0.757162868976593,1,730.291,4.47,156.67,CC1=C(C)C2=C(S1)N1C(C)=NN=C1[C@H](CC(=O)NCCCCCNC(=O)COC1=CC=C(C3CCC(=O)NC3=O)C=C1)N=C2C1=CC=C(Cl)C=C1
PUYCLWKAXZSAKE,P14174,Q96SW2,0,0.02628953382372856,0,703.668,2.17,222.9,O=C1CCC(N2C(=O)C3=CC=CC(NC(=O)CCCC4=CN(CC(=O)NC5=CC=C(C6=CC7=CC=C(O)C=C7OC6=O)C=C5)N=N4)=C3C2=O)C(=O)N1
KSBWNBZEAMKBAF,P14174,Q96SW2,0,0.02575802057981491,0,731.722,2.27,222.9,O=C1CCC(N2C(=O)C3=CC=CC(NC(=O)CCCCC4=CN(CCC(=O)NC5=CC=C(C6=CC7=CC=C(O)C=C7OC6=O)C=C5)N=N4)=C3C2=O)C(=O)N1
PJJPCIPYTHBDMV,P14174,Q96SW2,0,0.026384500786662102,0,779.766,3.6,222.9,O=C1CCC(N2C(=O)C3=CC=CC(NC(=O)CC4=CC=C(N5C=C(CCCC(=O)NC6=CC=C(C7=CC8=CC=C(O)C=C8OC7=O)C=C6)N=N5)C=C4)=C3C2=O)C(=O)N1
KLHUIDHIWSXXQJ,P14174,Q96SW2,0,0.04536295309662819,0,611.611,2.72,174.45,O=C1CCC(N2C(=O)C3=CC=CC(NCCCCC(=O)NC4=CC=C(N5CC6=CC=C(O)C=C6OC5=O)C=C4)=C3C2=O)C(=O)N1
OYSUXNRBBHEVNQ,P14174,Q96SW2,0,0.039127543568611145,0,664.635,1.24,205.16,O=C1CCC(N2C(=O)C3=CC=CC(NCC4=CN(CCC(=O)NC5=CC=C(N6CC7=CC=C(O)C=C7OC6=O)C=C5)N=N4)=C3C2=O)C(=O)N1
DBUPAZUPJOJWJN,P14174,Q96SW2,0,0.15308748185634613,0,720.699,1.18,222.23,O=C1CCC(N2C(=O)C3=CC=CC(NC(=O)CCCC4=CN(CCC(=O)NC5=CC=C(N6CC7=CC=C(O)C=C7OC6=O)C=C5)N=N4)=C3C2=O)C(=O)N1
MWRAVXWSTHBDDB,P14174,Q96SW2,0,0.035477783530950546,0,768.743,2.15,222.23,O=C(CC1=CC=C(N2CC3=CC=C(O)C=C3OC2=O)C=C1)NCC1=CN(C2=CC=C(CC(=O)NC3=CC=CC4=C3C(=O)N(C3CCC(=O)NC3=O)C4=O)C=C2)N=N1
HAHDZDUOFHMMEA,P14174,Q96SW2,0,0.04258231446146965,0,653.692,4.16,174.45,O=C1CCC(N2C(=O)C3=CC=CC(NCCCCCCCC(=O)NC4=CC=C(N5CC6=CC=C(O)C=C6OC5=O)C=C4)=C3C2=O)C(=O)N1
CIGMKYGNUVZASF,P14174,Q96SW2,0,0.049537766724824905,0,681.746,5.24,174.45,O=C1CCC(N2C(=O)C3=CC=CC(NCCCCCCCCCC(=O)NC4=CC=C(N5CC6=CC=C(O)C=C6OC5=O)C=C4)=C3C2=O)C(=O)N1
BQDQZCCNJKVYDD,P36888,Q96SW2,1,0.9994397759437561,1,855.961,3.06,250.18,CC(C)(C)C1=CC(NC(=O)NC2=CC=C(C3=CN(CCCCC4=CN(CCCCC(=O)NC5=CC=CC6=C5CN(C5CCC(=O)NC5=O)C6=O)N=N4)C4=NC=NC(N)=C34)C=C2)=NO1
HLMVQXVIXGMRRQ,P01116,Q96SW2,0,0.035943515598773956,0,798.08,3.75,174.53,COC1=CC(Cl)=C(C2=CC(Cl)=CC=C2Cl)C=C1C(=O)N1CCN(C(=O)CCC(=O)NCCNC2=CC=CC3=C2C(=O)N(C2CCC(=O)NC2=O)C3=O)CC1
UZRJYIZUCPZYJI,P01116,Q96SW2,0,0.05043087899684906,0,812.107,4.11,174.53,COC1=CC(Cl)=C(C2=CC(Cl)=CC=C2Cl)C=C1C(=O)N1CCN(C(=O)CCC(=O)NCCCNC2=CC=CC3=C2C(=O)N(C2CCC(=O)NC2=O)C3=O)CC1
UAXZTIJCPPOETM,P01116,Q96SW2,0,0.01677187718451023,0,826.134,4.47,174.53,COC1=CC(Cl)=C(C2=CC(Cl)=CC=C2Cl)C=C1C(=O)N1CCN(C(=O)CCC(=O)NCCCCNC2=CC=CC3=C2C(=O)N(C2CCC(=O)NC2=O)C3=O)CC1
YSYCCNJLCNOVCE,P01116,Q96SW2,0,0.04235518351197243,0,840.161,4.82,174.53,COC1=CC(Cl)=C(C2=CC(Cl)=CC=C2Cl)C=C1C(=O)N1CCN(C(=O)CCC(=O)NCCCCCNC2=CC=CC3=C2C(=O)N(C2CCC(=O)NC2=O)C3=O)CC1
TXFITMLSGXDVKI,P01116,Q96SW2,0,0.0712054967880249,0,854.188,5.18,174.53,COC1=CC(Cl)=C(C2=CC(Cl)=CC=C2Cl)C=C1C(=O)N1CCN(C(=O)CCC(=O)NCCCCCCNC2=CC=CC3=C2C(=O)N(C2CCC(=O)NC2=O)C3=O)CC1
GLIPFYKGHVSSRL,P01116,Q96SW2,0,0.019739026203751564,0,924.239,3.09,198.08,COC1=CC(Cl)=C(C2=CC(Cl)=CC=C2Cl)C=C1C(=O)N1CCN(C(=O)CCC(=O)N2CCN(CC(=O)NCCNC3=CC=CC4=C3C(=O)N(C3CCC(=O)NC3=O)C4=O)CC2)CC1
QOXJYSRYRQSXMV,P01116,Q96SW2,0,0.07206429541110992,0,952.293,3.8,198.08,COC1=CC(Cl)=C(C2=CC(Cl)=CC=C2Cl)C=C1C(=O)N1CCN(C(=O)CCC(=O)N2CCN(CC(=O)NCCCCNC3=CC=CC4=C3C(=O)N(C3CCC(=O)NC3=O)C4=O)CC2)CC1
DSRGTJNSMDRHJY,P01116,Q96SW2,0,0.029248656705021858,0,966.32,4.16,198.08,COC1=CC(Cl)=C(C2=CC(Cl)=CC=C2Cl)C=C1C(=O)N1CCN(C(=O)CCC(=O)N2CCN(CC(=O)NCCCCCNC3=CC=CC4=C3C(=O)N(C3CCC(=O)NC3=O)C4=O)CC2)CC1
QHGGTIOQNUMWTN,P01116,Q96SW2,0,0.08218216896057129,0,980.347,4.52,198.08,COC1=CC(Cl)=C(C2=CC(Cl)=CC=C2Cl)C=C1C(=O)N1CCN(C(=O)CCC(=O)N2CCN(CC(=O)NCCCCCCNC3=CC=CC4=C3C(=O)N(C3CCC(=O)NC3=O)C4=O)CC2)CC1
LPVAFJZSEOPFFT,P01116,Q96SW2,0,0.037411805242300034,0,852.172,5.51,174.53,COC1=CC(Cl)=C(C2=CC(Cl)=CC=C2Cl)C=C1C(=O)N1CCN(C(=O)/C=C/C(=O)NCCCCCCNC2=CC=CC3=C2C(=O)N(C2CCC(=O)NC2=O)C3=O)CC1
LJVCGCLJEMWQRB,Q06124,Q96SW2,0,0.2495597004890442,0,929.856,1.35,249.09,CC1(N)CCN(C2=CN=C(C3=CC=C(CCOCCOCCOCCOCCOCCNC(=O)COC4=CC=CC5=C4C(=O)N(C4CCC(=O)NC4=O)C5=O)C(Cl)=C3Cl)C(N)=N2)CC1
DBYYZBGGJACASU,Q06124,Q96SW2,0,0.20751164853572845,0,945.855,1.06,258.32,CC1(N)CCN(C2=CN=C(C3=CC=C(OCCOCCOCCOCCOCCOCCNC(=O)COC4=CC=CC5=C4C(=O)N(C4CCC(=O)NC4=O)C5=O)C(Cl)=C3Cl)C(N)=N2)CC1
HLGUCGILFIUATA,Q06124,Q96SW2,0,0.21638551354408264,0,945.855,1.06,258.32,CC1(N)CCN(C2=CN=C(C3=CC(OCCOCCOCCOCCOCCOCCNC(=O)COC4=CC=CC5=C4C(=O)N(C4CCC(=O)NC4=O)C5=O)=CC(Cl)=C3Cl)C(N)=N2)CC1
ALLDAEMDJBDGIP,P10275,P40337,0,0.08122134208679199,0,760.983,5.09,146.22,CC1=C(C2=CC=C([C@H](C)NC(=O)[C@@H]3C[C@@H](O)CN3C(=O)[C@@H](NC(=O)CCOC3=CC=C(C4=CSC(N5CCOCC5)=N4)C=C3)C(C)(C)C)C=C2)SC=N1
DNHMBIDODIOPOD,P10275,P40337,0,0.029610298573970795,0,775.01,5.44,146.22,CC1=C(C2=CC=C([C@H](C)NC(=O)[C@@H]3C[C@@H](O)CN3C(=O)[C@@H](NC(=O)CCCOC3=CC=C(C4=CSC(N5CCOCC5)=N4)C=C3)C(C)(C)C)C=C2)SC=N1
NIEXSASMBRILQY,P10275,P40337,0,0.026668820530176163,0,716.93,5.15,136.99,CC1=C(C2=CC=C([C@H](C)NC(=O)[C@@H]3C[C@@H](O)CN3C(=O)[C@@H](NC(=O)C3=CC=C(C4=CSC(N5CCOCC5)=N4)C=C3)C(C)(C)C)C=C2)SC=N1
GGBZAQUSRYNTSQ,P10275,P40337,0,0.0187201127409935,0,789.037,5.8,146.22,CC1=C(C2=CC=C([C@H](C)NC(=O)[C@@H]3C[C@@H](O)CN3C(=O)[C@@H](NC(=O)CCCCOC3=CC=C(C4=CSC(N5CCOCC5)=N4)C=C3)C(C)(C)C)C=C2)SC=N1
VQDMQIVWDWRGNL,P10275,P40337,0,0.02423739992082119,0,815.075,6.42,146.22,CC1=C(C2=CC=C([C@H](C)NC(=O)[C@@H]3C[C@@H](O)CN3C(=O)[C@@H](NC(=O)CCCCOC3=CC=C(C4=CSC(N5CC6CCC(C5)O6)=N4)C=C3)C(C)(C)C)C=C2)SC=N1
QDRLQXPFNAHLMJ,P10275,P40337,0,0.02046257257461548,0,837.053,5.87,155.45,COC1=C(C2=CSC(N3CCOCC3)=N2)C=CC(OCCCCC(=O)N[C@H](C(=O)N2C[C@H](O)C[C@H]2C(=O)N[C@@H](C)C2=CC=C(C3=C(C)N=CS3)C=C2)C(C)(C)C)=C1F
GAXWAKXJBZHVQF,P10275,Q96SW2,1,0.9992064833641052,1,788.349,4.89,137.37,C[C@H]1CC2(CCN(C3=CC=C(C(=O)N4CCC(CN5CC6=CC7=C(C=C6C5)C(=O)N(C5CCC(=O)NC5=O)C7=O)CC4)C=C3)CC2)CN1C1=CC=C(C#N)C(Cl)=C1
RWMQDUVHPMRHMV,P10275,Q96SW2,1,0.9804267883300781,1,788.349,5.06,137.37,CC1=C(N2CCC3(CCN(C4=CC=C(C(=O)N5CCC(N6CC7=CC8=C(C=C7C6)C(=O)N(C6CCC(=O)NC6=O)C8=O)CC5)C=C4)CC3)C2C)C=CC(C#N)=C1Cl
REHRYTGOXHVITR,P10275,Q96SW2,1,0.9865419864654541,1,802.376,5.25,137.37,CC1=C(N2CCC3(CCN(C4=CC=C(C(=O)N5CCC(CN6CC7=CC8=C(C=C7C6)C(=O)N(C6CCC(=O)NC6=O)C8=O)CC5)C=C4)CC3)C2C)C=CC(C#N)=C1Cl
MYAUGYDOTJZSSR,P10275,Q96SW2,1,0.928025484085083,1,818.375,4.37,146.6,COC1(CN2CC3=CC4=C(C=C3C2)C(=O)N(C2CCC(=O)NC2=O)C4=O)CCN(C(=O)C2=CC=C(N3CCC4(CC3)C[C@H](C)N(C3=CC=C(C#N)C(Cl)=C3)C4)C=C2)CC1
BUZRUJXEBYATBA,P10275,Q96SW2,1,0.9785878658294678,1,788.349,5.23,137.37,CC[C@H]1CC2(CCN(C3=CC=C(C(=O)N4CCC(N5CC6=CC7=C(C=C6C5)C(=O)N(C5CCC(=O)NC5=O)C7=O)CC4)C=C3)CC2)CN1C1=CC=C(C#N)C(Cl)=C1
NEDWDSAZGZAIJE,P10275,Q96SW2,1,0.965716540813446,1,803.364,5.04,140.61,CC[C@H]1CC2(CCN(C3=CC=C(C(=O)N4CCN(C5CN(C6=CC=C7C(=O)N(C8CCC(=O)NC8=O)C(=O)C7=C6)C5)CC4)C=C3)CC2)CN1C1=CC=C(C#N)C(Cl)=C1
SIFVRCPVOMAZLY,P10275,Q96SW2,1,0.9973184466362,1,760.295,4.18,137.37,C[C@H]1CC2(CCN(C3=CC=C(C(=O)N4CC(CN5CC6=CC7=C(C=C6C5)C(=O)N(C5CCC(=O)NC5=O)C7=O)C4)C=C3)CC2)CN1C1=CC=C(C#N)C(Cl)=C1
NTPJLJWURIUSTB,P10275,Q96SW2,1,0.9999854564666748,1,792.356,4.92,120.3,C[C@H]1CC2(CCN(C3=CC=C(C(=O)N4CCC(F)(CN5CC6=CC7=C(C=C6C5)C(=O)N(C5CCC(=O)NC5=O)C7)CC4)C=C3)CC2)CN1C1=CC=C(C#N)C(Cl)=C1
JBTOLNXRVILBNA,P10275,Q96SW2,1,0.8427730202674866,1,814.387,5.3,137.37,C[C@H]1CC2(CCN(C3=CC=C(C(=O)N4CCC5(CC4)CC(N4CC6=CC7=C(C=C6C4)C(=O)N(C4CCC(=O)NC4=O)C7=O)C5)C=C3)CC2)CN1C1=CC=C(C#N)C(Cl)=C1
HVRQFVOFOCEMCC,P10275,Q96SW2,1,0.9907017946243286,1,817.347,3.45,157.68,C[C@H]1CC2(CCN(C3=CC=C(C(=O)N4CCN(C(=O)CN5CC6=CC7=C(C=C6C5)C(=O)N(C5CCC(=O)NC5=O)C7=O)CC4)C=C3)CC2)CN1C1=CC=C(C#N)C(Cl)=C1
KDYZCAPPIPJMJT,P10275,Q96SW2,1,0.9989728927612305,1,803.364,3.5,140.61,C[C@H]1CC2(CCN(C3=CC=C(C(=O)N4CCN(C(=O)CN5CC6=CC7=C(C=C6C5)C(=O)N(C5CCC(=O)NC5=O)C7)CC4)C=C3)CC2)CN1C1=CC=C(C#N)C(Cl)=C1
PWCLOPMRUGHLET,P51617,P40337,1,0.623358964920044,1,864.042,4.63,204.0,COC1=CC(N2CCC(OCC(=O)N[C@H](C(=O)N3C[C@H](O)C[C@H]3C(=O)NCC3=CC=C(C4=C(C)N=CS4)C=C3)C(C)(C)C)CC2)=CC=C1NC(=O)C1=CC=CC(C2=CC=N[NH]2)=N1
MHRNVFQJUUXQIG,P51617,P40337,1,0.7126266956329346,1,878.069,5.03,204.0,COC1=CC(N2CCC(OCC(=O)N[C@H](C(=O)N3C[C@H](O)C[C@H]3C(=O)N[C@@H](C)C3=CC=C(C4=C(C)N=CS4)C=C3)C(C)(C)C)CC2)=CC=C1NC(=O)C1=CC=CC(C2=CC=N[NH]2)=N1
ITIRIVDRAPMHII,P51617,P40337,1,0.8991147875785828,1,892.096,5.46,204.0,COC1=CC(N2CC[C@@H](OCC(=O)N[C@H](C(=O)N3C[C@H](O)C[C@H]3C(=O)N[C@@H](C)C3=CC=C(C4=C(C)N=CS4)C=C3)C(C)(C)C)C[C@@H]2C)=CC=C1NC(=O)C1=CC=CC(C2=CC=N[NH]2)=N1
GHFASOYKYKNVGE,P51617,P40337,1,0.8715499043464661,1,892.096,5.46,204.0,COC1=CC(N2CC[C@@H](OCC(=O)N[C@H](C(=O)N3C[C@H](O)C[C@H]3C(=O)N[C@@H](C)C3=CC=C(C4=C(C)N=CS4)C=C3)C(C)(C)C)[C@H](C)C2)=CC=C1NC(=O)C1=CC=CC(C2=CC=N[NH]2)=N1
OTABWVDGVKWCAE,Q06187,Q96SW2,1,0.8902196884155273,1,988.072,2.5,265.69,NC(=O)C1=C2NCC[C@@H](C3CCN(C(=O)C4=CN(CCOCCOCCOCCOCCNC5=CC=CC6=C5C(=O)N(C5CCC(=O)NC5=O)C6=O)N=N4)CC3)N2N=C1C1=CC=C(OC2=CC=CC=C2)C=C1
CQNKHUHLWCRJEJ,Q06187,Q96SW2,1,0.8493058085441589,1,1032.125,1.8,274.92,NC(=O)C1=C2NCC[C@@H](C3CCN(C(=O)C4=CN(CCOCCOCCOCCOCCOCCNC5=CC=C6C(=O)N(C7CCC(=O)NC7=O)C(=O)C6=C5)N=N4)CC3)N2N=C1C1=CC=C(OC2=CC=CC=C2)C=C1
AGXYYQWHBFFAPC,Q06187,Q96SW2,1,0.7496688365936279,1,1032.125,2.35,274.92,NC(=O)C1=C2NCC[C@@H](C3CCN(C(=O)C4=CN(CCOCCOCCOCCOCCOCCNC5=CC=CC6=C5C(=O)N(C5CCC(=O)NC5=O)C6=O)N=N4)CC3)N2N=C1C1=CC=C(OC2=CC=CC=C2)C=C1
QIZHAOLULZRBCK,Q06187,Q96SW2,0,0.23296068608760834,0,1076.178,2.2,284.15,NC(=O)C1=C2NCC[C@@H](C3CCN(C(=O)C4=CN(CCOCCOCCOCCOCCOCCOCCNC5=CC=CC6=C5C(=O)N(C5CCC(=O)NC5=O)C6=O)N=N4)CC3)N2N=C1C1=CC=C(OC2=CC=CC=C2)C=C1
FDGLVGNHOUVJEC,Q06187,Q96SW2,1,0.4491265118122101,0,913.949,1.46,264.3,NC(=O)C1=C2NCC[C@@H](C3CCN(C(=O)C4=CN(CCOCCOCC(=O)NC5=CC=C6C(=O)N(C7CCC(=O)NC7=O)C(=O)C6=C5)N=N4)CC3)N2N=C1C1=CC=C(OC2=CC=CC=C2)C=C1
TUMQILUEGUUTTR,Q06187,Q96SW2,1,0.717297375202179,1,890.014,4.77,192.51,NC(=O)C1=C2NCC[C@@H](C3CCN(C(=O)CCC4=CC=C(N5CCN(C6=CC=C7C(=O)N(C8CCC(=O)NC8=O)C(=O)C7=C6)CC5)C=C4)CC3)N2N=C1C1=CC=C(OC2=CC=CC=C2)C=C1
BCFBPSTVQNVIPE,Q06187,Q96SW2,1,0.7639886140823364,1,891.986,4.3,227.16,NC(=O)C1=C2NCC[C@@H](C3CCN(C(=O)CCCC4=CC=C(NC(=O)CNC5=CC=C6C(=O)N(C7CCC(=O)NC7=O)C(=O)C6=C5)C=C4)CC3)N2N=C1C1=CC=C(OC2=CC=CC=C2)C=C1
JPJRLFDIZBTSTD,Q06187,Q96SW2,1,0.8072090148925781,1,870.968,2.12,221.61,NC(=O)C1=C2NCC[C@@H](C3CCN(C(=O)CCN4CCN(C(=O)CNC5=CC=C6C(=O)N(C7CCC(=O)NC7=O)C(=O)C6=C5)CC4)CC3)N2N=C1C1=CC=C(OC2=CC=CC=C2)C=C1
JCHKKGUWOQWSRJ,Q06187,Q96SW2,1,0.7575361728668213,1,842.014,4.1,175.44,CN(CC1CCN(C(=O)C2=CC=C(N3CCC(=O)NC3=O)C=C2)CC1)C1CC(C(=O)N2CCC([C@@H]3CCNC4=C(C(N)=O)C(C5=CC=C(OC6=CC=CC=C6)C=C5)=NN43)CC2)C1
DBQTXWRLCKDYPJ,Q9H8M2,Q96SW2,1,0.5852388143539429,1,734.294,3.52,122.65,COC1=CC(C2=CN(C)C(=O)C(C)=C2C)=CC(OC)=C1CCN1CCC(OC2CCN(C(=O)C3=CC=C(Cl)C(N4CCC(=O)NC4=O)=C3)CC2)CC1
QCZROHALGMEVOV,Q9H8M2,Q96SW2,1,0.8539276719093323,1,757.288,3.29,135.54,COC1=CC(C2=CN(C)C(=O)C3=CN=CC=C23)=CC(OC)=C1CCN1CCC(OC2CCN(C(=O)C3=CC=C(Cl)C(N4CCC(=O)NC4=O)=C3)CC2)CC1
MQXFOTNUITWXQX,Q9H8M2,Q96SW2,1,0.8540181517601013,1,755.316,4.61,126.31,CCCCN1C=C(C2=CC=C(OC3CCN(CC4CCN(C(=O)C5=CC=C(Cl)C(N6CCC(=O)NC6=O)=C5)CC4)CC3)C(OC)=C2)C2=CC=NC=C2C1=O
XGYWVYJNKZAZLG,Q9H8M2,Q96SW2,1,0.8297415375709534,1,785.342,4.59,135.54,CCCCN1C=C(C2=CC(OC)=C(OC3CCN(CC4CCN(C(=O)C5=CC=C(Cl)C(N6CCC(=O)NC6=O)=C5)CC4)CC3)C(OC)=C2)C2=CC=NC=C2C1=O
RHYLAIPZKCALML,Q9H8M2,Q96SW2,1,0.9575499892234802,1,768.887,4.01,135.54,CCCCN1C=C(C2=CC=C(O[C@H]3CCN(CC4CCN(C(=O)C5=CC=C(OC)C(N6CCC(=O)NC6=O)=C5)CC4)C[C@@H]3F)C(OC)=C2)C2=CC=NC=C2C1=O
WJKOYUQUWSPEDI,Q9H8M2,Q96SW2,1,0.8388240337371826,1,774.841,4.24,126.31,CCCCN1C=C(C2=CC(F)=C(O[C@H]3CCN(CC4CCN(C(=O)C5=CC=C(OC)C(N6CCC(=O)NC6=O)=C5)CC4)C[C@@H]3F)C(F)=C2)C2=CC=NC=C2C1=O
QCCHVYRUHHHVFL,P51531,Q96SW2,1,0.7946498394012451,1,838.97,2.48,188.85,NC1=NN=C(C2=CC=CC=C2O)C=C1N1CCN(C2=CC=CC(CN3CCN(C(=O)C4CCN(C5=CC=C6C(=O)N(C7CCC(=O)NC7=O)C(=O)C6=C5)CC4)CC3)=C2)C2(CC2)C1
NZXFUHUZHUMMLU,P51531,Q96SW2,1,0.9740874171257019,1,855.013,3.73,181.01,NC1=NN=C(C2=CC=CC=C2O)C=C1N1CC2CCC(C1)N2C1=CC=CC(OCCN2CCN(CC3CCN(C4=CC=C5C(=O)N(C6CCC(=O)NC6=O)C(=O)C5=C4)CC3)CC2)=C1
UTLOUOROEIRWIF,P51531,Q96SW2,1,0.8325765132904053,1,883.067,4.44,181.01,NC1=NN=C(C2=CC=CC=C2O)C=C1N1CC2CCC(C1)N2C1=CC=CC(OCCN2CCN(CCCC3CCN(C4=CC=C5C(=O)N(C6CCC(=O)NC6=O)C(=O)C5=C4)CC3)CC2)=C1
IDIDGUPJKXQFDW,P15056,Q96SW2,1,0.9562358856201172,1,896.934,3.11,227.18,CCN(C)S(=O)(=O)NC1=CC=C(F)C(C(=O)C2=C[NH]C3=NC=C(C4=CC=C(N5CCN(C(=O)CCCNC6=CC=CC7=C6C(=O)N(C6CCC(=O)NC6=O)C7=O)CC5)N=C4)C=C23)=C1F
ODASMJWPZUAEOH,P15056,Q96SW2,1,0.828917920589447,1,908.945,2.79,227.18,CCN(C)S(=O)(=O)NC1=CC=C(F)C(C(=O)C2=C[NH]C3=NC=C(C4=CC=C(N5CCN(C(=O)[C@H]6C[C@H](NC7=CC=CC8=C7C(=O)N(C7CCC(=O)NC7=O)C8=O)C6)CC5)N=C4)C=C23)=C1F
XDLVFGNNSKLZTE,P15056,Q96SW2,1,0.8181993365287781,1,883.935,2.6,207.31,CCN(C)S(=O)(=O)NC1=CC=C(F)C(C(=O)C2=C[NH]C3=NC=C(C4=CC=C(N5CCN(C(=O)CCCOC6=CC=CC7=C6CN(C6CCC(=O)NC6=O)C7=O)CC5)N=C4)C=C23)=C1F
FOPROWALTSOUAU,P15056,Q96SW2,1,0.820196270942688,1,884.923,1.95,220.2,CCN(C)S(=O)(=O)NC1=CC=C(F)C(C(=O)C2=C[NH]C3=NC=C(C4=CN=C(N5CCN(C(=O)CCCOC6=CC=CC7=C6CN(C6CCC(=O)NC6=O)C7=O)CC5)N=C4)C=C23)=C1F
DFAPPDJMTAQYIX,P15056,Q96SW2,1,0.849729597568512,1,907.957,3.52,214.29,CCN(C)S(=O)(=O)NC1=CC=C(F)C(C(=O)C2=C[NH]C3=NC=C(C4=CC=C(N5CCN(C(=O)[C@H]6C[C@H](NC7=CC=CC8=C7C(=O)N(C7CCC(=O)NC7=O)C8=O)C6)CC5)C=C4)C=C23)=C1F
BYXQFJDQDXLTHH,Q00987,Q00987,0,0.4014723300933838,0,1459.411,11.32,216.79,CCOC1=CC(C(C)(C)C)=CC=C1C1=NC(C2=CC=C(Cl)C=C2)C(C2=CC=C(Cl)C=C2)N1C(=O)N1CCN(CC(=O)NCCOCCOCCOCCNC(=O)CN2CCN(C(=O)N3C(C4=CC=C(C(C)(C)C)C=C4OCC)=NC(C4=CC=C(Cl)C=C4)C3C3=CC=C(Cl)C=C3)CC2=O)C(=O)C1
YASBQIQZXTUKLR,P04035,P40337,0,0.034977227449417114,0,978.307,7.73,227.72,CC1=C(C2=CC=C(CNC(=O)[C@@H]3C[C@@H](O)CN3C(=O)[C@@H](NC(=O)CCCCCCCCCCNC(=O)O[C@H]3C[C@@H](C)C=C4C=C[C@H](C)[C@H](CCC(O)C[C@@H](O)CC(=O)O)[C@H]43)C(C)(C)C)C=C2)SC=N1
SDKKICDYRHTFNX,O60885,Q96SW2,1,0.9214403033256531,1,824.43,5.95,130.61,CC1=NN=C2N1C1=CC=C(C3=CN(CCCCCCCN4CCC(C5=CC=CC6=C5CN(C5CCC(=O)NC5=O)C6=O)CC4)N=C3)C=C1C(C1=CC=C(Cl)C=C1)=NC21CC1
PMTYRQFZOZEPEI,P10275,Q96SW2,1,0.8087998032569885,1,917.967,6.0,163.67,CC1(C)C(=O)N(C2=CC=C(C#N)C(C(F)(F)F)=C2)C(=S)N1C1=CC=C(C2=CC=C(O[C@@H]3CCN(C(=O)C4CCN(C5=CC=C6C(=O)N(C7CCC(=O)NC7=O)C(=O)C6=C5)CC4)C3)C=C2)C=C1
UWYLVQJEOCYCEW,O75533,Q96SW2,0,0.04551449045538902,0,609.108,4.93,149.6,O=C1CCC(N2C(=O)C3=CC=CC(NCCCCCCNC(=O)C4=CSC(NC5=CC=C(Cl)C=C5)=N4)=C3C2=O)C(=O)N1
PQIHIELQKZACPK,Q06187,Q96SW2,1,0.9851782917976379,1,897.994,2.8,224.04,NC1=NC=NC2=C1C(C1=CC=C(OC3=CC=CC=C3)C=C1)=NN2[C@@H]1CCCN(C(=O)C2=CN(CCOCCOCCOCCCC3=CC=CC4=C3CN(C3CCC(=O)NC3=O)C4=O)N=N2)C1
PQIHIELQKZACPK,Q06187,Q96SW2,1,0.9851782917976379,1,897.994,2.8,224.04,NC1=NC=NC2=C1C(C1=CC=C(OC3=CC=CC=C3)C=C1)=NN2[C@@H]1CCCN(C(=O)C2=CN(CCOCCOCCOCCCC3=CC=CC4=C3CN(C3CCC(=O)NC3=O)C4=O)N=N2)C1
PQIHIELQKZACPK,Q06187,Q96SW2,1,0.9851782917976379,1,897.994,2.8,224.04,NC1=NC=NC2=C1C(C1=CC=C(OC3=CC=CC=C3)C=C1)=NN2[C@@H]1CCCN(C(=O)C2=CN(CCOCCOCCOCCCC3=CC=CC4=C3CN(C3CCC(=O)NC3=O)C4=O)N=N2)C1
PQIHIELQKZACPK,Q06187,Q96SW2,1,0.9851782917976379,1,897.994,2.8,224.04,NC1=NC=NC2=C1C(C1=CC=C(OC3=CC=CC=C3)C=C1)=NN2[C@@H]1CCCN(C(=O)C2=CN(CCOCCOCCOCCCC3=CC=CC4=C3CN(C3CCC(=O)NC3=O)C4=O)N=N2)C1
PQIHIELQKZACPK,Q06187,Q96SW2,1,0.9851782917976379,1,897.994,2.8,224.04,NC1=NC=NC2=C1C(C1=CC=C(OC3=CC=CC=C3)C=C1)=NN2[C@@H]1CCCN(C(=O)C2=CN(CCOCCOCCOCCCC3=CC=CC4=C3CN(C3CCC(=O)NC3=O)C4=O)N=N2)C1
PQIHIELQKZACPK,Q06187,Q96SW2,1,0.9851782917976379,1,897.994,2.8,224.04,NC1=NC=NC2=C1C(C1=CC=C(OC3=CC=CC=C3)C=C1)=NN2[C@@H]1CCCN(C(=O)C2=CN(CCOCCOCCOCCCC3=CC=CC4=C3CN(C3CCC(=O)NC3=O)C4=O)N=N2)C1
DCJYQURCBHSFEP,Q06187,Q96SW2,1,0.8064330220222473,1,797.917,5.5,194.74,NC1=NC=NC2=C1C(C1=CC=C(OC3=CC=CC=C3)C=C1)=NN2[C@@H]1CCCN(C(=O)CCCCCCCCNC2=CC=C3C(=O)N(C4CCC(=O)NC4=O)C(=O)C3=C2)C1
CRZGRNBMUQNJFY,Q9BY41,Q96SW2,0,0.11704693734645844,0,794.935,6.02,204.72,O=C1CCC(N2C(=O)C3=CC=CC(NCCCCCCCCCCCNC(=O)C4=CC=CC(SCC5=CN(C6=CC=CC(C(=O)NO)=C6)N=N5)=C4)=C3C2=O)C(=O)N1
BRIZMACXBJUXJT,P10415,P40337,0,0.4311187267303467,0,1599.442,10.87,263.54,CC1=C(C2=CC=C([C@H](C)NC(=O)[C@@H]3C[C@@H](O)CN3C(=O)[C@@H](NC(=O)CCCC(=O)N3CCN(CC4(C)CCC(C5=CC=C(Cl)C=C5)=C(CN5CCN(C6=CC=C(C(=O)NS(=O)(=O)C7=CC=C(N[C@H](CCN8CCOCC8)CSC8=CC=CC=C8)C(S(=O)(=O)C(F)(F)F)=C7)C=C6)CC5)C4)CC3)C(C)(C)C)C=C2)SC=N1
BRIZMACXBJUXJT,Q07817,P40337,0,0.44415199756622314,0,1599.442,10.87,263.54,CC1=C(C2=CC=C([C@H](C)NC(=O)[C@@H]3C[C@@H](O)CN3C(=O)[C@@H](NC(=O)CCCC(=O)N3CCN(CC4(C)CCC(C5=CC=C(Cl)C=C5)=C(CN5CCN(C6=CC=C(C(=O)NS(=O)(=O)C7=CC=C(N[C@H](CCN8CCOCC8)CSC8=CC=CC=C8)C(S(=O)(=O)C(F)(F)F)=C7)C=C6)CC5)C4)CC3)C(C)(C)C)C=C2)SC=N1
KVQKGBLSBLWZKE,P10415,P40337,0,0.37098193168640137,0,1613.469,11.23,263.54,CC1=C(C2=CC=C([C@H](C)NC(=O)[C@@H]3C[C@@H](O)CN3C(=O)[C@@H](NC(=O)CCCCC(=O)N3CCN(CC4(C)CCC(C5=CC=C(Cl)C=C5)=C(CN5CCN(C6=CC=C(C(=O)NS(=O)(=O)C7=CC=C(N[C@H](CCN8CCOCC8)CSC8=CC=CC=C8)C(S(=O)(=O)C(F)(F)F)=C7)C=C6)CC5)C4)CC3)C(C)(C)C)C=C2)SC=N1
KVQKGBLSBLWZKE,Q07817,P40337,1,0.38499754667282104,0,1613.469,11.23,263.54,CC1=C(C2=CC=C([C@H](C)NC(=O)[C@@H]3C[C@@H](O)CN3C(=O)[C@@H](NC(=O)CCCCC(=O)N3CCN(CC4(C)CCC(C5=CC=C(Cl)C=C5)=C(CN5CCN(C6=CC=C(C(=O)NS(=O)(=O)C7=CC=C(N[C@H](CCN8CCOCC8)CSC8=CC=CC=C8)C(S(=O)(=O)C(F)(F)F)=C7)C=C6)CC5)C4)CC3)C(C)(C)C)C=C2)SC=N1
XXWWYTHQXVIKLW,P10415,P40337,0,0.7420918941497803,1,1627.496,11.77,263.54,CC1=C(C2=CC=C([C@H](C)NC(=O)[C@@H]3C[C@@H](O)CN3C(=O)[C@@H](NC(=O)CCCCCC(=O)N3CCN(CC4(C)CCC(C5=CC=C(Cl)C=C5)=C(CN5CCN(C6=CC=C(C(=O)NS(=O)(=O)C7=CC=C(N[C@H](CCN8CCOCC8)CSC8=CC=CC=C8)C(S(=O)(=O)C(F)(F)F)=C7)C=C6)CC5)C4)CC3)C(C)(C)C)C=C2)SC=N1
XXWWYTHQXVIKLW,Q07817,P40337,1,0.7511971592903137,1,1627.496,11.77,263.54,CC1=C(C2=CC=C([C@H](C)NC(=O)[C@@H]3C[C@@H](O)CN3C(=O)[C@@H](NC(=O)CCCCCC(=O)N3CCN(CC4(C)CCC(C5=CC=C(Cl)C=C5)=C(CN5CCN(C6=CC=C(C(=O)NS(=O)(=O)C7=CC=C(N[C@H](CCN8CCOCC8)CSC8=CC=CC=C8)C(S(=O)(=O)C(F)(F)F)=C7)C=C6)CC5)C4)CC3)C(C)(C)C)C=C2)SC=N1
KQEMZZJSHJCPSI,P10415,P40337,1,0.762952446937561,1,1641.523,12.31,263.54,CC1=C(C2=CC=C([C@H](C)NC(=O)[C@@H]3C[C@@H](O)CN3C(=O)[C@@H](NC(=O)CCCCCCC(=O)N3CCN(CC4(C)CCC(C5=CC=C(Cl)C=C5)=C(CN5CCN(C6=CC=C(C(=O)NS(=O)(=O)C7=CC=C(N[C@H](CCN8CCOCC8)CSC8=CC=CC=C8)C(S(=O)(=O)C(F)(F)F)=C7)C=C6)CC5)C4)CC3)C(C)(C)C)C=C2)SC=N1
KQEMZZJSHJCPSI,Q07817,P40337,1,0.7715355157852173,1,1641.523,12.31,263.54,CC1=C(C2=CC=C([C@H](C)NC(=O)[C@@H]3C[C@@H](O)CN3C(=O)[C@@H](NC(=O)CCCCCCC(=O)N3CCN(CC4(C)CCC(C5=CC=C(Cl)C=C5)=C(CN5CCN(C6=CC=C(C(=O)NS(=O)(=O)C7=CC=C(N[C@H](CCN8CCOCC8)CSC8=CC=CC=C8)C(S(=O)(=O)C(F)(F)F)=C7)C=C6)CC5)C4)CC3)C(C)(C)C)C=C2)SC=N1
YCSHJMBQFQHZEP,P10415,P40337,0,0.8147510886192322,1,1655.55,12.86,263.54,CC1=C(C2=CC=C([C@H](C)NC(=O)[C@@H]3C[C@@H](O)CN3C(=O)[C@@H](NC(=O)CCCCCCCC(=O)N3CCN(CC4(C)CCC(C5=CC=C(Cl)C=C5)=C(CN5CCN(C6=CC=C(C(=O)NS(=O)(=O)C7=CC=C(N[C@H](CCN8CCOCC8)CSC8=CC=CC=C8)C(S(=O)(=O)C(F)(F)F)=C7)C=C6)CC5)C4)CC3)C(C)(C)C)C=C2)SC=N1
YCSHJMBQFQHZEP,Q07817,P40337,1,0.8223741054534912,1,1655.55,12.86,263.54,CC1=C(C2=CC=C([C@H](C)NC(=O)[C@@H]3C[C@@H](O)CN3C(=O)[C@@H](NC(=O)CCCCCCCC(=O)N3CCN(CC4(C)CCC(C5=CC=C(Cl)C=C5)=C(CN5CCN(C6=CC=C(C(=O)NS(=O)(=O)C7=CC=C(N[C@H](CCN8CCOCC8)CSC8=CC=CC=C8)C(S(=O)(=O)C(F)(F)F)=C7)C=C6)CC5)C4)CC3)C(C)(C)C)C=C2)SC=N1
CGIQKSDNJNCLMP,P10415,P40337,0,0.7382975816726685,1,1669.577,13.4,263.54,CC1=C(C2=CC=C([C@H](C)NC(=O)[C@@H]3C[C@@H](O)CN3C(=O)[C@@H](NC(=O)CCCCCCCCC(=O)N3CCN(CC4(C)CCC(C5=CC=C(Cl)C=C5)=C(CN5CCN(C6=CC=C(C(=O)NS(=O)(=O)C7=CC=C(N[C@H](CCN8CCOCC8)CSC8=CC=CC=C8)C(S(=O)(=O)C(F)(F)F)=C7)C=C6)CC5)C4)CC3)C(C)(C)C)C=C2)SC=N1
CGIQKSDNJNCLMP,Q07817,P40337,1,0.7468269467353821,1,1669.577,13.4,263.54,CC1=C(C2=CC=C([C@H](C)NC(=O)[C@@H]3C[C@@H](O)CN3C(=O)[C@@H](NC(=O)CCCCCCCCC(=O)N3CCN(CC4(C)CCC(C5=CC=C(Cl)C=C5)=C(CN5CCN(C6=CC=C(C(=O)NS(=O)(=O)C7=CC=C(N[C@H](CCN8CCOCC8)CSC8=CC=CC=C8)C(S(=O)(=O)C(F)(F)F)=C7)C=C6)CC5)C4)CC3)C(C)(C)C)C=C2)SC=N1
UQQFHLGCSOEWFT,P10415,P40337,0,0.7929846048355103,1,1683.604,13.94,263.54,CC1=C(C2=CC=C([C@H](C)NC(=O)[C@@H]3C[C@@H](O)CN3C(=O)[C@@H](NC(=O)CCCCCCCCCC(=O)N3CCN(CC4(C)CCC(C5=CC=C(Cl)C=C5)=C(CN5CCN(C6=CC=C(C(=O)NS(=O)(=O)C7=CC=C(N[C@H](CCN8CCOCC8)CSC8=CC=CC=C8)C(S(=O)(=O)C(F)(F)F)=C7)C=C6)CC5)C4)CC3)C(C)(C)C)C=C2)SC=N1
UQQFHLGCSOEWFT,Q07817,P40337,0,0.8002558350563049,1,1683.604,13.94,263.54,CC1=C(C2=CC=C([C@H](C)NC(=O)[C@@H]3C[C@@H](O)CN3C(=O)[C@@H](NC(=O)CCCCCCCCCC(=O)N3CCN(CC4(C)CCC(C5=CC=C(Cl)C=C5)=C(CN5CCN(C6=CC=C(C(=O)NS(=O)(=O)C7=CC=C(N[C@H](CCN8CCOCC8)CSC8=CC=CC=C8)C(S(=O)(=O)C(F)(F)F)=C7)C=C6)CC5)C4)CC3)C(C)(C)C)C=C2)SC=N1
KQEMZZJSHJCPSI,P10415,P40337,1,0.8159617185592651,1,1641.523,12.31,263.54,CC1=C(C2=CC=C([C@H](C)NC(=O)[C@@H]3C[C@@H](O)CN3C(=O)[C@@H](NC(=O)CCCCCCC(=O)N3CCN(C[C@]4(C)CCC(C5=CC=C(Cl)C=C5)=C(CN5CCN(C6=CC=C(C(=O)NS(=O)(=O)C7=CC=C(N[C@H](CCN8CCOCC8)CSC8=CC=CC=C8)C(S(=O)(=O)C(F)(F)F)=C7)C=C6)CC5)C4)CC3)C(C)(C)C)C=C2)SC=N1
KQEMZZJSHJCPSI,Q07817,P40337,1,0.8227640986442566,1,1641.523,12.31,263.54,CC1=C(C2=CC=C([C@H](C)NC(=O)[C@@H]3C[C@@H](O)CN3C(=O)[C@@H](NC(=O)CCCCCCC(=O)N3CCN(C[C@]4(C)CCC(C5=CC=C(Cl)C=C5)=C(CN5CCN(C6=CC=C(C(=O)NS(=O)(=O)C7=CC=C(N[C@H](CCN8CCOCC8)CSC8=CC=CC=C8)C(S(=O)(=O)C(F)(F)F)=C7)C=C6)CC5)C4)CC3)C(C)(C)C)C=C2)SC=N1
GLYGYEQLMMPSAW,P61964,P40337,0,0.049095846712589264,0,1208.507,7.09,215.65,CC1=C(C2=CC=C(CNC(=O)[C@@H]3C[C@@H](O)CN3C(=O)[C@@H](NC(=O)CCCCCCCCCC(=O)NCCN3CCN(CC4=CC=CC(C5=CC=C(N6CCN(C)CC6)C(NC(=O)C6=C[NH]C(=O)C=C6C(F)(F)F)=C5)=C4)CC3)C(C)(C)C)C=C2)SC=N1
HBHSDSLZXDASLT,P61964,P40337,1,0.30799007415771484,0,1030.159,5.52,209.17,CC1=C(C2=CC=C([C@H](C)NC(=O)[C@@H]3C[C@@H](O)CN3C(=O)[C@@H](NC(=O)CNC(=O)C3=CC=C(F)C(C4=CC=C(N5C[C@H](C)N(C)[C@H](C)C5)C(NC(=O)C5=C[NH]C(=O)C=C5C(F)(F)F)=C4)=C3)C(C)(C)C)C=C2)SC=N1
IXTMPMLKABNFTQ,P10636,P40337,1,0.8063195943832397,1,1035.308,3.52,245.91,CC(=O)N1CCCN(C2=NC(NCCC3=CC=CS3)=NC(N(C)CC(=O)NCCOCCOCCOCC(=O)N[C@H](C(=O)N3C[C@@H](O)C[C@@H]3C(=O)NCC3=CC=C(C4=C(C)N=CS4)C=C3)C(C)(C)C)=N2)CC1
SCZWWJDUQGVEMY,Q03111,Q96SW2,1,0.57989901304245,1,757.896,5.64,174.42,C[C@H]1CCCN1CC1=NC2=CC=C(NC(=O)C3=CC=C4C(=C3)C=NN4CCCCCCCCNC3=CC=CC4=C3C(=O)N(C3CCC(=O)NC3=O)C4=O)C=C2[NH]1
PCQKARKEVDFIEV,Q03111,Q96SW2,0,0.10135310888290405,0,729.842,4.56,174.42,C[C@H]1CCCN1CC1=NC2=CC=C(NC(=O)C3=CC=C4C(=C3)C=NN4CCCCCCNC3=CC=CC4=C3C(=O)N(C3CCC(=O)NC3=O)C4=O)C=C2[NH]1
BQKBBOYUPLMTRW,Q03111,Q96SW2,1,0.6859456896781921,1,701.788,3.85,174.42,C[C@H]1CCCN1CC1=NC2=CC=C(NC(=O)C3=CC=C4C(=C3)C=NN4CCCCNC3=CC=CC4=C3C(=O)N(C3CCC(=O)NC3=O)C4=O)C=C2[NH]1
QVNLOGQWJMAEJT,O60885,Q9UK73,0,0.020371321588754654,0,806.777,3.73,167.07,CC1=C(C)C2=C(S1)N1C(C)=NN=C1[C@H](CC(=O)NCCOCCNC(=O)CN1CCOC3=CC(N(CCC#N)C(=O)CCl)=CC=C31)N=C2C1=CC=C(Cl)C=C1
QVNLOGQWJMAEJT,O60885,Q9UK73,0,0.020371321588754654,0,806.777,3.73,167.07,CC1=C(C)C2=C(S1)N1C(C)=NN=C1[C@H](CC(=O)NCCOCCNC(=O)CN1CCOC3=CC(N(CCC#N)C(=O)CCl)=CC=C31)N=C2C1=CC=C(Cl)C=C1
IEXUFNUFUSSKQI,O60885,Q9UK73,0,0.020859496667981148,0,804.805,4.94,157.84,CC1=C(C)C2=C(S1)N1C(C)=NN=C1[C@H](CC(=O)NCCCCCNC(=O)CN1CCOC3=CC(N(CCC#N)C(=O)CCl)=CC=C31)N=C2C1=CC=C(Cl)C=C1
IEXUFNUFUSSKQI,O60885,Q9UK73,0,0.020859496667981148,0,804.805,4.94,157.84,CC1=C(C)C2=C(S1)N1C(C)=NN=C1[C@H](CC(=O)NCCCCCNC(=O)CN1CCOC3=CC(N(CCC#N)C(=O)CCl)=CC=C31)N=C2C1=CC=C(Cl)C=C1
QMBOIOPJFSHXPV,O60885,Q9UK73,0,0.06057030335068703,0,894.883,3.43,185.53,CC1=C(C)C2=C(S1)N1C(C)=NN=C1[C@H](CC(=O)NCCOCCOCCOCCNC(=O)CN1CCOC3=CC(N(CCC#N)C(=O)CCl)=CC=C31)N=C2C1=CC=C(Cl)C=C1
UUCUKSPUFPMKNK,O60885,Q9UK73,0,0.034222621470689774,0,938.936,3.28,194.76,CC1=C(C)C2=C(S1)N1C(C)=NN=C1[C@H](CC(=O)NCCOCCOCCOCCOCCNC(=O)CN1CCOC3=CC(N(CCC#N)C(=O)CCl)=CC=C31)N=C2C1=CC=C(Cl)C=C1
TZZDVPMABRWKIZ,P03372,Q96SW2,1,0.9208077192306519,1,723.918,6.36,96.43,O=C1CC[C@H](N2CC3=CC(N4CCN(CC5CCN(C6=CC=C([C@@H]7C8=CC=C(O)C=C8CC[C@@H]7C7=CC=CC=C7)C=C6)CC5)CC4)=CC=C3C2=O)C(=O)N1
CLCTZVRHDOAUGJ,P10275,Q96SW2,1,0.9968348145484924,1,812.303,3.94,181.17,N#CC1=CC=C(O[C@H]2CC[C@H](NC(=O)C3=CC=C(N4CCC(CN5CCN(C6=CC7=C(C=C6F)C(=O)N(C6CCC(=O)NC6=O)C7=O)CC5)CC4)N=N3)CC2)C=C1Cl
