ik14,Uniprot,E3 ligase Uniprot,label,stan_active_prob,stan_pred,Molecular Weight,XLogP3,Topological Polar Surface Area,Smiles
ABUVLEBOCBCHTJ,Q9BY41,P40337,1,0.051228899508714676,0,846.152,6.479320000000008,181.86,CCCCCCNNC(=O)C1=CC=C(CNC(=O)CCCCCCCCC(=O)N[C@H](C(=O)N2C[C@H](O)C[C@H]2C(=O)NCC2=CC=C(C3=C(C)N=CS3)C=C2)C(C)(C)C)C=C1
ACFXVKUYZHYIDS,Q06187,Q96SW2,1,0.564328134059906,1,922.9999999999995,3.182200000000001,221.61,C[C@H]1CN(C(=O)COC2=CC=CC3=C2C(=O)N(C2CCC(=O)NC2=O)C3=O)CCN1C1=CC=C(NC2=CC(C3=CC=NC(N4CCN5C(=CC6=C5CC(C)(C)C6)C4=O)=C3CO)=CN(C)C2=O)N=C1
ACMROOUABKJKKG,P03372,Q96SW2,0,0.8012020587921143,1,753.9000000000003,5.341300000000006,122.73000000000002,CN(CCCC(=O)N1CCN2C3=CC=C4C(=O)N([C@H]5CCC(=O)NC5=O)CC4=C3OC[C@H]2C1)C1=CC=C([C@@H]2C3=CC=C(O)C=C3CC[C@@H]2C2=CC=CC=C2)C=C1
ACOYARXDWOCIQF,Q06187,Q96SW2,1,0.6413480639457703,1,821.9439999999996,1.806500000000004,215.54,CN1CCN([C@@H]2CCCN(C3=CN=C(C(N)=O)C(NC4=CN(C5CCN(CC6CCN(C7=CC=C8C(=O)N([C@@H]9CCC(=O)NC9=O)C(=O)C8=C7)CC6)CC5)N=C4)=N3)C2)C1=O
ACPPLMFDTMNKCM,P01116,Q96SW2,0,0.5082669854164124,1,1022.2149999999992,6.899100000000008,166.21999999999997,C#CC1=C(F)C=CC2=CC(O)=CC(C3=NC=C4C(N5CC6CCC(C5)N6)=NC(OCCN5CCC6(CC5)CCN(CC5CCN(C7=CC=C8C(=C7)N(C(C)C)C(=O)N8C7CCC(=O)NC7=O)CC5)CC6)=NC4=C3F)=C12
ACWNPHGMLLQDAP,P01116,Q96SW2,0,0.23182891309261322,0,1029.5899999999992,6.014200000000006,168.82999999999998,C#CC1=C(F)C=CC2=CC(O)=CC(C3=NC=C4C(N5CC6CCC(C5)N6)=NC(OC[C@@H]5C[C@@H](OC6CCN(CC7CCN(C8=CC=C9C(=O)N(C%10CCC(=O)NC%10=O)CC9=C8Cl)CC7)CC6)CN5C)=NC4=C3F)=C12
ADRHCEUDBUBWKX,Q08881,Q96SW2,0,0.39248597621917725,0,896.0149999999994,3.3910000000000062,228.41000000000005,CN(CCOCCOCCOCCOCC(=O)NC1=CC=CC2=C1C(=O)N(C1CCC(=O)NC1=O)C2=O)CC[C@@H](C1=CC=CC=C1)N1C=C(NC(=O)C2=N[NH]C3=C2CCC(C)(C)C3)C=N1
ADRVUGPWBAQVJT,Q92793,Q96SW2,1,0.5399086475372314,1,848.9119999999995,3.790600000000003,166.29,CC(=O)N1CCC2=C(C1)C(N1CCCC3=CC(C4=CN(C)N=C4)=C(C(F)F)C=C31)=NN2C1CCN(C(=O)CN2CC3=CC4=C(C=C3C2)C(=O)N(C2CCC(=O)NC2=O)C4=O)CC1
ADSIIVHEKXSDKX,Q92793,Q96SW2,1,0.7043548226356506,1,808.8869999999997,4.267500000000004,148.47,CC(=O)N1CCC2=C(C1)C(N1CCCC3=CC(C4CC4)=C(C(F)F)C=C31)=NN2C1CCN(C(=O)CN2CC3=CC4=C(C=C3C2)C(=O)N(C2CCC(=O)NC2=O)C4=O)CC1
AEKWJGQYDRXUQW,P33981,P40337,0,0.18668213486671448,0,1065.293,4.945020000000008,266.3,CC1=C(C2=CC=C(CNC(=O)[C@@H]3C[C@@H](O)CN3C(=O)[C@@H](NC(=O)COCCOCC(=O)N3CCN(C4=CC=C(NC5=NC(NC6=CC=CC=C6S(=O)(=O)C(C)C)=C6N=C[NH]C6=N5)C=C4)CC3)C(C)(C)C)C=C2)SC=N1
AFOZBJWRMXDABQ,P03372,Q96SW2,0,0.7765247821807861,1,738.9290000000001,6.774900000000007,102.42000000000002,O=C1CCC(N2CC3=CC(N4CCN(C5CCC(CCOC6=CC=C([C@@H]7C8=CC=C(O)C=C8CC[C@@H]7C7=CC=CC=C7)C=C6)C5)CC4)=CC=C3C2=O)C(=O)N1
AGGBOQMCNPMCEP,P03372,Q96SW2,1,0.9370158314704895,1,807.0039999999999,6.816800000000007,111.65,O=C1CC[C@H](N2CC3=C(C=CC4=C3OCC43CCN(CC4CC5(CCN(C6=CC=C([C@@H]7C8=CC=C(O)C=C8CC[C@@H]7C7=CC=CC=C7)C=C6)CC5)CO4)CC3)C2=O)C(=O)N1
AIHGVELLLJOFHL,Q07889,P40337,1,0.0537891760468483,0,1030.2279999999998,8.02574000000001,214.23,COC1=CC2=NC(C)=NC(N[C@H](C)C3=CC(N)=CC(C(F)(F)F)=C3)=C2C=C1C1CCN(C(=O)COCCCC(=O)N[C@H](C(=O)N2C[C@H](O)C[C@H]2C(=O)N[C@@H](C)C2=CC=C(C3=C(C)N=CS3)C=C2)C(C)(C)C)CC1
AIYLTRIUQAADGD,Q9NWZ3,Q96SW2,0,0.08840801566839218,0,761.8020000000001,6.173800000000005,175.62,CC(C)(O)C1=CC2=C(C=NN2CCCCCCCCCNC2=CC=CC3=C2C(=O)N(C2CCC(=O)NC2=O)C3=O)C=C1NC(=O)C1=CC=CC(C(F)(F)F)=N1
AIYNYUZXZDOMQJ,P01116,Q96SW2,0,0.10877320170402527,0,1050.268999999999,7.535200000000009,166.21999999999997,C#CC1=C(F)C=CC2=CC(O)=CC(C3=NC=C4C(N5CC6CCC(C5)N6)=NC(OCCN5CCC(CC6CCN(CC7CCN(C8=CC=CC9=C8N(C(C)C)C(=O)N9C8CCC(=O)NC8=O)CC7)CC6)CC5)=NC4=C3F)=C12
AJLHRCDOQDFNEX,P10275,Q96SW2,0,0.9992098212242126,1,802.3759999999999,5.410380000000005,137.37,N#CC1=CC=C(N2CCC3(CCN(C4=CC=C(C(=O)N5CCC(CCN6CCC7=CC8=C(C=C7C6)C(=O)N(C6CCC(=O)NC6=O)C8=O)CC5)C=C4)CC3)C2)C=C1Cl
AJSOJCBVVBEEBC,P03372,Q96SW2,0,0.9813356995582581,1,773.881,5.9721000000000055,113.5,O=C1CCC(N2C(=O)C3=CC=C(N4CCN(CC5CCN(C6=C(F)C=C([C@@H]7C8=CC=C(O)C=C8CC[C@@H]7C7=CC=CC=C7)C=C6F)CC5)CC4)C=C3C2=O)C(=O)N1
AJWSNEGCXBPCNT,P01116,Q96SW2,0,0.9084078073501587,1,1051.256999999999,6.050700000000006,169.45999999999998,C#CC1=C(F)C=CC2=CC(O)=CC(C3=NC=C4C(N5CC6CCC(C5)N6)=NC(OCCN5CCC(CN6CCN(CC7CCN(C8=CC=C9C(=C8)N(C(C)C)C(=O)N9C8CCC(=O)NC8=O)CC7)CC6)CC5)=NC4=C3F)=C12
AJYXITCISXKKRG,P51531,P40337,0,0.6038659811019897,1,875.069,6.349040000000008,227.51,CC1=NOC([C@@H](C(=O)N2C[C@H](O)C[C@H]2C(=O)N[C@@H](CC(=O)NCCCCCCN2C=C(C3=CC(C4=CC=CC=C4O)=NN=C3N)C=N2)C2=CC=C(C3=C(C)N=CS3)C=C2)C(C)C)=C1
AJZOFKWTODCUAD,Q06187,Q96SW2,1,0.9402207732200623,1,965.1249999999994,4.502500000000003,204.54,C[C@H]1CN(C(=O)CCOCCCC2=CC=CC3=C2CN([C@@H]2CCC(=O)NC2=O)C3=O)CCN1C1=CC=C(NC2=CC(C3=CC=NC(N4CCN5C(=CC6=C5CC(C)(C)C6)C4=O)=C3CO)=CN(C)C2=O)N=C1
AKBJWICECZPIMD,P51531,P40337,0,0.43192169070243835,0,870.0459999999999,4.146720000000004,229.17,CC1=C(C2=CC=C([C@H](C)NC(=O)[C@@H]3C[C@@H](O)CN3C(=O)[C@@H](NC(=O)COCCOCCOCCN3C=C(C4=CC(C5=CC=CC=C5O)=NN=C4N)C=N3)C(C)(C)C)C=C2)SC=N1
ALCVDCCTZNCEIQ,P00533,Q96SW2,1,0.24017681181430817,0,914.024,6.920800000000008,178.94,CCS(=O)(=O)N1C=C(C2=NC(NC3=CC=C(N4CCN(CCCCCCCC(=O)NC5=CC=CC6=C5CN(C5CCC(=O)NC5=O)C6=O)CC4)C=C3)=NC=C2C(F)(F)F)C2=CC=CC=C21
ALNALCAXCHYNEZ,P01116,Q96SW2,0,0.32002249360084534,0,1038.213999999999,6.274800000000007,175.45,C#CC1=C(F)C=CC2=CC(O)=CC(C3=NC=C4C(N5CC6CCC(C5)N6)=NC(OC[C@@H]5C[C@@H](OC6CCN(CC7CCN(C8=CC=C9C(=C8)N(C(C)C)C(=O)N9C8CCC(=O)NC8=O)CC7)CC6)CN5C)=NC4=C3F)=C12
AMLZOEQMRXMGBU,P03372,Q96SW2,0,0.995858371257782,1,748.8710000000001,6.664600000000008,102.42000000000002,O=C1CCC(N2CC3=CC(N4CCN(CCCCCOC5=C(F)C=C([C@@H]6C7=CC=C(O)C=C7CC[C@@H]6C6=CC=CC=C6)C=C5F)CC4)=CC=C3C2=O)C(=O)N1
AMUZAYCPNSMZKI,P35968,P40337,0,0.07636560499668121,0,1115.2969999999998,8.177940000000007,222.81,CC1=CC=C(NC(=O)CN2C=C(C3=CC=C4C(NC(=O)C5=CC=C(N6CCN(CCCCC(=O)N[C@H](C(=O)N7C[C@H](O)C[C@H]7C(=O)NCC7=CC=C(C8=C(C)N=CS8)C=C7)C(C)(C)C)CC6)C=C5)=N[NH]C4=C3)C=N2)C=C1C(F)(F)F
AMVGRMOPMWIDQT,P09874,Q96SW2,0,0.9999524354934692,1,784.9179999999997,3.8602000000000025,171.25,NC(=O)C1=CC=CC2=CN(C3=CC=C([C@@H]4CCCN(C(=O)C5CCN(CC6CCN(C7=CC=C8C(=O)N(C9CCC(=O)NC9=O)C(=O)C8=C7)CC6)CC5)C4)C=C3)N=C12
ANCKEXHDLITENC,P01116,Q96SW2,0,0.01469477266073227,0,967.1159999999994,5.630500000000005,177.11,CCC1=CC=CC2=CC(O)=CC(C3=NC=C4C(N5CC6CCC(C5)N6C)=NC(OC[C@@]56CCCN5[C@H](COC(=O)N5CCN(C7=CC=C8C(=O)N(C9CCC(=O)NC9=O)CC8=C7)CC5)CC6)=NC4=C3F)=C12
ANFCGPPDNWPTOU,Q92793,Q96SW2,0,0.8615946173667908,1,876.9659999999993,4.570800000000004,166.29,CC(=O)N1CCC2=C(C1)C(N1CCCC3=CC(C4=CN(C)N=C4)=C(C(F)F)C=C31)=NN2C1CCN(C(=O)CCCN2CC3=CC4=C(C=C3C2)C(=O)N(C2CCC(=O)NC2=O)C4=O)CC1
ANFFPFFAJDSUIN,Q92793,Q96SW2,1,0.4362577795982361,0,847.9329999999995,4.534300000000004,189.02999999999997,CC(=O)N1CCC2=C(C1)C(C1=CC=CC3=CC(C4=CC=C(C(=O)N5CC6(CC(NC7=CC=CC8=C7C(=O)N(C7CCC(=O)NC7=O)C8=O)C6)C5)N=C4)=NC=C13)=NN2C1CCOCC1
APWOOBMCOBNDHY,P03372,Q96SW2,0,0.9888526797294617,1,760.9570000000001,5.781300000000005,127.33,O=C1CCC(N2CC3=CC(N4CCN(CCCCCS(=O)(=O)C5=CC=C([C@@H]6C7=CC=C(O)C=C7CC[C@@H]6C6=CC=CC=C6)C=C5)CC4)=CC=C3C2=O)C(=O)N1
ARGWXWOIQUCZEV,Q92918,Q96SW2,0,0.27685484290122986,0,760.3029999999998,6.400680000000006,169.02999999999997,CC(C)(C#N)N1C=C(C2=C[NH]C3=NC=C(C4=CC=C(N5CCC(CC6CCN(C(=O)C7=CC=C(Cl)C(N8CCC(=O)NC8=O)=C7)CC6)CC5)N=C4)N=C23)C=N1
ARONHQOAKYUHEE,O75530,P40337,0,0.03835747763514519,0,844.9989999999998,4.745820000000005,208.98,CC1=C(C2=CC=C(CNC(=O)[C@@H]3C[C@@H](O)CN3C(=O)[C@@H](NC(=O)[C@H]3C[C@@H](NC(=O)C4=CC=C(C5=CN=C(NCC6=CC=CO6)N6C=NN=C56)C=C4)C3)C(C)(C)C)C=C2)SC=N1
ASAZRIHLBRZDGN,P01116,Q96SW2,0,0.4014967381954193,0,1039.216999999999,7.148800000000008,159.59999999999997,C#CC1=C(F)C=CC2=CC(O)=CC(C3=NC=C4C(N5CC6CCC(C5)N6)=NC(OC[C@@H](C)N5CCC(CC6CCN(CC7CCN(C8=CC=C9C(=O)N(C%10CCC(=O)NC%10=O)CC9=C8F)CC7)CC6)CC5)=NC4=C3F)=C12
ASWBOXVCGUROKR,P10275,Q96SW2,1,0.9968728423118591,1,771.86,5.899780000000006,103.23000000000002,N#CC1=CC=C(N2CCC(C3=CC=C(N4CCC(CN5CCN(C6=CC=C7C(=O)N(C8CCC(=O)NC8=O)CC7=C6)CC5)CC4)C=C3)CC2)C(F)=C1C(F)(F)F
ATBRMGQNZNGMFO,P01116,Q96SW2,0,0.11903971433639526,0,1025.1899999999991,6.713300000000007,159.59999999999997,C#CC1=C(F)C=CC2=CC(O)=CC(C3=NC=C4C(N5CC6CCC(C5)N6)=NC(OCCN5CCC(CC6(F)CCN(CC7CCN(C8=CC=CC9=C8CN(C8CCC(=O)NC8=O)C9=O)CC7)CC6)CC5)=NC4=C3F)=C12
ATCDGTRJVOCNNM,P51531,P40337,1,0.8976322412490845,1,918.5609999999998,8.325620000000008,155.91999999999996,CC1=C(C2=CC=C([C@H](C)NC(=O)[C@@H]3C[C@@H](O)CN3C(=O)[C@@H](C3=CC(OCCCN4CCC(C5=CC=C6C(=C5)C(C)(C)C5=NC(=O)C7=C(Cl)C=CC=C7N65)CC4)=NO3)C(C)C)C=C2)SC=N1
AUSKCHAXYLLRLE,P03372,Q96SW2,0,0.9259985685348511,1,737.945,6.443800000000007,96.43,O=C1CCC(N2CC3=CC=C(N4CCN(CCC5CCN(C6=CC=C([C@@H]7C8=CC=C(O)C=C8CC[C@@H]7C7=CC=CC=C7)C=C6)CC5)CC4)C=C3C2=O)C(=O)N1
AUTNFFMAIXBPJH,Q92918,Q96SW2,1,0.9856014847755432,1,763.3029999999998,6.103400000000006,154.47,O=C1CCN(C2=CC(C(=O)N3CCC(CC4CCN(C5=CC=C(C6=CN=C7[NH]C=C(C8=CN([C@@H]9CCOC9)N=C8)C7=N6)C=N5)CC4)CC3)=CC=C2Cl)C(=O)N1
AVBGZOOQMRTGSE,Q06187,P40337,0,0.7053050994873047,1,1251.565999999999,6.926720000000009,258.92,CC1=C(C2=CC=C(CNC(=O)[C@@H]3C[C@@H](O)CN3C(=O)[C@@H](NC(=O)COCCOCCCCCCC(=O)N3CCN(C4=CC=C(NC5=CC(C6=CC=NC(N7CCN8C(=CC9=C8CC(C)(C)C9)C7=O)=C6CO)=CN(C)C5=O)N=C4)[C@@H](C)C3)C(C)(C)C)C=C2)SC=N1
AWHKRHYGENDDAD,P10275,Q96SW2,1,0.8723425269126892,1,802.3759999999997,5.756380000000006,137.37,CC[C@H]1CC2(CCN(C3=CC=C(C(=O)N4CCC(CN5CC6=CC7=C(C=C6C5)C(=O)N(C5CCC(=O)NC5=O)C7=O)CC4)C=C3)CC2)CN1C1=CC=C(C#N)C(Cl)=C1
AXNIHWLGUQGCDA,Q07889,Q96SW2,0,0.22755184769630432,0,857.9309999999997,7.277820000000009,172.16,COC1=CC2=NC(C)=NC(N[C@H](C)C3=CC=CC(C(F)F)=C3F)=C2C=C1OCC1(CN(C)C(=O)CCCCCCNC2=CC=CC3=C2C(=O)N(C2CCC(=O)NC2=O)C3=O)CC1
AXPGRWCCCLWKQJ,Q92793,Q96SW2,1,0.8163276314735413,1,851.9649999999997,5.219900000000004,197.82,CC(=O)N1CCC2=C(C1)C(C1=CC=CC3=CC(C4=CC=C(C(=O)NCCCCCCNC5=CC=CC6=C5C(=O)N(C5CCC(=O)NC5=O)C6=O)N=C4)=NC=C13)=NN2C1CCOCC1
AXRKIGKHAWQOIW,P01116,Q96SW2,0,0.07199300825595856,0,897.9839999999996,4.648800000000004,165.59000000000003,C#CC1=C(F)C=CC2=CC(O)=CC(C3=NC=C4C(N5CC6CCC(C5)N6)=NC(OC[C@@H]5C[C@@H](OC6CCN(C7=CC=C8C(=O)N(C9CCC(=O)NC9=O)CC8=C7)CC6)CN5C)=NC4=C3F)=C12
AYAZRRMDIRRQIO,P09874,Q96SW2,0,0.8119322657585144,1,756.8639999999998,3.080000000000002,171.25,NC(=O)C1=CC=CC2=CN(C3=CC=C([C@@H]4CCCN(C(=O)C5CCN(CC6CN(C7=CC=C8C(=O)N(C9CCC(=O)NC9=O)C(=O)C8=C7)C6)CC5)C4)C=C3)N=C12
AYSNCSVZNJFPCS,P51531,P40337,0,0.31839942932128906,0,1077.2039999999995,8.140820000000009,166.64,CC1=C(C2=CC=C([C@H](CO[C@H](C)CN3CCC(C4=CC=C5C(=C4)N(C4CCCC4)C4=NC(=O)C6=C(Br)C=CC=C6N54)CC3)NC(=O)[C@@H]3C[C@@H](O)CN3C(=O)[C@@H](NC(=O)C3(N(C)C)CC3)C(C)(C)C)C=C2)SC=N1
AZHUEXVTSOWSHM,Q92918,Q96SW2,0,0.4318893551826477,0,848.0209999999997,5.483520000000005,155.14999999999998,CC1=CC(C2=C[NH]C3=NC=C(C4=CC=C(C5CCN(CC6CCN(C7CN(C8=CC=C9C(=O)N(C%10CCC(=O)NC%10=O)C(=O)C9=C8)C7)CC6)CC5)C=C4)N=C23)=CC=C1C(=O)N(C)C
AZUMMPMTXCIABP,P09874,Q96SW2,0,0.5020052194595337,1,809.8770000000001,2.4101000000000017,213.72000000000003,NC(=O)C1=CC=CC2=CN(C3=CC=C([C@@H]4CCCN(C(=O)COCCOCCOCCOCCNC5=CC=C6C(=O)N(C7CCC(=O)NC7=O)C(=O)C6=C5)C4)C=C3)N=C12
BABOKNCCEBLQBS,P01116,Q96SW2,0,0.9823092818260193,1,1068.258999999999,7.6743000000000094,166.21999999999997,C#CC1=C(F)C=CC2=CC(O)=CC(C3=NC=C4C(N5CC6CCC(C5)N6)=NC(OCCN5CCC(CN6CCC(CC7CCN(C8=CC=C9C(=C8F)N(C(C)C)C(=O)N9C8CCC(=O)NC8=O)CC7)CC6)CC5)=NC4=C3F)=C12
BACGQACNNRMVST,P01116,Q96SW2,0,0.22364425659179688,0,1054.231999999999,6.0544000000000056,162.83999999999995,C#CC1=C(F)C=CC2=CC(O)=CC(C3=NC=C4C(N5CC6CCC(C5)N6)=NC(OCCN5CCC(CN6CCN(CC7CCN(C8=CC=C9C(=O)N(C%10CCC(=O)NC%10=O)CC9=C8F)CC7)CC6)CC5(C)C)=NC4=C3F)=C12
BACJQQPMNYUFEJ,P01116,Q96SW2,0,0.1350322961807251,0,915.9739999999996,4.787900000000004,165.59000000000003,C#CC1=C(F)C=CC2=CC(O)=CC(C3=NC=C4C(N5CC6CCC(C5)N6)=NC(OC[C@@H]5C[C@@H](OC6CCN(C7=CC=C8C(=O)N(C9CCC(=O)NC9=O)CC8=C7F)CC6)CN5C)=NC4=C3F)=C12
BAFZCYGZGRCZBY,P40763,Q96SW2,0,0.11291444301605225,0,1140.173,2.97100000000001,298.26,CN1CC[C@H]2CC[C@@H](C(=O)N[C@@H](CCC(N)=O)C(=O)N[C@H](CC(=O)N3CCC(C#CC4=CC=CC5=C4CN(C4CCC(=O)NC4=O)C5=O)CC3)C3=CC=CC=C3)N2C(=O)[C@@H](NC(=O)C2=CC3=CC(C(F)(F)P(=O)(O)O)=CC=C3S2)C1
BARNYIMGLISMCW,P24941,Q96SW2,0,0.10699310898780823,0,707.5749999999998,2.700600000000001,176.91,O=C1CCC(N2C(=O)C3=CC=C(N4CC(CN5CCC(NC(=O)C6=N[NH]C=C6NC(=O)C6=C(Cl)C=CC=C6Cl)CC5)C4)C=C3C2=O)C(=O)N1
BAWWFFPYQBHNQE,P03372,Q96SW2,1,0.9682022929191589,1,791.9489999999998,5.878500000000006,130.57,O=C1CCC(N2C(=O)C3=CC4=C(C=C3C2=O)CN(C2CCN(C(=O)C3CCN(C5=CC=C([C@@H]6C7=CC=C(O)C=C7CC[C@@H]6C6=CC=CC=C6)C=C5)CC3)CC2)C4)C(=O)N1
BAWXEUCXVYETST,P00533,Q96SW2,0,0.6396074295043945,1,899.9530000000001,5.667200000000006,196.01,CCS(=O)(=O)N1C=C(C2=NC(NC3=CC=C(N4CCN(C(=O)CCCCC(=O)NC5=CC=CC6=C5CN(C5CCC(=O)NC5=O)C6=O)CC4)C=C3)=NC=C2C(F)(F)F)C2=CC=CC=C21
BCEPXVPMTREAEK,P09874,Q96SW2,0,0.8002358675003052,1,798.9449999999997,4.250300000000004,171.25,NC(=O)C1=CC=CC2=CN(C3=CC=C([C@@H]4CCCN(C(=O)CC5CCN(CC6CCN(C7=CC=C8C(=O)N(C9CCC(=O)NC9=O)C(=O)C8=C7)CC6)CC5)C4)C=C3)N=C12
BCFXYRJITKSCTA,P51531,P40337,1,0.9925467371940613,1,932.588,8.715720000000006,155.91999999999996,CC1=C(C2=CC=C([C@H](C)NC(=O)[C@@H]3C[C@@H](O)CN3C(=O)[C@@H](C3=CC(OCCCCN4CCC(C5=CC=C6C(=C5)C(C)(C)C5=NC(=O)C7=C(Cl)C=CC=C7N65)CC4)=NO3)C(C)C)C=C2)SC=N1
BCTQCVAIXQOKKW,P01116,Q96SW2,0,0.016186106950044632,0,1008.2129999999992,5.218900000000005,179.90999999999997,CCC1=CC=CC2=CC(O)=CC(C3=NC=C4C(N5CC6CCC(C5)N6)=NC(OCCN5CCC(CN6CCN(CC7CCN(C8=CC=C9C(=O)N(C%10CCC(=O)NC%10=O)C(=O)C9=C8)CC7)CC6)CC5)=NC4=C3F)=C12
BCVLYCZNORVOHF,P01116,Q96SW2,0,0.3427310883998871,0,995.1449999999992,5.360800000000005,168.82999999999998,C#CC1=C(F)C=CC2=CC(O)=CC(C3=NC=C4C(N5CC6CCC(C5)N6)=NC(OC[C@@H]5C[C@@H](OC6CCN(CC7CCN(C8=CC=CC9=C8CN(C8CCC(=O)NC8=O)C9=O)CC7)CC6)CN5C)=NC4=C3F)=C12
BCYNZOLSRVQEEA,Q13546,P40337,0,0.7012811303138733,1,997.2539999999996,7.930940000000011,223.29999999999995,CC1=NC=C(C2=CC=C3N=C(NC(=O)CCOCCCOCCC(=O)N[C@H](C(=O)N4C[C@H](O)C[C@H]4C(=O)NCC4=CC=C(C5=C(C)N=CS5)C=C4)C(C)(C)C)SC3=C2)C=C1NC(=O)OC1CCCCC1
BDKALJFRDMDIAS,P09874,Q96SW2,0,0.7875732779502869,1,812.9719999999998,4.640400000000004,171.25,NC(=O)C1=CC=CC2=CN(C3=CC=C([C@@H]4CCCN(C(=O)CC5CCN(CCC6CCN(C7=CC=C8C(=O)N(C9CCC(=O)NC9=O)C(=O)C8=C7)CC6)CC5)C4)C=C3)N=C12
BDNSXFYBAGJQEM,P03372,Q96SW2,0,0.9943622946739197,1,741.9079999999999,6.192800000000006,96.43,O=C1CCC(N2CC3=CC(N4CCN(CC5CCN(C6=CC=C([C@@H]7C8=CC=C(O)C=C8CC[C@@H]7C7=CC=CC=C7)C(F)=C6)CC5)CC4)=CC=C3C2=O)C(=O)N1
BFCFJGZUZGPRLK,Q92793,Q96SW2,1,0.4040730893611908,0,850.9679999999996,5.437800000000005,148.47,CC(=O)N1CCC2=C(C1)C(N1CCCC3=CC(C4CCCCC4)=C(C(F)F)C=C31)=NN2C1CCN(C(=O)CN2CC3=CC4=C(C=C3C2)C(=O)N(C2CCC(=O)NC2=O)C4=O)CC1
BFIQFJPAAODXMJ,P01116,Q96SW2,0,0.498199462890625,0,1006.2119999999992,7.226200000000008,146.70999999999998,C#CC1=C(F)C=CC2=CC(O)=CC(C3=CC=C4C(N5CC6CCC(C5)N6)=NC(OCCN5CCC(CC6CCN(CC7CCN(C8=CC=C9C(=O)N(C%10CCC(=O)NC%10=O)CC9=C8F)CC7)CC6)CC5)=NC4=C3)=C12
BFJAUQYYPAGZSF,P03372,Q96SW2,1,0.45114248991012573,0,809.9639999999999,5.3102000000000045,124.12,O=C1CC[C@H](N2CC3=C(C=CC4=C3OC[C@H]3CN(CC5COC6(CCN(C7=CC=C([C@@H]8C9=CC=C(O)C=C9CC[C@@H]8C8=CC=CC=C8)C=C7)CC6)O5)CCN43)C2=O)C(=O)N1
BGFZCKUUCGMNJV,O60885,Q96SW2,1,0.38285568356513977,0,765.3810000000002,5.098760000000004,176.53999999999996,CC1=C(C)C2=C(S1)N1C(C)=NN=C1[C@H](CC(=O)NCCCCCCCCC(=O)N[C@@H](CC(C)C)C(=O)N[C@H]1CC(=O)NC1=O)N=C2C1=CC=C(Cl)C=C1
BGOYIRIGJGUHKW,P03372,Q96SW2,0,0.8546661138534546,1,766.9390000000001,6.662700000000007,119.49,O=C1CCC(N2C(=O)C3=CC=C(OCC4CCN(CC5CCN(C6=CC=C([C@@H]7C8=CC=C(O)C=C8CC[C@@H]7C7=CC=CC=C7)C=C6)CC5)CC4)C=C3C2=O)C(=O)N1
BHFGWNJOMROHBE,P03372,Q96SW2,1,0.9575256705284119,1,807.0039999999999,6.959300000000009,111.65,O=C1CC[C@H](N2CC3=C(C=CC4=C3OCC43CCN(CC4CCC5(CCN(C6=CC=C([C@@H]7C8=CC=C(O)C=C8CC[C@@H]7C7=CC=CC=C7)C=C6)CC5)O4)CC3)C2=O)C(=O)N1
BHJMKXPWFAXZQO,P01116,Q96SW2,0,0.16589541733264923,0,1040.204999999999,6.583400000000007,166.21999999999997,C#CC1=C(F)C=CC2=CC(O)=CC(C3=NC=C4C(N5CC6CCC(C5)N6)=NC(OCCN5CCC(F)(CN6CCC(CC7CCN(C8=CC=C9C(=C8)N(C)C(=O)N9C8CCC(=O)NC8=O)CC7)CC6)CC5)=NC4=C3F)=C12
BIAFTUVWZFGLLG,P03372,Q96SW2,0,0.9534279108047485,1,739.9169999999999,5.759300000000005,116.66,O=C1CCC(N2CC3=CC(N4CCN(CC5CCN(C6=CC=C([C@@H]7C8=CC=C(O)C=C8CC[C@@H]7C7=CC=C(O)C=C7)C=C6)CC5)CC4)=CC=C3C2=O)C(=O)N1
BIASTFAZPRBBSG,Q92918,Q96SW2,0,0.07905162125825882,0,805.9399999999998,4.455720000000003,155.14999999999998,CC1=CC(C2=C[NH]C3=NC=C(C4=CC=C(C5CCN(C6CN(C7CN(C8=CC=C9C(=O)N(C%10CCC(=O)NC%10=O)C(=O)C9=C8)C7)C6)CC5)C=C4)N=C23)=CC=C1C(=O)N(C)C
BIDOMOZYZFXRJX,P01116,Q96SW2,0,0.5347962975502014,1,993.2419999999992,7.063200000000008,159.59999999999997,CCC1=CC=CC2=CC(O)=CC(C3=NC=C4C(N5CC6CCC(C5)N6)=NC(OCCN5CCC(CC6CCN(CC7CCN(C8=CC=CC9=C8CN(C8CCC(=O)NC8=O)C9=O)CC7)CC6)CC5)=NC4=C3F)=C12
BIXUQMFHSNFYGK,Q9H8M2,Q96SW2,1,0.5154200196266174,1,716.839,4.139100000000003,126.31,COC1=CC(C2=CN(C)C(=O)C3=CN=CC=C23)=CC(OC)=C1CN1CCC2(CC1)CC(N1CC3=CC4=C(C=C3C1)C(=O)N(C1CCC(=O)NC1=O)C4)C2
BJMXASDRKLKNMF,Q92793,Q96SW2,1,0.678372859954834,1,864.9549999999995,5.057200000000004,175.07999999999998,CC(=O)N1CCC2=C(C1)C(N1CCCC3=CC(C4=CN(C)N=C4)=C(C(F)F)C=C31)=NN2C1CCN(C(=O)CCCCNC2=CC=C3C(=O)N(C4CCC(=O)NC4=O)C(=O)C3=C2)CC1
BKOBTLASDDXIFV,O14965,P40337,0,0.7148759365081787,1,1076.3199999999997,5.198320000000008,276.94,CC1=C(C2=CC=C(CNC(=O)[C@@H]3C[C@@H](O)CN3C(=O)[C@@H](NC(=O)CCCC(=O)NCC(=O)N3CCN(C4=CC=C(NC5=NC(NC6=CC=CC=C6S(=O)(=O)C(C)C)=C6N=C[NH]C6=N5)C=C4)CC3)C(C)(C)C)C=C2)SC=N1
BKPOBOXXAAENEJ,P01116,P40337,1,0.03799625113606453,0,1121.3409999999994,7.721820000000011,207.5,CCC1=C(F)C=CC2=CC(O)=CC(C3=NC=C4C(N5C[C@@H]6CC[C@H](C5)N6)=NC(OC[C@@H]5C[C@@H](F)CN5CCCCOCC(=O)N[C@H](C(=O)N5C[C@H](O)C[C@H]5C(=O)N[C@@H](C)C5=CC=C(C6=C(C)N=CS6)C=C5)C(C)(C)C)=NC4=C3F)=C12
BKRHXSCTDWOIHA,P08581,Q96SW2,1,0.9890656471252441,1,878.947,3.024180000000003,230.84,N#CC1=CC=CC(C2=NN(CC3=CC=CC(C4=NC=C(OCC5CCN(CC(=O)NCCOCCNC6=CC=C7C(=O)N(C8CCC(=O)NC8=O)C(=O)C7=C6)CC5)C=N4)=C3)C(=O)C=C2)=C1
BLWSMGOTKQNWIF,P10275,P40337,0,0.9356573224067688,1,908.0609999999998,5.700920000000005,176.39999999999998,CC1=C(C2=CC=C(CNC(=O)[C@@H]3C[C@@H](O)CN3C(=O)[C@@H](NC(=O)COCCCCOC3=CC=C(C4CCN(C5=NN6C(=NN=C6C(F)(F)F)CC5)CC4)C=C3)C(C)(C)C)C=C2)SC=N1
BLZCIKKOCYPIFK,P06239,Q96SW2,1,0.9962911605834961,1,756.377,6.111140000000006,135.69,CC1=NC(NC2=NC=C(C(=O)NC3=C(C)C=CC=C3Cl)S2)=CC(N2CCN(CCCN3CCC(C4=CC=C(C5CCC(=O)NC5=O)C=C4)CC3)CC2)=N1
BMFQDIJFSLSDGG,Q92793,Q96SW2,1,0.43837833404541016,0,834.9289999999995,4.384600000000003,149.22,CC(=O)N1CCC2=C(C1)C(N1CCCC3=CC(C4=CN(C)N=C4)=C(C(F)F)C=C31)=NN2C1CCN(CC2CN(C3=CC=C4C(=O)N(C5CCC(=O)NC5=O)C(=O)C4=C3)C2)CC1
BMKXYTSUYCUXGR,P00533,Q96SW2,0,0.14331457018852234,0,871.8990000000001,4.887000000000004,196.01,CCS(=O)(=O)N1C=C(C2=NC(NC3=CC=C(N4CCN(C(=O)CCC(=O)NC5=CC=CC6=C5CN(C5CCC(=O)NC5=O)C6=O)CC4)C=C3)=NC=C2C(F)(F)F)C2=CC=CC=C21
BNBZPIRDZWDOBS,Q92918,Q96SW2,0,0.26916542649269104,0,807.9999999999998,5.826020000000005,146.87,CC1=CC(C2=C[NH]C3=NC=C(C4=CC=C(C5CCN(C6CN(C(=O)C7CCN(C8=CC=C(NC9CCC(=O)NC9=O)C=C8)CC7)C6)CC5)C=C4)N=C23)=CC=C1C(=O)N(C)C
BNXHIGZFJKRLPQ,P09874,Q96SW2,0,0.9924749732017517,1,938.0989999999994,4.405600000000003,208.63,NC(=O)C1=CC=CC2=CN(C3=CC=C([C@@H]4CCCN(C(=O)CC5CCN(C(=O)CC6CCN(C(=O)C7CCN(C8=CC=C9C(=O)N(C%10CCC(=O)NC%10=O)C(=O)C9=C8)CC7)CC6)CC5)C4)C=C3)N=C12
BNZBBHXKCFPTND,O60885,Q96SW2,0,0.777244508266449,1,789.362,6.159860000000005,150.68,CC1=C(C)C2=C(S1)N1C(C)=NN=C1[C@H](CC(=O)NCCCNC1=CC=C(CC3=CC=C4C(=O)N(C5CCC(=O)NC5=O)CC4=C3)C=C1)N=C2C1=CC=C(Cl)C=C1
BOGUYWKARAFBPH,P03372,Q96SW2,1,0.5421530604362488,1,778.9939999999999,7.43790000000001,102.42,O=C1CC[C@H](N2CC3=C(C=CC4=C3OCC43CCN(CCCC4CCN(C5=CC=C([C@@H]6C7=CC=C(O)C=C7CC[C@@H]6C6=CC=CC=C6)C=C5)CC4)CC3)C2=O)C(=O)N1
BOTLERLEUZNEQQ,Q9H8M2,Q96SW2,0,0.5326558947563171,1,648.7200000000001,2.5787000000000004,126.31,COC1=CC(C2=CN(C)C(=O)C3=CN=CC=C23)=CC(OC)=C1CN1CC(N2CC3=CC4=C(C=C3C2)C(=O)N(C2CCC(=O)NC2=O)C4)C1
BOTNYBYGXINQBK,P01116,Q96SW2,0,0.948550820350647,1,968.0979999999992,5.4615000000000045,145.99,C#CC1=C(F)C=CC2=CC=CC(C3=NC=C4C(N5CC6CCC(C5)N6)=NC(OCC5(CN6CCC(F)(CN7CCN(C8=CC=C9C(=C8)N(C)C(=O)N9C8CCC(=O)NC8=O)CC7)CC6)CC5)=NC4=C3F)=C12
BOVQJWFEGGGBSA,P01116,Q96SW2,0,0.9839750528335571,1,1040.204999999999,6.630400000000007,166.21999999999997,C#CC1=C(F)C=CC2=CC(O)=CC(C3=NC=C4C(N5CC6CCC(C5)N6)=NC(OCCN5CCC(CN6CCC(CC7CCN(C8=CC=C9C(=C8F)N(C)C(=O)N9C8CCC(=O)NC8=O)CC7)CC6)CC5)=NC4=C3F)=C12
BOYDCCMACMIQHO,Q92918,Q96SW2,0,0.10829414427280426,0,794.0169999999997,6.837040000000007,121.01,CC1=CC(C2=C[NH]C3=NC=C(C4=CC=C(C5CCN(C6CN(CC7CCN(C8=CC=C(N9CCC(=O)NC9=O)C(C)=C8)CC7)C6)CC5)C=C4)N=C23)=CC=C1C(=O)N(C)C
BPMPMTNALPLART,O60885,Q96SW2,0,0.30682373046875,0,815.3970000000002,5.000960000000004,196.77,CC1=C(C)C2=C(S1)N1C(C)=NN=C1[C@H](CC(=O)NCCCCCCCCC(=O)N[C@@H](CC1=CC=C(O)C=C1)C(=O)N[C@H]1CC(=O)NC1=O)N=C2C1=CC=C(Cl)C=C1
BQMMQVMQKXUBSK,P03372,Q96SW2,1,0.9512057304382324,1,853.918,5.673200000000006,129.37,C[C@@H]1CC2=C([NH]C3=CC=CC=C23)[C@@H](C2=C(F)C=C(N3CCC4(CCN(C(=O)CN5CC6=CC7=C(C=C6C5)C(=O)N(C5CCC(=O)NC5=O)C7=O)CC4)CC3)C=C2F)N1CC(F)F
BQQDAXSFOGOWRE,Q92793,Q96SW2,1,0.9481580853462219,1,1009.0799999999996,8.432540000000007,198.51,CC1=NOC(C)=C1C1=CC=C2C(=C1)N=C([C@@H]1CCCC(=O)N1C1=CC=C(F)C(F)=C1)N2[C@H]1CC[C@H](OCC(=O)NC2=CC=C(OC3CCN(C4=CC=C5C(=O)N(C6CCC(=O)NC6=O)C(=O)C5=C4)CC3)C=C2)CC1
BRTHDWUEKWQNLW,P03372,Q96SW2,0,0.2962448000907898,0,780.8570000000001,5.452400000000005,145.27,O=C1CCC(N2C(=O)C3=CC=C(C4=CN=C(N5CCN(CCOC6=CC=C([C@@H]7C8=CC=C(O)C=C8CC[C@@H]7C7=CC=C(F)C=C7)C=C6)CC5)C=N4)C=C3C2=O)C(=O)N1
BRVKXRGJXOTRLD,O60885,Q96SW2,1,0.242039754986763,0,852.4620000000001,6.166760000000005,192.33,CC1=C(C)C2=C(S1)N1C(C)=NN=C1[C@H](CC(=O)NCCCCCCCCC(=O)N[C@@H](CC1=C[NH]C3=CC=CC=C13)C(=O)N[C@H]1CCC(=O)NC1=O)N=C2C1=CC=C(Cl)C=C1
BSQNILTVRXZUQD,P03372,Q96SW2,1,0.4048396050930023,0,820.991,5.027100000000004,125.97,O=C1CC[C@H](N2CC3=C(C=CC4=C3OC[C@H]3CN(C(=O)CN5CCC6(CC5)CN(C5=CC=C([C@@H]7C8=CC=C(O)C=C8CC[C@@H]7C7=CC=CC=C7)C=C5)C6)CCN43)C2=O)C(=O)N1
BTFZUHUKXYZEIP,Q92793,Q96SW2,1,0.9225317239761353,1,931.0099999999994,6.873440000000006,180.49,CC1=NOC(C)=C1C1=CC=C2C(=C1)N=C([C@@H]1CCCC(=O)N1C1=CC=C(F)C(F)=C1)N2[C@H]1CC[C@H](OCC(=O)N(C)C2CCN(C3=CC=C4C(=O)N(C5CCC(=O)NC5=O)C(=O)C4=C3)CC2)CC1
BUEXWHUMUYQITQ,P21802,Q96SW2,1,0.5100768208503723,1,899.7929999999997,5.178900000000004,198.95,COC1=CC(OC)=C(Cl)C(NC(=O)N(C)C2=CC(NC3=CC=C(N4CCN(C(=O)C5CCN(C6=CC=C7C(=O)N(C8CCC(=O)NC8=O)C(=O)C7=C6)CC5)CC4)C=C3)=NC=N2)=C1Cl
BUSHRVRBJUJRHC,P01116,Q96SW2,0,0.8338619470596313,1,1022.1899999999991,5.855200000000005,142.61,C#CC1=C(F)C=CC2=CC=CC(C3=NC=C4C(N5CC6CCC(C5)N6)=NC(OC[C@@]56CCCN5[C@H](CN5CCN(CC7CCN(C8=CC=C9C(=O)N(C%10CCC(=O)NC%10=O)CC9=C8F)CC7)CC5)CC6)=NC4=C3F)=C12
BUVZNGYPKFISMJ,O60885,Q96SW2,1,0.7598024010658264,1,779.4079999999997,5.488860000000004,176.54,CC[C@@H](C)[C@H](NC(=O)CCCCCCCCNC(=O)C[C@@H]1N=C(C2=CC=C(Cl)C=C2)C2=C(SC(C)=C2C)N2C(C)=NN=C12)C(=O)N[C@H]1CCC(=O)NC1=O
BVUCYUHIVLTURA,Q13882,P40337,1,0.8530027866363525,1,1072.3259999999996,6.725220000000006,235.17999999999995,CC1=C(C2=CC=C(CNC(=O)[C@@H]3C[C@@H](O)CN3C(=O)[C@@H](NC(=O)CCCCCCCCNC(=O)CN3CCN(C(=O)C4=CC=C(NC5=NC(C6CC6)=CN6C(C7=C[NH]N=C7)=CN=C56)C(F)=C4)CC3)C(C)(C)C)C=C2)SC=N1
BWFPCIGALPXWPF,P51531,P40337,0,0.3364006280899048,0,1052.1249999999998,8.548720000000008,163.39999999999998,CC1=C(C2=CC=C([C@H](CO[C@H](C)CN3CCC(C4=CC=C5C(=C4)N(C4CCCC4)C4=NC(=O)C6=C(Br)C=CC=C6N54)CC3)NC(=O)[C@@H]3C[C@@H](O)CN3C(=O)[C@@H](NC(=O)C3(F)CC3)C(C)(C)C)C=C2)SC=N1
BWHOAPFNBIFKAF,Q92793,Q96SW2,0,0.6387467384338379,1,905.0199999999992,5.351000000000005,166.29,CC(=O)N1CCC2=C(C1)C(N1CCCC3=CC(C4=CN(C)N=C4)=C(C(F)F)C=C31)=NN2C1CCN(C(=O)CCCCCN2CC3=CC4=C(C=C3C2)C(=O)N(C2CCC(=O)NC2=O)C4=O)CC1
BXBADDOYKAVBPB,P03372,Q96SW2,0,0.9526845812797546,1,801.9350000000001,5.958700000000006,105.66,O=C1CCC(N2CC3=C(C=C(F)C(N4CCN(C5CC6(C5)CN(CCOC5=CC=C([C@@H]7C8=CC=C(O)C=C8CC[C@@H]7C7=CC=CC=C7)C=C5)C6)CC4)=C3F)C2=O)C(=O)N1
BXZCAZQCSDZOPG,P01116,Q96SW2,0,0.9996737241744995,1,907.0389999999996,5.004100000000004,139.37,C#CC1=C(F)C=CC2=CC=CC(C3=NC=C4C(N5CC6CCC(C5)N6)=NC(OC[C@]56CCCN5[C@H](CN5CCN(C7=CC=C8C(=O)N(C9CCC(=O)NC9=O)CC8=C7)CC5)CC6)=NC4=C3F)=C12
BYPUUWWNEKQLNS,P06239,Q96SW2,0,0.9940834641456604,1,728.3229999999999,5.758040000000005,135.69,CC1=NC(NC2=NC=C(C(=O)NC3=C(C)C=CC=C3Cl)S2)=CC(N2CCC(CN3CCN(C4=CC=C(C5CCC(=O)NC5=O)C=C4)CC3)CC2)=N1
BZECJEIHNUUQGB,Q06187,Q96SW2,1,0.9325173497200012,1,837.9419999999998,3.186500000000001,192.43,NC1=NC=NC2=C1C(C1=CC=C(OC3=CC=CC=C3)C=C1)=NN2C1CCN(C(=O)CN2CCN(CC3CN(C4=CC=CC5=C4C(=O)N(C4CCC(=O)NC4=O)C5=O)C3)CC2)CC1
CAIZDTGPHVIVNW,P01116,Q96SW2,0,0.9317530989646912,1,1007.1999999999992,6.621200000000007,159.59999999999997,C#CC1=C(F)C=CC2=CC(O)=CC(C3=NC=C4C(N5CC6CCC(C5)N6)=NC(OCCN5CCC(CC6CCN(CC7CCN(C8=CC=C9C(=O)N(C%10CCC(=O)NC%10=O)CC9=C8)CC7)CC6)CC5)=NC4=C3F)=C12
CCGDUFKHVCWPGU,P03372,Q96SW2,0,0.7032711505889893,1,742.896,5.587800000000006,109.32,O=C1CCC(N2CC3=NC(N4CCN(CC5CCN(C6=CC=C([C@@H]7C8=CC=C(O)C=C8CC[C@@H]7C7=CC=CC=C7)C=C6F)CC5)CC4)=CC=C3C2=O)C(=O)N1
CDPPFGYWNYFBJP,P03372,Q96SW2,0,0.7914775609970093,1,746.9120000000001,6.261800000000007,111.01,O=C1CCC(N2CC3=CC(C4=CN(C5CN(C[C@@H]6CCN(C7=CC=C([C@@H]8C9=CC=C(O)C=C9CC[C@@H]8C8=CC=CC=C8)C=C7)C6)C5)N=C4)=CC=C3C2=O)C(=O)N1
CDTOXJLABDJMQI,P03372,Q96SW2,0,0.8029806613922119,1,759.8790000000001,5.630000000000006,122.73,CC1(C2=CC=C(OCCCCCN3CCN(C4=CC=C5C(=O)N(C6CCC(=O)NC6=O)C(=O)C5=C4)CC3)C=C2)C2=CC=C(O)C=C2CCN1C1=CC=C(F)C=C1
CEEFTINJRMZDCF,P24941,Q96SW2,0,0.9797735810279846,1,790.7089999999998,3.165000000000001,180.15,O=C1CCC(N2C(=O)C3=CC=C(N4CC(CN5CCC(N6CCC(NC(=O)C7=N[NH]C=C7NC(=O)C7=C(Cl)C=CC=C7Cl)CC6)CC5)C4)C=C3C2=O)C(=O)N1
CEQYTRYZACKCQQ,P50750,Q96SW2,1,0.5039701461791992,1,819.9679999999998,3.867300000000004,196.85,CC[C@@H](CO)NC1=NC2=C(C(C)C)C=NN2C(NCC2=CC=C(NC(=O)N3CCC(N4CCN(C5=CC=C6C(=O)N(C7CCC(=O)NC7=O)C(=O)C6=C5)CC4)CC3)C=C2)=C1
CEVGSAQBAYMCOM,Q9NWZ3,Q96SW2,0,0.03662334010004997,0,760.8470000000001,4.449400000000003,162.68,CN(CCCOCCCC1=CC=CC2=C1N(C)C(=O)N2C1CCC(=O)NC1=O)C[C@H]1CC[C@H](N2C=C(NC(=O)C3=C4N=CC=CN4N=C3)C(C(F)F)=N2)CC1
CFJHWTNVZZUCND,P01116,Q96SW2,0,0.948878824710846,1,1007.1999999999992,6.621200000000007,159.59999999999997,C#CC1=C(F)C=CC2=CC(O)=CC(C3=NC=C4C(N5CC6CCC(C5)N6)=NC(OCCN5CCC(CN6CCC(CC7CCN(C8=CC=C9C(=O)N(C%10CCC(=O)NC%10=O)CC9=C8)CC7)CC6)CC5)=NC4=C3F)=C12
CFKSLEVNKGAZLG,P03372,Q96SW2,1,0.5753670334815979,1,848.057,6.650300000000008,122.73,O=C1CC[C@H](N2CC3=C(C=CC4=C3OCC43CCN(CC(=O)N4CCC5(CC4)CCN(C4=CC=C([C@@H]6C7=CC=C(O)C=C7CC[C@@H]6C6=CC=CC=C6)C=C4)CC5)CC3)C2=O)C(=O)N1
CIERPKOAWWRVGL,P40763,Q96SW2,0,0.57069331407547,1,1146.2209999999995,3.32270000000001,298.26,CN1CC[C@H]2CC[C@@H](C(=O)N[C@@H](CCC(N)=O)C(=O)NC3(C(=O)N4CCC(CCC#CC5=CC=CC6=C5CN(C5CCC(=O)NC5=O)C6=O)CC4)CCCCC3)N2C(=O)[C@@H](NC(=O)C2=CC3=CC(C(F)(F)P(=O)(O)O)=CC=C3S2)C1
CJNXAWUQEHJXFM,P01116,Q96SW2,0,0.26349422335624695,0,953.0889999999994,5.288300000000004,185.9,CCC1=CC=CC2=CC(O)=CC(C3=NC=C4C(N5CC6CCC(C5)N6)=NC(OC[C@@]56CCCN5[C@H](COC(=O)N5CCN(C7=CC=CC8=C7CN(C7CCC(=O)NC7=O)C8=O)CC5)CC6)=NC4=C3F)=C12
CKVSRIJZIQJZGE,Q07889,Q96SW2,0,0.1671474575996399,0,858.9629999999995,7.161920000000007,181.11,COC1=CC2=NC(C)=NC(N[C@H](C)C3=CC(N)=CC(C(F)(F)F)=C3)=C2C=C1OCC1(CN(C)C(=O)CCCCCCNC2=CC=CC3=C2CN(C2CCC(=O)NC2=O)C3=O)CC1
CKXFAVYWVQQDCA,P62942,Q96SW2,0,0.46968621015548706,0,933.1129999999994,4.518800000000006,244.71,CCC(C)(C)C(=O)C(=O)N1CCCC[C@H]1C(=O)O[C@H](CCC1=CC=C(OC)C(OC)=C1)C1=CC=CC(NC(=O)CCC(=O)NCCCCCCC(=O)N[C@@H](C)C(=O)N[C@H]2CCC(=O)NC2=O)=C1
CLMAGEKQBJFDQU,Q92793,Q96SW2,0,0.8470077514648438,1,875.9869999999996,5.314500000000004,189.02999999999997,CC(=O)N1CCC2=C(C1)C(C1=CC=CC3=CC(C4=CC=C(C(=O)N5CCC6(CC5)CC(NC5=CC=CC7=C5C(=O)N(C5CCC(=O)NC5=O)C7=O)C6)N=C4)=NC=C13)=NN2C1CCOCC1
CLOGPFCVCQLTFP,P01116,Q96SW2,0,0.01099992636591196,0,812.9029999999999,4.852300000000004,170.19,CCC1=CC=CC2=CC(O)=CC(C3=NC=C4C(N5CC6CCC(C5)N6)=NC(OCCN5CCC(C6=CC=C7C(=O)N(C8CCC(=O)NC8=O)C(=O)C7=C6)CC5)=NC4=C3F)=C12
CMAGYLGVBWUBOU,P01116,P40337,0,0.00350028439424932,0,1099.3879999999997,8.02482000000001,207.5,CCC1=CC=CC2=CC(O)=CC(C3=NC=C4C(N5C[C@@H]6CC[C@H](C5)N6)=NC(OC[C@@H]5CCCN5CCCCOCCC(=O)N[C@H](C(=O)N5C[C@H](O)C[C@H]5C(=O)N[C@@H](C)C5=CC=C(C6=C(C)N=CS6)C=C5)C(C)(C)C)=NC4=C3F)=C12
CMHZLXRKWLPGRA,P01116,Q96SW2,0,0.013839306309819221,0,911.0519999999996,4.506900000000003,176.66999999999996,CCC1=CC=CC2=CC(O)=CC(C3=NC=C4C(N5CC6CCC(C5)N6)=NC(OCCN5CCC(CN6CCN(C7=CC=C8C(=O)N(C9CCC(=O)NC9=O)C(=O)C8=C7)CC6)CC5)=NC4=C3F)=C12
CMXBIGSUZMPPRI,P03372,Q96SW2,0,0.8699324727058411,1,777.9219999999999,5.490000000000005,130.57,O=C1CCC(N2C(=O)C3=CC4=C(C=C3C2=O)CN(CC(=O)N2CCC3(CCN(C5=CC=C([C@@H]6C7=CC=C(O)C=C7CC[C@@H]6C6=CC=CC=C6)C=C5)CC3)C2)C4)C(=O)N1
CNOWYWLQWIORPN,P01116,Q96SW2,0,0.9260373115539551,1,1050.268999999999,6.390400000000007,156.57,C#CC1=C(F)C=CC2=CC(O)=CC(C3=CC=C4C(N5CC6CCC(C5)N6)=NC(OCCN5CCN(CC6CCN(CC7CCN(C8=CC=C9C(=C8)N(C)C(=O)N9C8CCC(=O)NC8=O)CC7)CC6)CC5(C)C)=NC4=C3F)=C12
COKARWVIPXUBBF,O60885,P40337,0,0.6478725075721741,1,1097.7619999999995,6.849400000000011,237.51999999999992,CC1=NOC([C@H](C(=O)N2C[C@H](O)C[C@H]2C(=O)N[C@@H](CC(=O)NCCOCCOCCOCCNC(=O)C[C@@H]2N=C(C3=CC=C(Cl)C=C3)C3=C(SC(C)=C3C)N3C(C)=NN=C23)C2=CC=C(C3=C(C)N=CS3)C=C2)C(C)C)=C1
CPUGPFMQNPPUFH,P51531,P40337,1,0.22674210369586945,0,819.0049999999998,4.568620000000003,203.03000000000003,CC1=C(C2=CC=C([C@H](C)NC(=O)[C@@H]3C[C@@H](O)CN3C(=O)[C@@H](NC(=O)C3=CC=CC(N4CCN(C5=CC(C6=CC=CC=C6O)=NN=C5N)CC4)=N3)C(C)(C)C)C=C2)SC=N1
CRBGTTZMTNBASJ,P01116,Q96SW2,0,0.1448357254266739,0,941.0089999999994,4.312100000000003,185.9,C#CC1=C(F)C=CC2=CC(O)=CC(C3=NC=C4C(N5CC6CCC(C5)N6)=NC(OC[C@@H]5CC[C@@H](COC(=O)N6CCN(C7=CC=CC8=C7CN(C7CCC(=O)NC7=O)C8=O)CC6)N5C)=NC4=C3F)=C12
CRMDRFIUPPEYQV,O60885,Q96SW2,0,0.2865181267261505,0,827.3640000000001,4.852760000000004,194.05,CC1=C(C)C2=C(S1)N1C(C)=NN=C1[C@H](CC(=O)NCCCCCCCCNC(=O)COC1=CC=CC3=C1C(=O)N(C1CC(=O)NC1=O)C3=O)N=C2C1=CC=C(Cl)C=C1
CSNPVEIUSQQSBW,P50750,Q96SW2,1,0.5231423377990723,1,917.896,6.378400000000005,213.61,O=C1CCC(N2C(=O)C3=CC=CC(OCCCCN4C=C(CCCCCCCCCCN5CCC(NC(=O)C6=C(NC(=O)C7=C(Cl)C=CC=C7Cl)C=N[NH]6)CC5)N=N4)=C3C2=O)C(=O)N1
CUHQSAFKNPVULS,P10275,Q96SW2,1,0.9498815536499023,1,728.816,5.703280000000006,109.22,N#CC1=CC=C(N2CCC(C3=CC=C(OCCCCN4CCN(C5=CC=C6C(=O)N(C7CCC(=O)NC7=O)CC6=C5)CC4)C=C3)CC2)C=C1C(F)(F)F
CVKQCCMWCAPLPB,P09874,Q96SW2,0,0.9994356632232666,1,896.0619999999996,4.098800000000003,191.56,NC(=O)C1=CC=CC2=CN(C3=CC=C([C@@H]4CCCN(C(=O)CC5CCN(C(=O)CC6CCN(CC7CN(C8=CC=C9C(=O)N(C%10CCC(=O)NC%10=O)C(=O)C9=C8)C7)CC6)CC5)C4)C=C3)N=C12
CVUVXYSJMLTDOZ,P03372,Q96SW2,0,0.7562845349311829,1,737.9010000000001,5.6939000000000055,113.5,O=C1CCC(N2C(=O)C3=CC=C(N4CCN(CC5CCN(C6=CC=C([C@@H]7C8=CC=C(O)C=C8CC[C@@H]7C7=CC=CC=C7)C=C6)CC5)CC4)C=C3C2=O)C(=O)N1
CWPYAQAUDZXPCR,P03372,Q96SW2,1,0.30774036049842834,0,820.003,5.870100000000006,122.73,O=C1CC[C@H](N2CC3=C(C=CC4=C3OCC43CCN(CC(=O)N4CCC5(CC4)CN(C4=CC=C([C@@H]6C7=CC=C(O)C=C7CC[C@@H]6C6=CC=CC=C6)C=C4)C5)CC3)C2=O)C(=O)N1
CXGNUIAJMASHEF,P01116,Q96SW2,0,0.12964007258415222,0,1041.192999999999,5.098900000000005,169.45999999999998,C#CC1=C(F)C=CC2=CC(O)=CC(C3=NC=C4C(N5CC6CCC(C5)N6)=NC(OCCN5CCC(F)(CN6CCN(CC7CCN(C8=CC=C9C(=C8)N(C)C(=O)N9C8CCC(=O)NC8=O)CC7)CC6)CC5)=NC4=C3F)=C12
CXJGNQXWKVPWMM,Q92793,Q96SW2,1,0.4306008815765381,0,862.9829999999994,5.164800000000005,149.22,CC(=O)N1CCC2=C(C1)C(N1CCCC3=CC(C4=CN(C)N=C4)=C(C(F)F)C=C31)=NN2[C@H]1CC[C@H](CN2CCN(C3=CC=C4C(=O)N(C5CCC(=O)NC5=O)C(=O)C4=C3)CC2)CC1
CXPSCYPEJFGWBU,P01116,Q96SW2,0,0.8840612173080444,1,1008.1879999999992,5.136700000000005,162.83999999999995,C#CC1=C(F)C=CC2=CC(O)=CC(C3=NC=C4C(N5CC6CCC(C5)N6)=NC(OCCN5CCC(CN6CCN(CC7CCN(C8=CC=C9C(=O)N(C%10CCC(=O)NC%10=O)CC9=C8)CC7)CC6)CC5)=NC4=C3F)=C12
CXVXDOPSPYRBNI,P03372,Q96SW2,0,0.9065766930580139,1,791.949,5.880100000000006,130.57,O=C1CCC(N2C(=O)C3=CC4=C(C=C3C2=O)CN(CC(=O)N2CCCC3(CCN(C5=CC=C([C@@H]6C7=CC=C(O)C=C7CC[C@@H]6C6=CC=CC=C6)C=C5)CC3)C2)C4)C(=O)N1
CYJFWNTWVNSCOX,P33981,Q96SW2,0,0.6070734858512878,1,805.8779999999998,3.1841000000000017,231.78999999999996,CC(C)S(=O)(=O)C1=CC=CC=C1NC1=NC(NC2=CC=C(N3CCN(CC(=O)NC4=CC=CC5=C4C(=O)N(C4CCC(=O)NC4=O)C5=O)CC3)C=C2)=NC2=C1N=C[NH]2
CYJKOWYZBRAJJB,P35968,P40337,0,0.09838471561670303,0,1143.307,8.094640000000007,239.88,CC1=CC=C(NC(=O)CN2C=C(C3=CC=C4C(NC(=O)C5=CC=C(N6CCN(C(=O)CCCCC(=O)N[C@H](C(=O)N7C[C@H](O)C[C@H]7C(=O)NCC7=CC=C(C8=C(C)N=CS8)C=C7)C(C)(C)C)CC6)C=C5)=N[NH]C4=C3)C=N2)C=C1C(F)(F)F
CYKIHYPQZUDKDD,P35968,P40337,0,0.5230687260627747,1,1242.44,8.699040000000007,268.98,CC1=CC=C(NC(=O)CN2C=C(C3=CC=C4C(NC(=O)C5=CC=C(NC(=O)CCCCC(=O)N6CCN(CCCCC(=O)N[C@H](C(=O)N7C[C@H](O)C[C@H]7C(=O)NCC7=CC=C(C8=C(C)N=CS8)C=C7)C(C)(C)C)CC6)C=C5)=N[NH]C4=C3)C=N2)C=C1C(F)(F)F
CZJSNFIBYLCJGN,O60885,Q96SW2,0,0.7388164401054382,1,831.443,7.330160000000007,150.68,CC1=C(C)C2=C(S1)N1C(C)=NN=C1[C@H](CC(=O)NCCCCCCNC1=CC=C(CC3=CC=C4C(=O)N(C5CCC(=O)NC5=O)CC4=C3)C=C1)N=C2C1=CC=C(Cl)C=C1
CZPJJHAGQOTYEJ,P51531,P40337,0,0.24416734278202057,0,803.99,4.986420000000004,177.01,CC1=C(C2=CC=C([C@H](C)NC(=O)[C@@H]3C[C@@H](O)CN3C(=O)[C@@H](NC(=O)C3=CC=NC(N4CCN(C5=CN=NC(C6=CC=CC=C6O)=C5)CC4)=C3)C(C)(C)C)C=C2)SC=N1
DBCBONGVJRKWGN,P03372,Q96SW2,0,0.851615309715271,1,751.928,6.084000000000006,113.5,O=C1CCC(N2C(=O)C3=CC=C(N4CCN(CCC5CCN(C6=CC=C([C@@H]7C8=CC=C(O)C=C8CC[C@@H]7C7=CC=CC=C7)C=C6)CC5)CC4)C=C3C2=O)C(=O)N1
DBLOHMVEVJIEPT,P01116,Q96SW2,0,0.884598433971405,1,997.1359999999994,6.124200000000006,159.59999999999997,C#CC1=C(F)C=CC2=CC(O)=CC(C3=NC=C4C(N5CC6CCC(C5)N6)=NC(OCCN5CCC6(CC5)CCN(CC5CCN(C7=CC=C8C(=O)N(C9CCC(=O)NC9=O)CC8=C7F)CC5)CC6)=NC4=C3F)=C12
DBZBSIABLAXYQF,P03372,Q96SW2,0,0.560573399066925,1,745.8520000000002,5.560700000000005,132.38,O=C1CCC(N2C(=O)C3=CN=C(N4CCN(CCCCCOC5=CC=C([C@@H]6C7=CC=C(O)C=C7CC[C@@H]6C6=CC=C(F)C=C6)C=C5)CC4)C=C3C2=O)C(=O)N1
DCQPFBPLVREYQW,Q92918,Q96SW2,1,0.9698352813720703,1,818.4269999999997,6.309400000000007,138.83,CCN1CCC(N2C=C(C3=C[NH]C4=NC=C(C5=CC=C(N6CCC(C)(CN7CCN(C(=O)C8=CC=C(Cl)C(N9CCC(=O)NC9=O)=C8)CC7)CC6)C=C5)N=C34)C=N2)CC1
DDGLFVWBLINNFM,P03372,Q96SW2,0,0.9621965289115906,1,719.8860000000001,7.1853000000000105,107.77,O=C1CCC(N2CC3=CC(C4=CN(CCC5CCN(C6=CC=C([C@@H]7C8=CC=C(O)C=C8CC[C@@H]7C7=CC=CC=C7)C=C6)CC5)N=C4)=CC=C3C2=O)C(=O)N1
DDWYIJVVFDEBAV,Q92793,Q96SW2,0,0.5097078680992126,1,808.8469999999998,4.480300000000003,175.07999999999998,CC(=O)N1CCC2=C(C1)C(N1CCCC3=CC(C4=CN(C)N=C4)=C(C(F)F)C=C31)=NN2C1CCN(C(=O)NC2=CC=CC3=C2C(=O)N(C2CCC(=O)NC2=O)C3=O)CC1
DEWYRSGQGYGJMX,P01116,Q96SW2,0,0.02415250428020954,0,1026.2469999999992,7.072400000000008,166.21999999999997,CCC1=C(F)C=CC2=CC(O)=CC(C3=NC=C4C(N5CC6CCC(C5)N6)=NC(OCCN5CCC(CC6CCN(CC7CCN(C8=CC=CC9=C8N(C)C(=O)N9C8CCC(=O)NC8=O)CC7)CC6)CC5)=NC4=C3F)=C12
DGDYTCIJBXSVPQ,Q06187,Q96SW2,1,0.5498949289321899,1,922.0159999999996,3.2153000000000027,224.41,C[C@H]1CN(C(=O)CNC2=CC=CC3=C2C(=O)N(C2CCC(=O)NC2=O)C3=O)CCN1C1=CC=C(NC2=CC(C3=CC=NC(N4CCN5C(=CC6=C5CC(C)(C)C6)C4=O)=C3CO)=CN(C)C2=O)N=C1
DGOOGLKGZDROBO,P03372,Q96SW2,1,0.4742105007171631,0,807.9919999999998,5.973800000000006,114.89,O=C1CC[C@H](N2CC3=C(C=CC4=C3OC[C@H]3CN(CC5COC6(CCN(C7=CC=C([C@@H]8C9=CC=C(O)C=C9CC[C@@H]8C8=CC=CC=C8)C=C7)CC6)C5)CCN43)C2=O)C(=O)N1
DGWYNZWAXVNGMI,P03372,Q96SW2,0,0.9889513254165649,1,745.8960000000002,5.989800000000007,105.66,CC1(C2=CC=C(OCCCCCN3CCN(C4=CC=C5C(=O)N(C6CCC(=O)NC6=O)CC5=C4)CC3)C=C2)C2=CC=C(O)C=C2CCN1C1=CC=C(F)C=C1
DGZUZPOSHUXXIO,Q06187,Q96SW2,1,0.9977978467941284,1,789.8979999999998,2.124700000000004,197.72,CN1CCN([C@@H]2CCCN(C3=CN=C(C(N)=O)C(NC4=CC=C(C5CN(C6CCN(C7=CC=C8C(=O)N([C@H]9CCC(=O)NC9=O)C(=O)C8=C7)CC6)C5)C=C4)=N3)C2)C1=O
DIGOHPGGTBWICF,Q92793,Q96SW2,1,0.9188401103019714,1,844.9199999999994,5.057100000000005,148.47,CC(=O)N1CCC2=C(C1)C(N1CCCC3=CC(C4=CC=CC=C4)=C(C(F)F)C=C31)=NN2C1CCN(C(=O)CN2CC3=CC4=C(C=C3C2)C(=O)N(C2CCC(=O)NC2=O)C4=O)CC1
DISVDHINNIWQNG,Q92918,Q96SW2,0,0.9998824596405029,1,805.3839999999996,6.535100000000007,144.82,CCN1CCC(N2C=C(C3=C[NH]C4=NC=C(C5=CC=C(N6CCC(OC7CCN(C(=O)C8=CC=C(Cl)C(N9CCC(=O)NC9=O)=C8)CC7)CC6)C=C5)N=C34)C=N2)CC1
DJUXJFYQMGQWDV,P01116,Q96SW2,0,0.04297768697142601,0,1054.300999999999,8.11630000000001,166.21999999999997,CCC1=C(F)C=CC2=CC(O)=CC(C3=NC=C4C(N5CC6CCC(C5)N6)=NC(OCCN5CCC(CC6CCN(CC7CCN(C8=CC=C9C(=C8)N(C(C)C)C(=O)N9C8CCC(=O)NC8=O)CC7)CC6)CC5)=NC4=C3F)=C12
DKOUFZGFKKHOHN,Q92918,Q96SW2,0,0.10532951354980469,0,807.9559999999999,5.132020000000004,155.14999999999998,CC1=CC(C2=C[NH]C3=NC=C(C4=CC=C(N5CCN(CCC6CCN(C7=CC=C8C(=O)N(C9CCC(=O)NC9=O)C(=O)C8=C7)CC6)CC5)C=C4)N=C23)=CC=C1C(=O)N(C)C
DKWMHDBRVHNYTN,Q08881,Q96SW2,0,0.6487299799919128,1,896.0149999999995,3.3910000000000062,228.41000000000005,CN(CCOCCOCCOCCOCC(=O)NC1=CC=C2C(=O)N(C3CCC(=O)NC3=O)C(=O)C2=C1)CC[C@@H](C1=CC=CC=C1)N1C=C(NC(=O)C2=N[NH]C3=C2CCC(C)(C)C3)C=N1
DLOJSADPWFQRKI,P03372,Q96SW2,0,0.916069746017456,1,748.8710000000001,6.631600000000009,102.42000000000002,O=C1CCC(N2CC3=CC(N4CCN(CCCC(F)(F)COC5=CC=C([C@@H]6C7=CC=C(O)C=C7CC[C@@H]6C6=CC=CC=C6)C=C5)CC4)=CC=C3C2=O)C(=O)N1
DLPOGGWVBFQJJL,O60885,P40337,0,0.46686312556266785,0,1202.439,6.100860000000013,257.85,COCC(COC)N1C(C2=CN(C)C(=O)C(C)=C2)=NC2=CC(C3CCN(C(=O)COCCOCCOCCNC(=O)C[C@H](NC(=O)[C@H]4C[C@@H](S(=O)(=O)F)CN4C(=O)[C@@H](C4=CC(C)=NO4)C(C)C)C4=CC=C(C5=C(C)N=CS5)C=C4)CC3)=CC=C21
DMAHZRHMTGCTBW,P01116,Q96SW2,0,0.7941639423370361,1,1004.1999999999992,5.716100000000005,142.61,C#CC1=C(F)C=CC2=CC=CC(C3=NC=C4C(N5CC6CCC(C5)N6)=NC(OC[C@]56CCCN5[C@H](CN5CCN(CC7CCN(C8=CC=C9C(=O)N(C%10CCC(=O)NC%10=O)CC9=C8)CC7)CC5)CC6)=NC4=C3F)=C12
DNFZZBXTXFSJCR,Q06187,Q96SW2,1,0.9997754096984863,1,789.8979999999998,2.124700000000004,197.72,CN1CCN([C@@H]2CCCN(C3=CN=C(C(N)=O)C(NC4=CC=C(C5CCN(C6CN(C7=CC=C8C(=O)N([C@H]9CCC(=O)NC9=O)C(=O)C8=C7)C6)CC5)C=C4)=N3)C2)C1=O
DNUGNVSIOQHXBQ,P01116,Q96SW2,0,0.030334001407027245,0,937.1339999999992,5.646900000000006,159.59999999999997,CCC1=CC=CC2=CC(O)=CC(C3=NC=C4C(N5CC6CCC(C5)N6)=NC(OCCN5CCC(CN6CC7(CCN(C8=CC=C9C(=O)N(C%10CCC(=O)NC%10=O)CC9=C8)CC7)C6)CC5)=NC4=C3F)=C12
DNYOJYXHYCVJKW,P10275,Q96SW2,1,0.9044216871261597,1,774.3219999999999,4.9777800000000045,137.37,N#CC1=CC=C(N2CCC3(CCN(C4=CC=C(C(=O)N5CCC(CN6CC7=CC8=C(C=C7C6)C(=O)N(C6CCC(=O)NC6=O)C8=O)CC5)C=C4)CC3)C2)C=C1Cl
DOLDIZFTOSRBOK,Q06187,Q96SW2,0,0.9793615937232971,1,748.8449999999999,2.436100000000001,194.48,CN1CCN([C@@H]2CCCN(C3=CN=C(C(N)=O)C(NC4=CC=C(C5CCN(CC6=CC=C7C(=O)N([C@@H]8CCC(=O)NC8=O)C(=O)C7=C6)CC5)C=C4)=N3)C2)C1=O
DOMKEVZKZDAYBX,P51531,P40337,1,0.3715616762638092,0,850.1030000000001,7.217720000000008,201.48,CC1=C(C2=CC=C([C@H](C)NC(=O)[C@@H]3C[C@@H](O)CN3C(=O)[C@@H](NC(=O)CCCCCCCCCN3C=C(C4=CC(C5=CC=CC=C5O)=NN=C4N)C=N3)C(C)(C)C)C=C2)SC=N1
DOTFKJRFGSCEDL,Q9NWZ3,Q96SW2,0,0.059174008667469025,0,755.7340000000002,2.5689,188.7,CN1C(=O)N(C2CCC(=O)NC2=O)C2=CC=CC(CCCOCCN3C=C(NC(=O)C4=C5N=C(N6C[C@H](N)CC(F)(F)C6)C=CN5N=C4)C(C(F)F)=N3)=C21
DPAZRRGSBQCZSC,P03372,Q96SW2,0,0.9725387096405029,1,783.9450000000002,5.819600000000006,105.66,O=C1CCC(N2CC3=C(C=CC(N4CCN(C5CC6(C5)CN(CCOC5=CC=C([C@@H]7C8=CC=C(O)C=C8CC[C@@H]7C7=CC=CC=C7)C=C5)C6)CC4)=C3F)C2=O)C(=O)N1
DPIXGXIUWQFJEU,P01116,Q96SW2,0,0.012098650448024273,0,1010.1849999999991,4.207700000000004,189.14,CCC1=CC=CC2=CC(O)=CC(C3=NC=C4C(N5CC6CCC(C5)N6)=NC(OCCN5CCOC(CN6CCN(CC7CCN(C8=CC=C9C(=O)N(C%10CCC(=O)NC%10=O)C(=O)C9=C8)CC7)CC6)C5)=NC4=C3F)=C12
DPTJZVQTTIPIPR,O60885,Q96SW2,1,0.24755240976810455,0,813.4250000000001,5.685460000000004,176.53999999999996,CC1=C(C)C2=C(S1)N1C(C)=NN=C1[C@H](CC(=O)NCCCCCCCCC(=O)N[C@@H](CC1=CC=CC=C1)C(=O)N[C@H]1CCC(=O)NC1=O)N=C2C1=CC=C(Cl)C=C1
DQEMJFSABASELK,P10275,Q96SW2,1,0.7198619842529297,1,742.7990000000001,5.343480000000005,126.29,N#CC1=CC=C(N2CCC(C3=CC=C(OCCCCN4CCN(C5=CC=C6C(=O)N(C7CCC(=O)NC7=O)C(=O)C6=C5)CC4)C=C3)CC2)C=C1C(F)(F)F
DQGNINFYAAEZKL,O60885,Q96SW2,0,0.49846091866493225,0,753.329,4.9464600000000045,141.89,CC1=C(C)C2=C(S1)N1C(C)=NN=C1[C@H](CC(=O)NCCN1CCC(C3=CC=C4C(=O)N(C5CCC(=O)NC5=O)CC4=C3)CC1)N=C2C1=CC=C(Cl)C=C1
DQMBTKIEXZWZMS,P09874,Q96SW2,0,0.999420702457428,1,770.8909999999997,3.470100000000002,171.25,NC(=O)C1=CC=CC2=CN(C3=CC=C([C@@H]4CCCN(C(=O)CC5CCN(CC6CN(C7=CC=C8C(=O)N(C9CCC(=O)NC9=O)C(=O)C8=C7)C6)CC5)C4)C=C3)N=C12
DQQMOQXMKRXELC,P50750,Q96SW2,1,0.3013360798358917,0,703.8480000000001,3.528000000000003,144.27999999999997,CCCC1=NC2=CC=NN2C(N[C@@H]2CC[C@@H](NC(=O)C3=CC=C(CN4CCN(C5=CC=C6C(=O)N(C7CCC(=O)NC7=O)CC6=C5)CC4)C=C3)C2)=C1
DRTSZGVKXLJNNH,P01116,P40337,0,0.004066597670316696,0,1085.3609999999996,7.63472000000001,207.5,CCC1=CC=CC2=CC(O)=CC(C3=NC=C4C(N5C[C@@H]6CC[C@H](C5)N6)=NC(OC[C@@H]5CCCN5CCCOCCC(=O)N[C@H](C(=O)N5C[C@H](O)C[C@H]5C(=O)N[C@@H](C)C5=CC=C(C6=C(C)N=CS6)C=C5)C(C)(C)C)=NC4=C3F)=C12
DRYYXCWLEXLNTB,P01116,Q96SW2,0,0.4687364399433136,0,1040.2049999999992,7.038200000000008,166.21999999999997,C#CC1=C(F)C=CC2=CC(O)=CC(C3=NC=C4C(N5CC6CCC(C5)N6)=NC(OCCN5CCC6(CC5)CCN(CC5CCN(C7=CC=C8C(=C7F)N(C(C)C)C(=O)N8C7CCC(=O)NC7=O)CC5)CC6)=NC4=C3F)=C12
DUEGKYWYMGQGDW,Q9NWZ3,Q96SW2,1,0.04001564159989357,0,744.7650000000001,2.2408,196.23,COC1=CC(N2CCN(C(=O)CCOCC#CC3=CC=C4C(=O)N(C5CCC(=O)NC5=O)C(=O)C4=C3)CC2)=CC=C1NC(=O)C1=CC=CC(C2=CC=N[NH]2)=N1
DUKQQJLHIWJHMV,P51531,P40337,1,0.7781386375427246,1,889.096,6.739140000000009,227.51,CC1=NOC([C@@H](C(=O)N2C[C@H](O)C[C@H]2C(=O)N[C@@H](CC(=O)NCCCCCCCN2C=C(C3=CC(C4=CC=CC=C4O)=NN=C3N)C=N2)C2=CC=C(C3=C(C)N=CS3)C=C2)C(C)C)=C1
DUKYNDYQMHGOSD,P03372,Q96SW2,0,0.9364365935325623,1,698.864,5.996300000000006,102.42000000000002,O=C1CCC(N2CC3=CC(N4CCN(CCCCOC5=CC=C([C@@H]6C7=CC=C(O)C=C7CC[C@@H]6C6=CC=CC=C6)C=C5)CC4)=CC=C3C2=O)C(=O)N1
DUPGTSRNDUFWBT,P51531,P40337,1,0.5337257981300354,1,1022.0989999999996,8.923820000000005,154.17000000000002,CC1=C(C2=CC=C([C@H](CCCN3CCC(C4=CC=C5C(=C4)N(C4CCCC4)C4=NC(=O)C6=C(Br)C=CC=C6N54)CC3)NC(=O)[C@@H]3C[C@@H](O)CN3C(=O)[C@@H](NC(=O)C3(F)CC3)C(C)(C)C)C=C2)SC=N1
DVJGBZOCDDYJLY,P10275,Q96SW2,1,0.9952659010887146,1,788.3489999999998,4.815180000000003,137.37,N#CC1=CC=C(N2CCC3(CCN(C4=CC=C(C(=O)N5CCC(N6CCC7=CC8=C(C=C7CC6)C(=O)N(C6CCC(=O)NC6=O)C8=O)CC5)C=C4)CC3)C2)C=C1Cl
DVPXXSLKFPXCBU,P03372,Q96SW2,0,0.8408275246620178,1,724.9060000000001,5.495000000000005,118.11,O=C1CCC(N2CC3=NC(N4CCC(NCC5CCN(C6=CC=C([C@@H]7C8=CC=C(O)C=C8CC[C@@H]7C7=CC=CC=C7)C=C6)CC5)C4)=CC=C3C2=O)C(=O)N1
DWEHMBLINDIOGQ,P11802,Q96SW2,0,0.4009075462818146,0,778.8709999999998,2.7137,193.22,O=C1CCC(N2C(=O)C3=CC=CC(NCCOCCOCCN4CCN(C5=CC=C(NC6=NC=C7N=CC(=O)N(C8CCCC8)C7=N6)C=C5)CC4)=C3C2=O)C(=O)N1
DXWNLVKIDXFRLV,Q06187,Q96SW2,1,0.9242314100265503,1,972.5189999999996,7.423000000000007,199.03,O=C1CCC(N2C(=O)C3=CC(F)=C(N4CCC(CCN5CCC(CC(=O)N[C@H]6CC[C@@H](NC7=NC=NC8=C7C(C(=O)C7=CC=C(OC9=CC=CC=C9)C=C7Cl)=C[NH]8)CC6)CC5)CC4)C=C3C2=O)C(=O)N1
DYJMBAGARLOCGL,P03372,Q96SW2,0,0.7856118679046631,1,735.841,4.319700000000004,130.57,O=C1CCC(N2C(=O)C3=CC4=C(C=C3C2=O)CN(CC(=O)N2CC3(C2)CN(C2=CC=C([C@@H]5C6=CC=C(O)C=C6CC[C@@H]5C5=CC=CC=C5)C=C2)C3)C4)C(=O)N1
DYTNKDWEMQWVKR,Q92793,Q96SW2,1,0.7785153388977051,1,860.9669999999994,4.917200000000005,149.22,CC(=O)N1CCC2=C(C1)C(N1CCCC3=CC(C4=CN(C)N=C4)=C(C(F)F)C=C31)=NN2C1CCN(C2CC3(C2)CN(C2=CC=C4C(=O)N(C5CCC(=O)NC5=O)C(=O)C4=C2)C3)CC1
DYVUTXZANNTVBU,P03372,Q96SW2,0,0.7525875568389893,1,738.933,4.959300000000005,99.67000000000002,O=C1CCC(N2CC3=CC(N4CCN(CCN5CCN(C6=CC=C([C@@H]7C8=CC=C(O)C=C8CC[C@@H]7C7=CC=CC=C7)C=C6)CC5)CC4)=CC=C3C2=O)C(=O)N1
DZBLWYQPZXUQGG,O60885,Q96SW2,0,0.2604314982891083,0,785.283,3.6824600000000016,194.05,CC1=C(C)C2=C(S1)N1C(C)=NN=C1[C@H](CC(=O)NCC(=O)NCCCCOC1=CC=CC3=C1C(=O)N(C1CCC(=O)NC1=O)C3=O)N=C2C1=CC=C(Cl)C=C1
DZIBQWKAJPUJCB,Q92918,Q96SW2,0,0.8747575283050537,1,743.2189999999996,6.537100000000006,145.24,O=C1CCN(C2=CC(C(=O)N3CCC(CC4CCN(C5=CC=C(C6=CN=C7[NH]C=C(C8=CN(C(F)F)N=C8)C7=N6)C=N5)CC4)CC3)=CC=C2Cl)C(=O)N1
DZJCTNGKFRUZQI,P50750,Q96SW2,0,0.1093139797449112,0,879.7989999999999,4.796900000000003,229.07,O=C(COC1=CC=CC2=C1C(=O)N(C1CCC(=O)NC1=O)C2=O)NCCCCCCCCCCC(=O)N1CCC(NC(=O)C2=N[NH]C=C2NC(=O)C2=C(Cl)C=CC=C2Cl)CC1
DZMRIRHUWOIDDQ,P01116,P40337,0,0.0048202453181147575,0,1055.3349999999998,8.00822000000001,198.27,CCC1=CC=CC2=CC(O)=CC(C3=NC=C4C(N5C[C@@H]6CC[C@H](C5)N6)=NC(OC[C@@H]5CCCN5CCCCC(=O)N[C@H](C(=O)N5C[C@H](O)C[C@H]5C(=O)N[C@@H](C)C5=CC=C(C6=C(C)N=CS6)C=C5)C(C)(C)C)=NC4=C3F)=C12
FADLBLJUEXIYQO,P33981,Q96SW2,0,0.8311588764190674,1,807.8689999999997,2.562800000000002,233.18000000000004,O=C1CCC(N2C(=O)C3=CC=CC(NC(=O)COCCOCC(=O)N4CCN(C5=CC=C(NC6=NC(NC7CCCCC7)=C7N=C[NH]C7=N6)C=C5)CC4)=C3C2=O)C(=O)N1
FAEKXLSKLVRFEC,P62942,Q96SW2,1,0.5520712733268738,1,961.1669999999992,5.154900000000007,244.71,CCC(C)(C)C(=O)C(=O)N1CCCC[C@H]1C(=O)O[C@H](CCC1=CC=C(OC)C(OC)=C1)C1=CC=CC(NC(=O)CCC(=O)NCCCCCCC(=O)N[C@@H](CC(C)C)C(=O)N[C@H]2CC(=O)NC2=O)=C1
FCQXHLPMLGYZHN,Q06187,Q96SW2,1,0.9984408020973206,1,791.9139999999999,2.738100000000004,206.51,CN1CCN([C@@H]2CCCN(C3=CN=C(C(N)=O)C(NC4=CC=C(C5CCN(CCCNC6=CC=CC7=C6C(=O)N([C@@H]6CCC(=O)NC6=O)C7=O)CC5)C=C4)=N3)C2)C1=O
FCQYWOVXHUEFAG,Q06187,Q96SW2,1,0.9168860912322998,1,865.9959999999996,3.966700000000002,192.43,NC1=NC=NC2=C1C(C1=CC=C(OC3=CC=CC=C3)C=C1)=NN2C1CCN(C(=O)CN2CCN(CC3CCN(C4=CC=CC5=C4C(=O)N(C4CCC(=O)NC4=O)C5=O)CC3)CC2)CC1
FFAXWQXTTRSZBR,P01116,Q96SW2,0,0.990715503692627,1,1039.2169999999992,7.235400000000007,153.32999999999998,C#CC1=C(F)C=CC2=CC(O)=CC(C3=CC=C4C(N5CC6CCC(C5)N6)=NC(OCCN5CCC(CC6CCN(CC7CCN(C8=CC=C9C(=C8F)N(C)C(=O)N9C8CCC(=O)NC8=O)CC7)CC6)CC5)=NC4=C3F)=C12
FFVZSGOBJSJVLW,Q07889,P40337,0,0.06004111096262932,0,872.9459999999996,6.831020000000006,198.18,COC1=CC2=NC(C)=NC(N[C@H](C)C3=CC(N)=CC(C(F)(F)F)=C3)=C2C=C1O[C@H]1CCN(C(=O)CCCCCCCC(=O)NC2=CC=CC3=C2CN(C2CCC(=O)NC2=O)C3=O)C1
FHFUBRLTXZVOQX,Q9BY41,Q96SW2,1,0.20010817050933838,0,576.7420000000003,3.2142000000000017,131.67,CCCCCCNNC(=O)C1=CC=C(CNC(=O)CN2CCC(C3=CC=C(NC4CCC(=O)NC4=O)C=C3)CC2)C=C1
FHKJSQYVZHOMIZ,Q92918,Q96SW2,0,0.15133486688137054,0,793.9289999999999,4.741920000000003,155.14999999999998,CC1=CC(C2=C[NH]C3=NC=C(C4=CC=C(N5CCN(CC6CCN(C7=CC=C8C(=O)N(C9CCC(=O)NC9=O)C(=O)C8=C7)CC6)CC5)C=C4)N=C23)=CC=C1C(=O)N(C)C
FHKOVLSBVWFFKN,P03372,Q96SW2,1,0.755893886089325,1,835.0179999999998,5.417200000000005,125.97,O=C1CC[C@H](N2CC3=C(C=CC4=C3OC[C@H]3CN(CC(=O)N5CCC6(CCN(C7=CC=C([C@@H]8C9=CC=C(O)C=C9CC[C@@H]8C8=CC=CC=C8)C=C7)CC6)C5)CCN43)C2=O)C(=O)N1
FHWJSCBNRQSVKG,P03372,Q96SW2,1,0.562947690486908,1,768.9110000000001,6.064100000000007,128.72,O=C1CC[C@H](N2CC3=C(C=CC4=C3OC[C@H]3CN(C(=O)CCCCCOC5=CC=C([C@@H]6C7=CC=C(O)C=C7CC[C@@H]6C6=CC=CC=C6)C=C5)CCN43)C2=O)C(=O)N1
FJPUZJRXDULWLZ,Q92918,Q96SW2,0,0.9999542832374573,1,819.4109999999995,6.843520000000008,144.82,CCN1CCC(N2C=C(C3=C[NH]C4=NC=C(C5=CC=C(N6CCC(OC7CCN(C(=O)C8=CC=C(Cl)C(N9CCC(=O)NC9=O)=C8)CC7)CC6)C(C)=C5)N=C34)C=N2)CC1
FJYJJKVJGBDHHG,P03372,Q96SW2,0,0.971367359161377,1,747.8960000000001,6.311300000000007,115.31,O=C1CCC(N2CC3=CC(N4CCN(CC5=CC=C(COC6=CC=C([C@@H]7C8=CC=C(O)C=C8CC[C@@H]7C7=CC=CC=C7)C=C6)C=N5)CC4)=CC=C3C2=O)C(=O)N1
FKQOKRKMDMWDTM,Q92918,Q96SW2,0,0.9968128800392151,1,818.4269999999996,7.188900000000007,148.48000000000002,CCN1CCC(N2C=C(C3=C[NH]C4=NC=C(C5=CC=C(N6CCC(CC7CCCN(C(=O)C8=CC=C(Cl)C(N9CCC(=O)NC9=O)=C8)CC7)CC6)N=C5)N=C34)C=N2)CC1
FLBHHDGUOVAFMU,P10275,Q96SW2,1,0.4017670750617981,0,783.8959999999997,5.7692800000000055,112.46,COC1=CC(N2CCN(CC3CCN(C4=CC=C(C5CCN(C6=CC=C(C#N)C(C(F)(F)F)=C6)CC5)C=C4)CC3)CC2)=CC2=C1C(=O)N(C1CCC(=O)NC1=O)C2
FMGIOMVADBAONN,Q06187,Q96SW2,1,0.9969645142555237,1,818.9399999999997,2.1574000000000018,210.61,CN1CCN([C@@H]2CCCN(C3=CN=C(C(N)=O)C(NC4=CC=C(C5CCN(C[C@H]6CCN(C7=CC=C8C(=O)N([C@@H]9CCC(=O)NC9=O)C(=O)C8=C7)C6)CC5)N=C4)=N3)C2)C1=O
FMWLMMJZHGPJKO,P01116,Q96SW2,0,0.01969779282808304,0,1017.1669999999992,6.081000000000007,168.82999999999998,CCC1=C(F)C=CC2=CC(O)=CC(C3=NC=C4C(N5CC6CCC(C5)N6)=NC(OC[C@@H]5C[C@@H](OC6CCN(CC7CCN(C8=CC=C9C(=O)N(C%10CCC(=O)NC%10=O)CC9=C8F)CC7)CC6)CN5C)=NC4=C3F)=C12
FNJHTSPTDABDEU,P10275,P40337,0,0.13618339598178864,0,1112.2819999999997,9.463720000000002,204.9,CC1=NOC([C@H](C(=O)N2C[C@H](S(=O)(=O)F)C[C@@H]2C(=O)N[C@@H](CC(=O)N2CCC(C#CC3=CC=C(C(=O)N[C@H]4C(C)(C)[C@H](OC5=CC=C(C#N)C(C(F)(F)F)=C5)C4(C)C)C=C3)CC2)C2=CC=C(C3=C(C)N=CS3)C=C2)C(C)C)=C1
FNQIHJLUXRFLHT,O60885,Q96SW2,1,0.28571391105651855,0,723.3000000000002,4.072560000000002,176.53999999999996,CC1=C(C)C2=C(S1)N1C(C)=NN=C1[C@H](CC(=O)NCCCCCCCCC(=O)N[C@@H](C)C(=O)N[C@H]1CC(=O)NC1=O)N=C2C1=CC=C(Cl)C=C1
FOTJPEPDXXOTQF,O60885,Q96SW2,1,0.6370887756347656,1,781.383,5.726660000000005,141.89,CC1=C(C)C2=C(S1)N1C(C)=NN=C1[C@H](CC(=O)NCCCCN1CCC(C3=CC=C4C(=O)N(C5CCC(=O)NC5=O)CC4=C3)CC1)N=C2C1=CC=C(Cl)C=C1
FPHGKABLQJCHEB,Q92918,Q96SW2,0,0.09970688819885254,0,738.8929999999999,5.152120000000004,143.63000000000002,CC1=CC(C2=C[NH]C3=NC=C(C4=CC=C(C5CCN(C6CN(C(=O)CC7=CC=C(NC8CCC(=O)NC8=O)C=C7)C6)CC5)C=C4)N=C23)=CC=C1C(=O)N(C)C
FPVWCOYFTMTBJA,Q92918,Q96SW2,1,0.3159491717815399,0,778.9139999999999,5.409220000000004,151.91000000000005,CC1=CC(C2=C[NH]C3=NC=C(C4=CC=C(C5CCN(CC6CCN(C7=CC=C8C(=O)N(C9CCC(=O)NC9=O)C(=O)C8=C7)C6)CC5)C=C4)N=C23)=CC=C1C(=O)N(C)C
FQAXUEQNJLYPKH,P01116,Q96SW2,0,0.9852679371833801,1,1013.5909999999992,6.638500000000008,159.59999999999997,C#CC1=C(F)C=CC2=CC(O)=CC(C3=NC=C4C(N5CC6CCC(C5)N6)=NC(OCCN5CCC6(CC5)CCN(CC5CCN(C7=CC=C8C(=O)N(C9CCC(=O)NC9=O)CC8=C7Cl)CC5)CC6)=NC4=C3F)=C12
FQLCLMHMOFLVSV,Q9UBN7,Q96SW2,1,0.23514853417873383,0,734.8070000000004,2.7478000000000025,229.41,O=C(CCCCCCNC(=O)C1=CC=C(NC(=O)CCCCCCCNC(=O)COC2=CC=CC3=C2C(=O)N(C2CCC(=O)NC2=O)C3=O)C=C1)NO
FRAWOGGHQRLUBB,Q9H8M2,Q96SW2,1,0.9335776567459106,1,841.9659999999997,4.657400000000004,163.68999999999997,COC1=CC(C2=CN(C)C(=O)C3=CN=C(N4CCC4)C=C23)=CC(OC)=C1C(=O)N1CCC2(CCC(CN3CC4=CC5=C(C=C4C3)C(=O)N(C3CCC(=O)NC3=O)C5=O)CC2)CC1
FREVVLLMNHHIMW,P03372,Q96SW2,1,0.5244505405426025,1,791.9929999999999,6.594900000000007,105.66,O=C1CC[C@H](N2CC3=C(C=CC4=C3OC[C@H]3CN(CC5CC6(CCN(C7=CC=C([C@@H]8C9=CC=C(O)C=C9CC[C@@H]8C8=CC=CC=C8)C=C7)CC6)C5)CCN43)C2=O)C(=O)N1
FRGPLXSNBSBCPG,P03372,Q96SW2,0,0.8079615831375122,1,769.987,6.974100000000007,105.66,CC(C)C1=CC=C(N2CCC3=CC(O)=CC=C3C2(C)C2=CC=C(OCCCCCN3CCN(C4=CC=C5C(=O)N(C6CCC(=O)NC6=O)CC5=C4)CC3)C=C2)C=C1
FSIRXDSTGGZBHJ,P03372,Q96SW2,0,0.7173304557800293,1,738.933,5.838800000000005,109.32,O=C1CCC(N2CC3=NC(N4CCN(CCC5CCN(C6=CC=C([C@@H]7C8=CC=C(O)C=C8CC[C@@H]7C7=CC=CC=C7)C=C6)CC5)CC4)=CC=C3C2=O)C(=O)N1
FSLLSOCBDRILHS,P06239,Q96SW2,1,0.8908225297927856,1,882.5359999999994,5.682440000000005,159.23999999999995,CC1=NC(NC2=NC=C(C(=O)NC3=C(C)C=CC=C3Cl)S2)=CC(N2CCN(CCCC(=O)N3CCC(CN4CCN(C5=CC=C(C6CCC(=O)NC6=O)C=C5)CC4)CC3)CC2)=N1
FSXKBPXCHIQNHV,P01116,Q96SW2,0,0.051121052354574203,0,1026.2469999999992,7.072400000000008,166.21999999999997,CCC1=C(F)C=CC2=CC(O)=CC(C3=NC=C4C(N5CC6CCC(C5)N6)=NC(OCCN5CCC(CC6CCN(CC7CCN(C8=CC=C9C(=C8)N(C)C(=O)N9C8CCC(=O)NC8=O)CC7)CC6)CC5)=NC4=C3F)=C12
FTJXONGELSWLLE,P03372,Q96SW2,0,0.8776558041572571,1,764.8830000000002,5.798400000000005,137.43,O=C1CCC(N2CC3=CC(OC4=CN=C(N5CCN(CCOC6=CC=C([C@@H]7C8=CC=C(O)C=C8CC[C@@H]7C7=CC=CC=C7)C=C6)CC5)N=C4)=CC=C3C2=O)C(=O)N1
FTLFVUZDLOWJLU,P10275,Q96SW2,0,0.9999866485595703,1,804.3479999999998,4.481180000000004,157.6,C[C@H]1CC2(CCN(C3=CC=C(C(=O)N4CCC(O)(CN5CC6=CC7=C(C=C6C5)C(=O)N(C5CCC(=O)NC5=O)C7=O)CC4)C=C3)CC2)CN1C1=CC=C(C#N)C(Cl)=C1
FTNHSXYOMCZKKS,P03372,Q96SW2,0,0.9922067523002625,1,778.8660000000002,5.4386000000000045,154.5,O=C1CCC(N2C(=O)C3=CC=C(OC4=CN=C(N5CCN(CCOC6=CC=C([C@@H]7C8=CC=C(O)C=C8CC[C@@H]7C7=CC=CC=C7)C=C6)CC5)N=C4)C=C3C2=O)C(=O)N1
FUTHCLUTRFIAKK,Q07889,Q96SW2,1,0.1623779833316803,0,969.1229999999994,7.088300000000007,188.33,COC1=CC=C(C(=O)N2CCC3(CCC(CN4CCN(C(=O)[C@H]5CC[C@H](C6=CC7=C(N[C@H](C)C8=CC(N)=CC(C(F)(F)F)=C8)N=CN=C7N(C)C6=O)CC5)CC4)CC3)CC2)C=C1N1CCC(=O)NC1=O
FVLYVMPYPNMLBF,Q06187,Q96SW2,1,0.8194887042045593,1,1024.1489999999992,3.638600000000004,242.87,C[C@H]1CN(C(=O)CCOCCOCCNC2=CC=CC3=C2C(=O)N(C2CCC(=O)NC2=O)C3=O)CCN1C1=CC=C(NC2=CC(C3=CC=NC(N4CCN5C(=CC6=C5CC(C)(C)C6)C4=O)=C3CO)=CN(C)C2=O)N=C1
FVYDZXSZKLYSRY,P00533,Q96SW2,0,0.13703520596027374,0,869.8620000000001,3.867200000000002,219.33,C=CC(=O)NC1=CC=CC(NC2=NC(NC3=CC=C(N4CCN(CC(=O)NCCNC5=CC=CC6=C5C(=O)N(C5CCC(=O)NC5=O)C6=O)CC4)C=C3OC)=NC=C2C(F)(F)F)=C1
FWMASPIIIQBKGD,Q92793,Q96SW2,0,0.5280930995941162,1,848.9119999999995,3.790600000000003,166.29,CC(=O)N1CCC2=C(C1)C(N1CCCC3=CC(C4=CN(C)N=C4)=C(C(F)F)C=C31)=NN2C1CCN(CC(=O)N2CC3=CC4=C(C=C3C2)C(=O)N(C2CCC(=O)NC2=O)C4=O)CC1
FWUIPQXDUCXABU,P24941,Q96SW2,0,0.16768912971019745,0,804.7359999999998,3.5551000000000013,180.15,O=C1CCC(N2C(=O)C3=CC=C(N4CCC(CN5CCC(N6CCC(NC(=O)C7=N[NH]C=C7NC(=O)C7=C(Cl)C=CC=C7Cl)CC6)CC5)C4)C=C3C2=O)C(=O)N1
FXGAVYWCFCECNW,P09874,Q96SW2,0,0.8634791374206543,1,910.0889999999996,4.488900000000004,191.56,NC(=O)C1=CC=CC2=CN(C3=CC=C([C@@H]4CCCN(C(=O)CC5CCN(C(=O)CC6CCN(CC7CCN(C8=CC=C9C(=O)N(C%10CCC(=O)NC%10=O)C(=O)C9=C8)C7)CC6)CC5)C4)C=C3)N=C12
FXHSLFPHSQGRHN,Q08881,Q96SW2,1,0.8685756921768188,1,846.0459999999998,6.835500000000007,191.49,CN(CCCCCCCCCCC(=O)NC1=CC=C2C(=O)N(C3CCC(=O)NC3=O)C(=O)C2=C1)CC[C@@H](C1=CC=CC=C1)N1C=C(NC(=O)C2=N[NH]C3=C2CCC(C)(C)C3)C=N1
FXNWDJMYILNTOQ,Q06187,Q96SW2,1,0.8795477151870728,1,803.9249999999997,2.3312000000000035,197.72,CN1CCN([C@@H]2CCCN(C3=CN=C(C(N)=O)C(NC4=CC=C5CN(CC6CCN(C7=CC=C8C(=O)N([C@@H]9CCC(=O)NC9=O)C(=O)C8=C7)CC6)CCC5=C4)=N3)C2)C1=O
FYKDAWGISLGSMC,P36888,Q96SW2,0,0.18823537230491638,0,908.0739999999996,3.667700000000004,233.75999999999996,CCC1=NC(C(N)=O)=C(NC2=CC=C(N3CCC(N4CCN(C(=O)CCCCCNC5=CC=CC6=C5C(=O)N(C5CCC(=O)NC5=O)C6=O)CC4)CC3)C(OC)=C2)N=C1NC1CCOCC1
FYZURCIGJWTNQB,Q9H8M2,Q96SW2,1,0.6495058536529541,1,744.8489999999998,4.026900000000003,143.38,COC1=CC(C2=CN(C)C(=O)C3=CN=CC=C23)=CC(OC)=C1C(=O)N1CC2(CCC(CN3CC4=CC5=C(C=C4C3)C(=O)N(C3CCC(=O)NC3=O)C5)CC2)C1
FZPFOKCSBXRUCY,O60885,Q96SW2,1,0.29788854718208313,0,771.256,3.2923600000000004,194.05,CC1=C(C)C2=C(S1)N1C(C)=NN=C1[C@H](CC(=O)NCC(=O)NCCCOC1=CC=CC3=C1C(=O)N(C1CCC(=O)NC1=O)C3=O)N=C2C1=CC=C(Cl)C=C1
GBTBLBKXKPUBEP,P03372,Q96SW2,0,0.8734937310218811,1,749.8590000000002,6.026600000000006,115.31,O=C1CCC(N2CC3=NC(N4CCN(CCCC(F)(F)COC5=CC=C([C@@H]6C7=CC=C(O)C=C7CC[C@@H]6C6=CC=CC=C6)C=C5)CC4)=CC=C3C2=O)C(=O)N1
GCZBURKTXXRCIT,P01116,Q96SW2,0,0.18303516507148743,0,1009.1719999999992,5.750900000000005,168.82999999999998,C#CC1=C(F)C=CC2=CC(O)=CC(C3=NC=C4C(N5CC6CCC(C5)N6)=NC(OC[C@@H]5C[C@@H](OC6CCN(CC7CCN(C8=CC=C9C(=O)N(C%10CCC(=O)NC%10=O)CC9=C8)CC7)CC6)CN5CC)=NC4=C3F)=C12
GDANDLJOHBUYJS,P51531,P40337,1,0.35928791761398315,0,972.6529999999996,9.49432,155.91999999999996,CC1=C(C2=CC=C([C@H](C)NC(=O)[C@@H]3C[C@@H](O)CN3C(=O)[C@@H](C3=CC(O[C@H]4CC[C@H](CN5CCC(C6=CC=C7C(=C6)N6C(=NC(=O)C8=C(Cl)C=CC=C86)C7(C)C)CC5)CC4)=NO3)C(C)C)C=C2)SC=N1
GDRMTFAUTGSZHO,P03372,Q96SW2,0,0.9993273019790649,1,749.9119999999999,5.571700000000005,113.5,O=C1CCC(N2C(=O)C3=CC4=C(C=C3C2=O)CN(C2CCN(CC3CN(C5=CC=C([C@@H]6C7=CC=C(O)C=C7CC[C@@H]6C6=CC=CC=C6)C=C5)C3)CC2)C4)C(=O)N1
GEFVFURTMGEFHQ,P51531,P40337,0,0.7769412398338318,1,957.2589999999994,7.853020000000009,204.72000000000003,CC1=C(C2=CC=C([C@H](C)NC(=O)[C@@H]3C[C@@H](O)CN3C(=O)[C@@H](NC(=O)C3CCC(N4CCC5(CCC(N6C=C(C7=CC(C8=CC=CC=C8O)=NN=C7N)C=N6)CC5)CC4)CC3)C(C)(C)C)C=C2)SC=N1
GEZDLCVCOOEQEF,P24941,Q96SW2,1,0.6433771252632141,1,770.8549999999998,3.112300000000001,204.65,O=C1CCC(N2C(=O)C3=CC=C(N4CCC(CN5CCN(CC6=CC=C(NC(=O)C7=N[NH]C=C7NC7=NC=NC8=C7C=C[NH]8)C=C6)CC5)CC4)C=C3C2=O)C(=O)N1
GFOZJMJTJXZPGN,Q9NWZ3,Q96SW2,1,0.3744718134403229,0,869.9749999999997,4.569400000000004,175.14999999999998,CN1C(=O)N(C2CCC(=O)NC2=O)C2=CC=CC(CCCOC3CCN(C[C@H]4CC[C@H](N5C=C(NC(=O)C6=C7N=C(N8C[C@H]9C[C@@H]8CO9)C=CN7N=C6)C(C(F)F)=N5)CC4)CC3)=C21
GFTPPVNUXHWDAA,P03372,Q96SW2,0,0.4414679706096649,0,724.9059999999998,5.448700000000005,109.32,O=C1CCC(N2CC3=CC(N4CCN(CC5CCN(C6=CC=C([C@@H]7C8=CC=C(O)C=C8CC[C@@H]7C7=CC=CC=C7)C=N6)CC5)CC4)=CC=C3C2=O)C(=O)N1
GFVYFOWLPWYPDD,P09874,Q96SW2,0,0.9999817609786987,1,896.1499999999996,5.825800000000006,157.42000000000002,NC(=O)C1=CC=CC2=CN(C3=CC=C([C@@H]4CCCN(CCC5CCN(CCC6CCN(CC7CCN(C8=CC=C9C(=O)N(C%10CCC(=O)NC%10=O)C(=O)C9=C8)CC7)CC6)CC5)C4)C=C3)N=C12
GGLGXBGGASXSIW,P29597,P40337,0,0.0825808048248291,0,1032.2819999999997,6.783220000000007,258.0,CNC(=O)C1=CN=C(NC2=CC=C(C(=O)NCCCCCCCCCC(=O)N[C@H](C(=O)N3C[C@H](O)C[C@H]3C(=O)NCC3=CC=C(C4=C(C)N=CS4)C=C3)C(C)(C)C)C=N2)C=C1NC1=CC=CC(C(=O)NC)=C1OC
GIBHYBDXJQVMRG,P01116,Q96SW2,0,0.9677408933639526,1,1022.2149999999992,6.491300000000006,166.21999999999997,C#CC1=C(F)C=CC2=CC(O)=CC(C3=NC=C4C(N5CC6CCC(C5)N6)=NC(OCCN5CCC(CC6CCN(CC7CCN(C8=CC=C9C(=C8)N(C)C(=O)N9C8CCC(=O)NC8=O)CC7)CC6)CC5)=NC4=C3F)=C12
GINGGRXLSOEZKB,P03372,Q96SW2,0,0.9366161823272705,1,726.9180000000001,6.776500000000008,102.42000000000002,O=C1CCC(N2CC3=CC(N4CCCN(CCCCCOC5=CC=C([C@@H]6C7=CC=C(O)C=C7CC[C@@H]6C6=CC=CC=C6)C=C5)CC4)=CC=C3C2=O)C(=O)N1
GIOJKPKLODMSGU,Q92793,Q96SW2,1,0.6282163262367249,1,864.9549999999995,5.057200000000004,175.07999999999998,CC(=O)N1CCC2=C(C1)C(N1CCCC3=CC(C4=CN(C)N=C4)=C(C(F)F)C=C31)=NN2C1CCN(C(=O)CCCCNC2=CC=CC3=C2C(=O)N(C2CCC(=O)NC2=O)C3=O)CC1
GJBSUVKCGKFMQI,O60885,Q96SW2,0,0.24971634149551392,0,763.3650000000002,4.948960000000004,167.75,CC1=C(C)C2=C(S1)N1C(C)=NN=C1[C@H](CC(=O)NCCCCCCCCC(=O)N1CCC[C@H]1C(=O)N[C@H]1CCC(=O)NC1=O)N=C2C1=CC=C(Cl)C=C1
GLIOFKBFGNGYKR,P03372,Q96SW2,0,0.9984766840934753,1,791.9929999999998,6.599500000000007,113.5,O=C1CCC(N2C(=O)C3=CC4=C(C=C3C2=O)CN(CC2CCN(CC3CCN(C5=CC=C([C@@H]6C7=CC=C(O)C=C7CC[C@@H]6C6=CC=CC=C6)C=C5)CC3)CC2)C4)C(=O)N1
GMCWCUOAGNWNLO,P51531,P40337,0,0.3373793363571167,0,943.2319999999996,7.320420000000008,204.72000000000003,CC1=C(C2=CC=C([C@H](C)NC(=O)[C@@H]3C[C@@H](O)CN3C(=O)[C@@H](NC(=O)[C@H]3CC[C@H](CN4CC5(CCC(N6C=C(C7=CC(C8=CC=CC=C8O)=NN=C7N)C=N6)CC5)C4)CC3)C(C)(C)C)C=C2)SC=N1
GMMGGIPNNQKWOV,Q92793,Q96SW2,0,0.7660279273986816,1,768.8219999999998,3.390100000000002,148.47,CC(=O)N1CCC2=C(C1)C(N1CCCC3=CC=C(C(F)F)C=C31)=NN2C1CCN(C(=O)CN2CC3=CC4=C(C=C3C2)C(=O)N(C2CCC(=O)NC2=O)C4=O)CC1
GMNPITQICRXILF,P01116,Q96SW2,0,0.05247459560632706,0,1011.2319999999992,7.202300000000008,159.59999999999997,CCC1=C(F)C=CC2=CC(O)=CC(C3=NC=C4C(N5CC6CCC(C5)N6)=NC(OCCN5CCC(CC6CCN(CC7CCN(C8=CC=CC9=C8CN(C8CCC(=O)NC8=O)C9=O)CC7)CC6)CC5)=NC4=C3F)=C12
GNVVSENDBDNIGW,P03372,Q96SW2,1,0.3544620871543884,0,807.0039999999999,7.354600000000009,119.49,O=C1CC[C@H](N2CC3=C(C=CC4=C3OCC43CCN(C(=O)CCCC4CCN(C5=CC=C([C@@H]6C7=CC=C(O)C=C7CC[C@@H]6C6=CC=CC=C6)C=C5)CC4)CC3)C2=O)C(=O)N1
GOPHMTKUFKPSCI,P03372,Q96SW2,0,0.31499287486076355,0,737.945,5.701700000000006,96.43,O=C1CC[C@H](N2CC3=CC(CCN4CCCN(CC5CN(C6=CC=C([C@@H]7C8=CC=C(O)C=C8CC[C@@H]7C7=CC=CC=C7)C=C6)C5)CC4)=CC=C3C2=O)C(=O)N1
GOTQXALGADJXCG,P01116,P40337,0,0.011707400903105736,0,1073.2809999999995,7.565940000000008,205.08,C=CC(=O)N1CCN(C2=NC(=O)N(C3=C(C)C=CN=C3C(C)C)C3=NC(C4=C(F)C=CC=C4OCCCCC(=O)N[C@H](C(=O)N4C[C@H](O)C[C@H]4C(=O)NCC4=CC=C(C5=C(C)N=CS5)C=C4)C(C)(C)C)=C(F)C=C23)[C@H](C)C1
GPDMQQMGEDQVDE,P03372,Q96SW2,0,0.7827601432800293,1,738.9290000000001,6.774900000000007,102.42000000000002,O=C1CCC(N2CC3=CC(N4CCN(C5CC(CCCOC6=CC=C([C@@H]7C8=CC=C(O)C=C8CC[C@@H]7C7=CC=CC=C7)C=C6)C5)CC4)=CC=C3C2=O)C(=O)N1
GQEMFJCTLPYJIF,P01116,Q96SW2,0,0.1891077607870102,0,910.0389999999996,5.909200000000006,156.35999999999996,C#CC1=C(F)C=CC2=CC(O)=CC(C3=NC=C4C(N5CC6CCC(C5)N6)=NC(OCCN5CCC(CC6CCN(C7=CC=CC8=C7CN(C7CCC(=O)NC7=O)C8=O)CC6)CC5)=NC4=C3F)=C12
GQZPPJBTNANHER,Q92793,Q96SW2,1,0.7049950957298279,1,835.9219999999996,4.534300000000004,189.02999999999997,CC(=O)N1CCC2=C(C1)C(C1=CC=CC3=CC(C4=CC=C(C(=O)N5CCC(NC6=CC=CC7=C6C(=O)N(C6CCC(=O)NC6=O)C7=O)CC5)N=C4)=NC=C13)=NN2C1CCOCC1
GRCWKRCQBMPDDA,Q92793,Q96SW2,1,0.6180606484413147,1,880.0189999999998,6.000100000000005,197.82,CC(=O)N1CCC2=C(C1)C(C1=CC=CC3=CC(C4=CC=C(C(=O)NCCCCCCCCNC5=CC=CC6=C5C(=O)N(C5CCC(=O)NC5=O)C6=O)N=C4)=NC=C13)=NN2C1CCOCC1
GRNGKZZXZZUMTM,P01116,Q96SW2,0,0.01146759930998087,0,805.887,4.067800000000002,165.14999999999998,CCC1=CC=CC2=CC(O)=CC(C3=NC=C4C(N5CC6CCC(C5)N6)=NC(OCCN5CCN(C6=CC=C(C(=O)NC7CCC(=O)NC7=O)C(F)=C6)CC5)=NC4=C3F)=C12
GRSNZWSQIYXFPM,P01116,Q96SW2,0,0.1875055581331253,0,1025.1899999999991,6.713300000000007,159.59999999999997,C#CC1=C(F)C=CC2=CC(O)=CC(C3=NC=C4C(N5CC6CCC(C5)N6)=NC(OCCN5CCC(CC6CCN(CC7(F)CCN(C8=CC=CC9=C8CN(C8CCC(=O)NC8=O)C9=O)CC7)CC6)CC5)=NC4=C3F)=C12
GRTUCEOYBLSCJP,Q92793,Q96SW2,1,0.6925997138023376,1,809.8839999999997,4.049600000000002,197.82,CC(=O)N1CCC2=C(C1)C(C1=CC=CC3=CC(C4=CC=C(C(=O)NCCCNC5=CC=CC6=C5C(=O)N(C5CCC(=O)NC5=O)C6=O)N=C4)=NC=C13)=NN2C1CCOCC1
GRVXOUZOUFEVRY,P01116,Q96SW2,0,0.14466005563735962,0,940.0689999999996,5.089500000000005,166.21999999999997,C#CC1=C(F)C=CC2=CC(O)=CC(C3=NC=C4C(N5CC6CCC(C5)N6)=NC(OC[C@@H]5CC[C@@H](CN6CCN(C7=CC=C8C(=C7)N(C(C)C)C(=O)N8C7CCC(=O)NC7=O)CC6)N5C)=NC4=C3F)=C12
GRWBTVZBARTMKI,P01116,Q96SW2,0,0.024085529148578644,0,1045.224999999999,5.680000000000006,169.45999999999998,CCC1=C(F)C=CC2=CC(O)=CC(C3=NC=C4C(N5CC6CCC(C5)N6)=NC(OCCN5CCC(F)(CN6CCN(CC7CCN(C8=CC=C9C(=C8)N(C)C(=O)N9C8CCC(=O)NC8=O)CC7)CC6)CC5)=NC4=C3F)=C12
GTQNZEKBJQYAJI,Q9H8M2,Q96SW2,1,0.30605360865592957,0,814.9399999999998,5.009700000000004,160.45,CCC1=CC2=C(C=N1)C(=O)N(C)C=C2C1=CC(OC)=C(C(=O)N2CCC3(CCC(CN4CC5=CC6=C(C=C5C4)C(=O)N(C4CCC(=O)NC4=O)C6=O)CC3)CC2)C(OC)=C1
GTVLOQRXXFNCKD,Q9NWZ3,Q96SW2,0,0.0477764792740345,0,803.9159999999999,4.515400000000003,165.92000000000002,CN(CCCOCCCC1=CC=CC2=C1N(C)C(=O)N2C1CCC(=O)NC1=O)C[C@H]1CC[C@H](N2C=C(NC(=O)C3=C4N=C(N(C)C)C=CN4N=C3)C(C(F)F)=N2)CC1
GUKINEBETXGZNQ,O60885,Q96SW2,0,0.7730942964553833,1,817.4159999999999,6.940060000000007,150.68,CC1=C(C)C2=C(S1)N1C(C)=NN=C1[C@H](CC(=O)NCCCCCNC1=CC=C(CC3=CC=C4C(=O)N(C5CCC(=O)NC5=O)CC4=C3)C=C1)N=C2C1=CC=C(Cl)C=C1
GUQFDBHYZUFOJM,P03372,Q96SW2,0,0.8828603625297546,1,813.8490000000003,6.474700000000008,122.73,O=C1CCC(N2C(=O)C3=CC=C(N4CCN(CCCCCOC5=CC=C(C6C7=CC=C(O)C=C7CCN6C6=CC=C(C(F)(F)F)C=C6F)C=C5)CC4)C=C3C2=O)C(=O)N1
GUWGCJCFMYJJCN,P03372,Q96SW2,1,0.38391032814979553,0,820.991,5.027100000000004,125.97,O=C1CC[C@H](N2CC3=C(C=CC4=C3OC[C@H]3CN(CC(=O)N5CCC6(CC5)CN(C5=CC=C([C@@H]7C8=CC=C(O)C=C8CC[C@@H]7C7=CC=CC=C7)C=C5)C6)CCN43)C2=O)C(=O)N1
GVINOWISVXZLKA,P01116,Q96SW2,0,0.4469454288482666,0,1021.1829999999992,6.261400000000006,176.66999999999996,C#CC1=C(F)C=CC2=CC(O)=CC(C3=NC=C4C(N5CC6CCC(C5)N6)=NC(OCCN5CCC(CC6CCN(CC7CCN(C8=CC=CC9=C8C(=O)N(C8CCC(=O)NC8=O)C9=O)CC7)CC6)CC5)=NC4=C3F)=C12
GWNHLXPYNJETCH,P01116,Q96SW2,0,0.9823890328407288,1,1021.2269999999992,7.096300000000007,153.32999999999998,C#CC1=C(F)C=CC2=CC(O)=CC(C3=CC=C4C(N5CC6CCC(C5)N6)=NC(OCCN5CCC(CN6CCC(CC7CCN(C8=CC=C9C(=C8)N(C)C(=O)N9C8CCC(=O)NC8=O)CC7)CC6)CC5)=NC4=C3F)=C12
GXMZVRVWLSTSEG,Q06187,Q96SW2,0,0.39122021198272705,0,1128.2499999999995,3.392920000000009,283.17,CC1=CC=CC(C[C@@H](NC(=O)C2=CC=C3[NH]N=CC3=C2)C(=O)N2CC3=C(C[C@@H]2C(=O)NCCOCCOCCOCCOCCOCCOCCOCCNC2=CC=CC4=C2C(=O)N([C@@H]2CCC(=O)NC2=O)C4=O)C2=CC=CC=C2[NH]3)=C1
GZPJFHIWNQNNSD,P01116,P40337,0,0.0035196070093661547,0,1097.4159999999997,9.178520000000004,198.27,CCC1=CC=CC2=CC(O)=CC(C3=NC=C4C(N5C[C@@H]6CC[C@H](C5)N6)=NC(OC[C@@H]5CCCN5CCCCCCCC(=O)N[C@H](C(=O)N5C[C@H](O)C[C@H]5C(=O)N[C@@H](C)C5=CC=C(C6=C(C)N=CS6)C=C5)C(C)(C)C)=NC4=C3F)=C12
HBADDMDENKIOJR,P24941,Q96SW2,0,0.1397615522146225,0,721.6019999999997,3.233200000000001,176.91,O=C1CCC(N2C(=O)C3=CC=C(N4CCC(N5CCC(NC(=O)C6=N[NH]C=C6NC(=O)C6=C(Cl)C=CC=C6Cl)CC5)CC4)C=C3C2=O)C(=O)N1
HBEJXYBKHVCHGV,Q92918,Q96SW2,0,0.9738864898681641,1,822.3899999999996,6.011400000000006,138.83,CCN1CCC(N2C=C(C3=C[NH]C4=NC=C(C5=CC=C(N6CCC(F)(CN7CCN(C(=O)C8=CC=C(Cl)C(N9CCC(=O)NC9=O)=C8)CC7)CC6)C=C5)N=C34)C=N2)CC1
HBHGPBBNMZIAKT,P03372,Q96SW2,0,0.9990125298500061,1,748.8710000000001,6.664600000000009,102.42000000000002,O=C1CCC(N2CC3=CC(N4CCN(CCCCCOC5=CC=C([C@@H]6C7=CC=C(O)C=C7CC[C@@H]6C6=CC=C(F)C=C6F)C=C5)CC4)=CC=C3C2=O)C(=O)N1
HBIFBOLRZZOMQV,P01116,Q96SW2,0,0.949485182762146,1,1015.1259999999994,6.216300000000007,159.59999999999997,C#CC1=C(F)C=CC2=CC(O)=CC(C3=NC=C4C(N5CC6CCC(C5)N6)=NC(OCCN5CCC6(CC5)CCN(CC5(F)CCN(C7=CC=C8C(=O)N(C9CCC(=O)NC9=O)CC8=C7F)CC5)CC6)=NC4=C3F)=C12
HBMULTNZJNRNCG,P03372,Q96SW2,0,0.7342786192893982,1,760.886,5.726900000000005,109.32,O=C1CCC(N2CC3=NC(N4CCN(CC5CCN(C6=C(F)C=C([C@@H]7C8=CC=C(O)C=C8CC[C@@H]7C7=CC=CC=C7)C=C6F)CC5)CC4)=CC=C3C2=O)C(=O)N1
HDCCMCFIGHIDJR,P51531,P40337,1,0.24534793198108673,0,755.9459999999998,3.3554200000000023,190.14000000000004,CC1=C(C2=CC=C([C@H](C)NC(=O)[C@@H]3C[C@@H](O)CN3C(=O)[C@@H](NC(=O)CN3CCN(C4=CC(C5=CC=CC=C5O)=NN=C4N)CC3)C(C)(C)C)C=C2)SC=N1
HDDDLGGWALGZKG,P01116,Q96SW2,0,0.3356439173221588,0,993.1289999999996,5.6253000000000055,176.66999999999996,C#CC1=C(F)C=CC2=CC(O)=CC(C3=NC=C4C(N5CC6CCC(C5)N6)=NC(OCCN5CCC6(CC5)CCN(CC5CCN(C7=CC=C8C(=O)N(C9CCC(=O)NC9=O)C(=O)C8=C7)CC5)CC6)=NC4=C3F)=C12
HDKHIHXXGKCSBP,P11802,Q96SW2,1,0.5011942386627197,1,760.8559999999998,3.767500000000002,191.83,O=C1CCC(N2C(=O)C3=CC=CC(NC(=O)CCCCCN4CCN(C5=CC=C(NC6=NC=C7N=CC(=O)N(C8CCCC8)C7=N6)C=C5)CC4)=C3C2=O)C(=O)N1
HELQGVYGMYKION,P33981,Q96SW2,0,0.7831107378005981,1,890.9839999999999,3.0805000000000025,260.89,CC(C)S(=O)(=O)C1=CC=CC=C1NC1=NC(NC2=CC=C(N3CCN(C(=O)CCC(=O)NCCNC4=CC=CC5=C4C(=O)N(C4CCC(=O)NC4=O)C5=O)CC3)C=C2)=NC2=C1N=C[NH]2
HFDHVDIXYSXIRN,Q9UBN7,Q96SW2,1,0.32225656509399414,0,769.7870000000001,3.5266200000000003,218.13,CC1=NC2=CC(NC(=O)CCCCCCCNC(=O)COC3=CC=CC4=C3C(=O)N(C3CCC(=O)NC3=O)C4=O)=CC=C2N1CC1=CC=C(C(=O)NO)C=C1F
HFMNEWFVZKPATN,P01116,Q96SW2,0,0.03123336099088192,0,914.0709999999996,6.490300000000007,156.35999999999996,CCC1=CC=CC2=C(F)C(O)=CC(C3=NC=C4C(N5CC6CCC(C5)N6)=NC(OCCN5CCC(CC6CCN(C7=CC=CC8=C7CN(C7CCC(=O)NC7=O)C8=O)CC6)CC5)=NC4=C3F)=C12
HGEMTRSJRJKZAH,P03372,Q96SW2,0,0.5995675325393677,1,712.8030000000002,4.503700000000003,128.72,O=C1CC[C@H](N2CC3=C(C=CC4=C3OC[C@H]3CN(C(=O)COC5=CC=C([C@@H]6C7=CC=C(O)C=C7CC[C@@H]6C6=CC=CC=C6)C=C5)CCN43)C2=O)C(=O)N1
HGFFZPKBYNCGJP,Q08881,Q96SW2,1,0.1957758516073227,0,775.9109999999998,4.8850000000000025,191.49,CN(CCCCCC(=O)NC1=CC=C2C(=O)N(C3CCC(=O)NC3=O)C(=O)C2=C1)CC[C@@H](C1=CC=CC=C1)N1C=C(NC(=O)C2=N[NH]C3=C2CCC(C)(C)C3)C=N1
HIMPUSAONKTVMA,Q9BY41,Q96SW2,0,0.07449013739824295,0,754.841,3.517100000000001,212.34,O=C(CCCCOC1=CC=C(CCNC(=O)C2=CC=CC(C(=O)NO)=C2)C=C1)NCCCCCCNC1=CC=C2C(=O)N(C3CCC(=O)NC3=O)C(=O)C2=C1
HJLNFVSSNIFDNV,P10275,Q96SW2,0,0.6977477669715881,1,714.7890000000001,5.313180000000005,109.22,N#CC1=CC=C(N2CCC(C3=CC=C(OCCCN4CCN(C5=CC=C6C(=O)N(C7CCC(=O)NC7=O)CC6=C5)CC4)C=C3)CC2)C=C1C(F)(F)F
HKMUULSLHVOHMZ,Q92793,Q96SW2,0,0.28240060806274414,0,795.8569999999997,3.659500000000001,197.82,CC(=O)N1CCC2=C(C1)C(C1=CC=CC3=CC(C4=CC=C(C(=O)NCCNC5=CC=CC6=C5C(=O)N(C5CCC(=O)NC5=O)C6=O)N=C4)=NC=C13)=NN2C1CCOCC1
HKSBXNVKPFTBIG,Q5S007,P40337,1,0.07898227870464325,0,1019.7109999999994,6.696920000000008,194.25,CNC1=NC(NC2=CC=C(C(=O)N3CCN(C[C@H]4CC[C@H](CSC(C)(C)[C@H](NC(=O)C5(F)CC5)C(=O)N5C[C@H](O)C[C@H]5C(=O)NCC5=CC=C(C6=C(C)N=CS6)C=C5)CC4)CC3)C=C2OC)=NC=C1Cl
HKYGFRGGDPTYPH,P03372,Q96SW2,0,0.9926329255104065,1,762.8540000000002,6.304800000000009,119.49,O=C1CCC(N2C(=O)C3=CC=C(N4CCN(CCCCCOC5=CC=C([C@@H]6C7=CC=C(O)C(F)=C7CC[C@@H]6C6=CC=C(F)C=C6)C=C5)CC4)C=C3C2=O)C(=O)N1
HLFIMIUCZKHKSI,Q92793,Q96SW2,1,0.5186255574226379,1,794.9129999999999,4.930100000000004,168.71999999999994,CC(=O)N1CCC2=C(C1)C(C1=CC=CC3=CC(C4=CC=C(C(=O)NCCCCC5=CC=CC6=C5CN(C5CCC(=O)NC5=O)C6=O)N=C4)=NC=C13)=NN2C1CCOCC1
HLYLNRDFJAPWSR,P03372,Q96SW2,0,0.8299239277839661,1,739.9170000000001,5.432600000000005,105.66,O=C1CCC(N2CC3=CC(N4CCN(CCO[C@H]5CCN(C6=CC=C([C@@H]7C8=CC=C(O)C=C8CC[C@@H]7C7=CC=CC=C7)C=C6)C5)CC4)=CC=C3C2=O)C(=O)N1
HMFPWZHVOGKYKT,P01116,Q96SW2,0,0.18328115344047546,0,1025.1899999999991,6.760300000000007,159.59999999999997,C#CC1=C(F)C=CC2=CC(O)=CC(C3=NC=C4C(N5CC6CCC(C5)N6)=NC(OCCN5CCC(CC6CCN(CC7CCN(C8=CC(F)=CC9=C8CN(C8CCC(=O)NC8=O)C9=O)CC7)CC6)CC5)=NC4=C3F)=C12
HMGDRXZDHYGWAH,P01116,Q96SW2,0,0.049388762563467026,0,1034.2259999999992,6.635400000000007,166.21999999999997,C#CC1=C(F)C=CC2=CC(O)=CC(C3=NC=C4C(N5CC6CCC(C5)N6)=NC(OCC5(CN6CCC7(CCN(CC8CCN(C9=CC=C%10C(=C9)N(C)C(=O)N%10C9CCC(=O)NC9=O)CC8)CC7)CC6)CC5)=NC4=C3F)=C12
HMJPYTUDBOCFFX,P03372,Q96SW2,0,0.7488051056861877,1,741.9079999999999,6.192800000000006,96.43,O=C1CCC(N2CC3=CC(N4CCN(CC5CCN(C6=CC=C([C@@H]7C8=CC=C(O)C=C8CC[C@@H]7C7=CC=CC=C7)C=C6F)CC5)CC4)=CC=C3C2=O)C(=O)N1
HMLXCHFBGHUPHQ,Q92793,Q96SW2,0,0.37849074602127075,0,875.9869999999995,5.314500000000004,189.02999999999997,CC(=O)N1CCC2=C(C1)C(C1=CC=CC3=CC(C4=CC=C(C(=O)N5CC6(CCC(NC7=CC=CC8=C7C(=O)N(C7CCC(=O)NC7=O)C8=O)CC6)C5)N=C4)=NC=C13)=NN2C1CCOCC1
HMNVIAPVKDAEDF,P33981,Q96SW2,0,0.4897277355194092,0,847.9589999999998,4.354400000000003,231.78999999999996,CC(C)S(=O)(=O)C1=CC=CC=C1NC1=NC(NC2=CC=C(N3CCN(CCCCC(=O)NC4=CC=CC5=C4C(=O)N(C4CCC(=O)NC4=O)C5=O)CC3)C=C2)=NC2=C1N=C[NH]2
HNWIYSLNSNGHQL,P01116,Q96SW2,0,0.037887174636125565,0,1039.216999999999,7.068720000000008,159.59999999999997,C#CC1=C(F)C=CC2=CC(O)=CC(C3=NC=C4C(N5CC6CCC(C5)N6)=NC(OCCN5CCC(CN6CCC(CC7CCN(C8=CC(C)=C9C(=O)N(C%10CCC(=O)NC%10=O)CC9=C8F)CC7)CC6)CC5)=NC4=C3F)=C12
HOBINWBQKZMFPS,P51531,P40337,1,0.9041576981544495,1,1038.0979999999995,8.16022000000001,163.39999999999998,CC1=C(C2=CC=C([C@H](COCCN3CCC(C4=CC=C5C(=C4)N(C4CCCC4)C4=NC(=O)C6=C(Br)C=CC=C6N54)CC3)NC(=O)[C@@H]3C[C@@H](O)CN3C(=O)[C@@H](NC(=O)C3(F)CC3)C(C)(C)C)C=C2)SC=N1
HOUFSBOLUUKSEG,Q9NWZ3,Q96SW2,1,0.03687918558716774,0,879.9699999999997,4.378400000000004,175.14999999999998,CN1C(=O)N(C2CCC(=O)NC2=O)C2=CC=CC(C#CCOC3(C)CCN(C[C@H]4CC[C@H](N5C=C(NC(=O)C6=C7N=C(N8C[C@H]9C[C@@H]8CO9)C=CN7N=C6)C(C(F)F)=N5)CC4)CC3)=C21
HQGJFLMZLKUQQK,P09874,Q96SW2,0,0.9989376664161682,1,896.1059999999997,4.962300000000005,174.49,NC(=O)C1=CC=CC2=CN(C3=CC=C([C@@H]4CCCN(C(=O)CC5CCN(CCC6CCN(CC7CCN(C8=CC=C9C(=O)N(C%10CCC(=O)NC%10=O)C(=O)C9=C8)C7)CC6)CC5)C4)C=C3)N=C12
HRBKSBSBJGJLMD,P03372,Q96SW2,1,0.9740292429924011,1,805.0319999999998,7.828000000000011,102.42,O=C1CC[C@H](N2CC3=C(C=CC4=C3OCC43CCN(CC4CCC5(CCN(C6=CC=C([C@@H]7C8=CC=C(O)C=C8CC[C@@H]7C7=CC=CC=C7)C=C6)CC5)C4)CC3)C2=O)C(=O)N1
HREXKQQPJFGTJW,P10275,Q96SW2,0,0.048287034034729004,0,785.8430000000001,5.539980000000005,120.3,N#CC1=CC=C(N2CCC(C3=CC=C(N4CCC(CN5CCN(C6=CC7=C(C=C6F)C(=O)N(C6CCC(=O)NC6=O)C7=O)CC5)CC4)C=C3)CC2)C=C1C(F)(F)F
HSRBMGCEYQGMKV,P24941,Q96SW2,0,0.174974262714386,0,832.7899999999997,4.192800000000003,180.15,O=C1CCC(N2C(=O)C3=CC=C(N4CCC(CN5CCC(CN6CCC(NC(=O)C7=N[NH]C=C7NC(=O)C7=C(Cl)C=CC=C7Cl)CC6)CC5)CC4)C=C3C2=O)C(=O)N1
HSRYBYBNUIXGPN,P03372,Q96SW2,0,0.3434235751628876,0,767.9709999999999,6.452400000000007,105.66,COC1=CC=C([C@H]2CCC3=CC(O)=CC=C3[C@H]2C2=CC=C(N3CCC(CCN4CCN(C5=CC=C6C(=O)N(C7CCC(=O)NC7=O)CC6=C5)CC4)CC3)C=C2)C=C1
HSTRRNDJSXXGTP,P51531,P40337,0,0.6541590094566345,1,840.02,4.520220000000004,219.94,CC1=C(C2=CC=C([C@H](C)NC(=O)[C@@H]3C[C@@H](O)CN3C(=O)[C@@H](NC(=O)CCOCCOCCN3C=C(C4=CC(C5=CC=CC=C5O)=NN=C4N)C=N3)C(C)(C)C)C=C2)SC=N1
HSWPRTMIJULITP,Q06187,Q96SW2,1,0.8096538186073303,1,950.0699999999996,3.9955000000000025,224.41,C[C@H]1CN(C(=O)CCCNC2=CC=CC3=C2C(=O)N(C2CCC(=O)NC2=O)C3=O)CCN1C1=CC=C(NC2=CC(C3=CC=NC(N4CCN5C(=CC6=C5CC(C)(C)C6)C4=O)=C3CO)=CN(C)C2=O)N=C1
HTBYGFLLMYLTHB,P40763,Q96SW2,0,0.052367378026247025,0,1170.2430000000002,4.1892000000000085,307.05,CN1CC[C@H]2CC[C@@H](C(=O)N[C@@H](CCC(N)=O)C(=O)N[C@H](C(=O)NCCCCCCCCC#CC3=CC=CC4=C3CN(C3CCC(=O)NC3=O)C4=O)C3=CC=CC=C3)N2C(=O)[C@@H](NC(=O)C2=CC3=CC(C(F)(F)P(=O)(O)O)=CC=C3S2)C1
HTCYENAEFGXMBN,P11802,Q96SW2,0,0.8562846779823303,1,841.9339999999996,3.5592000000000024,222.53999999999996,O=C1CCC(N2C(=O)C3=CC=CC(NC(=O)CCCCCN4C=C(CN5CCN(C6=CC=C(NC7=NC=C8N=CC(=O)N(C9CCCC9)C8=N7)C=C6)CC5)N=N4)=C3C2=O)C(=O)N1
HTRPLICOUPYTSA,Q9H8M2,Q96SW2,1,0.8130765557289124,1,593.6400000000003,2.8945000000000007,123.07,COC1=CC(C2=CN(C)C(=O)C3=CN=CC=C23)=CC(OC)=C1CN1CC2=CC3=C(C=C2C1)C(=O)N(C1CCC(=O)NC1=O)C3
HTTICGLXYYLMDH,P50750,Q96SW2,1,0.4712523818016052,0,838.9459999999998,3.4014000000000024,209.74,CC[C@@H](CO)NC1=NC2=C(C(C)C)C=NN2C(NCC2=CC=C(NC(=O)N3CCC(N4CCN(C5=CC6=C(C=C5F)C(=O)N(C5CCC(=O)NC5=O)C6=O)CC4)CC3)C=C2)=N1
HTZKEGBJQSNRPS,P01116,Q96SW2,0,0.7406044006347656,1,1056.2039999999993,6.413900000000007,175.45,C#CC1=C(F)C=CC2=CC(O)=CC(C3=NC=C4C(N5CC6CCC(C5)N6)=NC(OC[C@@H]5C[C@@H](OC6CCN(CC7CCN(C8=CC=C9C(=C8F)N(C(C)C)C(=O)N9C8CCC(=O)NC8=O)CC7)CC6)CN5C)=NC4=C3F)=C12
HUPQXHIYSCJHFN,P01116,Q96SW2,0,0.0192007627338171,0,884.0259999999996,5.090800000000004,165.59000000000003,CCC1=CC=CC2=CC(O)=CC(C3=NC=C4C(N5CC6CCC(C5)N6)=NC(OC[C@H]5C[C@H](OC6CCN(C7=CC=C8C(=O)N(C9CCC(=O)NC9=O)CC8=C7)CC6)CN5C)=NC4=C3F)=C12
HVBHZDKTMNATQR,P01116,Q96SW2,0,0.01993565820157528,0,911.0959999999995,6.221300000000007,162.97999999999996,CCC1=CC=CC2=CC(O)=CC(C3=NC=C4C(N5CC6CCC(C5)N6)=NC(OCCN5CCC(CC6CCN(C7=CC=CC8=C7N(C)C(=O)N8C7CCC(=O)NC7=O)CC6)CC5)=NC4=C3F)=C12
HVCUHKYQOOWTKP,P03372,Q96SW2,0,0.7126846313476562,1,728.8650000000001,6.135400000000007,102.42000000000002,O=C1CCC(N2CC3=CC(N4CC5(CN(CCCCOC6=CC=C([C@@H]7C8=CC=C(O)C=C8CC[C@@H]7C7=CC=C(F)C=C7)C=C6)C5)C4)=CC=C3C2=O)C(=O)N1
HVGXJCYZTQDJAH,P01116,Q96SW2,0,0.9934093952178955,1,1011.1629999999992,6.599300000000008,153.32999999999998,C#CC1=C(F)C=CC2=CC(O)=CC(C3=CC=C4C(N5CC6CCC(C5)N6)=NC(OCCN5CCC6(CC5)CCN(CC5CCN(C7=CC=C8C(=C7F)N(C)C(=O)N8C7CCC(=O)NC7=O)CC5)CC6)=NC4=C3F)=C12
HVKRSVRPJLSWCD,P01116,Q96SW2,0,0.12688538432121277,0,1022.2149999999992,6.491300000000006,166.21999999999997,C#CC1=C(F)C=CC2=CC(O)=CC(C3=NC=C4C(N5CC6CCC(C5)N6)=NC(OCCN5CCC(CC6CCN(CC7CCN(C8=CC=CC9=C8N(C)C(=O)N9C8CCC(=O)NC8=O)CC7)CC6)CC5)=NC4=C3F)=C12
HVMKSQIOKMVOOE,P03372,Q96SW2,0,0.9999845027923584,1,763.9389999999999,5.8193000000000055,113.5,O=C1CCC(N2C(=O)C3=CC4=C(C=C3C2=O)CN(CC2CCN(CC3CN(C5=CC=C([C@@H]6C7=CC=C(O)C=C7CC[C@@H]6C6=CC=CC=C6)C=C5)C3)CC2)C4)C(=O)N1
HVNFFKLHUBPWOR,P03372,Q96SW2,0,0.6368706226348877,1,765.955,6.047000000000007,113.5,O=C1CCC(N2C(=O)C3=CC=C(N4CCN(CCCN5CCC(C6=CC=C([C@@H]7C8=CC=C(O)C=C8CC[C@@H]7C7=CC=CC=C7)C=C6)CC5)CC4)C=C3C2=O)C(=O)N1
HVVUCVPBWVLAFT,Q9H8M2,Q96SW2,0,0.33356571197509766,0,718.767,2.8869000000000007,160.45,COC1=CC(C2=CN(C)C(=O)C3=CN=CC=C23)=CC(OC)=C1C(=O)N1CCC(CN2CC3=CC4=C(C=C3C2)C(=O)N(C2CCC(=O)NC2=O)C4=O)CC1
HWBJXQNUDFNRQJ,P03372,Q96SW2,0,0.9506418704986572,1,753.944,5.680500000000006,105.66,O=C1CCC(N2CC3=CC(N4CCN(CCN5CCC(OC6=CC=C([C@@H]7C8=CC=C(O)C=C8CC[C@@H]7C7=CC=CC=C7)C=C6)CC5)CC4)=CC=C3C2=O)C(=O)N1
HWEFEZUTECUWNS,Q13547,P40337,0,0.06675811856985092,0,977.246,7.333420000000005,235.79,CC1=C(C2=CC=C(CNC(=O)[C@@H]3C[C@@H](O)CN3C(=O)[C@@H](NC(=O)CCCCCCCCCN3C=C(CCCOC(=O)NCC4=CC=C(C(=O)NC5=CC=CC=C5N)C=C4)N=N3)C(C)(C)C)C=C2)SC=N1
HWEWHJKPIYCTHI,P03372,Q96SW2,1,0.2977301776409149,0,807.992,5.973800000000006,114.89,O=C1CC[C@H](N2CC3=C(C=CC4=C3OC[C@H]3CN(CC5CC6(CCN(C7=CC=C([C@@H]8C9=CC=C(O)C=C9CC[C@@H]8C8=CC=CC=C8)C=C7)CC6)CO5)CCN43)C2=O)C(=O)N1
HXJOBSTYEDSJNC,P01116,Q96SW2,0,0.011039940640330315,0,915.0839999999996,4.649300000000004,177.62,CCC1=CC=CC2=CC(O)=CC(C3=NC=C4C(N5CC6CCC(C5)N6)=NC(OCCN5CCN(CC6CCN(C7=CC=C(OC)C(C(=O)NC8CCC(=O)NC8=O)=C7)CC6)CC5)=NC4=C3F)=C12
HYHSJYMZWGTVLB,Q92793,Q96SW2,1,0.6153697967529297,1,837.9379999999998,4.829800000000003,197.82,CC(=O)N1CCC2=C(C1)C(C1=CC=CC3=CC(C4=CC=C(C(=O)NCCCCCNC5=CC=CC6=C5C(=O)N(C5CCC(=O)NC5=O)C6=O)N=C4)=NC=C13)=NN2C1CCOCC1
HYVIMBFWEYTPNQ,P40763,Q96SW2,0,0.15879617631435394,0,1154.2,3.3611000000000093,298.26,CN1CC[C@H]2CC[C@@H](C(=O)N[C@@H](CCC(N)=O)C(=O)N[C@H](C(=O)N3CCC(CCC#CC4=CC=CC5=C4CN(C4CCC(=O)NC4=O)C5=O)CC3)C3=CC=CC=C3)N2C(=O)[C@@H](NC(=O)C2=CC3=CC(C(F)(F)P(=O)(O)O)=CC=C3S2)C1
HYZMVIWTOQSXRR,Q06187,Q96SW2,0,0.5896143913269043,1,1062.2859999999991,7.116300000000008,224.41,C[C@H]1CN(C(=O)CCCCCCCCCCCNC2=CC=CC3=C2C(=O)N(C2CCC(=O)NC2=O)C3=O)CCN1C1=CC=C(NC2=CC(C3=CC=NC(N4CCN5C(=CC6=C5CC(C)(C)C6)C4=O)=C3CO)=CN(C)C2=O)N=C1
IBCRRCGKMSVYRY,P10275,Q96SW2,1,0.9982127547264099,1,789.3369999999996,4.761280000000005,150.26,C[C@H]1CC2(CCN(C3=CC=C(C(=O)N4CCC(CN5CC6=CC7=C(C=C6C5)C(=O)N(C5CCC(=O)NC5=O)C7=O)CC4)N=C3)CC2)CN1C1=CC=C(C#N)C(Cl)=C1
IBWMKKPVZHZHTL,P03372,Q96SW2,0,0.994418740272522,1,713.8790000000001,4.805700000000004,114.45000000000002,O=C1CCC(N2CC3=CC(N4CCN(CCNCCOC5=CC=C([C@@H]6C7=CC=C(O)C=C7CC[C@@H]6C6=CC=CC=C6)C=C5)CC4)=CC=C3C2=O)C(=O)N1
ICPREALNMMYIPF,P03372,Q96SW2,1,0.26220718026161194,0,792.9369999999999,4.246900000000003,125.97,O=C1CC[C@H](N2CC3=C(C=CC4=C3OC[C@H]3CN(C(=O)CN5CC6(C5)CN(C5=CC=C([C@@H]7C8=CC=C(O)C=C8CC[C@@H]7C7=CC=CC=C7)C=C5)C6)CCN43)C2=O)C(=O)N1
ICQRDWJIGVISFZ,Q9H8M2,Q96SW2,1,0.45567119121551514,0,730.822,3.7793000000000023,143.38,COC1=CC(C2=CN(C)C(=O)C3=CN=CC=C23)=CC(OC)=C1C(=O)N1CCC2(CC1)CC(N1CC3=CC4=C(C=C3C1)C(=O)N(C1CCC(=O)NC1=O)C4)C2
ICSOCJOBEUEOEV,O60885,Q96SW2,1,0.3849768042564392,0,838.4350000000002,5.776660000000004,192.33,CC1=C(C)C2=C(S1)N1C(C)=NN=C1[C@H](CC(=O)NCCCCCCCCC(=O)N[C@@H](CC1=CC3=CC=CC=C3[NH]1)C(=O)N[C@H]1CC(=O)NC1=O)N=C2C1=CC=C(Cl)C=C1
IDFDLTKSQGRMMG,Q92793,Q96SW2,1,0.9810210466384888,1,865.9919999999997,5.610000000000004,197.82,CC(=O)N1CCC2=C(C1)C(C1=CC=CC3=CC(C4=CC=C(C(=O)NCCCCCCCNC5=CC=CC6=C5C(=O)N(C5CCC(=O)NC5=O)C6=O)N=C4)=NC=C13)=NN2C1CCOCC1
IDVDIZDCUKZAOV,P03372,Q96SW2,0,0.9098049402236938,1,726.9180000000001,6.776500000000008,102.42000000000002,O=C1CCC(N2CC3=CC(N4CCN(CCCCCCOC5=CC=C([C@@H]6C7=CC=C(O)C=C7CC[C@@H]6C6=CC=CC=C6)C=C5)CC4)=CC=C3C2=O)C(=O)N1
IEFJIESJXZXMBS,Q92918,Q96SW2,0,0.10188104212284088,0,855.949,4.911620000000004,193.43,CC1=CC(C2=C[NH]C3=NC=C(C4=CC=C(C5CCN(C(=O)CCOCCOCCOC6=CC=CC7=C6C(=O)N(C6CCC(=O)NC6=O)C7=O)CC5)C=C4)N=C23)=CC=C1C(=O)N(C)C
IESOKNQYZZGWEK,P03372,Q96SW2,0,0.9304949045181274,1,741.9079999999999,6.192800000000006,96.43,O=C1CCC(N2CC3=CC(N4CCN(CC5CCN(C6=CC=C([C@@H]7C8=CC=C(O)C=C8CC[C@@H]7C7=CC=C(F)C=C7)C=C6)CC5)CC4)=CC=C3C2=O)C(=O)N1
IFFJMOZOLVHKAT,P03372,Q96SW2,0,0.9944185614585876,1,711.9029999999998,7.189900000000009,99.18,CN(CCOCC1=CC=C([C@@H]2C3=CC=C(O)C=C3CC[C@@H]2C2=CC=CC=C2)C=C1)[C@H]1CC[C@H](C2=CC=C3C(=O)N([C@H]4CCC(=O)NC4=O)CC3=C2)CC1
IFGRJEDDLDJVFO,P50750,Q96SW2,0,0.1011882945895195,0,847.7609999999999,4.427900000000002,213.61,O=C1CCC(N2C(=O)C3=CC=CC(OCCCCN4C=C(CCCCCN5CCC(NC(=O)C6=C(NC(=O)C7=C(Cl)C=CC=C7Cl)C=N[NH]6)CC5)N=N4)=C3C2=O)C(=O)N1
IFPXXFMXWDLQFQ,Q07889,Q96SW2,1,0.06916502863168716,0,899.9719999999994,5.563620000000005,201.42,COC1=CC2=NC(C)=NC(N[C@H](C)C3=CC(N)=CC(C(F)(F)F)=C3)=C2C=C1OCC1(CN(C)C(=O)C2CCN(CCNC3=CC=CC4=C3C(=O)N(C3CCC(=O)NC3=O)C4=O)CC2)CC1
IFRRBNGUULWZMN,Q92793,Q96SW2,1,0.37127429246902466,0,850.9279999999995,4.667100000000004,175.07999999999998,CC(=O)N1CCC2=C(C1)C(N1CCCC3=CC(C4=CN(C)N=C4)=C(C(F)F)C=C31)=NN2C1CCN(C(=O)CCCNC2=CC=CC3=C2C(=O)N(C2CCC(=O)NC2=O)C3=O)CC1
IGVWCTHYJFXSBS,P62942,Q96SW2,0,0.5520517230033875,1,959.1509999999992,5.005100000000007,235.92,CCC(C)(C)C(=O)C(=O)N1CCCC[C@H]1C(=O)O[C@H](CCC1=CC=C(OC)C(OC)=C1)C1=CC=CC(NC(=O)CCC(=O)NCCCCCCC(=O)N2CCC[C@H]2C(=O)N[C@@H]2CCC(=O)NC2=O)=C1
IHSNQZPLVFVVMX,P10275,Q96SW2,1,0.4277109205722809,0,801.8859999999996,5.9083800000000055,112.46,COC1=CC(N2CCN(CC3CCN(C4=CC=C(C5CCN(C6=CC=C(C#N)C(C(F)(F)F)=C6F)CC5)C=C4)CC3)CC2)=CC2=C1C(=O)N(C1CCC(=O)NC1=O)C2
IICKZTABJMLFAS,P03372,Q96SW2,0,0.5419829487800598,1,777.9220000000001,5.490000000000005,130.57,O=C1CCC(N2C(=O)C3=CC4=C(C=C3C2=O)CN(CC(=O)N2CCC3(CC2)CCN(C2=CC=C([C@@H]5C6=CC=C(O)C=C6CC[C@@H]5C5=CC=CC=C5)C=C2)C3)C4)C(=O)N1
IIMIYRHGPQNUTI,Q92793,Q96SW2,1,0.9001002311706543,1,780.886,4.540000000000003,168.71999999999994,CC(=O)N1CCC2=C(C1)C(C1=CC=CC3=CC(C4=CC=C(C(=O)NCCCC5=CC=CC6=C5CN(C5CCC(=O)NC5=O)C6=O)N=C4)=NC=C13)=NN2C1CCOCC1
IIODAHZZCZHBBG,P03372,Q96SW2,0,0.9994807839393616,1,724.9020000000002,6.242300000000006,102.42000000000002,O=C1CCC(N2CC3=CC(N4CCN(CC[C@@H]5C[C@H]5COC5=CC=C([C@@H]6C7=CC=C(O)C=C7CC[C@@H]6C6=CC=CC=C6)C=C5)CC4)=CC=C3C2=O)C(=O)N1
IIOOLBGMXUJQLM,P11802,Q96SW2,0,0.569084107875824,1,871.0159999999994,2.6292000000000044,189.52,O=C1CCC(N2C(=O)C3=CC=C(N4CCN(CC5CCN(C(=O)CN6CCN(C7=CC=C(NC8=NC=C9N=CC(=O)N(C%10CCCC%10)C9=N8)C=C7)CC6)CC5)CC4)C=C3C2=O)C(=O)N1
IIUMLDLNPGCAPX,Q07889,P40337,1,0.06984184682369232,0,1028.256,9.17944,205.0,COC1=CC2=NC(C)=NC(N[C@H](C)C3=CC(N)=CC(C(F)(F)F)=C3)=C2C=C1C1CCN(C(=O)CCCCCC(=O)N[C@H](C(=O)N2C[C@H](O)C[C@H]2C(=O)N[C@@H](C)C2=CC=C(C3=C(C)N=CS3)C=C2)C(C)(C)C)CC1
IJKCXDOACVWFTB,P10275,Q96SW2,1,0.9999995231628418,1,806.3389999999998,5.458380000000005,137.37,C[C@H]1CC2(CCN(C3=CC=C(C(=O)N4CCC(F)(CN5CC6=CC7=C(C=C6C5)C(=O)N(C5CCC(=O)NC5=O)C7=O)CC4)C=C3)CC2)CN1C1=CC=C(C#N)C(Cl)=C1
IJLLDTDBKVJVRA,P03372,Q96SW2,1,0.7596124410629272,1,819.914,4.185000000000003,155.14999999999998,C[C@@H]1CC2=C(C=CC3=C2C=N[NH]3)[C@@H](C2=CC=C(N3CCC4(CCN(C(=O)CN5CC6=CC7=C(C=C6C5)C(=O)N(C5CCC(=O)NC5=O)C7=O)CC4)CC3)C=N2)N1CC(F)F
IJVINXKSZVCULY,P35968,P40337,0,0.1938277781009674,0,1143.351,8.958140000000006,222.81,CC1=CC=C(NC(=O)CN2C=C(C3=CC=C4C(NC(=O)C5=CC=C(N6CCN(CCCCCCC(=O)N[C@H](C(=O)N7C[C@H](O)C[C@H]7C(=O)NCC7=CC=C(C8=C(C)N=CS8)C=C7)C(C)(C)C)CC6)C=C5)=N[NH]C4=C3)C=N2)C=C1C(F)(F)F
IJZXNTIKXSHEIV,P03372,Q96SW2,0,0.7949855327606201,1,757.907,5.307700000000004,116.66,O=C1CCC(N2CC3=CC(N4CCN(CC5(O)CCN(C6=CC=C([C@@H]7C8=CC=C(O)C=C8CC[C@@H]7C7=CC=C(F)C=C7)C=C6)CC5)CC4)=CC=C3C2=O)C(=O)N1
ILDJWQYNDNRRFS,O60885,Q96SW2,0,0.3348534405231476,0,799.3100000000001,4.072560000000003,194.05,CC1=C(C)C2=C(S1)N1C(C)=NN=C1[C@H](CC(=O)NCC(=O)NCCCCCOC1=CC=CC3=C1C(=O)N(C1CCC(=O)NC1=O)C3=O)N=C2C1=CC=C(Cl)C=C1
ILHYMMRHMNAREE,P00533,Q96SW2,0,0.9888827204704285,1,928.007,6.447400000000007,196.01,CCS(=O)(=O)N1C=C(C2=NC(NC3=CC=C(N4CCN(C(=O)CCCCCCC(=O)NC5=CC=CC6=C5CN(C5CCC(=O)NC5=O)C6=O)CC4)C=C3)=NC=C2C(F)(F)F)C2=CC=CC=C21
ILVRLRGBSSFKIE,Q92793,Q96SW2,1,0.693584144115448,1,1028.1279999999992,4.136300000000005,224.03,CNC(=O)N1CCC2=C(C1)C(N1CCCC3=CC(C4=CN(C)N=C4)=C(C(F)F)C=C31)=NN2C1CCN(C(=O)CCOCCOCCOCCOCCNC2=CC=C3C(=O)N(C4CCC(=O)NC4=O)C(=O)C3=C2)CC1
IMFZXOQNKSCRDL,P03372,Q96SW2,0,0.8122987151145935,1,762.8540000000003,6.304800000000009,119.49,O=C1CCC(N2C(=O)C3=CC=C(N4CCN(CCCCCOC5=CC=C([C@@H]6C7=CC=C(O)C=C7CC[C@@H]6C6=CC=C(F)C=C6F)C=C5)CC4)C=C3C2=O)C(=O)N1
INSWPZLUELYCJL,P01116,Q96SW2,0,0.013987291604280472,0,910.1079999999996,6.693400000000008,147.57,CCC1=CC=CC2=CC(O)=CC(C3=NC=C4C(N5CC6CCC(C5)N6)=NC(OCCN5CCC(CC6CCN(C7=CC=CC8=C7CN(C7CCC(=O)N(C)C7=O)C8=O)CC6)CC5)=NC4=C3F)=C12
IOOQRZXUJWIKSK,P03372,Q96SW2,0,0.7329859137535095,1,694.8320000000001,5.8875000000000055,110.26000000000002,O=C1CCC(N2C(=O)C3=CC4=C(C=C3C2=O)CN(CC2CCN(C3=CC=C([C@@H]5C6=CC=C(O)C=C6CC[C@@H]5C5=CC=CC=C5)C=C3)CC2)C4)C(=O)N1
IOXZCFBYXCUJFT,P01116,Q96SW2,0,0.0076446533203125,0,979.1709999999993,6.067300000000007,176.66999999999996,CCC1=CC=CC2=CC(O)=CC(C3=NC=C4C(N5CC6CCC(C5)N6)=NC(OCCN5CCC(CN6CCC7(CC6)CCN(C6=CC=C8C(=O)N(C9CCC(=O)NC9=O)C(=O)C8=C6)CC7)CC5)=NC4=C3F)=C12
IQTGYTVCOLETPE,Q92793,Q96SW2,0,0.6057630181312561,1,833.9409999999996,5.433500000000006,145.98,CC(=O)N1CCC2=C(C1)C(N1CCCC3=CC(C4=NN(C)C=C4)=C(C(F)F)C=C31)=NN2C[C@H]1CC[C@H](CN2CC3=CC4=C(C=C3C2)C(=O)N(C2CCC(=O)NC2=O)C4=O)CC1
IRNLRSRPNWJYIM,P03372,Q96SW2,0,0.880413293838501,1,753.944,6.149400000000007,116.66,O=C1CCC(N2CC3=CC(N4CCN(CCC5CCN(C6=CC=C([C@@H]7C8=CC=C(O)C=C8CC[C@@H]7C7=CC=C(O)C=C7)C=C6)CC5)CC4)=CC=C3C2=O)C(=O)N1
IRPFSGAGOIRUFS,P24941,Q96SW2,0,0.10646844655275345,0,707.5749999999998,2.8431000000000006,176.91,O=C1CCC(N2C(=O)C3=CC=C(N4CCC(N5CCC(NC(=O)C6=N[NH]C=C6NC(=O)C6=C(Cl)C=CC=C6Cl)CC5)C4)C=C3C2=O)C(=O)N1
IRRDUSVGQNEVTI,P03372,Q96SW2,0,0.6249603629112244,1,765.955,5.680500000000006,105.66,O=C1CCC(N2CC3=CC(N4CCN(C5CC6(C5)CN(CCOC5=CC=C([C@@H]7C8=CC=C(O)C=C8CC[C@@H]7C7=CC=CC=C7)C=C5)C6)CC4)=CC=C3C2=O)C(=O)N1
ISEXZTLVHYGCIH,P01116,Q96SW2,0,0.9802636504173279,1,1021.2269999999992,7.096300000000007,153.32999999999998,C#CC1=C(F)C=CC2=CC(O)=CC(C3=CC=C4C(N5CC6CCC(C5)N6)=NC(OCCN5CCC(CC6CCN(CC7CCN(C8=CC=C9C(=C8)N(C)C(=O)N9C8CCC(=O)NC8=O)CC7)CC6)CC5)=NC4=C3F)=C12
ISGZAZCWYIOENN,P03372,P40337,1,0.890362024307251,1,1015.2569999999996,6.784220000000009,155.60000000000002,CC1=C(C2=CC=C(CNC(=O)[C@@H]3C[C@@H](O)CN3C(=O)[C@@H](NC(=O)COCCN3CCN(CCOC4=CC(F)=C([C@@H]5C6=C(C[C@@H](C)N5CC(C)(C)F)C5=CC=CC=C5[NH]6)C(F)=C4)CC3)C(C)(C)C)C=C2)SC=N1
ISJULPZNFXWDMM,P09874,Q96SW2,0,0.9989080429077148,1,868.0959999999997,5.045600000000005,157.42000000000002,NC(=O)C1=CC=CC2=CN(C3=CC=C([C@@H]4CCCN(CCC5CCN(CCC6CCN(CC7CN(C8=CC=C9C(=O)N(C%10CCC(=O)NC%10=O)C(=O)C9=C8)C7)CC6)CC5)C4)C=C3)N=C12
ITBYGVDOJZWBJJ,O60885,Q96SW2,0,0.2952480912208557,0,780.3960000000003,4.181660000000004,202.56,CC1=C(C)C2=C(S1)N1C(C)=NN=C1[C@H](CC(=O)NCCCCCCCCC(=O)N[C@@H](CCCCN)C(=O)N[C@H]1CC(=O)NC1=O)N=C2C1=CC=C(Cl)C=C1
ITDXUECDKFMKGU,O60885,Q96SW2,0,0.2095104157924652,0,840.3629999999998,3.320360000000001,188.5,CC1=C(C)C2=C(S1)N1C(C)=NN=C1[C@H](CC(=O)N1CCN(CC(=O)NCCCOC3=CC=CC4=C3C(=O)N(C3CCC(=O)NC3=O)C4=O)CC1)N=C2C1=CC=C(Cl)C=C1
ITFVEYMZPFOFJY,P01116,Q96SW2,0,0.37431085109710693,0,1034.2259999999992,6.491300000000006,166.21999999999997,C#CC1=C(F)C=CC2=CC(O)=CC(C3=NC=C4C(N5CC6CCC(C5)N6)=NC(OCC5(CN6CCC(CC7CCN(CC8CN(C9=CC=C%10C(=C9)N(C)C(=O)N%10C9CCC(=O)NC9=O)C8)CC7)CC6)CC5)=NC4=C3F)=C12
ITLFOABDYWUBGN,P24941,Q96SW2,0,0.10611987113952637,0,846.8169999999997,4.582900000000003,180.15,O=C1CCC(N2C(=O)C3=CC=C(N4CCC(CN5CCC(CCN6CCC(NC(=O)C7=N[NH]C=C7NC(=O)C7=C(Cl)C=CC=C7Cl)CC6)CC5)CC4)C=C3C2=O)C(=O)N1
ITPRXUFQAIATQP,P03372,P40337,0,0.7151291370391846,1,943.224,6.508120000000009,156.8,CC1=C(C2=CC=C(CNC(=O)[C@@H]3C[C@@H](O)CN3C(=O)[C@@H](NC(=O)COCCN3CCN(CCOC4=CC=C([C@@H]5C6=CC=C(O)C=C6CC[C@@H]5C5=CC=CC=C5)C=C4)CC3)C(C)(C)C)C=C2)SC=N1
ITSNPCRTAAEVPC,Q92793,Q96SW2,0,0.9853326678276062,1,904.0409999999994,5.586400000000006,180.24,CC(=O)N1CCC2=C(C1)C(C1=CC=CC3=CC(C4=CC=C(C(=O)N5CCC(C6CCN(C7=CC=CC8=C7C(=O)N(C7CCC(=O)NC7=O)C8=O)CC6)CC5)N=C4)=NC=C13)=NN2C1CCOCC1
ITSRILWBOAUMKU,P11802,Q96SW2,1,0.09363609552383423,0,789.898,2.9670000000000023,203.86,O=C(CCCCN1CCN(C2=CC=C(NC3=NC=C4N=CC(=O)N(C5CCCC5)C4=N3)C=C2)CC1)NCCNC1=CC=CC2=C1C(=O)N(C1CCC(=O)NC1=O)C2=O
ITZXGDOGIKODRB,Q92918,Q96SW2,1,0.9627617001533508,1,721.2659999999998,6.1619000000000055,145.24,CCN1C=C(C2=C[NH]C3=NC=C(C4=CC=C(N5CCC(CC6CCN(C(=O)C7=CC=C(Cl)C(N8CCC(=O)NC8=O)=C7)CC6)CC5)N=C4)N=C23)C=N1
IVGNPUWRFBJCCN,P03372,Q96SW2,1,0.9998424649238586,1,750.9399999999999,7.4479000000000095,110.26000000000002,O=C1CCC(N2C(=O)C3=CC4=C(C=C3C2=O)CN(CCCCCC2CCN(C3=CC=C([C@@H]5C6=CC=C(O)C=C6CC[C@@H]5C5=CC=CC=C5)C=C3)CC2)C4)C(=O)N1
IVPRENIRIBNJBG,P03372,Q96SW2,1,0.4714488089084625,0,764.923,6.184300000000007,119.49,O=C1CC[C@H](N2CC3=C(C=CC4=C3OCC43CCN(C(=O)C4CCN(C5=CC=C([C@@H]6C7=CC=C(O)C=C7CC[C@@H]6C6=CC=CC=C6)C=C5)CC4)CC3)C2=O)C(=O)N1
IVXQINIZGYXEJQ,P03372,Q96SW2,0,0.9998390674591064,1,777.878,6.043600000000007,141.61,O=C1CCC(N2C(=O)C3=CC=C(OCCN4CCN(C5=CC=C(OC6=CC=C([C@@H]7C8=CC=C(O)C=C8CC[C@@H]7C7=CC=CC=C7)C=C6)N=C5)CC4)C=C3C2=O)C(=O)N1
IXBCMKKLQPZOMV,P06239,Q96SW2,1,0.9155662059783936,1,825.4839999999997,6.614140000000006,138.92999999999995,CC1=NC(NC2=NC=C(C(=O)NC3=C(C)C=CC=C3Cl)S2)=CC(N2CCN(CCCN3CCC4(CC3)CCN(C3=CC=C(C5CCC(=O)NC5=O)C=C3)CC4)CC2)=N1
IYFKRANQUJUTKF,P37840,Q96SW2,0,0.31079167127609253,0,767.796,2.5636,211.54,O=C(CNC1=CC=CC(C2=CC(C3=CC=C4OCOC4=C3)=N[NH]2)=C1)NCCOCCOCCOCCNC1=CC=CC2=C1C(=O)N(C1CCC(=O)NC1=O)C2=O
JAACHRNVNHCLBW,P24941,Q96SW2,0,0.6901587247848511,1,735.6289999999998,3.480800000000001,176.91,O=C1CCC(N2C(=O)C3=CC=C(N4CCC(CN5CCC(NC(=O)C6=N[NH]C=C6NC(=O)C6=C(Cl)C=CC=C6Cl)CC5)CC4)C=C3C2=O)C(=O)N1
JBTHUOYYUUPUOZ,P51531,P40337,0,0.9308155179023743,1,1064.1799999999996,9.95002,154.17000000000002,CC1=C(C2=CC=C([C@H](CC[C@H](C)CCN3CCC(C4=CC=C5C(=C4)N(C4CCCC4)C4=NC(=O)C6=C(Br)C=CC=C6N54)CC3)NC(=O)[C@@H]3C[C@@H](O)CN3C(=O)[C@@H](NC(=O)C3(F)CC3)C(C)(C)C)C=C2)SC=N1
JBXSWHJQZJJXBZ,Q92918,Q96SW2,0,0.13226619362831116,0,806.9239999999999,5.325920000000004,168.98000000000002,CC1=CC(C2=C[NH]C3=NC=C(C4=CC=C(C5CCN(C(=O)C6CCN(C7=CC=C8C(=O)N(C9CCC(=O)NC9=O)C(=O)C8=C7)CC6)CC5)C=C4)N=C23)=CC=C1C(=O)N(C)C
JCHASSLZOGHKHL,P01116,Q96SW2,0,0.037752751260995865,0,953.0449999999994,4.886000000000005,202.97,CCC1=CC=CC2=CC(O)=CC(C3=NC=C4C(N5CC6CCC(C5)N6)=NC(OC[C@@]56CCCN5[C@H](OC(=O)N5CCN(C7=CC=C8C(=O)N(C9CCC(=O)NC9=O)C(=O)C8=C7)CC5)CC6)=NC4=C3F)=C12
JDHSDRNQZAVOGP,Q92918,Q96SW2,0,0.09030105918645859,0,766.859,4.911520000000003,177.76999999999998,CC1=CC(C2=C[NH]C3=NC=C(C4=CC=C(C5CCN(C(=O)CCNC6=CC=CC7=C6C(=O)N(C6CCC(=O)NC6=O)C7=O)CC5)C=C4)N=C23)=CC=C1C(=O)N(C)C
JDQGWTMLOHNUSV,P24941,Q96SW2,0,0.3573639988899231,0,804.7359999999998,3.412600000000002,180.15,O=C1CCC(N2C(=O)C3=CC=C(N4CC(CN5CCC(CN6CCC(NC(=O)C7=N[NH]C=C7NC(=O)C7=C(Cl)C=CC=C7Cl)CC6)CC5)C4)C=C3C2=O)C(=O)N1
JDRDALVTZCWYCS,P24941,Q96SW2,0,0.5206358432769775,1,742.8009999999998,2.3321,204.65,O=C1CCC(N2C(=O)C3=CC=C(N4CC(CN5CCN(CC6=CC=C(NC(=O)C7=N[NH]C=C7NC7=NC=NC8=C7C=C[NH]8)C=C6)CC5)C4)C=C3C2=O)C(=O)N1
JDVSENGAVOVVHS,Q9NWZ3,Q96SW2,1,0.028513874858617783,0,857.9639999999998,4.426900000000003,175.14999999999998,CN(CCCOCCCC1=CC=CC2=C1N(C)C(=O)N2C1CCC(=O)NC1=O)C[C@H]1CC[C@H](N2C=C(NC(=O)C3=C4N=C(N5C[C@@H]6C[C@H]5CO6)C=CN4N=C3)C(C(F)F)=N2)CC1
JDYBGBPAMLEXPQ,P03372,Q96SW2,1,0.5138320922851562,1,807.992,6.116300000000006,114.89,O=C1CC[C@H](N2CC3=C(C=CC4=C3OC[C@H]3CN(CC5CCC6(CCN(C7=CC=C([C@@H]8C9=CC=C(O)C=C9CC[C@@H]8C8=CC=CC=C8)C=C7)CC6)O5)CCN43)C2=O)C(=O)N1
JEJOSVAWAGNRAP,P03372,Q96SW2,0,0.7971206307411194,1,759.8980000000001,6.331900000000007,96.43,O=C1CCC(N2CC3=C(C=CC(N4CCN(CC5CCN(C6=CC=C([C@H]7C8=CC=C(O)C=C8CC[C@H]7C7=CC=C(F)C=C7)C=C6)CC5)CC4)=C3F)C2=O)C(=O)N1
JFSVSFBLGUFRRC,O60885,Q96SW2,1,0.23913995921611786,0,793.3939999999999,5.726660000000005,141.89,CC1=C(C)C2=C(S1)N1C(C)=NN=C1[C@H](CC(=O)NCCN1CC3(CCC(C4=CC=C5C(=O)N(C6CCC(=O)NC6=O)CC5=C4)CC3)C1)N=C2C1=CC=C(Cl)C=C1
JGIOMPGGEFKPSU,Q92793,Q96SW2,0,0.8069760799407959,1,819.9139999999995,5.1859000000000055,145.98,CC(=O)N1CCC2=C(C1)C(N1CCCC3=CC(C4=NN(C)C=C4)=C(C(F)F)C=C31)=NN2CC1CCC(N2CC3=CC4=C(C=C3C2)C(=O)N(C2CCC(=O)NC2=O)C4=O)CC1
JGLKHXACODUKAA,Q08881,Q96SW2,1,0.9671255350112915,1,786.9380000000001,3.508100000000004,168.87,CC1(C)CCC2=C(C1)[NH]N=C2C(=O)NC1=CN([C@@H](CCN2CCN(CC3CN(C4=CC=C5C(=O)N(C6CCC(=O)NC6=O)C(=O)C5=C4)C3)CC2)C2=CC=CC=C2)N=C1
JGSHALKSNDEZMT,P40763,Q96SW2,0,0.1722884476184845,0,1114.1350000000002,2.62880000000001,307.05,CN1CC[C@H]2CC[C@@H](C(=O)N[C@@H](CCC(N)=O)C(=O)N[C@H](C(=O)NCCCCC#CC3=CC=CC4=C3CN(C3CCC(=O)NC3=O)C4=O)C3=CC=CC=C3)N2C(=O)[C@@H](NC(=O)C2=CC3=CC(C(F)(F)P(=O)(O)O)=CC=C3S2)C1
JGXDPWZXCKIGCC,Q92918,Q96SW2,1,0.37236058712005615,0,757.2459999999996,6.407100000000007,145.24,O=C1CCN(C2=CC(C(=O)N3CCC(CC4CCN(C5=CC=C(C6=CN=C7[NH]C=C(C8=CN(CC(F)F)N=C8)C7=N6)C=N5)CC4)CC3)=CC=C2Cl)C(=O)N1
JGZZWIGUYGIMSC,P01116,Q96SW2,0,0.6353632807731628,1,979.1459999999994,5.985100000000006,159.59999999999997,C#CC1=C(F)C=CC2=CC(O)=CC(C3=NC=C4C(N5CC6CCC(C5)N6)=NC(OCCN5CCC6(CC5)CCN(CC5CCN(C7=CC=C8C(=O)N(C9CCC(=O)NC9=O)CC8=C7)CC5)CC6)=NC4=C3F)=C12
JHVZXEQESAUISG,Q06187,Q96SW2,1,0.87342369556427,1,940.5459999999996,7.643700000000008,181.96,O=C1CCC(N2CC3=CC=C(N4CCC(CCN5CCC(CC(=O)N[C@H]6CC[C@@H](NC7=NC=NC8=C7C(C(=O)C7=CC=C(OC9=CC=CC=C9)C=C7Cl)=C[NH]8)CC6)CC5)CC4)C=C3C2=O)C(=O)N1
JHWDFSXFSRGZNA,P09874,Q96SW2,0,0.6412893533706665,1,731.854,5.074400000000004,176.8,NC(=O)C1=CC=CC2=CN(C3=CC=C([C@@H]4CCCN(C(=O)CCCCCCCCNC5=CC=C6C(=O)N(C7CCC(=O)NC7=O)C(=O)C6=C5)C4)C=C3)N=C12
JIAQFYBZFXKVGG,Q92918,Q96SW2,0,0.18337072432041168,0,792.9409999999998,5.799320000000005,151.91000000000005,CC1=CC(C2=C[NH]C3=NC=C(C4=CC=C(C5CCN(CC6CCN(C7=CC=C8C(=O)N(C9CCC(=O)NC9=O)C(=O)C8=C7)CC6)CC5)C=C4)N=C23)=CC=C1C(=O)N(C)C
JITDKOVFOBYSTL,Q92793,Q96SW2,1,0.5743733644485474,1,810.9029999999997,4.513500000000004,148.47,CC(=O)N1CCC2=C(C1)C(N1CCCC3=CC(C(C)C)=C(C(F)F)C=C31)=NN2C1CCN(C(=O)CN2CC3=CC4=C(C=C3C2)C(=O)N(C2CCC(=O)NC2=O)C4=O)CC1
JJAOKTCUPOPPCN,P03372,Q96SW2,0,0.3729216456413269,0,742.896,5.540800000000005,109.32,O=C1CCC(N2CC3=NC(N4CCN(CC5(F)CCN(C6=CC=C([C@@H]7C8=CC=C(O)C=C8CC[C@@H]7C7=CC=CC=C7)C=C6)CC5)CC4)=CC=C3C2=O)C(=O)N1
JJTZDEMRCYDOLS,P50750,Q96SW2,1,0.5107467770576477,1,837.9579999999999,4.006400000000003,196.85,CC[C@@H](CO)NC1=NC2=C(C(C)C)C=NN2C(NCC2=CC=C(NC(=O)N3CCN(C4CCN(C5=CC6=C(C=C5F)C(=O)N(C5CCC(=O)NC5=O)C6=O)CC4)CC3)C=C2)=C1
JJWLIXJPPKOFQJ,Q92793,Q96SW2,1,0.44447046518325806,0,795.9009999999998,4.409400000000003,180.75,CC(=O)N1CCC2=C(C1)C(C1=CC=CC3=CC(C4=CC=C(C(=O)NCCCNC5=CC=C6C(=O)N(C7CCC(=O)NC7=O)CC6=C5)N=C4)=NC=C13)=NN2C1CCOCC1
JKRQXHCPIBZINH,P01116,Q96SW2,0,0.47948330640792847,0,950.1039999999994,6.689400000000007,156.36,C#CC1=C(F)C=CC2=CC(O)=CC(C3=NC=C4C(N5CC6CCC(C5)N6)=NC(OCC5(CN6CCC(CC7CCN(C8=CC=C9C(=O)N(C%10CCC(=O)NC%10=O)CC9=C8)CC7)CC6)CC5)=NC4=C3F)=C12
JLMFQUVPPKMJDH,P01116,Q96SW2,0,0.985088586807251,1,1068.258999999999,7.674300000000009,166.21999999999997,C#CC1=C(F)C=CC2=CC(O)=CC(C3=NC=C4C(N5CC6CCC(C5)N6)=NC(OCCN5CCC(CC6CCN(CC7CCN(C8=CC=C9C(=C8F)N(C(C)C)C(=O)N9C8CCC(=O)NC8=O)CC7)CC6)CC5)=NC4=C3F)=C12
JLSDHTOSWKIMIP,P01116,Q96SW2,0,0.14616866409778595,0,1040.204999999999,6.583400000000006,166.21999999999997,C#CC1=C(F)C=CC2=CC(O)=CC(C3=NC=C4C(N5CC6CCC(C5)N6)=NC(OCCN5CCC(F)(CC6CCN(CC7CCN(C8=CC=C9C(=C8)N(C)C(=O)N9C8CCC(=O)NC8=O)CC7)CC6)CC5)=NC4=C3F)=C12
JLTNQZFNQLUGOC,P03372,Q96SW2,0,0.9517260193824768,1,749.8679999999999,4.709800000000004,130.57,O=C1CCC(N2C(=O)C3=CC4=C(C=C3C2=O)CN(CC(=O)N2CC3(CCN(C5=CC=C([C@@H]6C7=CC=C(O)C=C7CC[C@@H]6C6=CC=CC=C6)C=C5)C3)C2)C4)C(=O)N1
JLTPUUTXJFECDU,P03372,Q96SW2,1,0.8586054444313049,1,791.0049999999999,7.43790000000001,102.42,O=C1CC[C@H](N2CC3=C(C=CC4=C3OCC43CCN(CC4CC5(CCN(C6=CC=C([C@@H]7C8=CC=C(O)C=C8CC[C@@H]7C7=CC=CC=C7)C=C6)CC5)C4)CC3)C2=O)C(=O)N1
JMIDUPXMGAGLDO,P40763,Q96SW2,0,0.06459405273199081,0,1218.2339999999997,3.899400000000009,298.26,CCN1CC[C@H]2CC[C@@H](C(=O)N[C@@H](CCC(N)=O)C(=O)N[C@@H](CC3=CC=C(F)C(F)=C3)C(=O)N3CCC(CCC#CC4=CC=CC5=C4CN(C4CCC(=O)NC4=O)C5=O)CC3)N2C(=O)[C@@H](NC(=O)C2=CC3=CC(C(F)(F)P(=O)(O)O)=CC=C3S2)C1
JNAQDGFRVGMPDL,O60885,Q96SW2,0,0.7998259663581848,1,967.0149999999994,6.516520000000008,196.41000000000005,CC1=CC=C(C(C)C)C=C1OC1=NC=CC(C2=C(C3=CC=C(C(F)(F)F)C=C3)N=CN2C2CCN(CCOCCOCCNC(=O)COC3=CC=CC4=C3C(=O)N(C3CCC(=O)NC3=O)C4=O)CC2)=N1
JNBFRLRAULBTTO,P03372,Q96SW2,1,0.6235601305961609,1,823.0029999999998,6.400800000000007,120.88,O=C1CC[C@H](N2CC3=C(C=CC4=C3OCC43CCN(CC4COC5(CCN(C6=CC=C([C@@H]7C8=CC=C(O)C=C8CC[C@@H]7C7=CC=CC=C7)C=C6)CC5)OC4)CC3)C2=O)C(=O)N1
JNESGEBHIQTVTD,Q06187,Q96SW2,1,0.9997369050979614,1,831.8939999999998,4.467900000000002,202.08,NC1=NC=NC2=C1C(C1=CC=C(OC3=CC=CC=C3)C=C1)=NN2C1CCN(C(=O)C2=CC=C(N3CCN(C4=CC=C5C(=O)N(C6CCC(=O)NC6=O)C(=O)C5=C4)CC3)N=C2)CC1
JNTVYQDGZFPURZ,P11802,Q96SW2,0,0.8663899898529053,1,774.8829999999998,4.157600000000003,191.83,O=C1CCC(N2C(=O)C3=CC=CC(NC(=O)CCCCCCN4CCN(C5=CC=C(NC6=NC=C7N=CC(=O)N(C8CCCC8)C7=N6)C=C5)CC4)=C3C2=O)C(=O)N1
JOAPUHSOSFLPQT,P01116,Q96SW2,0,0.010027177631855011,0,939.1059999999994,5.285500000000005,176.66999999999996,CCC1=CC=CC2=CC(O)=CC(C3=NC=C4C(N5CC6CCC(C5)N6)=NC(OCCN5CCC(C(C)(C)N6CCN(C7=CC=C8C(=O)N(C9CCC(=O)NC9=O)C(=O)C8=C7)CC6)CC5)=NC4=C3F)=C12
JOPGQIZLLSYHFY,P03372,Q96SW2,0,0.9999346137046814,1,763.9389999999999,5.8193000000000055,113.5,O=C1CCC(N2C(=O)C3=CC4=C(C=C3C2=O)CN(CC2CN(CC3CCN(C5=CC=C([C@@H]6C7=CC=C(O)C=C7CC[C@@H]6C6=CC=CC=C6)C=C5)CC3)C2)C4)C(=O)N1
JPHQXKUCNCWZFO,P51531,P40337,1,0.7047424912452698,1,932.5879999999996,8.571620000000006,155.91999999999996,CC1=C(C2=CC=C([C@H](C)NC(=O)[C@@H]3C[C@@H](O)CN3C(=O)[C@@H](C3=CC(OCC(C)CN4CCC(C5=CC=C6C(=C5)C(C)(C)C5=NC(=O)C7=C(Cl)C=CC=C7N65)CC4)=NO3)C(C)C)C=C2)SC=N1
JQVRKLODHZNHPT,P33981,Q96SW2,0,0.9855713844299316,1,832.9229999999997,3.158300000000001,235.03,CN1C(=O)CCC(N2C(=O)C3=CC=CC(NC(=O)CCCC(=O)NCC(=O)N4CCN(C5=CC=C(NC6=NC(NC7CCCCC7)=C7N=C[NH]C7=N6)C=C5)CC4)=C3C2=O)C1=O
JRGCGYYFOJDXJB,P01116,Q96SW2,0,0.9397618174552917,1,1019.2149999999992,5.586200000000005,149.23000000000002,C#CC1=C(F)C=CC2=CC=CC(C3=NC=C4C(N5CC6CCC(C5)N6)=NC(OC[C@@]56CCCN5[C@H](CN5CCN(CC7CCN(C8=CC=C9C(=C8)N(C)C(=O)N9C8CCC(=O)NC8=O)CC7)CC5)CC6)=NC4=C3F)=C12
JRIMCBDHDPCIQH,Q9NWZ3,Q96SW2,1,0.08451242744922638,0,844.9689999999997,3.859000000000004,177.95,CN(CCCOCCCC1=CC=CC2=C1N(C)C(=O)N2C1CCC(=O)NC1=O)C[C@H]1CC[C@H](N2C=C(NC(=O)C3=C4N=C(N5CCNCC5)C=CN4N=C3)C(C(F)F)=N2)CC1
JRMRZEZYXIMMJI,Q9H8M2,Q96SW2,1,0.5353567004203796,1,744.849,4.026900000000003,143.38,COC1=CC(C2=CN(C)C(=O)C3=CN=CC=C23)=CC(OC)=C1C(=O)N1CCC2(CC1)CC(CN1CC3=CC4=C(C=C3C1)C(=O)N(C1CCC(=O)NC1=O)C4)C2
JRNFTJXJPJEMDR,Q92793,Q96SW2,1,0.8823144435882568,1,850.9489999999994,5.118600000000004,148.47,CC(=O)N1CCC2=C(C1)C(N1CCCC3=CC(C4=CC=CS4)=C(C(F)F)C=C31)=NN2C1CCN(C(=O)CN2CC3=CC4=C(C=C3C2)C(=O)N(C2CCC(=O)NC2=O)C4=O)CC1
JSJNRSSILOESKP,P51531,P40337,0,0.39533835649490356,0,833.0319999999998,4.497520000000003,203.03000000000003,CC1=C(C2=CC=C([C@H](C)NC(=O)[C@@H]3C[C@@H](O)CN3C(=O)[C@@H](NC(=O)CC3=CC=NC(N4CCN(C5=CC(C6=CC=CC=C6O)=NN=C5N)CC4)=C3)C(C)(C)C)C=C2)SC=N1
JSLJXCMFGCYXEV,P03372,Q96SW2,0,0.8127872943878174,1,763.8950000000001,5.099900000000004,130.57,O=C1CCC(N2C(=O)C3=CC4=C(C=C3C2=O)CN(CC(=O)N2CCC3(CC2)CN(C2=CC=C([C@@H]5C6=CC=C(O)C=C6CC[C@@H]5C5=CC=CC=C5)C=C2)C3)C4)C(=O)N1
JSOJSELRECLYBC,P03372,Q96SW2,0,0.9949256181716919,1,777.9219999999999,5.345900000000005,130.57,O=C1CCC(N2C(=O)C3=CC4=C(C=C3C2=O)CN(C(=O)C2CCN(CC3CN(C5=CC=C([C@@H]6C7=CC=C(O)C=C7CC[C@@H]6C6=CC=CC=C6)C=C5)C3)CC2)C4)C(=O)N1
JSQFSAUVTNADLF,P08581,Q96SW2,0,0.2761981785297394,0,848.7599999999999,7.097500000000006,179.04999999999998,C[C@@H](OC1=CC(C2=CN(C3CCN(C(=O)CCCCCCCOC4=CC=CC5=C4C(=O)N(C4CCC(=O)NC4=O)C5=O)CC3)N=C2)=CN=C1N)C1=C(Cl)C=CC(F)=C1Cl
JSRVLXCZJSLCIE,P03372,Q96SW2,1,0.49746817350387573,0,820.0029999999998,5.870100000000006,122.73,O=C1CC[C@H](N2CC3=C(C=CC4=C3OCC43CCN(CC(=O)N4CC5(CCN(C6=CC=C([C@@H]7C8=CC=C(O)C=C8CC[C@@H]7C7=CC=CC=C7)C=C6)CC5)C4)CC3)C2=O)C(=O)N1
JSSQQBFOZFHGQK,P01116,Q96SW2,0,0.9116082787513733,1,1022.214999999999,4.933700000000005,162.83999999999995,C#CC1=C(F)C=CC2=CC(O)=CC(C3=NC=C4C(N5CC6CCC(C5)N6)=NC(OC[C@@]56CCCN5[C@H](CN5CCN(CC7CCN(C8=CCC9C(=O)N(C%10CCC(=O)NC%10=O)CC9=C8)CC7)CC5)CC6)=NC4=C3F)=C12
JTXHXYXYGGEYBL,P25440,Q96SW2,0,0.2813661992549896,0,698.765,3.317020000000001,144.55,CC1=NN=C2COCC3=C(SC(C#CC4=CN(C5CN(C6=CC=CC7=C6C(=O)N(C6CCC(=O)NC6=O)C7=O)C5)N=C4)=C3CC3=CC=CC=C3)N12
JXHPWXKTNOBJEO,P01116,Q96SW2,0,0.13750314712524414,0,966.1069999999992,5.075000000000005,166.21999999999997,C#CC1=C(F)C=CC2=CC(O)=CC(C3=NC=C4C(N5CC6CCC(C5)N6)=NC(OCC5(CN6CCC(CN7CCN(C8=CC=C9C(=C8)N(C)C(=O)N9C8CCC(=O)NC8=O)CC7)CC6)CC5)=NC4=C3F)=C12
JYFDCQYCCGNSLT,Q9NWZ3,Q96SW2,1,0.8767868280410767,1,896.0129999999996,5.130400000000004,175.14999999999998,CN1C(=O)N(C2CCC(=O)NC2=O)C2=CC=CC([C@H]3C[C@H](COC4CCN(C[C@H]5CC[C@H](N6C=C(NC(=O)C7=C8N=C(N9C[C@H]%10C[C@@H]9CO%10)C=CN8N=C7)C(C(F)F)=N6)CC5)CC4)C3)=C21
JYMXBPOHAJNIQZ,P01116,Q96SW2,0,0.9572088122367859,1,1069.2469999999992,6.189800000000006,169.45999999999998,C#CC1=C(F)C=CC2=CC(O)=CC(C3=NC=C4C(N5CC6CCC(C5)N6)=NC(OCCN5CCC(CN6CCN(CC7CCN(C8=CC=C9C(=C8F)N(C(C)C)C(=O)N9C8CCC(=O)NC8=O)CC7)CC6)CC5)=NC4=C3F)=C12
JYTKFPGXQWYDJN,P03372,Q96SW2,0,0.3676423728466034,0,724.906,5.448700000000005,109.32,O=C1CCC(N2CC3=NC(N4CCN(CC5CCN(C6=CC=C([C@@H]7C8=CC=C(O)C=C8CC[C@@H]7C7=CC=CC=C7)C=C6)CC5)CC4)=CC=C3C2=O)C(=O)N1
JZSBEVUPYXMLNW,P03372,Q96SW2,0,0.9898864030838013,1,748.8800000000002,6.609200000000009,121.3,O=C1CCC(N2CC3=CC(C4=CC=C(O[C@H]5CCN(CCOC6=CC=C([C@@H]7C8=CC=C(O)C=C8CC[C@@H]7C7=CC=CC=C7)C=C6)C5)N=C4)=CC=C3C2=O)C(=O)N1
KAEKKDMNWPBDJG,P40763,Q96SW2,0,0.04483761265873909,0,1149.225,2.5391000000000084,310.29,CN1CC[C@H]2CC[C@@H](C(=O)N[C@@H](CCC(=O)NN)C(=O)N[C@H](C(=O)N3CCC(CCC#CC4=CC=CC5=C4CN(C4CCC(=O)NC4=O)C5=O)CC3)C(C)(C)C)N2C(=O)[C@@H](NC(=O)C2=CC3=CC(C(F)(F)P(=O)(O)O)=CC=C3S2)C1
KBRMZLCZKKMRCU,P03372,Q96SW2,1,0.8590534925460815,1,793.021,7.828000000000011,102.42,O=C1CC[C@H](N2CC3=C(C=CC4=C3OCC43CCN(CCCCC4CCN(C5=CC=C([C@@H]6C7=CC=C(O)C=C7CC[C@@H]6C6=CC=CC=C6)C=C5)CC4)CC3)C2=O)C(=O)N1
KBVMPLTYXHSHLH,P10275,Q96SW2,1,0.9975084662437439,1,790.3249999999997,4.156280000000002,163.15,C[C@H]1CC2(CCN(C3=CN=C(C(=O)N4CCC(CN5CC6=CC7=C(C=C6C5)C(=O)N(C5CCC(=O)NC5=O)C7=O)CC4)C=N3)CC2)CN1C1=CC=C(C#N)C(Cl)=C1
KCISDTKUQMDSAB,P01116,Q96SW2,0,0.2175021767616272,0,967.1159999999992,5.630500000000006,177.11,CCC1=CC=CC2=CC(O)=CC(C3=NC=C4C(N5CC6CCC(C5)N6)=NC(OC[C@]56CCCN5[C@@H](COC(=O)N5CCN(C7=CC=CC8=C7CN(C7CCC(=O)N(C)C7=O)C8=O)CC5)CC6)=NC4=C3F)=C12
KCOUHHCBWGTRAA,P33981,Q96SW2,0,0.08537305146455765,0,761.8439999999998,3.699900000000001,214.72,O=C1CCC(N2C(=O)C3=CC=CC(NC(=O)CCCC(=O)N4CCN(C5=CC=C(NC6=NC(NC7CCCCC7)=C7N=C[NH]C7=N6)C=C5)CC4)=C3C2=O)C(=O)N1
KDCYYVAKGGBCRY,Q08881,Q96SW2,1,0.31187158823013306,0,895.0309999999995,2.9640000000000084,231.21,CN(CCOCCOCCOCCNC(=O)CNC1=CC=CC2=C1C(=O)N(C1CCC(=O)NC1=O)C2=O)CC[C@@H](C1=CC=CC=C1)N1C=C(NC(=O)C2=N[NH]C3=C2CCC(C)(C)C3)C=N1
KDTNFRBAMMZQLW,P03372,Q96SW2,0,0.8107132911682129,1,726.8740000000003,6.0266000000000055,119.49,O=C1CCC(N2C(=O)C3=CC=C(N4CCN(CCCCCOC5=CC=C([C@@H]6C7=CC=C(O)C=C7CC[C@@H]6C6=CC=CC=C6)C=C5)CC4)C=C3C2=O)C(=O)N1
KFODTDSGVNLISY,Q06187,Q96SW2,1,0.9644347429275513,1,908.0329999999994,3.5751000000000026,207.34,C[C@H]1CN(C(=O)CNC2=CC=CC3=C2CN(C2CCC(=O)NC2=O)C3=O)CCN1C1=CC=C(NC2=CC(C3=CC=NC(N4CCN5C(=CC6=C5CC(C)(C)C6)C4=O)=C3CO)=CN(C)C2=O)N=C1
KGHDNYQIHSSPRB,Q06187,Q96SW2,1,0.9992998242378235,1,849.9499999999998,2.2813000000000043,232.81,CN1CCN([C@@H]2CCCN(C3=CN=C(C(N)=O)C(NC4=CC=C(C5CCN(C(=O)CCOCCNC6=CC=CC7=C6C(=O)N([C@H]6CCC(=O)NC6=O)C7=O)CC5)C=C4)=N3)C2)C1=O
KHIURKSPHCFKCV,P01116,P40337,1,0.0056264083832502365,0,1103.3509999999997,7.7738200000000095,207.5,CCC1=C(F)C=CC2=CC(O)=CC(C3=NC=C4C(N5C[C@@H]6CC[C@H](C5)N6)=NC(OC[C@@H]5CCCN5CCCCOCC(=O)N[C@H](C(=O)N5C[C@H](O)C[C@H]5C(=O)N[C@@H](C)C5=CC=C(C6=C(C)N=CS6)C=C5)C(C)(C)C)=NC4=C3F)=C12
KHOMKHHKZYGMFE,P24941,Q96SW2,0,0.1934395581483841,0,749.6559999999998,3.8709000000000016,176.91,O=C1CCC(N2C(=O)C3=CC=C(N4CCC(CCN5CCC(NC(=O)C6=N[NH]C=C6NC(=O)C6=C(Cl)C=CC=C6Cl)CC5)CC4)C=C3C2=O)C(=O)N1
KLYSMYCRNSVSBN,P03372,Q96SW2,0,0.7890713810920715,1,737.9449999999998,6.443800000000007,96.43,C[C@@]1(N2CC3=CC(N4CCN(CC5CCN(C6=CC=C([C@@H]7C8=CC=C(O)C=C8CC[C@@H]7C7=CC=CC=C7)C=C6)CC5)CC4)=CC=C3C2=O)CCC(=O)NC1=O
KMHPNLLKJABVEG,P09874,Q96SW2,0,0.09292075783014297,0,853.93,2.426700000000004,222.95000000000005,NC(=O)C1=CC=CC2=CN(C3=CC=C([C@@H]4CCCN(C(=O)COCCOCCOCCOCCOCCNC5=CC=C6C(=O)N(C7CCC(=O)NC7=O)C(=O)C6=C5)C4)C=C3)N=C12
KMQQCGMHNQZQAT,P03372,Q96SW2,0,0.6383512616157532,1,723.918,6.242500000000006,105.22,O=C1CCC(N2CC3=CC(N4CCC(NC5CCN(C6=CC=C([C@@H]7C8=CC=C(O)C=C8CC[C@@H]7C7=CC=CC=C7)C=C6)CC5)CC4)=CC=C3C2=O)C(=O)N1
KMRPJSGSHASTCU,Q92793,Q96SW2,0,0.5731277465820312,1,793.8319999999998,4.088600000000003,163.04999999999998,CC(=O)N1CCC2=C(C1)C(N1CCCC3=CC(C4=CN(C)N=C4)=C(C(F)F)C=C31)=NN2C1CCN(C(=O)C2=CC=CC3=C2C(=O)N(C2CCC(=O)NC2=O)C3=O)CC1
KMYFHJHTJAUVMF,P62942,Q96SW2,1,0.4495267868041992,0,919.0859999999994,4.128700000000006,244.71,CCC(C)(C)C(=O)C(=O)N1CCCC[C@H]1C(=O)O[C@H](CCC1=CC=C(OC)C(OC)=C1)C1=CC=CC(NC(=O)CCC(=O)NCCCCCCC(=O)N[C@@H](C)C(=O)N[C@H]2CC(=O)NC2=O)=C1
KNADHPZWCDESPW,P33981,Q96SW2,0,0.5582777261734009,1,833.9319999999999,3.9643000000000015,231.78999999999996,CC(C)S(=O)(=O)C1=CC=CC=C1NC1=NC(NC2=CC=C(N3CCN(CCCC(=O)NC4=CC=CC5=C4C(=O)N(C4CCC(=O)NC4=O)C5=O)CC3)C=C2)=NC2=C1N=C[NH]2
KNQONRDAELENAD,P03372,Q96SW2,0,0.9371451139450073,1,780.844,6.443900000000008,119.49,O=C1CCC(N2C(=O)C3=CC=C(N4CCN(CCCCCOC5=CC=C([C@@H]6C7=CC(F)=C(O)C(F)=C7CC[C@@H]6C6=CC=C(F)C=C6)C=C5)CC4)C=C3C2=O)C(=O)N1
KNZBNFZCBUUGFF,P03372,Q96SW2,0,0.7554022669792175,1,750.9440000000001,5.838800000000005,109.32,O=C1CCC(N2CC3=NC(N4CCN(CC5CC6(CCN(C7=CC=C([C@@H]8C9=CC=C(O)C=C9CC[C@@H]8C8=CC=CC=C8)C=C7)C6)C5)CC4)=CC=C3C2=O)C(=O)N1
KNZQLGYCRUKXQY,Q9BY41,Q96SW2,1,0.07181878387928009,0,632.7620000000005,3.5813000000000024,165.80999999999997,CCCCCCNNC(=O)C1=CC=C(CNC(=O)CCCCCCNC2=CC=CC3=C2C(=O)N(C2CCC(=O)NC2=O)C3=O)C=C1
KONIXAAENWXDHK,P01116,Q96SW2,0,0.9718704223632812,1,1022.2149999999992,6.491300000000006,166.21999999999997,C#CC1=C(F)C=CC2=CC(O)=CC(C3=NC=C4C(N5CC6CCC(C5)N6)=NC(OCCN5CCC(CN6CCC(CC7CCN(C8=CC=C9C(=C8)N(C)C(=O)N9C8CCC(=O)NC8=O)CC7)CC6)CC5)=NC4=C3F)=C12
KPVPTAQOHQLCNM,P51531,P40337,1,0.8799508213996887,1,970.6849999999996,9.281620000000002,151.37,CC1=C(C2=CC=C([C@H](C)NC(=O)[C@@H]3C[C@@H](O)CN3C(=O)[C@@H](N3C=C([C@H]4CC[C@H](CN5CCC(C6=CC=C7C(=C6)N6C(=NC(=O)C8=C(Cl)C=CC=C86)C7(C)C)CC5)CC4)N=N3)C(C)(C)C)C=C2)SC=N1
KQYIIOGMBKKCCZ,P50750,Q96SW2,1,0.9982312321662903,1,861.7879999999999,4.818000000000003,213.61,O=C1CCC(N2C(=O)C3=CC=CC(OCCCCCCCCN4C=C(CCN5CCC(NC(=O)C6=C(NC(=O)C7=C(Cl)C=CC=C7Cl)C=N[NH]6)CC5)N=N4)=C3C2=O)C(=O)N1
KRPIEYYWXMOWMP,O60885,P40337,0,0.8944234848022461,1,993.6569999999996,7.57980000000001,209.83,CC1=NOC([C@H](C(=O)N2C[C@H](O)C[C@H]2C(=O)N[C@@H](CC(=O)NCCCCNC(=O)C[C@@H]2N=C(C3=CC=C(Cl)C=C3)C3=C(SC(C)=C3C)N3C(C)=NN=C23)C2=CC=C(C3=C(C)N=CS3)C=C2)C(C)C)=C1
KRVPZJHWNIRZJA,Q92918,Q96SW2,0,0.4312421679496765,0,833.9499999999998,4.229920000000003,172.21999999999997,CC1=CC(C2=C[NH]C3=NC=C(C4=CC=C(C5CCN(C6CN(C(=O)C7CN(C8=CC=C9C(=O)N(C%10CCC(=O)NC%10=O)C(=O)C9=C8)C7)C6)CC5)C=C4)N=C23)=CC=C1C(=O)N(C)C
KUFRQLJFJNPGTO,Q07889,Q96SW2,1,0.3433838486671448,0,926.4129999999992,5.703900000000006,183.4,COC1(C(=O)N2CC3=NC(Cl)=NC(N[C@H](C)C4=CC(N)=CC(C(F)(F)F)=C4)=C3C2)CCN(C(=O)CCCCN2CCC(C3=CC4=C(C=C3F)C(=O)N(C3CCC(=O)NC3=O)C4)CC2)CC1
KURBRTADELYHMR,P24941,Q96SW2,0,0.11925362050533295,0,832.7899999999997,4.192800000000002,180.15,O=C1CCC(N2C(=O)C3=CC=C(N4CCC(CN5CCC(CCN6CCC(NC(=O)C7=N[NH]C=C7NC(=O)C7=C(Cl)C=CC=C7Cl)CC6)CC5)C4)C=C3C2=O)C(=O)N1
KVDLSQZBDWJNSG,Q13546,P40337,0,0.7155225872993469,1,1007.3369999999996,10.628439999999996,204.84,CC1=NC=C(C2=CC=C3N=C(NC(=O)CCCCCCCCCCC(=O)N[C@H](C(=O)N4C[C@H](O)C[C@H]4C(=O)NCC4=CC=C(C5=C(C)N=CS5)C=C4)C(C)(C)C)SC3=C2)C=C1NC(=O)OC1CCCCC1
KVIBRHCHVACLEP,P40763,Q96SW2,0,0.09191825985908508,0,1128.162,3.01890000000001,307.05,CN1CC[C@H]2CC[C@@H](C(=O)N[C@@H](CCC(N)=O)C(=O)N[C@H](C(=O)NCCCCCC#CC3=CC=CC4=C3CN(C3CCC(=O)NC3=O)C4=O)C3=CC=CC=C3)N2C(=O)[C@@H](NC(=O)C2=CC3=CC(C(F)(F)P(=O)(O)O)=CC=C3S2)C1
KVNNMYZARVAXAH,P01116,Q96SW2,0,0.997395396232605,1,1007.1999999999992,6.621200000000007,159.59999999999997,C#CC1=C(F)C=CC2=CC(O)=CC(C3=NC=C4C(N5CC6CCC(C5)N6)=NC(OCCN5CCC(CC6CCN(CC7CCN(C8=CC=C9CN(C%10CCC(=O)NC%10=O)C(=O)C9=C8)CC7)CC6)CC5)=NC4=C3F)=C12
KVYJABKVKUTYLH,P51531,P40337,1,0.6829052567481995,1,957.6419999999996,8.773120000000006,149.93,CC1=C(C2=CC=C([C@H](C)NC(=O)[C@@H]3C[C@@H](O)CN3C(=O)[C@@H](C3=CC(N4CCC(CN5CCC(C6=CC=C7C(=C6)C(C)(C)C6=NC(=O)C8=C(Cl)C=CC=C8N76)CC5)CC4)=NO3)C(C)C)C=C2)SC=N1
KWHREFRVFQGWOC,P03372,Q96SW2,1,0.9775158166885376,1,777.9219999999998,5.345900000000005,130.57,O=C1CCC(N2C(=O)C3=CC4=C(C=C3C2=O)CN(CC2CN(C(=O)C3CCN(C5=CC=C([C@@H]6C7=CC=C(O)C=C7CC[C@@H]6C6=CC=CC=C6)C=C5)CC3)C2)C4)C(=O)N1
KWUVPIGIRSXRLS,P03372,Q96SW2,1,0.3331737816333771,0,791.949,5.089900000000005,122.73,O=C1CC[C@H](N2CC3=C(C=CC4=C3OCC43CCN(C(=O)CN4CC5(C4)CN(C4=CC=C([C@@H]6C7=CC=C(O)C=C7CC[C@@H]6C6=CC=CC=C6)C=C4)C5)CC3)C2=O)C(=O)N1
KWVWALGKWKFAOY,P40763,Q96SW2,0,0.13247686624526978,0,1154.2,3.3611000000000093,298.26,CN1CC[C@H]2CC[C@@H](C(=O)N[C@@H](CCC(N)=O)C(=O)N[C@H](CCC(=O)N3CCC(C#CC4=CC=CC5=C4CN(C4CCC(=O)NC4=O)C5=O)CC3)C3=CC=CC=C3)N2C(=O)[C@@H](NC(=O)C2=CC3=CC(C(F)(F)P(=O)(O)O)=CC=C3S2)C1
KXHYUMQIBXKYPG,O60885,P40337,1,0.8973103761672974,1,966.631,8.553880000000007,189.95999999999992,CC1=C(C2=CC=C([C@H](C)NC(=O)[C@@H]3C[C@@H](O)CN3C(=O)[C@@H](C3=CC(OCCCCCNC(=O)C[C@@H]4N=C(C5=CC=C(Cl)C=C5)C5=C(SC(C)=C5C)N5C(C)=NN=C45)=NO3)C(C)C)C=C2)SC=N1
KXPOIDVWNQGMHV,P03372,Q96SW2,0,0.9709585905075073,1,755.9349999999997,6.753800000000008,96.43,CC1C2=CC(N3CCN(CC4CCN(C5=CC=C([C@@H]6C7=CC=C(O)C=C7CC[C@@H]6C6=CC=CC=C6)C=C5F)CC4)CC3)=CC=C2C(=O)N1C1CCC(=O)NC1=O
KXXLNHXQEBCMQC,P01116,Q96SW2,0,0.0202709399163723,0,896.0809999999996,6.351200000000007,156.35999999999996,CCC1=CC=CC2=CC(O)=CC(C3=NC=C4C(N5CC6CCC(C5)N6)=NC(OCCN5CCC(CC6CCN(C7=CC=CC8=C7CN(C7CCC(=O)NC7=O)C8=O)CC6)CC5)=NC4=C3F)=C12
KYHAJKMOOZHQFA,P01116,P40337,0,0.004039243794977665,0,1085.361,7.63472000000001,207.5,CCC1=CC=CC2=CC(O)=CC(C3=NC=C4C(N5C[C@@H]6CC[C@H](C5)N6)=NC(OC[C@@H]5CCCN5CCCCOCC(=O)N[C@H](C(=O)N5C[C@H](O)C[C@H]5C(=O)N[C@@H](C)C5=CC=C(C6=C(C)N=CS6)C=C5)C(C)(C)C)=NC4=C3F)=C12
KYXYESGJSUXASK,P10275,Q96SW2,1,0.9982357025146484,1,789.3369999999996,4.761280000000005,150.26,C[C@H]1CC2(CCN(C3=CC=C(C(=O)N4CCC(CN5CC6=CC7=C(C=C6C5)C(=O)N(C5CCC(=O)NC5=O)C7=O)CC4)C=N3)CC2)CN1C1=CC=C(C#N)C(Cl)=C1
LAECKGLWOSIZEO,O60885,Q96SW2,0,0.5109558701515198,1,854.3899999999999,3.710460000000001,188.5,CC1=C(C)C2=C(S1)N1C(C)=NN=C1[C@H](CC(=O)N1CCN(CC(=O)NCCCCOC3=CC=CC4=C3C(=O)N(C3CCC(=O)NC3=O)C4=O)CC1)N=C2C1=CC=C(Cl)C=C1
LBBRZPMNWCJEJR,P33981,Q96SW2,0,0.7049999237060547,1,847.9149999999998,3.4909000000000017,248.85999999999996,CC(C)S(=O)(=O)C1=CC=CC=C1NC1=NC(NC2=CC=C(N3CCN(C(=O)CCC(=O)NC4=CC=CC5=C4C(=O)N(C4CCC(=O)NC4=O)C5=O)CC3)C=C2)=NC2=C1N=C[NH]2
LBOQQOZSFDCXGL,P25440,Q96SW2,0,0.11558251082897186,0,726.819,4.097220000000003,144.55,CC1=NN=C2COCC3=C(SC(C#CC4=CN(C5CCN(C6=CC=CC7=C6C(=O)N(C6CCC(=O)NC6=O)C7=O)CC5)N=C4)=C3CC3=CC=CC=C3)N12
LCDOWJXQUYPYLJ,P00533,Q96SW2,1,0.48360297083854675,0,843.8890000000002,4.970300000000004,178.94,CCS(=O)(=O)N1C=C(C2=NC(NC3=CC=C(N4CCN(CCC(=O)NC5=CC=CC6=C5CN(C5CCC(=O)NC5=O)C6=O)CC4)C=C3)=NC=C2C(F)(F)F)C2=CC=CC=C21
LCTDAEHHXXZLPR,P10275,Q96SW2,0,0.09533863514661789,0,736.752,3.859600000000002,160.35,O=C1CCC(N2CC3=C(NC(=O)COCCCCOC4=CC=C(C5CCN(C6=NN7C(=NN=C7C(F)(F)F)CC6)CC5)C=C4)C=CC=C3C2=O)C(=O)N1
LDBCCXBMENSDJX,P01116,Q96SW2,0,0.12257938832044601,0,993.1729999999992,7.603400000000009,162.97999999999996,C#CC1=C(F)C=CC2=CC(O)=CC(C3=NC=C4C(N5CC6CCC(C5)N6)=NC(OCC5(CN6CCC(CC7CCN(C8=CC=C9C(=C8)N(C(C)C)C(=O)N9C8CCC(=O)NC8=O)CC7)CC6)CC5)=NC4=C3F)=C12
LEUWQTQWZRMFBC,Q08881,Q96SW2,1,0.46575289964675903,0,761.8839999999998,4.494900000000002,191.49,CN(CCCCC(=O)NC1=CC=C2C(=O)N(C3CCC(=O)NC3=O)C(=O)C2=C1)CC[C@@H](C1=CC=CC=C1)N1C=C(NC(=O)C2=N[NH]C3=C2CCC(C)(C)C3)C=N1
LFEWLBGYDYYTPV,Q92918,Q96SW2,0,0.11772069334983826,0,695.78,5.087320000000004,148.67000000000002,CC1=CC(C2=C[NH]C3=NC=C(C4=CC=C(C5CCN(C6=CC=C7C(=O)N(C8CCC(=O)NC8=O)C(=O)C7=C6)CC5)C=C4)N=C23)=CC=C1C(=O)N(C)C
LFKQQSAMRGXAPP,P33981,Q96SW2,0,0.10497099161148071,0,818.8959999999996,2.8161000000000023,243.82000000000005,O=C(CCCC(=O)NC1=CC=CC2=C1C(=O)N(C1CCC(=O)NC1=O)C2=O)NCC(=O)N1CCN(C2=CC=C(NC3=NC(NC4CCCCC4)=C4N=C[NH]C4=N3)C=C2)CC1
LFMRXLMXCGNDAP,P10275,Q96SW2,0,0.9512612819671631,1,785.8430000000001,5.539980000000005,120.3,N#CC1=CC=C(N2CCC(C3=CC=C(N4CCC(CN5CCN(C6=CC=C7C(=O)N(C8CCC(=O)NC8=O)C(=O)C7=C6)CC5)CC4)C=C3)CC2)C(F)=C1C(F)(F)F
LFNMIAGMJGUCIW,Q06187,Q96SW2,1,0.9994924068450928,1,865.9959999999996,3.966700000000002,192.43,NC1=NC=NC2=C1C(C1=CC=C(OC3=CC=CC=C3)C=C1)=NN2C1CCN(C(=O)CN2CCN(CC3CCN(C4=CC=C5C(=O)N(C6CCC(=O)NC6=O)C(=O)C5=C4)CC3)CC2)CC1
LGKKOKNDCIZXCI,P01116,Q96SW2,0,0.30569779872894287,0,925.0539999999996,5.779300000000005,162.97999999999996,C#CC1=C(F)C=CC2=CC(O)=CC(C3=NC=C4C(N5CC6CCC(C5)N6)=NC(OCCN5CCC(CC6CCN(C7=CC=CC8=C7N(C)C(=O)N8C7CCC(=O)NC7=O)CC6)CC5)=NC4=C3F)=C12
LGLIJCNQEXOSBW,P00533,Q96SW2,1,0.30565330386161804,0,871.9430000000001,5.750500000000006,178.94,CCS(=O)(=O)N1C=C(C2=NC(NC3=CC=C(N4CCN(CCCCC(=O)NC5=CC=CC6=C5CN(C5CCC(=O)NC5=O)C6=O)CC4)C=C3)=NC=C2C(F)(F)F)C2=CC=CC=C21
LGXPQFXPRCMMII,P03372,Q96SW2,1,0.288205623626709,0,764.967,7.047800000000009,102.42,O=C1CC[C@H](N2CC3=C(C=CC4=C3OCC43CCN(CCC4CCN(C5=CC=C([C@@H]6C7=CC=C(O)C=C7CC[C@@H]6C6=CC=CC=C6)C=C5)CC4)CC3)C2=O)C(=O)N1
LHUVKOFLIPGEIS,O60885,Q96SW2,0,0.2873976230621338,0,808.4089999999998,4.630660000000003,145.13,CC1=C(C)C2=C(S1)N1C(C)=NN=C1[C@H](CC(=O)NCCN1CC(N3CCC(C4=CC=C5C(=O)N(C6CCC(=O)NC6=O)CC5=C4)CC3)C1)N=C2C1=CC=C(Cl)C=C1
LJVKRQPLCQUUFT,P03372,Q96SW2,1,0.9999819993972778,1,777.9659999999998,6.351900000000007,113.5,O=C1CCC(N2C(=O)C3=CC4=C(C=C3C2=O)CN(C2CCN(CC3CCN(C5=CC=C([C@@H]6C7=CC=C(O)C=C7CC[C@@H]6C6=CC=CC=C6)C=C5)CC3)CC2)C4)C(=O)N1
LJVOTWPXASNBJI,P08581,Q96SW2,1,0.9405727982521057,1,967.053,3.0573800000000046,249.29999999999995,N#CC1=CC=CC(C2=NN(CC3=CC=CC(C4=NC=C(OCC5CCN(CC(=O)NCCOCCOCCOCCNC6=CC=C7C(=O)N(C8CCC(=O)NC8=O)C(=O)C7=C6)CC5)C=N4)=C3)C(=O)C=C2)=C1
LJYDOPFRVGCVNV,P01116,Q96SW2,0,0.4471149146556854,0,1036.241999999999,6.881400000000007,166.21999999999997,C#CC1=C(F)C=CC2=CC(O)=CC(C3=NC=C4C(N5CC6CCC(C5)N6)=NC(OCCCN5CCC(CC6CCN(CC7CCN(C8=CC=C9C(=C8)N(C)C(=O)N9C8CCC(=O)NC8=O)CC7)CC6)CC5)=NC4=C3F)=C12
LKDUBCUGMNXYHO,P01116,Q96SW2,0,0.1256159543991089,0,984.5489999999992,7.342800000000007,156.36,C#CC1=C(F)C=CC2=CC(O)=CC(C3=NC=C4C(N5CC6CCC(C5)N6)=NC(OCC5(CN6CCC(CC7CCN(C8=CC=C9C(=O)N(C%10CCC(=O)NC%10=O)CC9=C8Cl)CC7)CC6)CC5)=NC4=C3F)=C12
LKXINOXWGXXHRE,P03372,Q96SW2,0,0.777012825012207,1,738.9329999999999,5.838800000000005,109.32,O=C1CCC(N2CC3=CC(N4CCN(CCC5CCN(C6=CC=C([C@@H]7C8=CC=C(O)C=C8CC[C@@H]7C7=CC=CC=C7)C=C6)CC5)CC4)=NC=C3C2=O)C(=O)N1
LLALFIRAFOKTLZ,P01116,Q96SW2,0,0.07146111875772476,0,896.0369999999997,5.6013000000000055,173.43,CCC1=CC=CC2=CC(O)=CC(C3=NC=C4C(N5CC6CCC(C5)N6)=NC(OCCN5CCC(C6CCN(C7=CC=C8C(=O)N(C9CCC(=O)NC9=O)C(=O)C8=C7)CC6)CC5)=NC4=C3F)=C12
LLKJUUPYYLCBPC,P41182,Q96SW2,0,0.20366926491260529,0,837.9349999999997,4.900900000000004,187.43,COC1=CC(NC2=NC(N3CCN(CCOCCNC4=CC=CC5=C4C(=O)N(C4CCC(=O)NC4=O)C5=O)CC3)=NC=C2F)=CC=C1NC(=O)C1=CC=C(C2=CCCC2)S1
LOJMZDCMSCZZAJ,Q08881,Q96SW2,1,0.23152369260787964,0,806.9249999999998,2.930800000000004,212.75,CN(CCOCCNC(=O)CNC1=CC=CC2=C1C(=O)N(C1CCC(=O)NC1=O)C2=O)CC[C@@H](C1=CC=CC=C1)N1C=C(NC(=O)C2=N[NH]C3=C2CCC(C)(C)C3)C=N1
LQLPTNNZWVJXTH,P01116,Q96SW2,0,0.008130698464810848,0,926.0629999999998,5.226500000000005,182.66,CCC1=CC=CC2=CC(O)=CC(C3=NC=C4C(N5CC6CCC(C5)N6)=NC(OCCN5CCC(CN(C)[C@H]6C[C@H](OC7=CC=C8C(=O)N(C9CCC(=O)NC9=O)C(=O)C8=C7)C6)CC5)=NC4=C3F)=C12
LQUNSJPAJSBGGO,O14965,Q96SW2,0,0.43630337715148926,0,920.0219999999996,3.766200000000003,241.46,COC1=CC(N2CCC(OCC(=O)N3CCN(C4=CC=CC5=C4C(=O)N(C4CCC(=O)NC4=O)C5=O)CC3)CC2)=CC=C1NC1=NC(NC2=CC=CC=C2S(=O)(=O)C(C)C)=C2N=C[NH]C2=N1
LQWQZMSJYZUFKC,P03372,Q96SW2,0,0.6684161424636841,1,767.9270000000002,5.731400000000007,122.73000000000002,CN(CCCCC(=O)N1CCN2C3=CC=C4C(=O)N([C@H]5CCC(=O)NC5=O)CC4=C3OC[C@H]2C1)C1=CC=C([C@@H]2C3=CC=C(O)C=C3CC[C@@H]2C2=CC=CC=C2)C=C1
LRCAYGWAXRSIDX,P01116,P40337,1,0.010744375176727772,0,1156.4149999999993,7.8878400000000095,208.32,C=CC(=O)N1CCN(C2=NC(=O)N(C3=C(C)C=CN=C3C(C)C)C3=NC(C4=C(F)C=CC=C4OCC4CCN(CCCC(=O)N[C@H](C(=O)N5C[C@H](O)C[C@H]5C(=O)NCC5=CC=C(C6=C(C)N=CS6)C=C5)C(C)(C)C)CC4)=C(F)C=C23)[C@@H](C)C1
LSIDXOKLOKUYHG,P31749,Q96SW2,1,0.8770421743392944,1,973.8429999999998,5.324200000000005,224.46,CN1N=CC(Cl)=C1C1=C(Cl)OC(C(=O)N[C@@H]2CN[C@H](CC(=O)NC3=CC=C(OCCOCCOCCNC4=CC=CC5=C4C(=O)N(C4CCC(=O)NC4=O)C5=O)C=C3)C[C@H]2C2=CC=CC(F)=C2)=C1
LSJSNFCQEAIURY,P01116,Q96SW2,0,0.019923988729715347,0,1033.6219999999992,6.595300000000008,168.82999999999998,CCC1=C(F)C=CC2=CC(O)=CC(C3=NC=C4C(N5CC6CCC(C5)N6)=NC(OC[C@@H]5C[C@@H](OC6CCN(CC7CCN(C8=CC=C9C(=O)N(C%10CCC(=O)NC%10=O)CC9=C8Cl)CC7)CC6)CN5C)=NC4=C3F)=C12
LSNMFSVTYIAARE,Q9NWZ3,Q96SW2,0,0.9921265840530396,1,858.9959999999999,4.201200000000003,169.16,CN1CCN(C2=NC3=C(C(=O)NC4=CN([C@H]5CC[C@H](CN(C)CCCOCCCC6=CC=CC7=C6N(C)C(=O)N7C6CCC(=O)NC6=O)CC5)N=C4C(F)F)C=NN3C=C2)CC1
LSWIANBXHYJRMO,P01116,Q96SW2,0,0.9892131686210632,1,1012.1509999999994,5.994300000000006,166.21999999999997,C#CC1=C(F)C=CC2=CC(O)=CC(C3=NC=C4C(N5CC6CCC(C5)N6)=NC(OCCN5CCC6(CC5)CCN(CC5CCN(C7=CC=C8C(=C7F)N(C)C(=O)N8C7CCC(=O)NC7=O)CC5)CC6)=NC4=C3F)=C12
LVBLFGLDAZXTFH,P01116,Q96SW2,0,0.3649180829524994,0,994.1609999999994,5.855200000000005,166.21999999999997,C#CC1=C(F)C=CC2=CC(O)=CC(C3=NC=C4C(N5CC6CCC(C5)N6)=NC(OCCN5CCC6(CC5)CCN(CC5CCN(C7=CC=C8C(=C7)N(C)C(=O)N8C7CCC(=O)NC7=O)CC5)CC6)=NC4=C3F)=C12
LVIMBRCFLXHKBA,P03372,Q96SW2,0,0.4302876591682434,0,725.8939999999999,4.843700000000005,122.21,O=C1CCC(N2CC3=CC(N4CCN(CC5CCN(C6=NC=C([C@@H]7C8=CC=C(O)C=C8CC[C@@H]7C7=CC=CC=C7)C=N6)CC5)CC4)=CC=C3C2=O)C(=O)N1
LVLDWQVFCNOREG,Q92793,Q96SW2,0,0.6724175214767456,1,862.9389999999994,4.180700000000003,166.29,CC(=O)N1CCC2=C(C1)C(N1CCCC3=CC(C4=CN(C)N=C4)=C(C(F)F)C=C31)=NN2C1CCN(C(=O)CCN2CC3=CC4=C(C=C3C2)C(=O)N(C2CCC(=O)NC2=O)C4=O)CC1
LVLGGRYQUFHNRI,Q92918,Q96SW2,0,0.9997555613517761,1,821.4019999999996,7.542900000000008,135.59,CCN1CCC(N2C=C(C3=C[NH]C4=NC=C(C5=CC=C(N6CCC(CC7CCN(C(=O)C8=CC=C(Cl)C(N9CCC(=O)NC9=O)=C8)CC7)CC6)C(F)=C5)N=C34)C=N2)CC1
LVPBHZKWLXQHNZ,P03372,Q96SW2,0,0.8409217000007629,1,728.8900000000002,5.357200000000004,122.65,O=C1CCC(N2CC3=CC(N4CCN(CCC(O)CCOC5=CC=C([C@@H]6C7=CC=C(O)C=C7CC[C@@H]6C6=CC=CC=C6)C=C5)CC4)=CC=C3C2=O)C(=O)N1
LWEDXBCUQGFFBW,P40763,Q96SW2,1,0.13456767797470093,0,1186.2169999999996,3.3702000000000094,298.26,CN1CC[C@H]2CC[C@@H](C(=O)N[C@@H](CCC(N)=O)C(=O)N[C@@H](CC3=CC=C(F)C=C3)C(=O)N3CCC(CCC#CC4=CC=CC5=C4CN(C4CCC(=O)NC4=O)C5=O)CC3)N2C(=O)[C@@H](NC(=O)C2=CC3=CC(C(F)(F)P(=O)(O)O)=CC=C3S2)C1
LWTDOZDASMNJOK,O60885,Q96SW2,0,0.33678972721099854,0,652.2210000000002,4.567860000000003,147.44,CC1=C(C)C2=C(S1)N1C(C)=NN=C1[C@H](CC(=O)NCCCCCCCCC(=O)N[C@H]1CC(=O)NC1=O)N=C2C1=CC=C(Cl)C=C1
LWYPNYJEUXMBSL,P01116,Q96SW2,0,0.13785122334957123,0,966.1069999999994,5.075000000000005,166.21999999999997,C#CC1=C(F)C=CC2=CC(O)=CC(C3=NC=C4C(N5CC6CCC(C5)N6)=NC(OCC5(CN6CCN(CC7CCN(C8=CC=C9C(=C8)N(C)C(=O)N9C8CCC(=O)NC8=O)CC7)CC6)CC5)=NC4=C3F)=C12
LXFAGTBVIUWBOR,P03372,Q96SW2,1,0.8999778032302856,1,872.896,5.365400000000005,142.26,C[C@@H]1CC2=C(C=CC3=C2C=N[NH]3)[C@@H](C2=C(F)C=C(N3CCC4(CCN(C(=O)CN5CC6=CC7=C(C=C6C5)C(=O)N(C5CCC(=O)NC5=O)C7=O)CC4)CC3)C=C2F)N1CC(F)(F)F
LXGXWTBAJXFYLG,Q92918,Q96SW2,1,0.8496845960617065,1,750.8599999999999,4.771520000000002,151.91000000000005,CC1=CC(C2=C[NH]C3=NC=C(C4=CC=C(C5CCN(C6CN(C7=CC=C8C(=O)N(C9CCC(=O)NC9=O)C(=O)C8=C7)C6)CC5)C=C4)N=C23)=CC=C1C(=O)N(C)C
LXLLREDMOVXLOW,Q9H8M2,Q96SW2,1,0.7882714867591858,1,786.8859999999999,4.447300000000004,160.45,COC1=CC(C2=CN(C)C(=O)C3=CN=CC=C23)=CC(OC)=C1C(=O)N1CCC2(CCC(CN3CC4=CC5=C(C=C4C3)C(=O)N(C3CCC(=O)NC3=O)C5=O)CC2)CC1
LZOALELKGAAMAJ,P01116,Q96SW2,0,0.03169480338692665,0,1042.2459999999992,6.855900000000008,175.45,CCC1=C(F)C=CC2=CC(O)=CC(C3=NC=C4C(N5CC6CCC(C5)N6)=NC(OC[C@@H]5C[C@@H](OC6CCN(CC7CCN(C8=CC=C9C(=C8)N(C(C)C)C(=O)N9C8CCC(=O)NC8=O)CC7)CC6)CN5C)=NC4=C3F)=C12
LZRIFABWFGIEBB,Q92918,Q96SW2,0,0.07759115844964981,0,750.8599999999999,4.771520000000003,151.91000000000005,CC1=CC(C2=C[NH]C3=NC=C(C4=CC=C(C5CCN(C6CN(C7=CC=CC8=C7C(=O)N(C7CCC(=O)NC7=O)C8=O)C6)CC5)C=C4)N=C23)=CC=C1C(=O)N(C)C
MANMYZQCTDYCCS,Q08881,Q96SW2,1,0.863970935344696,1,814.992,4.288300000000004,168.87,CC1(C)CCC2=C(C1)[NH]N=C2C(=O)NC1=CN([C@@H](CCN2CCN(CC3CCN(C4=CC=C5C(=O)N(C6CCC(=O)NC6=O)C(=O)C5=C4)CC3)CC2)C2=CC=CC=C2)N=C1
MATWIHXEJKPGER,P01116,P40337,0,0.009767022915184498,0,1069.362,8.398320000000007,198.27,CCC1=CC=CC2=CC(O)=CC(C3=NC=C4C(N5C[C@@H]6CC[C@H](C5)N6)=NC(OC[C@@H]5CCCN5CCCCCC(=O)N[C@H](C(=O)N5C[C@H](O)C[C@H]5C(=O)N[C@@H](C)C5=CC=C(C6=C(C)N=CS6)C=C5)C(C)(C)C)=NC4=C3F)=C12
MBDWZXCEYCOJBR,P01116,Q96SW2,0,0.20768530666828156,0,1037.229999999999,5.801500000000005,169.45999999999998,C#CC1=C(F)C=CC2=CC(O)=CC(C3=NC=C4C(N5CC6CCC(C5)N6)=NC(OC[C@@H]5CC[C@@H](CN6CCN(CC7CCN(C8=CC=C9C(=C8)N(C(C)C)C(=O)N9C8CCC(=O)NC8=O)CC7)CC6)N5C)=NC4=C3F)=C12
MCCIEZLYIAJGSE,Q9UM73,Q96SW2,1,0.615976870059967,1,830.3240000000002,3.969800000000002,212.34,COC1=CC(N2CCN(C(=O)CNC3=CC=CC4=C3C(=O)N(C3CCC(=O)NC3=O)C4=O)CC2)=CC=C1NC1=NC=C(Cl)C(NC2=CC=CC=C2S(=O)(=O)C(C)C)=N1
MDAOEBYSZBCXNE,P03372,Q96SW2,0,0.778224766254425,1,738.9329999999999,5.838800000000005,109.32,O=C1CCC(N2CC3=CC(N4CCN(CCC5CCN(C6=CC=C([C@@H]7C8=CC=C(O)C=C8CC[C@@H]7C7=CC=CC=C7)C=N6)CC5)CC4)=CC=C3C2=O)C(=O)N1
MDGIUACWARAFPO,P01116,Q96SW2,0,0.20735014975070953,0,997.1359999999992,6.124200000000006,159.59999999999997,C#CC1=C(F)C=CC2=CC(O)=CC(C3=NC=C4C(N5CC6CCC(C5)N6)=NC(OCCN5CCC(CN6CCC7(CC6)CCN(C6=CC=C8C(=O)N(C9CCC(=O)NC9=O)CC8=C6F)CC7)CC5)=NC4=C3F)=C12
MEHBZJQWERYZKL,O60885,P40337,0,0.5183081030845642,1,903.934,7.775360000000009,177.07,CC1=C(C)C2=C(S1)N1C(C)=NN=C1[C@H](CC(=O)NCCCCCOC1=NOC([C@@H](C(=O)N3C[C@H](O)C[C@H]3C(=O)N[C@@H](C)C3=CC=C(Cl)C=C3)C(C)C)=C1)N=C2C1=CC=C(Cl)C=C1
MGCQUHFNXHFJQG,P09874,Q96SW2,0,0.10428915172815323,0,924.1159999999996,4.879000000000004,191.56,NC(=O)C1=CC=CC2=CN(C3=CC=C([C@@H]4CCCN(C(=O)CC5CCN(C(=O)CC6CCN(CC7CCN(C8=CC=C9C(=O)N(C%10CCC(=O)NC%10=O)C(=O)C9=C8)CC7)CC6)CC5)C4)C=C3)N=C12
MHDMODTXRYQRFP,O60885,Q96SW2,1,0.2593904435634613,0,749.3380000000003,4.558860000000003,167.75,CC1=C(C)C2=C(S1)N1C(C)=NN=C1[C@H](CC(=O)NCCCCCCCCC(=O)N1CCC[C@H]1C(=O)N[C@H]1CC(=O)NC1=O)N=C2C1=CC=C(Cl)C=C1
MIHQDVSIMCDUSP,O60885,P40337,0,0.847968578338623,1,991.0119999999998,6.054280000000009,215.4,CC1=NOC([C@H](C(=O)N2C[C@H](O)C[C@H]2C(=O)N[C@@H](CC(=O)NCCOCCOCCNC(=O)C[C@@H]2N=C(C3=CC=C(Cl)C=C3)C3=C(SC(C)=C3C)N3C(C)=NN=C23)C2=CC=C(Cl)C=C2)C(C)C)=C1
MIVYMDRKVBLXBB,O60885,Q96SW2,1,0.4576418995857239,0,799.3980000000001,5.295360000000004,176.53999999999996,CC1=C(C)C2=C(S1)N1C(C)=NN=C1[C@H](CC(=O)NCCCCCCCCC(=O)N[C@@H](CC1=CC=CC=C1)C(=O)N[C@H]1CC(=O)NC1=O)N=C2C1=CC=C(Cl)C=C1
MJDWPGJDJCEZOD,P00533,Q96SW2,1,0.0785580724477768,0,829.8620000000002,4.580200000000003,178.94,CCS(=O)(=O)N1C=C(C2=NC(NC3=CC=C(N4CCN(CC(=O)NC5=CC=CC6=C5CN(C5CCC(=O)NC5=O)C6=O)CC4)C=C3)=NC=C2C(F)(F)F)C2=CC=CC=C21
MKEPVVNHRYBPIL,P62942,Q96SW2,1,0.5177739858627319,1,975.1939999999992,5.545000000000007,244.71,CCC(C)(C)C(=O)C(=O)N1CCCC[C@H]1C(=O)O[C@H](CCC1=CC=C(OC)C(OC)=C1)C1=CC=CC(NC(=O)CCC(=O)NCCCCCCC(=O)N[C@@H](CC(C)C)C(=O)N[C@@H]2CCC(=O)NC2=O)=C1
MKKJFNRNDUNJRJ,P03372,Q96SW2,0,0.889413058757782,1,737.9450000000002,6.443800000000008,96.43,CC1(CN2CCN(C3=CC=C4C(=O)N(C5CCC(=O)NC5=O)CC4=C3)CC2)CCN(C2=CC=C([C@@H]3C4=CC=C(O)C=C4CC[C@@H]3C3=CC=CC=C3)C=C2)CC1
MKYFFZGQPZGNQS,P10415,P40337,0,0.9153731465339661,1,1691.5300000000002,12.735419999999984,263.54,CC1=C(C2=CC=C([C@H](C)NC(=O)[C@@H]3C[C@@H](O)CN3C(=O)[C@@H](NC(=O)CCCCCCC(=O)N3CCN(C[C@]4(C)CCC(C5=CC=C(Cl)C=C5)=C(CN5CCN(C6=CC=C(C(=O)NS(=O)(=O)C7=CC=C(N[C@H](CCN8CCOCC8)CSC8=CC=CC=C8)C(S(=O)(=O)C(F)(F)C(F)(F)F)=C7)C=C6)CC5)C4)CC3)C(C)(C)C)C=C2)SC=N1
MLZVIASYUVCSEA,P51531,P40337,1,0.8698037266731262,1,959.231,8.689640000000006,227.51,CC1=NOC([C@@H](C(=O)N2C[C@H](O)C[C@H]2C(=O)N[C@@H](CC(=O)NCCCCCCCCCCCCN2C=C(C3=CC(C4=CC=CC=C4O)=NN=C3N)C=N2)C2=CC=C(C3=C(C)N=CS3)C=C2)C(C)C)=C1
MMBLDFRSCIREAD,P01116,Q96SW2,0,0.17932133376598358,0,965.1189999999992,6.559500000000006,162.97999999999996,C#CC1=C(F)C=CC2=CC(O)=CC(C3=NC=C4C(N5CC6CCC(C5)N6)=NC(OCC5(CN6CCC(CC7CCN(C8=CC=C9C(=C8)N(C)C(=O)N9C8CCC(=O)NC8=O)CC7)CC6)CC5)=NC4=C3F)=C12
MPOBYMKETYQAHT,Q07889,Q96SW2,1,0.09256524592638016,0,890.9359999999996,6.941220000000006,198.18,COC1=CC2=NC(C)=NC(N[C@H](C)C3=CC(N)=CC(C(F)(F)F)=C3)=C2C=C1OCC1(CN(C)C(=O)CCCCCCNC2=CC=C(F)C3=C2C(=O)N(C2CCC(=O)NC2=O)C3=O)CC1
MQKYUGINEQYSTG,Q06187,Q96SW2,0,0.13515649735927582,0,658.7750000000001,4.061940000000002,157.7,CC1=C(C)C2=C(N3CCC[C@H](NC(=O)CCCCCCC4=CC=CC5=C4CN([C@H]4CCC(=O)NC4=O)C5=O)C3)C(F)=CC(C(N)=O)=C2[NH]1
MRSVWDNVFGFAMR,P03372,Q96SW2,0,0.775122880935669,1,723.9179999999999,6.053700000000006,96.43,O=C1CCC(N2CC3=CC(N4CCN(CC5CCN(C6=CC=CC([C@@H]7C8=CC=C(O)C=C8CC[C@@H]7C7=CC=CC=C7)=C6)CC5)CC4)=CC=C3C2=O)C(=O)N1
MRWQDJXZCHOLFL,P03372,Q96SW2,0,0.8077008128166199,1,807.0039999999998,6.816800000000007,111.65,O=C1CCC(N2CC3=C(C=CC4=C3OCC43CCN(CC4COC5(CCN(C6=CC=C([C@@H]7C8=CC=C(O)C=C8CC[C@@H]7C7=CC=CC=C7)C=C6)CC5)C4)CC3)C2=O)C(=O)N1
MVDQDTKGGYOLOX,P01116,Q96SW2,0,0.10173308104276657,0,1008.1879999999992,5.136700000000005,162.83999999999995,C#CC1=C(F)C=CC2=CC(O)=CC(C3=NC=C4C(N5CC6CCC(C5)N6)=NC(OCCN5CCC(CN6CCN(CC7CCN(C8=CC=CC9=C8CN(C8CCC(=O)NC8=O)C9=O)CC7)CC6)CC5)=NC4=C3F)=C12
MWQUPRSQYJGFTN,P03372,Q96SW2,1,0.4007554054260254,0,791.005,7.43790000000001,102.42,O=C1CC[C@H](N2CC3=C(C=CC4=C3OCC43CCN(CC4CCC5(CC4)CN(C4=CC=C([C@@H]6C7=CC=C(O)C=C7CC[C@@H]6C6=CC=CC=C6)C=C4)C5)CC3)C2=O)C(=O)N1
MWSMACAEJGKVET,P01116,Q96SW2,0,0.8311046361923218,1,1031.124999999999,5.592000000000005,168.82999999999998,C#CC1=C(F)C=CC2=CC(O)=CC(C3=NC=C4C(N5CC6CCC(C5)N6)=NC(OC[C@@H]5C[C@@H](OC6CCN(CC7(F)CCN(C8=CC=C9C(=O)N(C%10CCC(=O)NC%10=O)CC9=C8F)CC7)CC6)CN5C)=NC4=C3F)=C12
MWVNDEBEHBRZEC,P11802,P40337,0,0.8401990532875061,1,1002.2559999999994,6.396340000000006,224.95,CC(=O)C1=C(C)C2=CN=C(NC3=CC=C(N4CCN(C(=O)CCCCCC(=O)N[C@H](C(=O)N5C[C@H](O)C[C@H]5C(=O)NCC5=CC=C(C6=C(C)N=CS6)C=C5)C(C)(C)C)CC4)C=N3)N=C2N(C2CCCC2)C1=O
MXFZXZUWICUBOI,P51531,P40337,0,0.773668110370636,1,929.2049999999996,7.072820000000008,204.72000000000003,CC1=C(C2=CC=C([C@H](C)NC(=O)[C@@H]3C[C@@H](O)CN3C(=O)[C@@H](NC(=O)C3CCC(N4CC5(CCC(N6C=C(C7=CC(C8=CC=CC=C8O)=NN=C7N)C=N6)CC5)C4)CC3)C(C)(C)C)C=C2)SC=N1
MXOOOCRGAZEHDK,P01116,Q96SW2,0,0.9219955801963806,1,1023.2029999999992,5.0068000000000055,169.45999999999998,C#CC1=C(F)C=CC2=CC(O)=CC(C3=NC=C4C(N5CC6CCC(C5)N6)=NC(OCCN5CCC(CN6CCN(CC7CCN(C8=CC=C9C(=C8)N(C)C(=O)N9C8CCC(=O)NC8=O)CC7)CC6)CC5)=NC4=C3F)=C12
MXQRGTSIYWGRKG,P06239,Q96SW2,0,0.8357387781143188,1,743.3379999999999,4.663640000000004,138.92999999999995,CC1=NC(NC2=NC=C(C(=O)NC3=C(C)C=CC=C3Cl)S2)=CC(N2CCN(CCN3CCN(C4=CC=C(C5CCC(=O)NC5=O)C=C4)CC3)CC2)=N1
MXUXZEYSMBBOFM,P03372,Q96SW2,0,0.858295202255249,1,711.9070000000002,6.419500000000006,105.22,O=C1CCC(N2CC3=CC(NCCCCCN4CCN(C5=CC=C([C@@H]6C7=CC=C(O)C=C7CC[C@@H]6C6=CC=CC=C6)C=C5)CC4)=CC=C3C2=O)C(=O)N1
MYKZGDSGPTZTPG,Q06187,Q96SW2,1,0.7963526844978333,1,830.9509999999997,1.5609000000000046,200.96,CN1CCN([C@@H]2CCCN(C3=CN=C(C(N)=O)C(NC4=CC=C(N5CCN(C[C@H]6[C@@H]7CN(C8=CC=C9C(=O)N([C@@H]%10CCC(=O)NC%10=O)C(=O)C9=C8)C[C@H]67)CC5)C=C4)=N3)C2)C1=O
MYMIVXJTHZGTEC,P03372,Q96SW2,0,0.7877684831619263,1,737.9449999999999,6.443800000000007,96.43,O=C1CCC(N2CC3=CC(N4CCN(CCC5CCN(C6=CC=C([C@@H]7C8=CC=C(O)C=C8CC[C@@H]7C7=CC=CC=C7)C=C6)CC5)CC4)=CC=C3C2=O)C(=O)N1
MYMXYDSTYJHREL,Q92793,Q96SW2,1,0.8853939771652222,1,781.8739999999999,4.019300000000002,180.75,CC(=O)N1CCC2=C(C1)C(C1=CC=CC3=CC(C4=CC=C(C(=O)NCCNC5=CC=CC6=C5CN(C5CCC(=O)NC5=O)C6=O)N=C4)=NC=C13)=NN2C1CCOCC1
MYONGPFZWBRXRB,P40763,Q96SW2,0,0.10141950845718384,0,1190.1799999999996,3.167100000000004,307.04999999999995,NC(=O)CC[C@H](NC(=O)[C@@H]1CC[C@@H]2CCNC[C@H](NC(=O)C3=CC4=CC(C(F)(F)P(=O)(O)O)=CC=C4S3)C(=O)N12)C(=O)N[C@@H](CC1=CC=C(F)C(F)=C1)C(=O)N1CCC(CCC#CC2=CC=CC3=C2CN(C2CCC(=O)NC2=O)C3=O)CC1
MZJPOLYUIZRRPP,P51531,P40337,1,0.8444094657897949,1,931.177,7.909440000000009,227.51,CC1=NOC([C@@H](C(=O)N2C[C@H](O)C[C@H]2C(=O)N[C@@H](CC(=O)NCCCCCCCCCCN2C=C(C3=CC(C4=CC=CC=C4O)=NN=C3N)C=N2)C2=CC=C(C3=C(C)N=CS3)C=C2)C(C)C)=C1
MZOWIXBWDNSXQH,Q06187,Q96SW2,1,0.9991761445999146,1,940.5459999999996,7.643700000000007,181.96,O=C1CCC(N2CC3=CC(N4CCC(CCN5CCC(CC(=O)N[C@H]6CC[C@@H](NC7=NC=NC8=C7C(C(=O)C7=CC=C(OC9=CC=CC=C9)C=C7Cl)=C[NH]8)CC6)CC5)CC4)=CC=C3C2=O)C(=O)N1
NAAJTPJKFIVOCL,P51531,P40337,1,0.8071403503417969,1,836.076,6.827620000000008,201.48,CC1=C(C2=CC=C([C@H](C)NC(=O)[C@@H]3C[C@@H](O)CN3C(=O)[C@@H](NC(=O)CCCCCCCCN3C=C(C4=CC(C5=CC=CC=C5O)=NN=C4N)C=N3)C(C)(C)C)C=C2)SC=N1
NAAXSZGRYKDACY,P01116,Q96SW2,0,0.1899152398109436,0,1007.1999999999992,6.621200000000007,159.59999999999997,C#CC1=C(F)C=CC2=CC(O)=CC(C3=NC=C4C(N5CC6CCC(C5)N6)=NC(OCCN5CCC(CN6CCC(CC7CCN(C8=CC=CC9=C8CN(C8CCC(=O)NC8=O)C9=O)CC7)CC6)CC5)=NC4=C3F)=C12
NAKXOWLYMFDDNT,O60885,Q96SW2,0,0.25465962290763855,0,795.3630000000002,4.307560000000001,213.84,CC1=C(C)C2=C(S1)N1C(C)=NN=C1[C@H](CC(=O)NCCCCCCCCC(=O)N[C@@H](CCC(=O)O)C(=O)N[C@@H]1CCC(=O)NC1=O)N=C2C1=CC=C(Cl)C=C1
NBOURFAEDBEZJY,Q92793,Q96SW2,1,0.39589422941207886,0,797.917,6.5537200000000055,197.38,CC1=CC2=C(NC(=O)C3=CC(NC(=O)CCCCCCCCCCNC4=CC=CC5=C4C(=O)N(C4CCC(=O)NC4=O)C5=O)=CC(C4=NN(C)C=C4)=C3)C=CC=C2N=N1
NCMKTMLIGFFAEK,P03372,Q96SW2,1,0.3145700693130493,0,791.949,5.089900000000005,122.73,O=C1CC[C@H](N2CC3=C(C=CC4=C3OCC43CCN(CC(=O)N4CC5(C4)CN(C4=CC=C([C@@H]6C7=CC=C(O)C=C7CC[C@@H]6C6=CC=CC=C6)C=C4)C5)CC3)C2=O)C(=O)N1
NCSCYFMOOULWQC,P10275,Q96SW2,0,0.5179628729820251,1,819.8759999999996,6.047480000000006,112.46,COC1=CC(N2CCN(CC3CCN(C4=CC=C(C5CCN(C6=CC=C(C#N)C(C(F)(F)F)=C6F)CC5)C(F)=C4)CC3)CC2)=CC2=C1C(=O)N(C1CCC(=O)NC1=O)C2
NCYQVXBQCGPHHH,P10275,Q96SW2,1,0.9999967813491821,1,760.295,4.730180000000003,137.37,N#CC1=CC=C(N2CCC3(CCN(C4=CC=C(C(=O)N5CCC(N6CC7=CC8=C(C=C7C6)C(=O)N(C6CCC(=O)NC6=O)C8=O)CC5)C=C4)CC3)C2)C=C1Cl
NCYUPQGVJKSVOY,P03372,Q96SW2,0,0.810543417930603,1,749.956,6.443800000000007,96.43,O=C1CCC(N2CC3=CC(N4CCN(CC5CC6(CCN(C7=CC=C([C@@H]8C9=CC=C(O)C=C9CC[C@@H]8C8=CC=CC=C8)C=C7)C6)C5)CC4)=CC=C3C2=O)C(=O)N1
NCZRXARMAOKBHX,Q06187,Q96SW2,1,0.998055100440979,1,992.1509999999996,5.165800000000005,224.41,C[C@H]1CN(C(=O)CCCCCCNC2=CC=CC3=C2C(=O)N(C2CCC(=O)NC2=O)C3=O)CCN1C1=CC=C(NC2=CC(C3=CC=NC(N4CCN5C(=CC6=C5CC(C)(C)C6)C4=O)=C3CO)=CN(C)C2=O)N=C1
NDAXYDIPJNSMDV,P03372,Q96SW2,0,0.8512203097343445,1,740.9450000000002,6.424500000000007,102.42000000000002,O=C1CCC(N2CC3=CC(CCN4CCCN(CCCCOC5=CC=C([C@@H]6C7=CC=C(O)C=C7CC[C@@H]6C6=CC=CC=C6)C=C5)CC4)=CC=C3C2=O)C(=O)N1
NEEJYMLVIVQXPL,Q92918,Q96SW2,0,0.09589730948209763,0,752.832,4.521420000000003,177.76999999999998,CC1=CC(C2=C[NH]C3=NC=C(C4=CC=C(C5CCN(C(=O)CNC6=CC=CC7=C6C(=O)N(C6CCC(=O)NC6=O)C7=O)CC5)C=C4)N=C23)=CC=C1C(=O)N(C)C
NEYSWTYJNWOFFS,Q92918,Q96SW2,0,0.1141868382692337,0,695.78,5.0873200000000045,148.67000000000002,CC1=CC(C2=C[NH]C3=NC=C(C4=CC=C(C5CCN(C6=CC=CC7=C6C(=O)N(C6CCC(=O)NC6=O)C7=O)CC5)C=C4)N=C23)=CC=C1C(=O)N(C)C
NFLKKMOHWZTOPF,P00533,Q96SW2,1,0.916071355342865,1,899.9970000000002,6.530700000000008,178.94,CCS(=O)(=O)N1C=C(C2=NC(NC3=CC=C(N4CCN(CCCCCCC(=O)NC5=CC=CC6=C5CN(C5CCC(=O)NC5=O)C6=O)CC4)C=C3)=NC=C2C(F)(F)F)C2=CC=CC=C21
NFRUWYPJXRXEPI,P10275,Q96SW2,1,0.7962871193885803,1,746.806,5.842380000000007,109.22,N#CC1=CC=C(N2CCC(C3=CC=C(OCCCCN4CCN(C5=CC=C6C(=O)N(C7CCC(=O)NC7=O)CC6=C5)CC4)C=C3)CC2)C(F)=C1C(F)(F)F
NFWQAJIASJIBNX,P35968,P40337,0,0.1074780821800232,0,1116.281,9.554840000000002,245.42999999999995,CC1=CC=C(NC(=O)CN2C=C(C3=CC=C4C(NC(=O)C5=CC=C(NC(=O)CCCCCCCC(=O)N[C@H](C(=O)N6C[C@H](O)C[C@H]6C(=O)NCC6=CC=C(C7=C(C)N=CS7)C=C6)C(C)(C)C)C=C5)=N[NH]C4=C3)C=N2)C=C1C(F)(F)F
NGIFAZUKBRGIIP,P06239,Q96SW2,1,0.7025803923606873,1,797.3859999999999,5.111340000000005,155.99999999999994,CC1=NC(NC2=NC=C(C(=O)NC3=C(C)C=CC=C3Cl)S2)=CC(N2CCN(CCCC(=O)N3CC4CC3CN4C3=CC=C(C4CCC(=O)NC4=O)C=C3)CC2)=N1
NGPPFHHXYKYDIP,Q92918,Q96SW2,0,0.11231168359518051,0,696.768,4.0299200000000015,151.91000000000005,CC1=CC(C2=C[NH]C3=NC=C(C4=CC=C(N5CCN(C6=CC=CC7=C6C(=O)N(C6CCC(=O)NC6=O)C7=O)CC5)C=C4)N=C23)=CC=C1C(=O)N(C)C
NHHRMBVTHWIWGZ,P03372,Q96SW2,0,0.4262280762195587,0,726.8739999999998,5.565400000000006,119.49,O=C(CCCOC1=CC=C([C@@H]2C3=CC=C(O)C=C3CC[C@@H]2C2=CC=CC=C2)C=C1)CN1CCN(C2=CC=C3C(=O)N(C4CCC(=O)NC4=O)CC3=C2)CC1
NHLHDLZOSBADFR,P03372,Q96SW2,0,0.5456531643867493,1,739.917,5.168600000000004,116.66,O=C1CCC(N2CC3=CC(N4CCN(CC5(O)CCN(C6=CC=C([C@@H]7C8=CC=C(O)C=C8CC[C@@H]7C7=CC=CC=C7)C=C6)CC5)CC4)=CC=C3C2=O)C(=O)N1
NILPBQXGPCUEHH,P03372,Q96SW2,0,0.9585952162742615,1,737.9449999999999,6.443800000000007,96.43,O=C1CCC(N2CC3=CC(N4CCN(CCC5CCN(C6=CC=CC([C@@H]7C8=CC=C(O)C=C8CC[C@@H]7C7=CC=CC=C7)=C6)CC5)CC4)=CC=C3C2=O)C(=O)N1
NIPLZZSOGWKOEY,Q9BY41,Q96SW2,1,0.18988864123821259,0,684.7460000000002,4.556100000000003,180.44,COC1=CC=C(C(=O)O)C=C1OCC1=CC=C(C(=O)NCCCCCCCCNC2=CC=CC3=C2C(=O)N(C2CCC(=O)NC2=O)C3=O)C=C1
NIPYTICJQBGJAI,Q92793,Q96SW2,1,0.5928918123245239,1,848.9999999999993,5.524600000000006,132.15,CC(=O)N1CCC2=C(C1)C(N1CCCC3=CC(C4=CN(C)N=C4)=C(C(F)F)C=C31)=NN2[C@H]1CC[C@H](CN2CCN(C3=CC=C4C(=O)N(C5CCC(=O)NC5=O)CC4=C3)CC2)CC1
NIQFZCJNEODJTE,Q8TBX8,P40337,1,0.07551904022693634,0,1079.7689999999998,9.70062,202.95,CC1=C(C2=CC=C([C@H](C)NC(=O)[C@@H]3C[C@@H](O)CN3C(=O)[C@@H](NC(=O)CCCCCC(=O)N3CCC4(CC3)CCN(C3=CN=CC(NC5=NC=C(Cl)C(C6=CC=CC(C7=CC=CC=C7)=C6)=N5)=C3)C4=O)C(C)(C)C)C=C2)SC=N1
NJBVKJIGWSMPIW,P03372,Q96SW2,0,0.9920554757118225,1,805.9759999999999,6.126100000000006,130.57,O=C1CCC(N2C(=O)C3=CC4=C(C=C3C2=O)CN(C(=O)C2CCN(CC3CCN(C5=CC=C([C@@H]6C7=CC=C(O)C=C7CC[C@@H]6C6=CC=CC=C6)C=C5)CC3)CC2)C4)C(=O)N1
NJHOIYBUDVLYAV,P11802,Q96SW2,1,0.5248779058456421,1,773.8549999999996,1.917200000000001,186.28,O=C1CCC(N2C(=O)C3=CC=C(N4CCN(C(=O)CN5CCN(C6=CC=C(NC7=NC=C8N=CC(=O)N(C9CCCC9)C8=N7)C=C6)CC5)CC4)C=C3C2=O)C(=O)N1
NJKWOYSRGUGPRS,P51531,P40337,0,0.9122644066810608,1,991.1099999999996,8.575320000000007,149.76,CC1=C(C2=CC=C([C@H](C)NC(=O)[C@@H]3C[C@@H](O)CN3C(=O)[C@@H](NC(=O)[C@H]3CC[C@H](CN4CCC(C5=CC=C6C(=C5)N5C(=NC(=O)C7=C(Br)C=CC=C75)C6(C)C)CC4)CC3)C(C)(C)C)C=C2)SC=N1
NJTGZPZPCHOJOW,P03372,Q96SW2,0,0.998894214630127,1,777.8880000000001,6.471000000000006,96.43,O=C1CCC(N2CC3=C(C=C(F)C(N4CCN(CC5CCN(C6=CC=C([C@@H]7C8=CC=C(O)C=C8CC[C@@H]7C7=CC=C(F)C=C7)C=C6)CC5)CC4)=C3F)C2=O)C(=O)N1
NJVSAVJXGPJLDE,Q92793,Q96SW2,0,0.9450182318687439,1,1008.0959999999992,7.706940000000007,192.52,CC1=NOC(C)=C1C1=CC=C2C(=C1)N=C([C@@H]1CCCC(=O)N1C1=CC=C(F)C(F)=C1)N2[C@H]1CC[C@H](OCC(=O)NC2=CC=C(CN3CCN(C4=CC=C5C(=O)N(C6CCC(=O)NC6=O)C(=O)C5=C4)CC3)C=C2)CC1
NKECFXWADFBMPA,P51531,Q96SW2,0,0.9369024634361267,1,816.9389999999997,3.3325000000000014,171.77999999999997,NC1=NN=C(C2=CC=CC=C2O)C=C1N1CCN(CC2=CC=C(N3CCC(CN4CCN(C5=CC=C6C(=O)N(C7CCC(=O)NC7=O)C(=O)C6=C5)CC4)CC3)C(F)=C2)CC1
NKGQYMCHGPQXJX,P01116,Q96SW2,0,0.0651872381567955,0,955.1049999999994,5.067800000000003,184.51,CCC1=CC=CC2=CC(O)=CC(C3=NC=C4C(=C3F)N=C(OC[C@@]35CCCN3[C@H](COC(=O)N3CCN(C6=CC=C7C(=O)N(C8CCC(=O)NC8=O)CC7=C6)CC3)CC5)NC4N3CC4CCC(C3)N4)=C12
NKHVPDKFIALHND,P00533,Q96SW2,1,0.9771687984466553,1,885.9700000000001,6.140600000000006,178.94,CCS(=O)(=O)N1C=C(C2=NC(NC3=CC=C(N4CCN(CCCCCC(=O)NC5=CC=CC6=C5CN(C5CCC(=O)NC5=O)C6=O)CC4)C=C3)=NC=C2C(F)(F)F)C2=CC=CC=C21
NKSDXVLDAPUIEJ,P51531,P40337,1,0.6501473188400269,1,864.1300000000001,7.607820000000008,201.48,CC1=C(C2=CC=C([C@H](C)NC(=O)[C@@H]3C[C@@H](O)CN3C(=O)[C@@H](NC(=O)CCCCCCCCCCN3C=C(C4=CC(C5=CC=CC=C5O)=NN=C4N)C=N3)C(C)(C)C)C=C2)SC=N1
NLYQMKQDTHQZNA,P01116,Q96SW2,0,0.9444704651832581,1,1041.644999999999,7.274600000000008,159.59999999999997,C#CC1=C(F)C=CC2=CC(O)=CC(C3=NC=C4C(N5CC6CCC(C5)N6)=NC(OCCN5CCC(CN6CCC(CC7CCN(C8=CC=C9C(=O)N(C%10CCC(=O)NC%10=O)CC9=C8Cl)CC7)CC6)CC5)=NC4=C3F)=C12
NMNBXQDPNXVCOF,P24941,Q96SW2,0,0.301876962184906,0,784.8379999999997,2.6389000000000005,221.72,O=C1CCC(N2C(=O)C3=CC=C(N4CCC(C(=O)N5CCN(CC6=CC=C(NC(=O)C7=N[NH]C=C7NC7=NC=NC8=C7C=C[NH]8)C=C6)CC5)CC4)C=C3C2=O)C(=O)N1
NMRMXUQBFDOAQE,P03372,Q96SW2,0,0.9885178804397583,1,742.896,5.587800000000006,109.32,O=C1CCC(N2CC3=NC(N4CCN(CC5CCN(C6=CC=C([C@@H]7C8=CC=C(O)C=C8CC[C@@H]7C7=CC=CC=C7)C(F)=C6)CC5)CC4)=CC=C3C2=O)C(=O)N1
NOYFZERQOYOFSG,Q06187,Q96SW2,1,0.8943248391151428,1,1034.2319999999993,6.336100000000006,224.41,C[C@H]1CN(C(=O)CCCCCCCCCNC2=CC=CC3=C2C(=O)N(C2CCC(=O)NC2=O)C3=O)CCN1C1=CC=C(NC2=CC(C3=CC=NC(N4CCN5C(=CC6=C5CC(C)(C)C6)C4=O)=C3CO)=CN(C)C2=O)N=C1
NQGKNAVUMAHSQN,Q9NWZ3,Q96SW2,1,0.07949003577232361,0,865.9429999999996,3.9883000000000033,175.14999999999998,CN1C(=O)N(C2CCC(=O)NC2=O)C2=CC=CC(C#CCOC3CCN(C[C@H]4CC[C@H](N5C=C(NC(=O)C6=C7N=C(N8C[C@H]9C[C@@H]8CO9)C=CN7N=C6)C(C(F)F)=N5)CC4)CC3)=C21
NQJHWPLBMRAMKZ,P10275,Q96SW2,0,0.1238010823726654,0,767.8969999999999,6.069100000000006,103.23,CC1=C(N2CCC(C3=CC=C(N4CCC(CN5CCN(C6=CC=C7C(=O)N(C8CCC(=O)NC8=O)CC7=C6)CC5)CC4)C=C3)CC2)C=CC(C#N)=C1C(F)(F)F
NQZCBDOOYGTFSB,Q92918,Q96SW2,1,0.9933902621269226,1,775.2359999999996,6.704300000000006,145.24,O=C1CCN(C2=CC(C(=O)N3CCC(CC4CCN(C5=CC=C(C6=CN=C7[NH]C=C(C8=CN(CC(F)(F)F)N=C8)C7=N6)C=N5)CC4)CC3)=CC=C2Cl)C(=O)N1
NRQMHOGVAHDTNW,P11802,Q96SW2,0,0.1594281792640686,0,734.8179999999998,2.6971000000000007,183.99,O=C1CCC(N2C(=O)C3=CC=CC(NCCOCCN4CCN(C5=CC=C(NC6=NC=C7N=CC(=O)N(C8CCCC8)C7=N6)C=C5)CC4)=C3C2=O)C(=O)N1
NSQAQTYTFNGRSF,P33981,Q96SW2,0,0.1407041847705841,0,918.9939999999998,2.997200000000002,277.96,CC(C)S(=O)(=O)C1=CC=CC=C1NC1=NC(NC2=CC=C(N3CCN(C(=O)CNC(=O)CCCC(=O)NC4=CC=CC5=C4C(=O)N(C4CCC(=O)NC4=O)C5=O)CC3)C=C2)=NC2=C1N=C[NH]2
NSQJBNRXUUGRNF,P24941,Q96SW2,0,0.18673530220985413,0,818.7629999999998,3.8027000000000015,180.15,O=C1CCC(N2C(=O)C3=CC=C(N4CC(CN5CCC(CCN6CCC(NC(=O)C7=N[NH]C=C7NC(=O)C7=C(Cl)C=CC=C7Cl)CC6)CC5)C4)C=C3C2=O)C(=O)N1
NSWZQYGDWCUSDT,P36888,Q96SW2,1,0.25425389409065247,0,851.9659999999996,2.107300000000004,233.75999999999996,CCC1=NC(C(N)=O)=C(NC2=CC=C(N3CCC(N4CCN(C(=O)CNC5=CC=CC6=C5C(=O)N(C5CCC(=O)NC5=O)C6=O)CC4)CC3)C(OC)=C2)N=C1NC1CCOCC1
NTDBBWSXABKIAR,P06239,Q96SW2,1,0.8992093801498413,1,853.4939999999995,6.530840000000006,155.99999999999994,CC1=NC(NC2=NC=C(C(=O)NC3=C(C)C=CC=C3Cl)S2)=CC(N2CCN(CCCC(=O)N3CCC4(CC3)CCN(C3=CC=C(C5CCC(=O)NC5=O)C=C3)CC4)CC2)=N1
NTQJGRSBLNKGCI,P03372,Q96SW2,1,0.3076913058757782,0,819.059,8.21810000000001,102.42,O=C1CC[C@H](N2CC3=C(C=CC4=C3OCC43CCN(CC4CCC5(CC4)CCN(C4=CC=C([C@@H]6C7=CC=C(O)C=C7CC[C@@H]6C6=CC=CC=C6)C=C4)CC5)CC3)C2=O)C(=O)N1
NTVMEUBMJYIENK,P03372,Q96SW2,0,0.8626642823219299,1,752.9159999999999,5.4790000000000045,126.39,O=C1CCC(N2C(=O)C3=CC=C(N4CCN(CCC5CCN(C6=CC=C([C@@H]7C8=CC=C(O)C=C8CC[C@@H]7C7=CC=CC=C7)C=N6)CC5)CC4)C=C3C2=O)C(=O)N1
NVHSNLNBJJUEKA,Q92918,Q96SW2,0,0.5011664032936096,1,836.0099999999998,5.143920000000003,163.94,CC1=CC(C2=C[NH]C3=NC=C(C4=CC=C(C5CCN(C6CN(C(=O)C7CCN(C8=CC=C(C(=O)NC9CCC(=O)NC9=O)C=C8)CC7)C6)CC5)C=C4)N=C23)=CC=C1C(=O)N(C)C
NVZBZJSNIZDMHZ,P51531,P40337,0,0.6506384015083313,1,793.995,5.657320000000006,201.48,CC1=C(C2=CC=C([C@H](C)NC(=O)[C@@H]3C[C@@H](O)CN3C(=O)[C@@H](NC(=O)CCCCCN3C=C(C4=CC(C5=CC=CC=C5O)=NN=C4N)C=N3)C(C)(C)C)C=C2)SC=N1
NWAHMEWTPAKOEQ,P51531,P40337,1,0.9495838284492493,1,1050.1529999999998,9.704020000000002,154.17000000000002,CC1=C(C2=CC=C([C@H](CCCCCN3CCC(C4=CC=C5C(=C4)N(C4CCCC4)C4=NC(=O)C6=C(Br)C=CC=C6N54)CC3)NC(=O)[C@@H]3C[C@@H](O)CN3C(=O)[C@@H](NC(=O)C3(F)CC3)C(C)(C)C)C=C2)SC=N1
NWWWDNZGRPDSDL,P03372,Q96SW2,0,0.7690641283988953,1,730.8810000000003,6.525500000000008,102.42000000000002,O=C1CCC(N2CC3=C(C=CC(N4CCN(CCCCCOC5=CC=C([C@@H]6C7=CC=C(O)C=C7CC[C@@H]6C6=CC=CC=C6)C=C5)CC4)=C3F)C2=O)C(=O)N1
NXGWHYURBOETHV,P01116,Q96SW2,0,0.3278324007987976,0,1064.2959999999991,7.923700000000009,166.21999999999997,C#CC1=C(F)C=CC2=CC(O)=CC(C3=NC=C4C(N5CC6CCC(C5)N6)=NC(OC[C@@H](C)N5CCC(CC6CCN(CC7CCN(C8=CC=C9C(=C8)N(C(C)C)C(=O)N9C8CCC(=O)NC8=O)CC7)CC6)CC5)=NC4=C3F)=C12
NXLULRXSAHUXOB,P09874,Q96SW2,0,0.7080958485603333,1,765.824,2.3935000000000004,204.49,NC(=O)C1=CC=CC2=CN(C3=CC=C([C@@H]4CCCN(C(=O)COCCOCCOCCNC5=CC=C6C(=O)N(C7CCC(=O)NC7=O)C(=O)C6=C5)C4)C=C3)N=C12
NXRXLODHMLUPLH,P40763,Q96SW2,0,0.04750422015786171,0,1142.189,3.4090000000000096,307.05,CN1CC[C@H]2CC[C@@H](C(=O)N[C@@H](CCC(N)=O)C(=O)N[C@H](C(=O)NCCCCCCC#CC3=CC=CC4=C3CN(C3CCC(=O)NC3=O)C4=O)C3=CC=CC=C3)N2C(=O)[C@@H](NC(=O)C2=CC3=CC(C(F)(F)P(=O)(O)O)=CC=C3S2)C1
NXTUJILVQJCFAE,Q92793,Q96SW2,0,0.6639238595962524,1,805.8869999999996,5.110800000000005,145.98,CC(=O)N1CCC2=C(C1)C(N1CCCC3=CC(C4=NN(C)C=C4)=C(C(F)F)C=C31)=NN2C1CCC(N2CC3=CC4=C(C=C3C2)C(=O)N(C2CCC(=O)NC2=O)C4=O)CC1
NYQQILKBAUMNIF,P00533,Q96SW2,1,0.7927813529968262,1,942.078,7.701000000000008,178.94,CCS(=O)(=O)N1C=C(C2=NC(NC3=CC=C(N4CCN(CCCCCCCCCC(=O)NC5=CC=CC6=C5CN(C5CCC(=O)NC5=O)C6=O)CC4)C=C3)=NC=C2C(F)(F)F)C2=CC=CC=C21
NZDYTXGDQNACSC,P51531,P40337,1,0.7291088104248047,1,956.6579999999996,8.891520000000003,151.37,CC1=C(C2=CC=C([C@H](C)NC(=O)[C@@H]3C[C@@H](O)CN3C(=O)[C@H](C(C)C)N3C=C([C@H]4CC[C@H](CN5CCC(C6=CC=C7C(=C6)C(C)(C)C6=NC(=O)C8=C(Cl)C=CC=C8N76)CC5)CC4)N=N3)C=C2)SC=N1
NZNDDXHGBRWXAR,Q92793,Q96SW2,0,0.7671300172805786,1,890.9929999999993,4.960900000000005,166.29,CC(=O)N1CCC2=C(C1)C(N1CCCC3=CC(C4=CN(C)N=C4)=C(C(F)F)C=C31)=NN2C1CCN(C(=O)CCCCN2CC3=CC4=C(C=C3C2)C(=O)N(C2CCC(=O)NC2=O)C4=O)CC1
NZSZKOBISRPHGJ,P09874,Q96SW2,0,0.7249176502227783,1,721.771,2.3769,195.26,NC(=O)C1=CC=CC2=CN(C3=CC=C([C@@H]4CCCN(C(=O)COCCOCCNC5=CC=C6C(=O)N(C7CCC(=O)NC7=O)C(=O)C6=C5)C4)C=C3)N=C12
OAIBMPRSTYMFMF,P01116,Q96SW2,0,0.9058417677879333,1,1021.1829999999992,6.261400000000006,176.66999999999996,C#CC1=C(F)C=CC2=CC(O)=CC(C3=NC=C4C(N5CC6CCC(C5)N6)=NC(OCCN5CCC(CC6CCN(CC7CCN(C8=CC=C9C(=O)N(C%10CCC(=O)NC%10=O)C(=O)C9=C8)CC7)CC6)CC5)=NC4=C3F)=C12
OATWWBXLNLYERD,P01116,Q96SW2,0,0.23324982821941376,0,1054.231999999999,6.0544000000000056,162.83999999999995,C#CC1=C(F)C=CC2=CC(O)=CC(C3=NC=C4C(N5CC6CCC(C5)N6)=NC(OCCN5CCN(CC6CCN(CC7CCN(C8=CC=C9C(=O)N(C%10CCC(=O)NC%10=O)CC9=C8F)CC7)CC6)CC5(C)C)=NC4=C3F)=C12
OCJIBLJOIYJPJB,Q92918,Q96SW2,1,0.9974588751792908,1,733.2769999999997,6.476900000000007,145.24,O=C1CCN(C2=CC(C(=O)N3CCC(CC4CCN(C5=CC=C(C6=CN=C7[NH]C=C(C8=CN(C9CC9)N=C8)C7=N6)C=N5)CC4)CC3)=CC=C2Cl)C(=O)N1
OCRZEXONTRGXJJ,P25440,Q96SW2,1,0.20710711181163788,0,686.7540000000001,3.367820000000001,153.33999999999995,CC1=NN=C2COCC3=C(SC(C#CC4=CN(CCNC5=CC=CC6=C5C(=O)N(C5CCC(=O)NC5=O)C6=O)N=C4)=C3CC3=CC=CC=C3)N12
OCXICBCMNKOWFI,Q9BY41,Q96SW2,0,0.17772440612316132,0,706.7160000000002,2.5090000000000003,199.01,O=C1CCC(N2C(=O)C3=CC=CC(NCC4=CN(CCOCCOC5=CC=C(CN6C=CC7=CC=C(C(=O)NO)C=C76)C=C5)N=N4)=C3C2=O)C(=O)N1
ODACRUNFSNEWFN,P11802,Q96SW2,0,0.5512076616287231,1,869.4679999999994,5.068020000000004,183.99,CC(=O)C1=C(C)C2=CN=C(NC3=CC=C(N4CCN(CC(=O)NCCCCCCNC(=O)COC5=CC=C6C(=C5)CCCN6C(=O)CCl)CC4)C=N3)N=C2N(C2CCCC2)C1=O
ODHSIRLCFHBSLV,P01116,Q96SW2,0,0.014627212658524513,0,926.0629999999996,5.228100000000005,182.66,CCC1=CC=CC2=CC(O)=CC(C3=NC=C4C(N5CC6CCC(C5)N6)=NC(OCCN5CCC(CN6CCC(OC7=CC=C8C(=O)N(C9CCC(=O)NC9=O)C(=O)C8=C7)CC6)CC5)=NC4=C3F)=C12
OEIXGQBXJRCKDG,P03372,Q96SW2,0,0.7346265912055969,1,785.9170000000001,5.317300000000005,122.73000000000002,O=C1CCC(N2C(=O)C3=CC=C(N4CCN(C[C@H]5CCN(CCOC6=CC=C([C@@H]7C8=CC=C(O)C=C8CC[C@@H]7C7=CC=C(F)C=C7)C=C6)C5)CC4)C=C3C2=O)C(=O)N1
OERSBDGKBSIAJF,Q9H8M2,Q96SW2,0,0.9269530773162842,1,814.9399999999998,5.238620000000005,160.45,CCN1C=C(C2=CC(OC)=C(C(=O)N3CCC4(CCC(CN5CC6=CC7=C(C=C6C5)C(=O)N(C5CCC(=O)NC5=O)C7=O)CC4)CC3)C(OC)=C2)C2=CC(C)=NC=C2C1=O
OFPHWAPEMHBKER,P03372,Q96SW2,1,0.449411004781723,0,849.045,5.807300000000006,125.97,O=C1CC[C@H](N2CC3=C(C=CC4=C3OC[C@H]3CN(C(=O)CN5CCC6(CC5)CCN(C5=CC=C([C@@H]7C8=CC=C(O)C=C8CC[C@@H]7C7=CC=CC=C7)C=C5)CC6)CCN43)C2=O)C(=O)N1
OFSIVMMIEIYLOF,P00533,Q96SW2,0,0.9880645871162415,1,913.98,6.057300000000007,196.01,CCS(=O)(=O)N1C=C(C2=NC(NC3=CC=C(N4CCN(C(=O)CCCCCC(=O)NC5=CC=CC6=C5CN(C5CCC(=O)NC5=O)C6=O)CC4)C=C3)=NC=C2C(F)(F)F)C2=CC=CC=C21
OFTNTQSCIASIHA,P03372,Q96SW2,0,0.7717069387435913,1,782.957,7.113000000000008,102.42000000000002,O=C1CCC(N2CC3=CC(N4CCN(C5CC6CC(F)(COC7=CC=C([C@@H]8C9=CC=C(O)C=C9CC[C@@H]8C8=CC=CC=C8)C=C7)CC6C5)CC4)=CC=C3C2=O)C(=O)N1
OGJBCMCUTMQDMB,P03372,Q96SW2,0,0.9979433417320251,1,742.8920000000002,6.381400000000007,102.42000000000002,O=C1CCC(N2CC3=CC(N4CCN(CC[C@H]5C[C@H]5COC5=CC=C([C@@H]6C7=CC=C(O)C=C7CC[C@@H]6C6=CC=C(F)C=C6)C=C5)CC4)=CC=C3C2=O)C(=O)N1
OGNHAQXAAGMVOV,Q92793,Q96SW2,1,0.44647982716560364,0,821.9389999999996,4.576200000000004,171.95999999999995,CC(=O)N1CCC2=C(C1)C(C1=CC=CC3=CC(C4=CC=C(C(=O)NC5CCN(C6=CC=C7C(=O)N(C8CCC(=O)NC8=O)CC7=C6)CC5)N=C4)=NC=C13)=NN2C1CCOCC1
OHGZHFFSUIAVDY,Q9BY41,Q96SW2,1,0.08126185089349747,0,656.6920000000002,3.775900000000002,180.44,COC1=CC=C(C(=O)O)C=C1OCC1=CC=C(C(=O)NCCCCCCNC2=CC=CC3=C2C(=O)N(C2CCC(=O)NC2=O)C3=O)C=C1
OHIMCHRTVXJRBB,P03372,Q96SW2,1,0.5774773359298706,1,823.9909999999999,5.557800000000005,124.12,O=C1CC[C@H](N2CC3=C(C=CC4=C3OC[C@H]3CN(CC5COC6(CCN(C7=CC=C([C@@H]8C9=CC=C(O)C=C9CC[C@@H]8C8=CC=CC=C8)C=C7)CC6)OC5)CCN43)C2=O)C(=O)N1
OIAWLANZAYGDNS,P03372,Q96SW2,1,0.8700165152549744,1,791.9929999999999,6.594900000000009,105.66,O=C1CC[C@H](N2CC3=C(C=CC4=C3OC[C@H]3CN(CC5CCC6(CC5)CN(C5=CC=C([C@@H]7C8=CC=C(O)C=C8CC[C@@H]7C7=CC=CC=C7)C=C5)C6)CCN43)C2=O)C(=O)N1
OINUZLXAXNXVIL,P50750,Q96SW2,1,0.4686581492424011,0,838.9459999999998,3.4014000000000024,209.74,CC[C@@H](CO)NC1=NC2=C(C(C)C)C=NN2C(NCC2=CC=C(NC(=O)N3CCN(C4CCN(C5=CC6=C(C=C5F)C(=O)N(C5CCC(=O)NC5=O)C6=O)CC4)CC3)C=C2)=N1
OJBZGRZGVKAUHH,O60885,Q96SW2,1,0.7819862961769104,1,795.41,6.116760000000006,141.89,CC1=C(C)C2=C(S1)N1C(C)=NN=C1[C@H](CC(=O)NCCCCCN1CCC(C3=CC=C4C(=O)N(C5CCC(=O)NC5=O)CC4=C3)CC1)N=C2C1=CC=C(Cl)C=C1
OJCRNHCUTYXXFI,P25440,Q96SW2,1,0.11425742506980896,0,698.765,3.317020000000002,144.55,CC1=NN=C2COCC3=C(SC(C#CC4=CN(C5CN(C6=CC=C7C(=O)N(C8CCC(=O)NC8=O)C(=O)C7=C6)C5)N=C4)=C3CC3=CC=CC=C3)N12
OJCYPKZNPSJLGY,P61964,P40337,0,0.030519669875502586,0,1016.1319999999996,5.951720000000006,209.17,CC1=C(C2=CC=C(CNC(=O)[C@@H]3C[C@@H](O)CN3C(=O)[C@@H](NC(=O)CNC(=O)C3=CC=C(F)C(C4=CC=C(N5C[C@H](C)N(C)[C@H](C)C5)C(NC(=O)C5=C[NH]C(=O)C=C5C(F)(F)F)=C4)=C3)C(C)(C)C)C=C2)SC=N1
OJXFDZCWWVPDCJ,P03372,Q96SW2,1,0.5492290258407593,1,848.057,6.650300000000008,122.73,O=C1CC[C@H](N2CC3=C(C=CC4=C3OCC43CCN(C(=O)CN4CCC5(CC4)CCN(C4=CC=C([C@@H]6C7=CC=C(O)C=C7CC[C@@H]6C6=CC=CC=C6)C=C4)CC5)CC3)C2=O)C(=O)N1
OKISKGIPUPRZPL,O60885,Q96SW2,1,0.362004816532135,0,809.4369999999999,6.506860000000007,141.89,CC1=C(C)C2=C(S1)N1C(C)=NN=C1[C@H](CC(=O)NCCCCCCN1CCC(C3=CC=C4C(=O)N(C5CCC(=O)NC5=O)CC4=C3)CC1)N=C2C1=CC=C(Cl)C=C1
OKRRHPIDAMUVAH,P03372,Q96SW2,0,0.6809290051460266,1,765.999,6.481900000000007,96.43,O=C1CCC(N2CC3=CC(N4CCN(CC5CCN(CCCC6=CC=C([C@@H]7C8=CC=C(O)C=C8CC[C@@H]7C7=CC=CC=C7)C=C6)CC5)CC4)=CC=C3C2=O)C(=O)N1
OLNHVDRHEGVZMV,P51531,P40337,1,0.4746828079223633,0,917.15,7.519340000000008,227.51,CC1=NOC([C@@H](C(=O)N2C[C@H](O)C[C@H]2C(=O)N[C@@H](CC(=O)NCCCCCCCCCN2C=C(C3=CC(C4=CC=CC=C4O)=NN=C3N)C=N2)C2=CC=C(C3=C(C)N=CS3)C=C2)C(C)C)=C1
OLQGJEKFCQYJGY,P01116,Q96SW2,0,0.08793866634368896,0,967.0719999999994,4.928500000000004,202.97,CCC1=CC=CC2=CC(O)=CC(C3=NC=C4C(N5CC6CCC(C5)N6)=NC(OC[C@]56CCCN5[C@@H](COC(=O)N5CCN(C7=CC=CC8=C7C(=O)N(C7CCC(=O)NC7=O)C8=O)CC5)CC6)=NC4=C3F)=C12
OMBFZCSGOOTQOG,P35968,P40337,0,0.19947905838489532,0,1130.308,9.94494,245.42999999999995,CC1=CC=C(NC(=O)CN2C=C(C3=CC=C4C(NC(=O)C5=CC=C(NC(=O)CCCCCCCCC(=O)N[C@H](C(=O)N6C[C@H](O)C[C@H]6C(=O)NCC6=CC=C(C7=C(C)N=CS7)C=C6)C(C)(C)C)C=C5)=N[NH]C4=C3)C=N2)C=C1C(F)(F)F
OMWIEQMSNUNYBD,Q92918,Q96SW2,0,0.9998180866241455,1,805.3879999999996,5.314300000000006,151.72000000000003,CCN1CCC(N2C=C(C3=C[NH]C4=NC=C(C5=CC=C(N6CCC(CN7CCN(C(=O)C8=CC=C(Cl)C(N9CCC(=O)NC9=O)=C8)CC7)CC6)N=C5)N=C34)C=N2)CC1
ONBFXZQYDXKUOB,P08581,Q96SW2,1,0.9926728010177612,1,860.9319999999999,3.1280800000000024,204.03,N#CC1=CC=CC(C2=NN(CC3=CC=CC(C4=NC=C(OCC5CCN(CC(=O)N6CCN(C7=CC=C8C(=O)N(C9CCC(=O)NC9=O)C(=O)C8=C7)CC6)CC5)C=N4)=C3)C(=O)C=C2)=C1
ONPKOOOYNSWZGQ,P51531,P40337,0,0.7470948696136475,1,877.1289999999999,6.294220000000006,204.72000000000003,CC1=C(C2=CC=C([C@H](C)NC(=O)[C@@H]3C[C@@H](O)CN3C(=O)[C@@H](NC(=O)CCCCCN3CCC(N4C=C(C5=CC(C6=CC=CC=C6O)=NN=C5N)C=N4)CC3)C(C)(C)C)C=C2)SC=N1
OPSLJZKZRTYJDB,Q9BY41,P40337,1,0.0817822739481926,0,887.2489999999999,7.156020000000008,159.24,CCCCCCCNNC(=O)C1=CC=C(N2CCN(CCCCCCCC(=O)N[C@H](C(=O)N3C[C@H](O)C[C@H]3C(=O)N[C@@H](C)C3=CC=C(C4=C(C)N=CS4)C=C3)C(C)(C)C)CC2)C=C1
ORODRCQOJBOESI,P01116,Q96SW2,0,0.011099635623395443,0,813.8909999999998,3.794900000000002,173.43,CCC1=CC=CC2=CC(O)=CC(C3=NC=C4C(N5CC6CCC(C5)N6)=NC(OCCN5CCN(C6=CC=C7C(=O)N(C8CCC(=O)NC8=O)C(=O)C7=C6)CC5)=NC4=C3F)=C12
ORQXPOXNHTUDRV,P03372,Q96SW2,0,0.37608054280281067,0,820.9090000000001,7.43390000000001,119.49,O=C1CCC(N2C(=O)C3=CC=C(N4CCN(C[C@H]5CC[C@H](OC6=CC=C([C@@H]7C8=CC=C(O)C=C8CC[C@@H]7C7=CC=C(C(F)(F)F)C=C7)C=C6)CC5)CC4)C=C3C2=O)C(=O)N1
ORVYEANVNNIAHS,P01116,Q96SW2,0,0.25018423795700073,0,1026.1779999999992,5.275800000000005,162.83999999999995,C#CC1=C(F)C=CC2=CC(O)=CC(C3=NC=C4C(N5CC6CCC(C5)N6)=NC(OCCN5CCC(CN6CCC(CN7CCN(C8=CC=C9C(=O)N(C%10CCC(=O)NC%10=O)CC9=C8F)CC7)CC6)CC5)=NC4=C3F)=C12
OTSHWHJFGTVNLE,Q92793,Q96SW2,1,0.4565804898738861,0,848.9559999999994,4.917200000000005,149.22,CC(=O)N1CCC2=C(C1)C(N1CCCC3=CC(C4=CN(C)N=C4)=C(C(F)F)C=C31)=NN2C1CCN(C2CCN(C3=CC=C4C(=O)N(C5CCC(=O)NC5=O)C(=O)C4=C3)CC2)CC1
OTSSTAHPCHKQON,P01116,Q96SW2,0,0.9595534801483154,1,1061.1699999999992,7.005500000000008,159.59999999999997,C#CC1=C(F)C=CC2=CC(O)=CC(C3=NC=C4C(N5CC6CCC(C5)N6)=NC(OCCN5CCC(C(F)(F)C6CCN(CC7CCN(C8=CC=C9C(=O)N(C%10CCC(=O)NC%10=O)CC9=C8F)CC7)CC6)CC5)=NC4=C3F)=C12
OTXXCMPBTUDXFD,P01116,Q96SW2,0,0.043552055954933167,0,996.1979999999992,6.810300000000007,174.82,CCC1=CC=CC2=CC(O)=CC(C3=NC=C4C(N5CC6CCC(C5)N6)=NC(OCCN5CCC(O[C@H]6CC[C@H](OC7CCN(C8=CC=CC9=C8CN(C8CCC(=O)NC8=O)C9=O)CC7)CC6)CC5)=NC4=C3F)=C12
OTYHKDKIGWZRJK,P01116,Q96SW2,0,0.013584190048277378,0,925.0789999999996,4.897000000000005,176.66999999999996,CCC1=CC=CC2=CC(O)=CC(C3=NC=C4C(N5CC6CCC(C5)N6)=NC(OCCN5CCC(CCN6CCN(C7=CC=C8C(=O)N(C9CCC(=O)NC9=O)C(=O)C8=C7)CC6)CC5)=NC4=C3F)=C12
OUDYLACOAFCTIP,P01116,Q96SW2,0,0.009981910698115826,0,799.9079999999998,4.154700000000003,156.36,CCC1=CC=CC2=CC(O)=CC(C3=NC=C4C(N5CC6CCC(C5)N6)=NC(OCCN5CCN(C6=CC=C7C(=O)N(C8CCC(=O)NC8=O)CC7=C6)CC5)=NC4=C3F)=C12
OUNSSLRXSNJYSI,P01116,Q96SW2,0,0.20396050810813904,0,987.0719999999995,5.436100000000005,159.59999999999997,C#CC1=C(F)C=CC2=CC(O)=CC(C3=NC=C4C(N5CC6CCC(C5)N6)=NC(OCCN5CCC6(CC5)CN(CC5(F)CCN(C7=CC=C8C(=O)N(C9CCC(=O)NC9=O)CC8=C7F)CC5)C6)=NC4=C3F)=C12
OVACPFPSPXWFLM,P03372,Q96SW2,1,0.9603814482688904,1,762.951,6.657700000000009,102.42,O=C1CC[C@H](N2CC3=C(C=CC4=C3OCC43CCN(CC4CC5(C4)CN(C4=CC=C([C@@H]6C7=CC=C(O)C=C7CC[C@@H]6C6=CC=CC=C6)C=C4)C5)CC3)C2=O)C(=O)N1
OVGJMQWPRUXZPK,Q9BY41,Q96SW2,0,0.08601298183202744,0,600.5840000000003,2.2155,180.44,COC1=CC=C(C(=O)O)C=C1OCC1=CC=C(C(=O)NCCNC2=CC=CC3=C2C(=O)N(C2CCC(=O)NC2=O)C3=O)C=C1
OVOIYEZHVNDSLA,P01116,Q96SW2,0,0.31446877121925354,0,1027.1619999999991,5.891600000000006,168.82999999999998,C#CC1=C(F)C=CC2=CC(O)=CC(C3=NC=C4C(N5CC6CCC(C5)N6)=NC(OCCN5CCC(OC6CCN(CC7CCN(C8=CC=C9C(=O)N(C%10CCC(=O)NC%10=O)CC9=C8F)CC7)CC6)CC5)=NC4=C3F)=C12
OVVOKNDEXPUPTI,P09874,Q96SW2,0,0.9529118537902832,1,812.9279999999997,3.776900000000002,188.32,NC(=O)C1=CC=CC2=CN(C3=CC=C([C@@H]4CCCN(C(=O)CC5CCN(C(=O)C6CCN(C7=CC=C8C(=O)N(C9CCC(=O)NC9=O)C(=O)C8=C7)CC6)CC5)C4)C=C3)N=C12
OVWXKQZGDSFJOC,P03372,Q96SW2,0,0.9970504641532898,1,713.879,5.781400000000005,115.31,O=C1CCC(N2CC3=CC(N4CCN(CCCCCOC5=CC=C([C@@H]6C7=CC=C(O)C=C7CC[C@@H]6C6=CC=CC=C6)C=C5)CC4)=NC=C3C2=O)C(=O)N1
OXFQPPOCQDYRAV,P01116,Q96SW2,0,0.35644495487213135,0,983.1089999999992,5.6524200000000056,159.59999999999997,C#CC1=C(F)C=CC2=CC(O)=CC(C3=NC=C4C(N5CC6CCC(C5)N6)=NC(OCCN5CCC(CN6CC7(CCN(C8=CC(C)=C9C(=O)N(C%10CCC(=O)NC%10=O)CC9=C8F)CC7)C6)CC5)=NC4=C3F)=C12
OXMDHNVNCICBMC,P03372,Q96SW2,1,0.42123857140541077,0,834.0299999999999,6.260200000000007,122.73,O=C1CC[C@H](N2CC3=C(C=CC4=C3OCC43CCN(C(=O)CN4CCC5(CCN(C6=CC=C([C@@H]7C8=CC=C(O)C=C8CC[C@@H]7C7=CC=CC=C7)C=C6)CC5)C4)CC3)C2=O)C(=O)N1
OXSROSNYZRSDCK,P01116,Q96SW2,0,0.2056514471769333,0,1054.231999999999,6.0544000000000056,162.83999999999995,C#CC1=C(F)C=CC2=CC(O)=CC(C3=NC=C4C(N5CC6CCC(C5)N6)=NC(OCCN5CCC(CN6CCN(CC7CCN(C8=CC=C9C(=O)N(C%10CCC(=O)NC%10=O)CC9=C8F)CC7)CC6(C)C)CC5)=NC4=C3F)=C12
OZZGLWHPVOGDLB,Q07889,Q96SW2,1,0.05432409420609474,0,940.0559999999998,6.495540000000007,151.39,CC1=C([C@@H](C)NC2=NN=C(C)C3=CC=C(N4CCN(C(=O)C5CCN(C(=O)CCN6CCC(C7=CC8=C(C=C7F)C(=O)N(C7CCC(=O)NC7=O)C8)CC6)CC5)CC4)C=C23)C=CC=C1C(F)(F)F
PAIIRGWFQSXYCB,P06239,Q96SW2,1,0.7346166968345642,1,797.3859999999999,5.111340000000004,155.99999999999994,CC1=NC(NC2=NC=C(C(=O)NC3=C(C)C=CC=C3Cl)S2)=CC(N2CCN(C(=O)CCCN3CC4CC3CN4C3=CC=C(C4CCC(=O)NC4=O)C=C3)CC2)=N1
PAWOGRZAWHCVSV,P01116,Q96SW2,0,0.01468802709132433,0,914.0709999999996,6.443300000000007,156.35999999999996,CCC1=CC=CC2=CC(O)=CC(C3=NC=C4C(N5CC6CCC(C5)N6)=NC(OCCN5CCC(F)(CC6CCN(C7=CC=CC8=C7CN(C7CCC(=O)NC7=O)C8=O)CC6)CC5)=NC4=C3F)=C12
PBTGIUQPZXMJTR,P03372,Q96SW2,0,0.6140842437744141,1,744.8640000000003,6.165700000000007,119.49,O=C1CCC(N2C(=O)C3=CC=C(N4CCN(CCCCCOC5=CC=C([C@@H]6C7=CC=C(O)C=C7CC[C@@H]6C6=CC=C(F)C=C6)C=C5)CC4)C=C3C2=O)C(=O)N1
PDBGZAUECQHPCJ,Q9NWZ3,Q96SW2,0,0.10723009705543518,0,865.9429999999998,3.9883000000000033,175.14999999999998,CN1C(=O)N(C2CCC(=O)NC2=O)C2=CC=C(C#CCOC3CCN(C[C@H]4CC[C@H](N5C=C(NC(=O)C6=C7N=C(N8C[C@H]9CC8CO9)C=CN7N=C6)C(C(F)F)=N5)CC4)CC3)C=C21
PDBLQAZFBOQBPM,Q06187,Q96SW2,1,0.8227720856666565,1,803.9249999999998,2.943500000000003,197.72,CN1CCN([C@@H]2CCCN(C3=CN=C(C(N)=O)C(NC4=CC=C(N5CCC6(CC5)CCN(C5=CC=C7C(=O)N([C@@H]8CCC(=O)NC8=O)C(=O)C7=C5)CC6)C=C4)=N3)C2)C1=O
PDPDFMZBGRRJSJ,Q13546,P40337,0,0.8457236886024475,1,1027.2799999999995,7.5574400000000095,232.53,CC1=NC=C(C2=CC=C3N=C(NC(=O)CCOCCOCCOCCC(=O)N[C@H](C(=O)N4C[C@H](O)C[C@H]4C(=O)NCC4=CC=C(C5=C(C)N=CS5)C=C4)C(C)(C)C)SC3=C2)C=C1NC(=O)OC1CCCCC1
PDVZCOAUEHSQQC,P03372,Q96SW2,0,0.8601688146591187,1,747.3360000000002,7.039800000000009,102.42000000000002,O=C1CCC(N2CC3=C(C=CC(N4CCN(CCCCCOC5=CC=C([C@@H]6C7=CC=C(O)C=C7CC[C@@H]6C6=CC=CC=C6)C=C5)CC4)=C3Cl)C2=O)C(=O)N1
PEAGECFNJYDLLW,Q92793,Q96SW2,1,0.8587672114372253,1,889.0209999999993,5.697400000000006,149.22,CC(=O)N1CCC2=C(C1)C(N1CCCC3=CC(C4=CN(C)N=C4)=C(C(F)F)C=C31)=NN2C1CCN(C2CC3(CCN(C4=CC=C5C(=O)N(C6CCC(=O)NC6=O)C(=O)C5=C4)CC3)C2)CC1
PFCHJOXUKMTDHP,Q9H8M2,Q96SW2,1,0.41880565881729126,0,649.7040000000002,2.9461000000000004,130.48999999999998,COC1=CC(C2=CN(C)C(=O)C3=CC=CC=C23)=CC(OC)=C1CN1CCN(C2=CC=C3C(=O)N(C4CCC(=O)NC4=O)C(=O)C3=C2)CC1
PFJYOZHQDZHJHH,P24941,Q96SW2,0,0.7417821288108826,1,749.6119999999999,3.0074000000000005,193.98,O=C1CCC(N2C(=O)C3=CC=C(N4CCC(C(=O)N5CCC(NC(=O)C6=N[NH]C=C6NC(=O)C6=C(Cl)C=CC=C6Cl)CC5)CC4)C=C3C2=O)C(=O)N1
PGGVAVRBFXQAOY,P10275,Q96SW2,1,0.998548686504364,1,746.2679999999998,4.338480000000003,137.37,C[C@H]1CC2(CCN(C3=CC=C(C(=O)N4CC(N5CC6=CC7=C(C=C6C5)C(=O)N(C5CCC(=O)NC5=O)C7=O)C4)C=C3)CC2)CN1C1=CC=C(C#N)C(Cl)=C1
PGHMFOZLKKQWSX,P03372,Q96SW2,0,0.9037542343139648,1,742.896,5.587800000000006,109.32,O=C1CCC(N2CC3=NC(N4CCN(CC5CCN(C6=CC=C([C@@H]7C8=CC=C(O)C=C8CC[C@@H]7C7=CC=C(F)C=C7)C=C6)CC5)CC4)=CC=C3C2=O)C(=O)N1
PHIUSMLTSNYPMF,P01116,Q96SW2,0,0.011894147843122482,0,884.0259999999996,5.090800000000004,165.58999999999995,CCC1=CC=CC2=CC(O)=CC(C3=NC=C4C(N5CC6CCC(C5)N6)=NC(OC[C@@H]5C[C@@H](OC6CCN(C7=CC=CC8=C7CN(C7CCC(=O)NC7=O)C8=O)CC6)CN5C)=NC4=C3F)=C12
PIYZBTHQTSAJKU,Q9H8M2,Q96SW2,0,0.2722555696964264,0,828.9669999999999,5.710400000000006,160.45,CCCCN1C=C(C2=CC(OC)=C(C(=O)N3CCC4(CCC(CN5CC6=CC7=C(C=C6C5)C(=O)N(C5CCC(=O)NC5=O)C7=O)CC4)CC3)C(OC)=C2)C2=CC=NC=C2C1=O
PJHVSTSZQYMHGP,P01116,Q96SW2,0,0.0652889758348465,0,925.0539999999996,5.779300000000005,162.97999999999996,C#CC1=C(F)C=CC2=CC(O)=CC(C3=NC=C4C(N5CC6CCC(C5)N6)=NC(OCCN5CCC(CC6CCN(C7=CC=C8C(=C7)N(C)C(=O)N8C7CCC(=O)NC7=O)CC6)CC5)=NC4=C3F)=C12
PJLUKTVSGYDGFZ,P11802,Q96SW2,0,0.9828495979309082,1,907.0889999999994,5.897820000000006,175.2,CC(=O)C1=C(C)C2=CN=C(NC3=CC=C(N4CCN(CCOC5=CC=C(CN6CCC(C7=CC=C8C(=O)N(C9CCC(=O)NC9=O)CC8=C7)CC6)C=C5)CC4)C=N3)N=C2N(C2CCCC2)C1=O
PLBNAPRUSKNYKK,P35968,P40337,0,0.1836644560098648,0,1158.362,10.482439999999997,248.55999999999997,CC1=CC=C(NC(=O)CN2C=C(C3=CC=C4C(NC(=O)C5=CC=C(N)C=C5)=NN(C(=O)CCCCCCCCCCC(=O)N[C@@H](C(=O)N5C[C@H](O)C[C@H]5C(=O)NCC5=CC=C(C6=C(C)N=CS6)C=C5)C(C)(C)C)C4=C3)C=N2)C=C1C(F)(F)F
PLVCAPPHMNXCHP,O60885,Q96SW2,1,0.2626485228538513,0,786.267,4.109460000000002,191.25,CC1=C(C)C2=C(S1)N1C(C)=NN=C1[C@H](CC(=O)OCC(=O)NCCCCOC1=CC=CC3=C1C(=O)N(C1CCC(=O)NC1=O)C3=O)N=C2C1=CC=C(Cl)C=C1
PMBMQOVLVVBPTC,P03372,Q96SW2,1,0.28335845470428467,0,780.9259999999999,4.246900000000003,125.97,O=C1CC[C@H](N2CC3=C(C=CC4=C3OC[C@H]3CN(C(=O)CN5CCN(C6=CC=C([C@@H]7C8=CC=C(O)C=C8CC[C@@H]7C7=CC=CC=C7)C=C6)CC5)CCN43)C2=O)C(=O)N1
PMDIVNUEOYATPM,P01116,Q96SW2,0,0.6072912812232971,1,978.1579999999994,6.590100000000007,146.70999999999998,C#CC1=C(F)C=CC2=CC(O)=CC(C3=NC=C4C(N5CC6CCC(C5)N6)=NC(OCCN5CCC6(CC5)CCN(CC5CCN(C7=CC=CC8=C7CN(C7CCC(=O)NC7=O)C8=O)CC5)CC6)=CC4=C3F)=C12
PMMBPUFPJGYZDS,O60885,P40337,0,0.8594303131103516,1,1053.7089999999996,6.83280000000001,228.29,CC1=NOC([C@H](C(=O)N2C[C@H](O)C[C@H]2C(=O)N[C@@H](CC(=O)NCCOCCOCCNC(=O)C[C@@H]2N=C(C3=CC=C(Cl)C=C3)C3=C(SC(C)=C3C)N3C(C)=NN=C23)C2=CC=C(C3=C(C)N=CS3)C=C2)C(C)C)=C1
PMXTVHMIDORPMC,P40763,Q96SW2,0,0.36057233810424805,0,1156.216,3.799100000000008,307.05,CN1CC[C@H]2CC[C@@H](C(=O)N[C@@H](CCC(N)=O)C(=O)N[C@H](C(=O)NCCCCCCCC#CC3=CC=CC4=C3CN(C3CCC(=O)NC3=O)C4=O)C3=CC=CC=C3)N2C(=O)[C@@H](NC(=O)C2=CC3=CC(C(F)(F)P(=O)(O)O)=CC=C3S2)C1
PNGGBFYMSHRGQD,Q92793,Q96SW2,1,0.4260730743408203,0,782.8489999999997,3.698520000000003,148.47,CC(=O)N1CCC2=C(C1)C(N1CCCC3=CC(C)=C(C(F)F)C=C31)=NN2C1CCN(C(=O)CN2CC3=CC4=C(C=C3C2)C(=O)N(C2CCC(=O)NC2=O)C4=O)CC1
PNWGYQMPMUBHKY,P01116,Q96SW2,0,0.2535316050052643,0,967.1159999999992,5.630500000000006,177.11,CCC1=CC=CC2=CC(O)=CC(C3=NC=C4C(N5CC6CCC(C5)N6)=NC(OC[C@@]56CCCN5[C@H](COC(=O)N5CCN(C7=CC=C8C(=O)N(C9CCC(=O)N(C)C9=O)CC8=C7)CC5)CC6)=NC4=C3F)=C12
POXZOWOTXHTNSH,P01116,Q96SW2,0,0.017982207238674164,0,911.0519999999996,5.013600000000003,185.46,CCC1=CC=CC2=CC(O)=CC(C3=NC=C4C(N5CC6CCC(C5)N6)=NC(OCCN5CCN([C@H]6CC[C@H](NC7=CC=C8C(=O)N(C9CCC(=O)NC9=O)C(=O)C8=C7)CC6)CC5)=NC4=C3F)=C12
POZBIGMNEGXRFC,Q08881,Q96SW2,1,0.19708703458309174,0,777.8829999999998,3.7313000000000023,200.72000000000003,CN(CCOCCC(=O)NC1=CC=C2C(=O)N(C3CCC(=O)NC3=O)C(=O)C2=C1)CC[C@@H](C1=CC=CC=C1)N1C=C(NC(=O)C2=N[NH]C3=C2CCC(C)(C)C3)C=N1
PPPZVVWSEZFVBZ,P03372,Q96SW2,0,0.5698365569114685,1,750.944,5.981300000000006,109.32,O=C1CCC(N2CC3=NC(N4CCN(C5CC6(CCN(C7=CC=C([C@@H]8C9=CC=C(O)C=C9CC[C@@H]8C8=CC=CC=C8)C=C7)CC6)C5)CC4)=CC=C3C2=O)C(=O)N1
PPUSAEJBRXVVKZ,P01116,Q96SW2,0,0.010636957362294197,0,903.0479999999995,4.779800000000003,168.39,CCC1=CC=CC2=CC(O)=CC(C3=NC=C4C(N5CC6CCC(C5)N6)=NC(OCCN5CCN(CC6CCN(C7=CC=C(F)C(C(=O)NC8CCC(=O)NC8=O)=C7)CC6)CC5)=NC4=C3F)=C12
PQNOZPBSZAWSGX,P03372,Q96SW2,0,0.9975284934043884,1,764.967,7.838000000000012,110.26000000000002,O=C1CCC(N2C(=O)C3=CC4=C(C=C3C2=O)CN(CCCCCCC2CCN(C3=CC=C([C@@H]5C6=CC=C(O)C=C6CC[C@@H]5C5=CC=CC=C5)C=C3)CC2)C4)C(=O)N1
PQPIFXHHCXJFJE,P40763,Q96SW2,0,0.1375260204076767,0,1155.188,1.8766000000000085,301.5,CN1CC[C@H]2CC[C@@H](C(=O)N[C@@H](CCC(N)=O)C(=O)N[C@H](C(=O)N3CCN(CCC#CC4=CC=CC5=C4CN(C4CCC(=O)NC4=O)C5=O)CC3)C3=CC=CC=C3)N2C(=O)[C@@H](NC(=O)C2=CC3=CC(C(F)(F)P(=O)(O)O)=CC=C3S2)C1
PQQGCNZLBIIDDI,P03372,Q96SW2,0,0.9936131238937378,1,756.919,6.914000000000009,102.42000000000002,O=C1CCC(N2CC3=CC(N4CCN(C[C@H]5CC[C@H](OC6=CC=C([C@@H]7C8=CC=C(O)C=C8CC[C@@H]7C7=CC=C(F)C=C7)C=C6)CC5)CC4)=CC=C3C2=O)C(=O)N1
PQRCPBJSMMSCBI,P01116,Q96SW2,0,0.027242740616202354,0,1044.236999999999,7.164500000000008,166.21999999999997,CCC1=C(F)C=CC2=CC(O)=CC(C3=NC=C4C(N5CC6CCC(C5)N6)=NC(OCCN5CCC(F)(CC6CCN(CC7CCN(C8=CC=C9C(=C8)N(C)C(=O)N9C8CCC(=O)NC8=O)CC7)CC6)CC5)=NC4=C3F)=C12
PRYXVIJFTJCBPJ,Q9NWZ3,Q96SW2,1,0.45089128613471985,0,882.9849999999996,7.197600000000008,178.86,CN(C[C@H]1CC[C@H](N2C=C3C=C(NC(=O)C4=CC=CC(C(F)(F)F)=N4)C(C(C)(C)O)=CC3=N2)CC1)[C@H]1CCC2(CC1)C[C@H](NC1=CC=CC3=C1C(=O)N(C1CCC(=O)NC1=O)C3=O)C2
PTCYFAOYSKJZCC,P51531,P40337,0,0.6627344489097595,1,878.1169999999998,4.4947200000000045,207.96,CC1=C(C2=CC=C([C@H](C)NC(=O)[C@@H]3C[C@@H](O)CN3C(=O)[C@@H](NC(=O)CCN3CCN(CCCN4C=C(C5=CC(C6=CC=CC=C6O)=NN=C5N)C=N4)CC3)C(C)(C)C)C=C2)SC=N1
PTNMOZYTHYDOJF,P40763,Q96SW2,0,0.30978041887283325,0,1204.2069999999994,3.5093000000000085,298.26,CN1CC[C@H]2CC[C@@H](C(=O)N[C@@H](CCC(N)=O)C(=O)N[C@@H](CC3=CC=C(F)C(F)=C3)C(=O)N3CCC(CCC#CC4=CC=CC5=C4CN(C4CCC(=O)NC4=O)C5=O)CC3)N2C(=O)[C@@H](NC(=O)C2=CC3=CC(C(F)(F)P(=O)(O)O)=CC=C3S2)C1
PUTPSSPEPURXTK,P10275,Q96SW2,0,0.9911497831344604,1,816.4029999999999,5.452880000000005,137.37,N#CC1=CC=C(N2CCC3(CCN(C4=CC=C(C(=O)N5CCC(CCN6CCC7=CC8=C(C=C7CC6)C(=O)N(C6CCC(=O)NC6=O)C8=O)CC5)C=C4)CC3)C2)C=C1Cl
PUVDCJWCLMFLHZ,P01116,Q96SW2,0,0.9617817401885986,1,1050.268999999999,7.535200000000009,166.21999999999997,C#CC1=C(F)C=CC2=CC(O)=CC(C3=NC=C4C(N5CC6CCC(C5)N6)=NC(OCCN5CCC(CN6CCC(CC7CCN(C8=CC=C9C(=C8)N(C(C)C)C(=O)N9C8CCC(=O)NC8=O)CC7)CC6)CC5)=NC4=C3F)=C12
PWBNVQLKNYZDJQ,Q9H8M2,Q96SW2,0,0.9363678693771362,1,786.93,5.290000000000005,143.38,CCN1C=C(C2=CC(OC)=C(CN3CCC4(CCC(CN5CC6=CC7=C(C=C6C5)C(=O)N(C5CCC(=O)NC5=O)C7=O)CC4)CC3)C(OC)=C2)C2=CC=NC=C2C1=O
PWNYKQCRIFCRCD,P10275,Q96SW2,0,0.9990841746330261,1,788.3149999999999,6.414080000000007,103.23000000000002,N#CC1=CC=C(N2CCC(C3=CC=C(N4CCC(CN5CCN(C6=CC=C7C(=O)N(C8CCC(=O)NC8=O)CC7=C6)CC5)CC4)C=C3)CC2)C(Cl)=C1C(F)(F)F
PWVHWGSXBYTNNZ,P10636,Q96SW2,0,0.22471769154071808,0,729.8120000000002,3.3298200000000007,174.49,CC1=CC=C2N=C(C3=CC=C(NCCOCCOCCOCCNC(=O)COC4=CC=CC5=C4C(=O)N(C4CCC(=O)NC4=O)C5=O)C=C3)SC2=C1
PXSDAZJQYGWALJ,P03372,Q96SW2,0,0.760659396648407,1,739.9209999999999,5.233800000000005,122.21,O=C1CCC(N2CC3=CC(N4CCN(CCC5CCN(C6=NC=C([C@@H]7C8=CC=C(O)C=C8CC[C@@H]7C7=CC=CC=C7)C=N6)CC5)CC4)=CC=C3C2=O)C(=O)N1
PYPDOMGHATYECY,P03372,Q96SW2,1,0.5475947856903076,1,848.0569999999999,6.650300000000007,122.73,O=C1CC[C@H](N2CC3=C(C=CC4=C3OCC43CCN(C(=O)CN4CCCC5(CCN(C6=CC=C([C@@H]7C8=CC=C(O)C=C8CC[C@@H]7C7=CC=CC=C7)C=C6)CC5)C4)CC3)C2=O)C(=O)N1
PZPKILODOQBDJL,P09874,Q96SW2,0,0.767781674861908,1,675.7460000000001,3.514000000000001,176.8,NC(=O)C1=CC=CC2=CN(C3=CC=C([C@@H]4CCCN(C(=O)CCCCNC5=CC=C6C(=O)N(C7CCC(=O)NC7=O)C(=O)C6=C5)C4)C=C3)N=C12
QAYGTSODSZAYMT,Q9H8M2,Q96SW2,0,0.9993921518325806,1,789.8899999999999,3.785800000000002,165.37999999999997,COC1=CC(C2=CN(C)C(=O)C3=C2N(C)N=C3)=CC(OC)=C1C(=O)N1CCC2(CCC(CN3CC4=CC5=C(C=C4C3)C(=O)N(C3CCC(=O)NC3=O)C5=O)CC2)CC1
QBPVFCNYKUENHU,Q06187,Q96SW2,1,0.25903913378715515,0,991.1629999999992,5.996820000000005,224.25,CC1=C(NC(=O)C2=CC=C(C(C)(C)C)C=C2)C=CC=C1C1=CN(C)C(=O)C(NC2=CC=C(C(=O)N3CCN(CCCCCCNC(=O)CNC4=CC=CC5=C4C(=O)N(C4CCC(=O)NC4=O)C5=O)CC3)C=C2)=N1
QBWVYUPDJXFTKP,Q9NWZ3,Q96SW2,1,0.4415852725505829,0,868.0029999999997,5.580600000000005,165.91999999999996,CN1C(=O)N(C2CCC(=O)NC2=O)C2=CC=CC(CCCCC3CCN(C[C@H]4CC[C@H](N5C=C(NC(=O)C6=C7N=C(N8C[C@H]9C[C@@H]8CO9)C=CN7N=C6)C(C(F)F)=N5)CC4)CC3)=C21
QDDOWIHGTHXPAO,Q06187,Q96SW2,1,0.8729440569877625,1,934.0199999999996,4.017700000000001,240.89,NC1=NC=NC2=C1C(C1=CC=C(OC3=CC=CC=C3)C=C1)=NN2C1CCN(C(=O)CCOCCOCCOCCOCCOCCNC2=CC=CC3=C2C(=O)N([C@@H]2CCC(=O)NC2=O)C3=O)CC1
QDSNNDLGROCHIL,P01116,Q96SW2,0,0.011108297854661942,0,1007.2249999999992,6.703400000000007,176.66999999999996,CCC1=CC=CC2=CC(O)=CC(C3=NC=C4C(N5CC6CCC(C5)N6)=NC(OCCN5CCC(CC6CCN(CC7CCN(C8=CC=CC9=C8C(=O)N(C8CCC(=O)NC8=O)C9=O)CC7)CC6)CC5)=NC4=C3F)=C12
QDXCQBASXZMFNI,P03372,Q96SW2,1,0.630048930644989,1,822.0189999999999,6.363900000000006,114.89,O=C1CC[C@H](N2CC3=C(C=CC4=C3OC[C@H]3CN(CC5CCC6(CCN(C7=CC=C([C@@H]8C9=CC=C(O)C=C9CC[C@@H]8C8=CC=CC=C8)C=C7)CC6)OC5)CCN43)C2=O)C(=O)N1
QEAZTXPVJXACME,P03372,Q96SW2,0,0.8417741656303406,1,751.928,5.656900000000006,113.5,O=C1CCC(N2C(=O)C3=CC=C(N4CCN(CCN5CCC(C6=CC=C([C@@H]7C8=CC=C(O)C=C8CC[C@@H]7C7=CC=CC=C7)C=C6)CC5)CC4)C=C3C2=O)C(=O)N1
QEXIHSMROQCLDO,Q08881,Q96SW2,1,0.7597858905792236,1,829.019,4.678400000000004,168.87,CC1(C)CCC2=C(C1)[NH]N=C2C(=O)NC1=CN([C@@H](CCN2CCN(CCC3CCN(C4=CC=C5C(=O)N(C6CCC(=O)NC6=O)C(=O)C5=C4)CC3)CC2)C2=CC=CC=C2)N=C1
QFAGXASUTPYERB,P03372,Q96SW2,0,0.9652966856956482,1,760.9390000000001,6.651900000000008,111.01,O=C1CCC(N2CC3=CC(C4=CN(C5CN(CC6CCN(C7=CC=C([C@@H]8C9=CC=C(O)C=C9CC[C@@H]8C8=CC=CC=C8)C=C7)CC6)C5)N=C4)=CC=C3C2=O)C(=O)N1
QFOZBKQYNRLZNB,P24941,Q96SW2,0,0.21127571165561676,0,693.5479999999998,2.4529999999999994,176.91,O=C1CCC(N2C(=O)C3=CC=C(N4CC(N5CCC(NC(=O)C6=N[NH]C=C6NC(=O)C6=C(Cl)C=CC=C6Cl)CC5)C4)C=C3C2=O)C(=O)N1
QGJQNPNZAYRDMS,Q13164,P40337,1,0.6946357488632202,1,1000.2839999999994,7.461220000000009,188.7,COC1=CC(N2CCN(CCCCCCC(=O)N[C@H](C(=O)N3C[C@H](O)C[C@H]3C(=O)N[C@@H](C)C3=CC=C(C4=C(C)N=CS4)C=C3)C(C)(C)C)CC2)=CC=C1NC1=NC=C2C(=N1)N(C)C1=CC=CC=C1C(=O)N2C
QIAXHNNLLUKQIW,P01116,Q96SW2,0,0.04468069225549698,0,951.0919999999992,5.204900000000005,159.59999999999997,C#CC1=C(F)C=CC2=CC(O)=CC(C3=NC=C4C(N5CC6CCC(C5)N6)=NC(OCCN5CCC(CN6CC7(CCN(C8=CC=CC9=C8CN(C8CCC(=O)NC8=O)C9=O)CC7)C6)CC5)=NC4=C3F)=C12
QIPGOEGKZBZDSR,P03372,Q96SW2,0,0.742790937423706,1,730.8810000000001,6.525500000000008,102.42000000000002,O=C1CCC(N2CC3=CC(N4CCN(CCCCCOC5=CC=CC([C@@H]6C7=CC=C(O)C=C7CC[C@@H]6C6=CC=C(F)C=C6)=C5)CC4)=CC=C3C2=O)C(=O)N1
QJFDDWLFGZVIOI,P01116,P40337,0,0.011956743896007538,0,1099.3189999999995,7.192720000000009,207.5,C#CC1=C(F)C=CC2=CC(O)=CC(C3=NC=C4C(N5C[C@@H]6CC[C@H](C5)N6)=NC(OC[C@@H]5CCCN5CCCCOCC(=O)N[C@H](C(=O)N5C[C@H](O)C[C@H]5C(=O)N[C@@H](C)C5=CC=C(C6=C(C)N=CS6)C=C5)C(C)(C)C)=NC4=C3F)=C12
QJRAPPXOGRYYJN,P33981,Q96SW2,0,0.17809152603149414,0,949.0199999999998,3.0058000000000016,287.19,COC1=CC(N2CCN(C(=O)CNC(=O)CCCC(=O)NC3=CC=CC4=C3C(=O)N(C3CCC(=O)NC3=O)C4=O)CC2)=CC=C1NC1=NC(NC2=CC=CC=C2S(=O)(=O)C(C)C)=C2N=C[NH]C2=N1
QJUZMTXSMNIGLI,P01116,Q96SW2,0,0.03319048509001732,0,1040.204999999999,5.5842200000000055,162.83999999999995,C#CC1=C(F)C=CC2=CC(O)=CC(C3=NC=C4C(N5CC6CCC(C5)N6)=NC(OCCN5CCC(CN6CCN(CC7CCN(C8=CC(C)=C9C(=O)N(C%10CCC(=O)NC%10=O)CC9=C8F)CC7)CC6)CC5)=NC4=C3F)=C12
QLJXYDKDYITFAR,P01116,Q96SW2,0,0.47522997856140137,0,1062.279999999999,7.271500000000008,166.21999999999997,C#CC1=C(F)C=CC2=CC(O)=CC(C3=NC=C4C(N5CC6CCC(C5)N6)=NC(OCC5(CN6CCC(CC7CCN(CC8CCN(C9=CC=C%10C(=C9)N(C)C(=O)N%10C9CCC(=O)NC9=O)CC8)CC7)CC6)CC5)=NC4=C3F)=C12
QLUWOJLIKKXRKQ,P11802,Q96SW2,0,0.074571892619133,0,775.8710000000002,2.5769,203.86,O=C(CN1CCN(C2=CC=C(NC3=NC=C4N=CC(=O)N(C5CCCC5)C4=N3)C=C2)CC1)NCCCCNC1=CC=CC2=C1C(=O)N(C1CCC(=O)NC1=O)C2=O
QMDXZTNQRYGNEC,O60885,P40337,0,0.8802418112754822,1,1008.0389999999996,6.963280000000008,204.76,CC1=NOC([C@H](C(=O)N2C[C@H](O)C[C@H]2C(=O)N[C@@H](C)C2=CC=C(Cl)C=C2OCCOCCOCCOCCNC(=O)C[C@@H]2N=C(C3=CC=C(Cl)C=C3)C3=C(SC(C)=C3C)N3C(C)=NN=C23)C(C)C)=C1
QNAUPOPGMKWGCH,P51531,P40337,0,0.45797616243362427,0,765.9409999999999,4.877120000000003,201.48,CC1=C(C2=CC=C([C@H](C)NC(=O)[C@@H]3C[C@@H](O)CN3C(=O)[C@@H](NC(=O)CCCN3C=C(C4=CC(C5=CC=CC=C5O)=NN=C4N)C=N3)C(C)(C)C)C=C2)SC=N1
QOXMMJLQRKLFLI,Q06187,Q96SW2,1,0.6571024060249329,1,922.0159999999994,3.2153000000000027,224.41,C[C@H]1CN(C(=O)CNC2=CC=C3C(=O)N(C4CCC(=O)NC4=O)C(=O)C3=C2)CCN1C1=CC=C(NC2=CC(C3=CC=NC(N4CCN5C(=CC6=C5CC(C)(C)C6)C4=O)=C3CO)=CN(C)C2=O)N=C1
QPRQPIWFTUXRNS,P01116,Q96SW2,0,0.2530224323272705,0,968.0939999999994,6.828500000000008,156.36,C#CC1=C(F)C=CC2=CC(O)=CC(C3=NC=C4C(N5CC6CCC(C5)N6)=NC(OCC5(CN6CCC(CC7CCN(C8=CC=C9C(=O)N(C%10CCC(=O)NC%10=O)CC9=C8F)CC7)CC6)CC5)=NC4=C3F)=C12
QQFSCJZOMFNPPP,Q92793,Q96SW2,1,0.7579165697097778,1,822.8739999999997,3.8869000000000025,175.07999999999998,CC(=O)N1CCC2=C(C1)C(N1CCCC3=CC(C4=CN(C)N=C4)=C(C(F)F)C=C31)=NN2C1CCN(C(=O)CNC2=CC=C3C(=O)N(C4CCC(=O)NC4=O)C(=O)C3=C2)CC1
QQPXYSFVJPHTQL,P01116,Q96SW2,0,0.013817546889185905,0,910.0639999999996,5.991400000000006,173.43,CCC1=CC=CC2=CC(O)=CC(C3=NC=C4C(N5CC6CCC(C5)N6)=NC(OCCN5CCC(CC6CCN(C7=CC=CC8=C7C(=O)N(C7CCC(=O)NC7=O)C8=O)CC6)CC5)=NC4=C3F)=C12
QQVCUSPUMMUFTD,P51531,P40337,1,0.8039803504943848,1,1121.422999999999,7.990120000000009,224.9,CC1=C(C2=CC=C([C@H](C)NC(=O)[C@@H]3C[C@@H](O)CN3C(=O)[C@@H](C3=CC(N4CCC(CN5CCC(O[C@H]6C[C@H](OC7=CC(N8C9CCC8CN(C8=CC(C%10=CC=CC=C%10O)=NN=C8N)C9)=CC=N7)C6)CC5)CC4)=NO3)C(C)C)C=C2)SC=N1
QRDAFZSXMRLYMW,P03372,Q96SW2,0,0.9940978288650513,1,728.9590000000001,7.099700000000009,93.19,O=C1CCC(N2CC3=CC(N4CCN(CCCCCSC5=CC=C([C@@H]6C7=CC=C(O)C=C7CC[C@@H]6C6=CC=CC=C6)C=C5)CC4)=CC=C3C2=O)C(=O)N1
QRFXQQHVWUEKNV,P03372,Q96SW2,0,0.8683722615242004,1,728.8900000000002,5.357200000000004,122.65,O=C1CCC(N2CC3=CC(N4CCN(CC(O)CCCOC5=CC=C([C@@H]6C7=CC=C(O)C=C7CC[C@@H]6C6=CC=CC=C6)C=C5)CC4)=CC=C3C2=O)C(=O)N1
QSCOJWKWSHBBPQ,Q06187,Q96SW2,1,0.9715360403060913,1,840.9449999999997,5.769200000000005,181.77,NC1=NC=NC2=C1C(C1=CC=C(OC3=CC=CC=C3)C=C1)=NN2C1CCN(CC2=CC=C(C#CC3CCN(C4=CC=CC5=C4C(=O)N(C4CCC(=O)NC4=O)C5=O)CC3)N=C2)CC1
QSDRZGJBNUYGJE,Q9BY41,Q96SW2,0,0.24201583862304688,0,807.9050000000002,2.5416000000000025,198.0,O=C1CCC(N2C(=O)C3=CC=CC(N4CCC(N5CCN(C(=O)CCCCOC6=CC=C(CCNC(=O)C7=CC=CC(C(=O)NO)=C7)C=C6)CC5)CC4)=C3C2=O)C(=O)N1
QSIFVPKHIDVWQB,P51531,P40337,0,0.3321264088153839,0,825.0339999999998,4.630120000000003,203.03000000000003,CC1=C(C2=CC=C([C@H](C)NC(=O)[C@@H]3C[C@@H](O)CN3C(=O)[C@@H](NC(=O)C3=CSC(N4CCN(C5=CC(C6=CC=CC=C6O)=NN=C5N)CC4)=N3)C(C)(C)C)C=C2)SC=N1
QSLOGDDNCAUEOM,P03372,Q96SW2,1,0.6384192705154419,1,791.9490000000001,5.880100000000006,130.57,O=C1CCC(N2C(=O)C3=CC4=C(C=C3C2=O)CN(CC(=O)N2CCC3(CC2)CCN(C2=CC=C([C@@H]5C6=CC=C(O)C=C6CC[C@@H]5C5=CC=CC=C5)C=C2)CC3)C4)C(=O)N1
QTIIUYBOSNVWGS,P33981,P40337,0,0.6001084446907043,1,919.1699999999994,5.901020000000004,213.7,CC1=C(C2=CC=C(CNC(=O)[C@@H]3C[C@@H](O)CN3C(=O)[C@@H](NC(=O)CCCC(=O)N3CCN(C4=CC=C(NC5=NC(NC6CCCCC6)=C6N=C[NH]C6=N5)C=C4)CC3)C(C)(C)C)C=C2)SC=N1
QTODIHOPRSJNDC,P03372,Q96SW2,0,0.8166747689247131,1,741.9330000000001,5.903800000000006,114.45000000000002,O=C1CCC(N2CC3=CC(NCCCCN4CCN(CCOC5=CC=C([C@@H]6C7=CC=C(O)C=C7CC[C@@H]6C6=CC=CC=C6)C=C5)CC4)=CC=C3C2=O)C(=O)N1
QTVYMWKPPLSHPY,P03372,P40337,1,0.7825875878334045,1,947.134,7.183220000000008,158.35000000000002,CC1=C(C2=CC=C(CNC(=O)[C@@H]3C[C@@H](O)CN3C(=O)[C@@H](NC(=O)COCCOCCOC3=CC(F)=C([C@@H]4C5=C(C[C@@H](C)N4CC(C)(C)F)C4=CC=CC=C4[NH]5)C(F)=C3)C(C)(C)C)C=C2)SC=N1
QVKJJUGUFZBXRO,O15379,P40337,1,0.21430829167366028,0,804.071,6.192320000000007,181.86,CCCNNC(=O)C1=CC=C(NC(=O)CCCCCCCCC(=O)N[C@H](C(=O)N2C[C@H](O)C[C@H]2C(=O)N[C@@H](C)C2=CC=C(C3=C(C)N=CS3)C=C2)C(C)(C)C)C=C1
QVMGVUJASAUIKH,P03372,Q96SW2,0,0.8756364583969116,1,753.9439999999998,6.062300000000006,105.66,COC1=CC=C([C@@H]2CCC3=CC(O)=CC=C3[C@@H]2C2=CC=C(N3CCC(CN4CCN(C5=CC=C6C(=O)N(C7CCC(=O)NC7=O)CC6=C5)CC4)CC3)C=C2)C=C1
QWGRMVRMZJRYBH,P10275,Q96SW2,0,0.4351176619529724,0,788.3489999999998,5.367880000000005,137.37,N#CC1=CC=C(N2CCC3(CCN(C4=CC=C(C(=O)N5CCC(CCN6CC7=CC8=C(C=C7C6)C(=O)N(C6CCC(=O)NC6=O)C8=O)CC5)C=C4)CC3)C2)C=C1Cl
QWNMCBPHDWHBTF,Q92918,Q96SW2,0,0.08550933003425598,0,779.9019999999998,4.494320000000003,155.14999999999998,CC1=CC(C2=C[NH]C3=NC=C(C4=CC=C(N5CCN(C6CCN(C7=CC=C8C(=O)N(C9CCC(=O)NC9=O)C(=O)C8=C7)CC6)CC5)C=C4)N=C23)=CC=C1C(=O)N(C)C
QWPXFOCCASOKEI,P40763,Q96SW2,0,0.19558048248291016,0,1160.2479999999996,3.5687000000000104,298.26,CN1CC[C@H]2CC[C@@H](C(=O)N[C@@H](CCC(N)=O)C(=O)N[C@H](C(=O)N3CCC(CCC#CC4=CC=CC5=C4CN(C4CCC(=O)NC4=O)C5=O)CC3)C3CCCCC3)N2C(=O)[C@@H](NC(=O)C2=CC3=CC(C(F)(F)P(=O)(O)O)=CC=C3S2)C1
QYKZIZGHSUMTGL,P29597,P40337,0,0.44775861501693726,0,1018.2549999999998,6.522520000000006,271.99,CNC(=O)C1=CC=CC(NC2=CC(NC3=CC=C(C(=O)NCCCCCCCCCC(=O)N[C@H](C(=O)N4C[C@H](O)C[C@H]4C(=O)NCC4=CC=C(C5=C(C)N=CS5)C=C4)C(C)(C)C)C=N3)=NC=C2C(N)=O)=C1OC
QYPLIYFTVMBVHQ,P03372,Q96SW2,0,0.9340097904205322,1,793.965,5.709200000000006,122.73000000000002,O=C1CCC(N2C(=O)C3=CC=C(N4C[C@H]5C[C@@H]4CN5CC4CCN(CCOC5=CC=C([C@@H]6C7=CC=C(O)C=C7CC[C@@H]6C6=CC=CC=C6)C=C5)CC4)C=C3C2=O)C(=O)N1
RAOXBNPYHDCZKU,Q92918,Q96SW2,0,0.09101930260658264,0,767.8430000000001,4.878420000000003,174.96999999999997,CC1=CC(C2=C[NH]C3=NC=C(C4=CC=C(C5CCN(C(=O)CCOC6=CC=CC7=C6C(=O)N(C6CCC(=O)NC6=O)C7=O)CC5)C=C4)N=C23)=CC=C1C(=O)N(C)C
RAPZFEJMNCDSTP,P36888,Q96SW2,1,0.2478037029504776,0,852.9499999999996,2.074200000000004,230.96,CCC1=NC(C(N)=O)=C(NC2=CC=C(N3CCC(N4CCN(C(=O)COC5=CC=CC6=C5C(=O)N(C5CCC(=O)NC5=O)C6=O)CC4)CC3)C(OC)=C2)N=C1NC1CCOCC1
RASJDLFEGKXLIV,P03372,Q96SW2,1,0.8901546001434326,1,854.906,5.068200000000004,142.26,C[C@@H]1CC2=C(C=CC3=C2C=N[NH]3)[C@@H](C2=C(F)C=C(N3CCC4(CCN(C(=O)CN5CC6=CC7=C(C=C6C5)C(=O)N(C5CCC(=O)NC5=O)C7=O)CC4)CC3)C=C2F)N1CC(F)F
RBYZOEAWGXVHMR,P51531,P40337,1,0.8979735970497131,1,956.6579999999996,8.891520000000005,151.37,CC1=C(C2=CC=C([C@H](C)NC(=O)[C@@H]3C[C@@H](O)CN3C(=O)[C@H](C(C)C)N3C=C([C@H]4CC[C@H](CN5CCC(C6=CC=C7C(=C6)N6C(=NC(=O)C8=C(Cl)C=CC=C86)C7(C)C)CC5)CC4)N=N3)C=C2)SC=N1
RDAPZEZHBZNLOS,Q92918,Q96SW2,0,0.5687870383262634,1,739.2559999999997,6.111500000000007,145.24,O=C1CCN(C2=CC(C(=O)N3CCC(CC4CCN(C5=CC=C(C6=CN=C7[NH]C=C(C8=CN(CCF)N=C8)C7=N6)C=N5)CC4)CC3)=CC=C2Cl)C(=O)N1
RDNNHBLTMLFALM,P03372,Q96SW2,0,0.7682229280471802,1,724.9060000000001,5.448700000000005,109.32,O=C1CCC(N2CC3=NC(N4CCN(CCC5CCN(C6=CC=C([C@@H]7C8=CC=C(O)C=C8CC[C@@H]7C7=CC=CC=C7)C=C6)C5)CC4)=CC=C3C2=O)C(=O)N1
REJKZXHAWJVIKO,Q92918,Q96SW2,0,0.8188498020172119,1,751.8479999999998,3.714120000000001,155.14999999999998,CC1=CC(C2=C[NH]C3=NC=C(C4=CC=C(N5CCN(C6CN(C7=CC=C8C(=O)N(C9CCC(=O)NC9=O)C(=O)C8=C7)C6)CC5)C=C4)N=C23)=CC=C1C(=O)N(C)C
REWQNZSDAWZOAS,P51531,P40337,1,0.7661082744598389,1,958.6259999999996,9.246720000000002,155.91999999999996,CC1=C(C2=CC=C([C@H](C)NC(=O)[C@@H]3C[C@@H](O)CN3C(=O)[C@@H](C3=CC(OC4CCC(N5CCC(C6=CC=C7C(=C6)C(C)(C)C6=NC(=O)C8=C(Cl)C=CC=C8N76)CC5)CC4)=NO3)C(C)C)C=C2)SC=N1
REYNDCVRJYVBPR,P01116,Q96SW2,0,0.22906813025474548,0,983.1089999999996,5.6524200000000056,159.59999999999997,C#CC1=C(F)C=CC2=CC(O)=CC(C3=NC=C4C(N5CC6CCC(C5)N6)=NC(OCCN5CCC6(CC5)CN(CC5CCN(C7=CC(C)=C8C(=O)N(C9CCC(=O)NC9=O)CC8=C7F)CC5)C6)=NC4=C3F)=C12
RFPSRLABGOTEDB,P03372,Q96SW2,0,0.4757435917854309,0,741.908,6.145800000000007,96.43,O=C1CCC(N2CC3=CC(N4CCN(CC5(F)CCN(C6=CC=C([C@@H]7C8=CC=C(O)C=C8CC[C@@H]7C7=CC=CC=C7)C=C6)CC5)CC4)=CC=C3C2=O)C(=O)N1
RFWQGGOBVSJKDT,P50750,Q96SW2,1,0.5363523960113525,1,917.896,6.378400000000005,213.61,O=C1CCC(N2C(=O)C3=CC=CC(OCCCCCCCCN4C=C(CCCCCCN5CCC(NC(=O)C6=C(NC(=O)C7=C(Cl)C=CC=C7Cl)C=N[NH]6)CC5)N=N4)=C3C2=O)C(=O)N1
RGDGMHSGXOTRFZ,O60885,Q96SW2,0,0.21449986100196838,0,666.2480000000003,4.957960000000004,147.44,CC1=C(C)C2=C(S1)N1C(C)=NN=C1[C@H](CC(=O)NCCCCCCCCC(=O)N[C@H]1CCC(=O)NC1=O)N=C2C1=CC=C(Cl)C=C1
RGKRNSKHJAIUAE,Q9NWZ3,Q96SW2,1,0.04083561524748802,0,857.867,2.992200000000003,207.16,CN1C(=O)N(C2CCC(=O)NC2=O)C2=CC=CC(CCCOCCCOCCOCCN3C=C(NC(=O)C4=C5N=C(N6C[C@H](N)CC(F)(F)C6)C=CN5N=C4)C(C(F)F)=N3)=C21
RGLGQQQLWMBODI,P03372,Q96SW2,0,0.8622645735740662,1,742.9169999999999,5.747300000000006,122.65,CC(O)(CCOC1=CC=C([C@@H]2C3=CC=C(O)C=C3CC[C@@H]2C2=CC=CC=C2)C=C1)CCN1CCN(C2=CC=C3C(=O)N(C4CCC(=O)NC4=O)CC3=C2)CC1
RGTZCSFQBVIJHW,O60885,Q96SW2,1,0.2914217412471771,0,743.29,5.130580000000004,151.12,CC1=C(C)C2=C(S1)N1C(C)=NN=C1[C@H](CC(=O)NC1CCN(C(=O)COC3=CC=CC(N4CCC(=O)NC4=O)=C3C)CC1)N=C2C1=CC=C(Cl)C=C1
RHDMRLFWOOTRKS,P03372,Q96SW2,1,0.6257404685020447,1,820.0469999999999,7.37510000000001,105.66,O=C1CC[C@H](N2CC3=C(C=CC4=C3OC[C@H]3CN(CC5CCC6(CC5)CCN(C5=CC=C([C@@H]7C8=CC=C(O)C=C8CC[C@@H]7C7=CC=CC=C7)C=C5)CC6)CCN43)C2=O)C(=O)N1
RHXBARXCYBZWQY,Q92918,Q96SW2,1,0.49282345175743103,0,737.2649999999998,5.134300000000005,165.47,O=C1CCN(C2=CC(C(=O)N3CCC(CC4CCN(C5=CC=C(C6=CN=C7[NH]C=C(C8=CN(CCO)N=C8)C7=N6)C=N5)CC4)CC3)=CC=C2Cl)C(=O)N1
RIBCWKRMNKOGRN,P62942,Q96SW2,1,0.5371875762939453,1,1009.1229999999994,4.518800000000005,262.22,CCC(C)(C)C(=O)C(=O)N1CCCC[C@H]1C(=O)O[C@H](CCC1=CC=C(OC)C(OC)=C1)C1=CC=CC(NC(=O)CCC(=O)NCCCCNC(=O)COC2=CC=CC3=C2C(=O)N(C2CCC(=O)NC2=O)C3=O)=C1
RJTSFAFABFEXTC,P01116,Q96SW2,0,0.49274152517318726,0,1027.1619999999991,5.8083200000000055,168.82999999999998,C#CC1=C(F)C=CC2=CC(O)=CC(C3=NC=C4C(N5CC6CCC(C5)N6)=NC(OC[C@@H]5C[C@@H](OC6CCN(CC7CCN(C8=CC(C)=C9C(=O)N(C%10CCC(=O)NC%10=O)CC9=C8F)CC7)CC6)CN5C)=NC4=C3F)=C12
RJZWPRMLXQCXJO,P00533,Q96SW2,0,0.995763897895813,1,956.105,8.091100000000008,178.94,CCS(=O)(=O)N1C=C(C2=NC(NC3=CC=C(N4CCN(CCCCCCCCCCC(=O)NC5=CC=CC6=C5CN(C5CCC(=O)NC5=O)C6=O)CC4)C=C3)=NC=C2C(F)(F)F)C2=CC=CC=C21
RMDRYDCBCVLBLF,P01116,Q96SW2,0,0.22898562252521515,0,969.0819999999997,5.344000000000005,159.59999999999997,C#CC1=C(F)C=CC2=CC(O)=CC(C3=NC=C4C(N5CC6CCC(C5)N6)=NC(OCCN5CCC6(CC5)CN(CC5CCN(C7=CC=C8C(=O)N(C9CCC(=O)NC9=O)CC8=C7F)CC5)C6)=NC4=C3F)=C12
RMEBYOQHBJEARV,Q06187,Q96SW2,1,0.9995957016944885,1,804.9129999999997,2.3385000000000025,210.61,CN1CCN([C@@H]2CCCN(C3=CN=C(C(N)=O)C(NC4=CC=C(N5CCC6(CCN(C7=CC=C8C(=O)N([C@H]9CCC(=O)NC9=O)C(=O)C8=C7)CC6)CC5)N=C4)=N3)C2)C1=O
RMMAOICBFXEKSR,P11802,Q96SW2,0,0.9557223320007324,1,802.8929999999998,4.074300000000003,208.9,O=C1CCC(N2C(=O)C3=CC=CC(NC(=O)CCCCCCC(=O)N4CCN(C5=CC=C(NC6=NC=C7N=CC(=O)N(C8CCCC8)C7=N6)C=C5)CC4)=C3C2=O)C(=O)N1
RMVFNVOJYTXBGY,P62942,Q96SW2,1,0.614338755607605,1,945.1239999999992,4.615000000000006,235.92,CCC(C)(C)C(=O)C(=O)N1CCCC[C@H]1C(=O)O[C@H](CCC1=CC=C(OC)C(OC)=C1)C1=CC=CC(NC(=O)CCC(=O)NCCCCCCC(=O)N2CCC[C@H]2C(=O)N[C@H]2CC(=O)NC2=O)=C1
RMWRKGGZMDZIQO,P10275,Q96SW2,1,0.8910965919494629,1,774.3219999999998,5.118680000000004,137.37,C[C@H]1CC2(CCN(C3=CC=C(C(=O)N4CCC(N5CC6=CC7=C(C=C6C5)C(=O)N(C5CCC(=O)NC5=O)C7=O)CC4)C=C3)CC2)CN1C1=CC=C(C#N)C(Cl)=C1
RMZBDXZBUMCJJL,Q06187,Q96SW2,1,0.48582586646080017,0,1066.229999999999,4.808900000000006,242.87,C[C@H]1CN(CCCCCCOCCOCC(=O)NC2=CC=CC3=C2C(=O)N(C2CCC(=O)NC2=O)C3=O)CCN1C1=CC=C(NC2=CC(C3=CC=NC(N4CCN5C(=CC6=C5CC(C)(C)C6)C4=O)=C3CO)=CN(C)C2=O)N=C1
RNLVTYXNXURXNA,Q9H8M2,Q96SW2,0,0.409514844417572,0,828.9669999999998,5.570700000000006,160.45,COC1=CC(C2=CN(C)C(=O)C3=CN=C(C(C)C)C=C23)=CC(OC)=C1C(=O)N1CCC2(CCC(CN3CC4=CC5=C(C=C4C3)C(=O)N(C3CCC(=O)NC3=O)C5=O)CC2)CC1
RPCZNZTUMZLFLM,P03372,Q96SW2,1,0.26709863543510437,0,792.9369999999999,4.246900000000003,125.97,O=C1CC[C@H](N2CC3=C(C=CC4=C3OC[C@H]3CN(CC(=O)N5CC6(C5)CN(C5=CC=C([C@@H]7C8=CC=C(O)C=C8CC[C@@H]7C7=CC=CC=C7)C=C5)C6)CCN43)C2=O)C(=O)N1
RRIPMGHYQJHRJM,Q92793,Q96SW2,1,0.9295628070831299,1,862.9099999999994,5.196200000000005,148.47,CC(=O)N1CCC2=C(C1)C(N1CCCC3=CC(C4=CC=C(F)C=C4)=C(C(F)F)C=C31)=NN2C1CCN(C(=O)CN2CC3=CC4=C(C=C3C2)C(=O)N(C2CCC(=O)NC2=O)C4=O)CC1
RRKHTBLDFNFWBG,Q06187,Q96SW2,1,0.9696062803268433,1,831.9789999999997,3.1525000000000034,197.72,CN1CCN([C@@H]2CCCN(C3=CN=C(C(N)=O)C(NC4=CC=C(C5CCN(CC6CCN(C7=CC=C8C(=O)N([C@@H]9CCC(=O)NC9=O)C(=O)C8=C7)CC6)CC5)C=C4)=N3)C2)C1=O
RSIUYCUBMQDZLI,Q08881,Q96SW2,1,0.7809213995933533,1,851.9619999999998,3.374400000000005,219.18,CN(CCOCCOCCOCC(=O)NC1=CC=C2C(=O)N(C3CCC(=O)NC3=O)C(=O)C2=C1)CC[C@@H](C1=CC=CC=C1)N1C=C(NC(=O)C2=N[NH]C3=C2CCC(C)(C)C3)C=N1
RSRHCKOLDVWOMV,P01116,Q96SW2,0,0.03852791711688042,0,1039.216999999999,7.068720000000008,159.59999999999997,C#CC1=C(F)C=CC2=CC(O)=CC(C3=NC=C4C(N5CC6CCC(C5)N6)=NC(OCCN5CCC(CC6CCN(CC7CCN(C8=CC(C)=C9C(=O)N(C%10CCC(=O)NC%10=O)CC9=C8F)CC7)CC6)CC5)=NC4=C3F)=C12
RTXWNLFXLDMWMW,P01116,Q96SW2,0,0.15403401851654053,0,955.1049999999994,5.321700000000005,185.9,CCC1=CC=CC2CC(O)=CC(C3=NC=C4C(N5CC6CCC(C5)N6)=NC(OC[C@]56CCCN5[C@@H](COC(=O)N5CCN(C7=CC=CC8=C7CN(C7CCC(=O)NC7=O)C8=O)CC5)CC6)=NC4=C3F)=C12
RTYVSUBNYZYOJZ,Q07889,Q96SW2,0,0.09528250992298126,0,854.9559999999997,6.720920000000007,198.18,COC1=CC2=NC(C)=NC(N[C@H](C)C3=CC(N)=CC(C(F)F)=C3)=C2C=C1OCC1(CN(C)C(=O)CCCCCCNC2=CC=CC3=C2C(=O)N(C2CCC(=O)NC2=O)C3=O)CC1
RUICZTHQOJHZJD,P03372,Q96SW2,0,0.8643169403076172,1,737.945,6.490100000000006,105.22,O=C1CCC(N2CC3=CC(N4CCC(NCC5CCN(C6=CC=C([C@@H]7C8=CC=C(O)C=C8CC[C@@H]7C7=CC=CC=C7)C=C6)CC5)CC4)=CC=C3C2=O)C(=O)N1
RVGZNDYILKOBGV,P51531,P40337,0,0.3441503345966339,0,808.022,6.047420000000007,201.48,CC1=C(C2=CC=C([C@H](C)NC(=O)[C@@H]3C[C@@H](O)CN3C(=O)[C@@H](NC(=O)CCCCCCN3C=C(C4=CC(C5=CC=CC=C5O)=NN=C4N)C=N3)C(C)(C)C)C=C2)SC=N1
RVOJNJLWNBVPOR,P36888,Q96SW2,1,0.27639108896255493,0,838.9669999999998,2.434000000000004,213.88999999999996,CCC1=NC(C(N)=O)=C(NC2=CC=C(N3CCC(N4CCN(C(=O)COC5=CC=CC6=C5CN(C5CCC(=O)NC5=O)C6=O)CC4)CC3)C(OC)=C2)N=C1NC1CCOCC1
RVPIPKQWWAAQIK,P03372,Q96SW2,0,0.9195663332939148,1,727.9060000000002,5.513700000000005,114.45000000000002,O=C1CCC(N2CC3=CC(NCCCN4CCN(CCOC5=CC=C([C@@H]6C7=CC=C(O)C=C7CC[C@@H]6C6=CC=CC=C6)C=C5)CC4)=CC=C3C2=O)C(=O)N1
RVWBTXSGZFJYEH,P50750,Q96SW2,0,0.9979711174964905,1,861.7879999999999,4.818000000000003,213.61,O=C1CCC(N2C(=O)C3=CC=CC(OCCCCCN4C=C(CCCCCN5CCC(NC(=O)C6=C(NC(=O)C7=C(Cl)C=CC=C7Cl)C=N[NH]6)CC5)N=N4)=C3C2=O)C(=O)N1
RVYUHHWSAXOCDU,Q06187,Q96SW2,1,0.9616363048553467,1,803.9249999999997,2.372300000000004,197.72,CN1CCN([C@@H]2CCCN(C3=CN=C(C(N)=O)C(NC4=CC=C(C5CCN(CC6CN(C7=CC=C8C(=O)N([C@@H]9CCC(=O)NC9=O)C(=O)C8=C7)C6)CC5)C=C4)=N3)C2)C1=O
RWHALQYVRUPHFK,P01116,Q96SW2,0,0.020527059212327003,0,1041.261999999999,5.978000000000007,169.45999999999998,CCC1=C(F)C=CC2=CC(O)=CC(C3=NC=C4C(N5CC6CCC(C5)N6)=NC(OCCN5CCC(C)(CN6CCN(CC7CCN(C8=CC=C9C(=C8)N(C)C(=O)N9C8CCC(=O)NC8=O)CC7)CC6)CC5)=NC4=C3F)=C12
RWZUENRHOXLKRD,P50750,Q96SW2,0,0.22517715394496918,0,833.7339999999999,4.037800000000002,213.61,O=C1CCC(N2C(=O)C3=CC=CC(OCCCCN4C=C(CCCCN5CCC(NC(=O)C6=C(NC(=O)C7=C(Cl)C=CC=C7Cl)C=N[NH]6)CC5)N=N4)=C3C2=O)C(=O)N1
RXBULKVYMPTZLG,O60885,Q96SW2,1,0.2392377406358719,0,709.2730000000003,3.684060000000001,176.53999999999996,CC1=C(C)C2=C(S1)N1C(C)=NN=C1[C@H](CC(=O)NCCCCCCCCC(=O)NCC(=O)N[C@H]1CC(=O)NC1=O)N=C2C1=CC=C(Cl)C=C1
RXPVERGCEPLCLB,Q13546,P40337,0,0.43672803044319153,0,1043.2789999999998,6.793840000000009,241.76,CC1=NC=C(C2=CC=C3N=C(NC(=O)COCCOCCOCCOCC(=O)N[C@H](C(=O)N4C[C@H](O)C[C@H]4C(=O)NCC4=CC=C(C5=C(C)N=CS5)C=C4)C(C)(C)C)SC3=C2)C=C1NC(=O)OC1CCCCC1
RYBGNXHUCGXEPA,P24941,Q96SW2,0,0.5593394041061401,1,756.8279999999999,2.722200000000001,204.65,O=C1CCC(N2C(=O)C3=CC=C(N4CCC(CN5CCN(CC6=CC=C(NC(=O)C7=N[NH]C=C7NC7=NC=NC8=C7C=C[NH]8)C=C6)CC5)C4)C=C3C2=O)C(=O)N1
RYTCYGKCRMOACE,P01116,Q96SW2,0,0.9290681481361389,1,1023.2029999999992,5.0068000000000055,169.45999999999998,C#CC1=C(F)C=CC2=CC(O)=CC(C3=NC=C4C(N5CC6CCC(C5)N6)=NC(OCCN5CCN(CC6CCN(CC7CCN(C8=CC=C9C(=C8)N(C)C(=O)N9C8CCC(=O)NC8=O)CC7)CC6)CC5)=NC4=C3F)=C12
RYXWEURGJSYECJ,P03372,Q96SW2,0,0.3986624777317047,0,724.902,6.384800000000007,102.42000000000002,O=C1CCC(N2CC3=CC(N4CCN(C5CC(CCOC6=CC=C([C@@H]7C8=CC=C(O)C=C8CC[C@@H]7C7=CC=CC=C7)C=C6)C5)CC4)=CC=C3C2=O)C(=O)N1
RYYXXDIANYNUAB,Q92793,Q96SW2,0,0.9673851728439331,1,946.0249999999992,6.002340000000005,192.52,CC1=NOC(C)=C1C1=CC=C2C(=C1)N=C([C@@H]1CCCC(=O)N1C1=CC=C(F)C(F)=C1)N2[C@H]1CC[C@H](OCC(=O)N2CCN(CCNC3=CC=C4C(=O)N(C5CCC(=O)NC5=O)C(=O)C4=C3)CC2)CC1
RZWSJHUMBKJCQC,P03372,Q96SW2,1,0.4953148066997528,0,820.0029999999998,5.870100000000006,122.73,O=C1CC[C@H](N2CC3=C(C=CC4=C3OCC43CCN(C(=O)CN4CC5(CCN(C6=CC=C([C@@H]7C8=CC=C(O)C=C8CC[C@@H]7C7=CC=CC=C7)C=C6)CC5)C4)CC3)C2=O)C(=O)N1
SCMQMXRHAQISDZ,Q92793,Q96SW2,1,0.39976224303245544,0,833.9409999999996,5.748500000000006,145.98,CC(=O)N1CCC2=C(C1)C(N1CCCC3=CC(C4=NN(C)C=C4)=C(C(F)F)C=C31)=NN2C1CCC(CCN2CC3=CC4=C(C=C3C2)C(=O)N(C2CCC(=O)NC2=O)C4=O)CC1
SDVXVVRZUBGBIP,P03372,Q96SW2,1,0.4407397508621216,0,834.0299999999999,6.260200000000007,122.73,O=C1CC[C@H](N2CC3=C(C=CC4=C3OCC43CCN(CC(=O)N4CCC5(CCN(C6=CC=C([C@@H]7C8=CC=C(O)C=C8CC[C@@H]7C7=CC=CC=C7)C=C6)CC5)C4)CC3)C2=O)C(=O)N1
SDWUURRMSCHVOR,O60885,Q96SW2,1,0.29285329580307007,0,868.4169999999999,4.1005600000000015,188.5,CC1=C(C)C2=C(S1)N1C(C)=NN=C1[C@H](CC(=O)N1CCN(CC(=O)NCCCCCOC3=CC=CC4=C3C(=O)N(C3CCC(=O)NC3=O)C4=O)CC1)N=C2C1=CC=C(Cl)C=C1
SEHKDMKQRSFFAP,P03372,Q96SW2,1,0.9457419514656067,1,883.944,5.035700000000006,149.6,C[C@@H]1CC2=C([NH]C3=CC=CC=C23)[C@@H](C2=C(F)C=C(N3CCC4(CCN(C(=O)CN5CC6=CC7=C(C=C6C5)C(=O)N(C5CCC(=O)NC5=O)C7=O)CC4)CC3)C=C2F)N1CC(F)(F)CO
SEIYSBOQHBULFI,P03372,Q96SW2,0,0.7882208824157715,1,759.8979999999999,6.331900000000006,96.43,O=C1CCC(N2CC3=CC(N4CCN(CC5CCN(C6=C(F)C=C([C@@H]7C8=CC=C(O)C=C8CC[C@@H]7C7=CC=CC=C7)C=C6F)CC5)CC4)=CC=C3C2=O)C(=O)N1
SENCERWTVQUVEP,P03372,Q96SW2,0,0.5294001698493958,1,724.902,6.384800000000007,102.42000000000002,O=C1CCC(N2CC3=CC(N4CCC(N5CC(CCOC6=CC=C([C@@H]7C8=CC=C(O)C=C8CC[C@@H]7C7=CC=CC=C7)C=C6)C5)CC4)=CC=C3C2=O)C(=O)N1
SEPZFBBSIBKESI,Q08881,Q96SW2,0,0.3092007040977478,0,851.9619999999998,3.374400000000004,219.18,CN(CCOCCOCCOCC(=O)NC1=CC=CC2=C1C(=O)N(C1CCC(=O)NC1=O)C2=O)CC[C@@H](C1=CC=CC=C1)N1C=C(NC(=O)C2=N[NH]C3=C2CCC(C)(C)C3)C=N1
SFAZMJOUZPQYHW,Q9BY41,Q96SW2,0,0.07170011848211288,0,628.6380000000004,2.995700000000001,180.44,COC1=CC=C(C(=O)O)C=C1OCC1=CC=C(C(=O)NCCCCNC2=CC=CC3=C2C(=O)N(C2CCC(=O)NC2=O)C3=O)C=C1
SFOKKIBXAXDNRS,Q92918,Q96SW2,0,0.9993236064910889,1,823.3739999999996,6.674200000000007,144.82,CCN1CCC(N2C=C(C3=C[NH]C4=NC=C(C5=CC=C(N6CCC(OC7CCN(C(=O)C8=CC=C(Cl)C(N9CCC(=O)NC9=O)=C8)CC7)CC6)C(F)=C5)N=C34)C=N2)CC1
SGAIHYROHDVCQP,P01116,Q96SW2,0,0.632860541343689,1,951.0919999999996,5.204900000000005,159.59999999999997,C#CC1=C(F)C=CC2=CC(O)=CC(C3=NC=C4C(N5CC6CCC(C5)N6)=NC(OCCN5CCC6(CC5)CN(CC5CCN(C7=CC=CC8=C7CN(C7CCC(=O)NC7=O)C8=O)CC5)C6)=NC4=C3F)=C12
SGUKLZBZSKIVPN,Q08881,Q96SW2,1,0.28163468837738037,0,850.9779999999998,2.947400000000007,221.98,CN(CCOCCOCCNC(=O)CNC1=CC=CC2=C1C(=O)N(C1CCC(=O)NC1=O)C2=O)CC[C@@H](C1=CC=CC=C1)N1C=C(NC(=O)C2=N[NH]C3=C2CCC(C)(C)C3)C=N1
SHAMJIRSIDFELO,P01116,Q96SW2,0,0.24262747168540955,0,1026.1779999999992,5.275800000000005,162.83999999999995,C#CC1=C(F)C=CC2=CC(O)=CC(C3=NC=C4C(N5CC6CCC(C5)N6)=NC(OCCN5CCC(CN6CCN(CC7CCN(C8=CC=C9C(=O)N(C%10CCC(=O)NC%10=O)CC9=C8F)CC7)CC6)CC5)=NC4=C3F)=C12
SHFVBIUYQVOCJQ,Q92918,Q96SW2,0,0.12180907279253006,0,778.8699999999999,4.545720000000003,168.98000000000002,CC1=CC(C2=C[NH]C3=NC=C(C4=CC=C(C5CCN(C(=O)C6CN(C7=CC=C8C(=O)N(C9CCC(=O)NC9=O)C(=O)C8=C7)C6)CC5)C=C4)N=C23)=CC=C1C(=O)N(C)C
SHUBDEMMLLDYQT,Q92793,Q96SW2,1,0.675981879234314,1,836.9009999999996,4.277000000000003,175.07999999999998,CC(=O)N1CCC2=C(C1)C(N1CCCC3=CC(C4=CN(C)N=C4)=C(C(F)F)C=C31)=NN2C1CCN(C(=O)CCNC2=CC=CC3=C2C(=O)N(C2CCC(=O)NC2=O)C3=O)CC1
SKYVEYPEIVTKRF,P40337,P40337,1,0.9993806481361389,1,1147.609999999999,8.750840000000006,223.26,CC1=CSC(C2=CC=C(CNC(=O)[C@@H]3C[C@@H](O)CN3C(=O)[C@@H](NC(=O)CCCCCCCCSSCCCCC(=O)N[C@H](C(=O)N3C[C@H](O)C[C@H]3C(=O)NCC3=CC=C(C4=C(C)N=CS4)C=C3)C(C)(C)C)C(C)(C)C)C=C2)=N1
SLDAFIDROUHPMA,P01116,Q96SW2,0,0.07450229674577713,0,998.1929999999992,6.436300000000006,166.21999999999997,CCC1=C(F)C=CC2=CC(O)=CC(C3=NC=C4C(N5CC6CCC(C5)N6)=NC(OCCN5CCC6(CC5)CCN(CC5CCN(C7=CC=C8C(=C7)N(C)C(=O)N8C7CCC(=O)NC7=O)CC5)CC6)=NC4=C3F)=C12
SLPWRCRRHVRNRM,O60885,P40337,0,0.9888319969177246,1,1016.6879999999996,6.157680000000008,211.48999999999995,CC1=C(C2=CC=C([C@H](C)NC(=O)C3C[C@@H](O)CN3C(=O)[C@H](NC(=O)COCCOCCOCCNC(=O)C[C@@H]3N=C(C4=CC=C(Cl)C=C4)C4=C(SC(C)=C4C)N4C(C)=NN=C34)C(C)(C)C)C=C2)SC=N1
SLXOQKCZCGWOCQ,P01116,Q96SW2,0,0.09986909478902817,0,1010.1599999999992,5.230900000000004,175.45,C#CC1=C(F)C=CC2=CC(O)=CC(C3=NC=C4C(N5CC6CCC(C5)N6)=NC(OC[C@@H]5C[C@@H](OC6CCN(CC7CCN(C8=CC=C9C(=C8)N(C)C(=O)N9C8CCC(=O)NC8=O)CC7)CC6)CN5C)=NC4=C3F)=C12
SMENADKMMXTZAZ,Q13490,P40337,1,0.11565536260604858,0,1103.441,7.252820000000013,220.63,CN[C@@H](C)C(=O)N[C@H](C(=O)N1C[C@@H](OC2=CC=CC(OCCCCC(=O)N[C@H](C(=O)N3C[C@H](O)C[C@H]3C(=O)N[C@@H](C)C3=CC=C(C4=C(C)N=CS4)C=C3)C(C)(C)C)=C2)C[C@H]1C(=O)N[C@@H]1CCCC2=CC=CC=C21)C1CCCCC1
SMHVFMFQPBBUHA,P03372,Q96SW2,0,0.9888662099838257,1,730.8810000000001,6.525500000000007,102.42000000000002,O=C1CCC(N2CC3=CC(N4CCN(CCCCCOC5=CC=C([C@@H]6C7=CC=C(O)C=C7CC[C@@H]6C6=CC=CC=C6)C=C5)CC4)=CC(F)=C3C2=O)C(=O)N1
SMKTVPFZZQSNAM,Q16584,P40337,0,0.9923697710037231,1,1217.546999999999,7.95632000000001,236.84,CCSCC1=CC=C2C(=C1)C1=C3C(=O)NCC3=C3C4=CC(CSCC)=CC=C4N4C3=C1N2[C@H]1C[C@](O)(C(=O)NCCOCCOCCOCC(=O)N[C@H](C(=O)N2C[C@H](O)C[C@H]2C(=O)N[C@@H](C)C2=CC=C(C3=C(C)N=CS3)C=C2)C(C)(C)C)[C@]4(C)O1
SMSRIGRAQRHPFR,Q9NWZ3,Q96SW2,0,0.6082153916358948,1,827.8609999999998,6.391700000000007,176.07,COC1=CC2=C(C=C1NC(=O)C1=CC=CC(C(F)(F)F)=N1)OC([C@H]1CC[C@H](CN3CC4(CC(CCNC5=CC=CC6=C5C(=O)N(C5CCC(=O)NC5=O)C6=O)C4)C3)CC1)=N2
SNFHOQNUKDBRTG,P01116,Q96SW2,0,0.1881009042263031,0,1020.198999999999,5.421700000000005,162.83999999999995,C#CC1=C(F)C=CC2=CC(O)=CC(C3=NC=C4C(N5CC6CCC(C5)N6)=NC(OC[C@]56CCCN5[C@H](CN5CCN(CC7CCN(C8=CC=C9C(=O)N(C%10CCC(=O)NC%10=O)CC9=C8)CC7)CC5)CC6)=NC4=C3F)=C12
SNJZSKLBOABMIB,P01116,Q96SW2,0,0.1607273668050766,0,967.0719999999994,4.928500000000004,202.97,CCC1=CC=CC2=CC(O)=CC(C3=NC=C4C(N5CC6CCC(C5)N6)=NC(OC[C@]56CCCN5[C@@H](COC(=O)N5CCN(C7=CC=C8C(=O)N(C9CCC(=O)NC9=O)C(=O)C8=C7)CC5)CC6)=NC4=C3F)=C12
SNZNXOBIZPAUMI,P03372,Q96SW2,0,0.6576066017150879,1,781.9540000000001,5.568300000000005,122.73000000000002,O=C1CCC(N2C(=O)C3=CC=C(N4CCN(CC5CCN(CCOC6=CC=C([C@@H]7C8=CC=C(O)C=C8CC[C@@H]7C7=CC=CC=C7)C=C6)CC5)CC4)C=C3C2=O)C(=O)N1
SPGWKNITNYHIGX,Q06187,Q96SW2,1,0.7290014624595642,1,837.9419999999998,3.186500000000001,192.43,NC1=NC=NC2=C1C(C1=CC=C(OC3=CC=CC=C3)C=C1)=NN2C1CCN(C(=O)CN2CCN(CC3CN(C4=CC=C5C(=O)N(C6CCC(=O)NC6=O)C(=O)C5=C4)C3)CC2)CC1
SPNPKWMYQVSWMP,P03372,Q96SW2,1,0.6216229200363159,1,807.048,8.21810000000001,102.42,O=C1CC[C@H](N2CC3=C(C=CC4=C3OCC43CCN(CCCCCC4CCN(C5=CC=C([C@@H]6C7=CC=C(O)C=C7CC[C@@H]6C6=CC=CC=C6)C=C5)CC4)CC3)C2=O)C(=O)N1
SPOKXBBLGTXPAP,P01116,Q96SW2,0,0.05994311720132828,0,981.1869999999992,5.802800000000006,168.82999999999998,CCC1=CC=CC2=CC(O)=CC(C3=NC=C4C(N5CC6CCC(C5)N6)=NC(OC[C@@H]5C[C@@H](OC6CCN(CC7CCN(C8=CC=CC9=C8CN(C8CCC(=O)NC8=O)C9=O)CC7)CC6)CN5C)=NC4=C3F)=C12
SPYDQPKKJXKFTG,P51531,P40337,1,0.7059564590454102,1,904.534,7.93552000000001,155.91999999999996,CC1=C(C2=CC=C([C@H](C)NC(=O)[C@@H]3C[C@@H](O)CN3C(=O)[C@@H](C3=CC(OCCN4CCC(C5=CC=C6C(=C5)C(C)(C)C5=NC(=O)C7=C(Cl)C=CC=C7N65)CC4)=NO3)C(C)C)C=C2)SC=N1
SQPYBBMCORULCB,P03372,Q96SW2,0,0.9964675307273865,1,736.913,7.057800000000009,110.26000000000002,O=C1CCC(N2C(=O)C3=CC4=C(C=C3C2=O)CN(CCCCC2CCN(C3=CC=C([C@@H]5C6=CC=C(O)C=C6CC[C@@H]5C5=CC=CC=C5)C=C3)CC2)C4)C(=O)N1
SQUXSHGWVMZWGG,P01116,P40337,0,0.01068961899727583,0,1111.4429999999995,9.56862,198.27,CCC1=CC=CC2=CC(O)=CC(C3=NC=C4C(N5C[C@@H]6CC[C@H](C5)N6)=NC(OC[C@@H]5CCCN5CCCCCCCCC(=O)N[C@H](C(=O)N5C[C@H](O)C[C@H]5C(=O)N[C@@H](C)C5=CC=C(C6=C(C)N=CS6)C=C5)C(C)(C)C)=NC4=C3F)=C12
SRLZRPSMOFUVHL,P01116,Q96SW2,0,0.6799651384353638,1,994.1609999999994,5.855200000000005,166.21999999999997,C#CC1=C(F)C=CC2=CC(O)=CC(C3=NC=C4C(N5CC6CCC(C5)N6)=NC(OCCN5CCC6(CC5)CCN(CC5CCN(C7=CC=CC8=C7N(C)C(=O)N8C7CCC(=O)NC7=O)CC5)CC6)=NC4=C3F)=C12
SRUVBNFPTDBESG,P50750,Q96SW2,1,0.12600132822990417,0,878.8149999999999,4.830000000000003,231.87,O=C(CNC1=CC=CC2=C1C(=O)N(C1CCC(=O)NC1=O)C2=O)NCCCCCCCCCCC(=O)N1CCC(NC(=O)C2=N[NH]C=C2NC(=O)C2=C(Cl)C=CC=C2Cl)CC1
SSOKRQHDQUGNMI,P01116,Q96SW2,0,0.2927171587944031,0,1035.213999999999,5.291800000000005,169.45999999999998,C#CC1=C(F)C=CC2=CC(O)=CC(C3=NC=C4C(N5CC6CCC(C5)N6)=NC(OC[C@]56CCCN5[C@H](CN5CCN(CC7CCN(C8=CC=C9C(=C8)N(C)C(=O)N9C8CCC(=O)NC8=O)CC7)CC5)CC6)=NC4=C3F)=C12
STBAQMSNPQNEBZ,P61964,Q96SW2,0,0.220881387591362,0,995.1169999999998,5.152500000000003,199.6,CN1CCN(C2=CC=C(C3=CC=CC(CN4CCN(CCNC(=O)CCCCCCCNC5=CC=CC6=C5C(=O)N(C5CCC(=O)NC5=O)C6=O)CC4)=C3)C=C2NC(=O)C2=C[NH]C(=O)C=C2C(F)(F)F)CC1
STGFOSWNXWQTTP,O60885,P40337,0,0.8888232707977295,1,930.9599999999998,6.801280000000009,196.94,CC1=NOC([C@H](C(=O)N2C[C@H](O)C[C@H]2C(=O)N[C@@H](CC(=O)NCCCCNC(=O)C[C@@H]2N=C(C3=CC=C(Cl)C=C3)C3=C(SC(C)=C3C)N3C(C)=NN=C23)C2=CC=C(Cl)C=C2)C(C)C)=C1
STHPOQGBRMGDBA,P03372,Q96SW2,0,0.9967007040977478,1,680.8050000000002,5.639900000000005,110.26000000000002,O=C1CCC(N2C(=O)C3=CC4=C(C=C3C2=O)CN(C2CCN(C3=CC=C([C@@H]5C6=CC=C(O)C=C6CC[C@@H]5C5=CC=CC=C5)C=C3)CC2)C4)C(=O)N1
STPDFUQEUGSSGJ,O60885,Q96SW2,0,0.5793673992156982,1,723.3000000000002,4.074160000000002,176.53999999999996,CC1=C(C)C2=C(S1)N1C(C)=NN=C1[C@H](CC(=O)NCCCCCCCCC(=O)NCC(=O)N[C@H]1CCC(=O)NC1=O)N=C2C1=CC=C(Cl)C=C1
STQLATQFUCKOTB,P01116,Q96SW2,0,0.1479431390762329,0,1013.1349999999992,5.499900000000005,168.82999999999998,C#CC1=C(F)C=CC2=CC(O)=CC(C3=NC=C4C(N5CC6CCC(C5)N6)=NC(OC[C@@H]5C[C@@H](OC6CCN(CC7CCN(C8=CC=C9C(=O)N(C%10CCC(=O)NC%10=O)CC9=C8F)CC7)CC6)CN5C)=NC4=C3F)=C12
SUAWFHWYJIGRTP,P00533,Q96SW2,1,0.9878377318382263,1,928.051,7.310900000000008,178.94,CCS(=O)(=O)N1C=C(C2=NC(NC3=CC=C(N4CCN(CCCCCCCCC(=O)NC5=CC=CC6=C5CN(C5CCC(=O)NC5=O)C6=O)CC4)C=C3)=NC=C2C(F)(F)F)C2=CC=CC=C21
SUEXREHSPDZBHX,Q9BY41,Q96SW2,0,0.07778300344944,0,690.7170000000002,3.2726000000000006,189.78,O=C1CCC(N2C(=O)C3=CC=CC(NCC4=CN(CCCCOC5=CC=C(CN6C=CC7=CC=C(C(=O)NO)C=C76)C=C5)N=N4)=C3C2=O)C(=O)N1
SVKZUEZCCKLNIM,Q9H8M2,Q96SW2,1,0.6635294556617737,1,767.9269999999999,6.232900000000006,113.42,COC1=CC(C2=CN(C)C(=O)C3=CC=CC=C23)=CC(OC)=C1CN1CCC(CN2CCC(C3=CC=C4C5=C(C=CC=C35)C(=O)N4C3CCC(=O)NC3=O)CC2)CC1
SVRBHTWHQQHKEZ,P03372,Q96SW2,0,0.9256481528282166,1,766.983,7.55190000000001,102.42,CC(C)N(CC1CCN(C2=CC=C([C@@H]3C4=CC=C(O)C=C4CC[C@@H]3C3=CC=CC=C3)C=C2)CC1)[C@H]1C[C@H](OC2=CC=C3C(=O)N(C4CCC(=O)NC4=O)CC3=C2)C1
SVVPYQZZEPKRFE,P35968,P40337,0,0.4868561327457428,0,1270.4939999999997,9.479240000000004,268.98,CC1=CC=C(NC(=O)CN2C=C(C3=CC=C4C(NC(=O)C5=CC=C(NC(=O)CCCCC(=O)N6CCN(CCCCCCC(=O)N[C@H](C(=O)N7C[C@H](O)C[C@H]7C(=O)NCC7=CC=C(C8=C(C)N=CS8)C=C7)C(C)(C)C)CC6)C=C5)=N[NH]C4=C3)C=N2)C=C1C(F)(F)F
SXZKGSBCJAOABL,P10275,Q96SW2,0,0.5061796307563782,1,788.3489999999998,5.020280000000004,137.37,N#CC1=CC=C(N2CCC3(CCN(C4=CC=C(C(=O)N5CCC(CN6CCC7=CC8=C(C=C7C6)C(=O)N(C6CCC(=O)NC6=O)C8=O)CC5)C=C4)CC3)C2)C=C1Cl
SZDXMPRNFHXVNO,P51531,P40337,0,0.33377331495285034,0,944.5989999999996,8.715720000000006,155.91999999999996,CC1=C(C2=CC=C([C@H](C)NC(=O)[C@@H]3C[C@@H](O)CN3C(=O)[C@@H](C3=CC(OCC4(CN5CCC(C6=CC=C7C(=C6)C(C)(C)C6=NC(=O)C8=C(Cl)C=CC=C8N76)CC5)CC4)=NO3)C(C)C)C=C2)SC=N1
SZONFWWCHSLCFP,P01116,Q96SW2,0,0.26417845487594604,0,1063.2679999999991,6.335700000000005,169.45999999999998,C#CC1=C(F)C=CC2=CC(O)=CC(C3=NC=C4C(N5CC6CCC(C5)N6)=NC(OC[C@]56CCCN5[C@H](CN5CCN(CC7CCN(C8=CC=C9C(=C8)N(C(C)C)C(=O)N9C8CCC(=O)NC8=O)CC7)CC5)CC6)=NC4=C3F)=C12
SZPWQHSVDSLOKN,P06239,Q96SW2,1,0.9890021085739136,1,757.3649999999999,5.053740000000004,138.92999999999995,CC1=NC(NC2=NC=C(C(=O)NC3=C(C)C=CC=C3Cl)S2)=CC(N2CCN(CCCN3CCN(C4=CC=C(C5CCC(=O)NC5=O)C=C4)CC3)CC2)=N1
TUUWHNYEHKKJLJ,Q06187,Q96SW2,1,0.8540039658546448,1,846.0059999999996,3.906800000000003,206.51,CN1CCN([C@@H]2CCCN(C3=CN=C(C(N)=O)C(NC4=CC=C(C5CCN(C[C@H]6CC[C@H](NC7=CC=CC8=C7C(=O)N([C@@H]7CCC(=O)NC7=O)C8=O)CC6)CC5)C=C4)=N3)C2)C1=O
TVCUEWZCGMZLHG,Q9NZQ7,Q96SW2,0,0.19256144762039185,0,777.9630000000002,6.296520000000005,156.98000000000002,COC1=NC(OCC2=CC=CC(C3=CC=CC=C3)=C2C)=CC=C1CNCCNC(=O)CCCCCCCCNC(=O)COC1=CC=C(C2CCC(=O)NC2=O)C=C1
TVMXJIGSIBLAGJ,Q92793,Q96SW2,1,0.7978370189666748,1,820.9019999999996,4.137000000000003,149.22,CC(=O)N1CCC2=C(C1)C(N1CCCC3=CC(C4=CN(C)N=C4)=C(C(F)F)C=C31)=NN2C1CCN(C2CN(C3=CC=C4C(=O)N(C5CCC(=O)NC5=O)C(=O)C4=C3)C2)CC1
TWAGGTXQMAYEOO,P01116,Q96SW2,0,0.018173590302467346,0,897.0689999999995,4.866700000000004,159.59999999999997,CCC1=CC=CC2=CC(O)=CC(C3=NC=C4C(N5CC6CCC(C5)N6)=NC(OCCN5CCC(CN6CCN(C7=CC=CC8=C7CN(C7CCC(=O)NC7=O)C8=O)CC6)CC5)=NC4=C3F)=C12
TWINIHLSGOQBHE,Q07889,Q96SW2,1,0.3188139796257019,0,929.0099999999996,6.959620000000007,207.41,COC1=CC2=NC(C)=NC(N[C@H](C)C3=CC(N)=CC(C(F)(F)F)=C3)=C2C=C1OCC1(CN(C)C(=O)CCCOC2CCC(NC3=CC=CC4=C3C(=O)N(C3CCC(=O)NC3=O)C4=O)CC2)CC1
TWOFAZAACVAICW,P03372,Q96SW2,0,0.596423327922821,1,753.9000000000001,4.9306000000000045,122.73000000000002,O=C1CCC(N2C(=O)C3=CC=C(N4CCN(CCCN5CC(OC6=CC=C([C@@H]7C8=CC=C(O)C=C8CC[C@@H]7C7=CC=CC=C7)C=C6)C5)CC4)C=C3C2=O)C(=O)N1
TWOJJPDVUSFLLS,P01116,Q96SW2,0,0.1603529006242752,0,1036.241999999999,6.881400000000007,166.21999999999997,C#CC1=C(F)C=CC2=CC(O)=CC(C3=NC=C4C(N5CC6CCC(C5)N6)=NC(OCCN5CCC(C)(CC6CCN(CC7CCN(C8=CC=C9C(=C8)N(C)C(=O)N9C8CCC(=O)NC8=O)CC7)CC6)CC5)=NC4=C3F)=C12
TXNMTSWVZKOGFM,Q08881,Q96SW2,0,0.8878836631774902,1,800.965,3.898200000000004,168.87,CC1(C)CCC2=C(C1)[NH]N=C2C(=O)NC1=CN([C@@H](CCN2CCN(CCC3CN(C4=CC=C5C(=O)N(C6CCC(=O)NC6=O)C(=O)C5=C4)C3)CC2)C2=CC=CC=C2)N=C1
TZJCAGSJIMIXFS,Q06187,Q96SW2,0,0.9974477291107178,1,892.9739999999995,3.4170000000000007,212.38,C[C@H]1CN(C(=O)C2=CC=CC3=C2C(=O)N(C2CCC(=O)NC2=O)C3=O)CCN1C1=CC=C(NC2=CC(C3=CC=NC(N4CCN5C(=CC6=C5CC(C)(C)C6)C4=O)=C3CO)=CN(C)C2=O)N=C1
UAHMFJLWVDFQBK,P51531,P40337,1,0.7005312442779541,1,822.0490000000001,6.437520000000006,201.48,CC1=C(C2=CC=C([C@H](C)NC(=O)[C@@H]3C[C@@H](O)CN3C(=O)[C@@H](NC(=O)CCCCCCCN3C=C(C4=CC(C5=CC=CC=C5O)=NN=C4N)C=N3)C(C)(C)C)C=C2)SC=N1
UBVYEIBZPNMNKR,P03372,Q96SW2,0,0.9456741213798523,1,800.9279999999999,6.323200000000006,128.72,O=C1CCC(N2C(=O)C3=CC=C(N4CCN(CCOC5CCC(OC6=CC=C([C@@H]7C8=CC=C(O)C=C8CC[C@@H]7C7=CC=C(F)C=C7)C=C6)CC5)CC4)C=C3C2=O)C(=O)N1
UBZCBNADOGDNJL,Q9NWZ3,Q96SW2,1,0.3140352666378021,0,789.856,5.823000000000007,158.99,CN(CCCOC1=CC=CC2=C1CN(C1CCC(=O)NC1=O)C2=O)C[C@H]1CC[C@H](N2C=C3C=C(NC(=O)C4=CC=CC(C(F)(F)F)=N4)C(C(C)(C)O)=CC3=N2)CC1
UDDMKZNXAVTLDN,P40763,Q96SW2,0,0.045104481279850006,0,1100.1080000000004,2.238700000000009,307.05,CN1CC[C@H]2CC[C@@H](C(=O)N[C@@H](CCC(N)=O)C(=O)N[C@H](C(=O)NCCCC#CC3=CC=CC4=C3CN(C3CCC(=O)NC3=O)C4=O)C3=CC=CC=C3)N2C(=O)[C@@H](NC(=O)C2=CC3=CC(C(F)(F)P(=O)(O)O)=CC=C3S2)C1
UDDNXWUXCJGKNU,Q92793,Q96SW2,1,0.7259295582771301,1,880.9729999999994,5.303900000000006,149.22,CC(=O)N1CCC2=C(C1)C(N1CCCC3=CC(C4=CN(C)N=C4)=C(C(F)F)C=C31)=NN2[C@H]1CC[C@H](CN2CCN(C3=CC4=C(C=C3F)C(=O)N(C3CCC(=O)NC3=O)C4=O)CC2)CC1
UEGYINBUVRLJOR,P01116,Q96SW2,0,0.022133653983473778,0,1040.273999999999,7.462500000000008,166.21999999999997,CCC1=C(F)C=CC2=CC(O)=CC(C3=NC=C4C(N5CC6CCC(C5)N6)=NC(OCCN5CCC(C)(CC6CCN(CC7CCN(C8=CC=C9C(=C8)N(C)C(=O)N9C8CCC(=O)NC8=O)CC7)CC6)CC5)=NC4=C3F)=C12
UFYIMECIJKGAMU,P01116,Q96SW2,0,0.47099927067756653,0,1054.231999999999,6.0544000000000056,162.83999999999995,C#CC1=C(F)C=CC2=CC(O)=CC(C3=NC=C4C(N5CC6CCC(C5)N6)=NC(OCCN5CCC(CN6CCN(CC7CCN(C8=CC=C9C(=O)N(C%10CCC(=O)NC%10=O)CC9=C8F)CC7)C(C)(C)C6)CC5)=NC4=C3F)=C12
UGRBBCCLXHIOQB,P08581,Q96SW2,1,0.9844232201576233,1,833.9060000000001,4.588280000000003,209.58,N#CC1=CC=CC(C2=NN(CC3=CC=CC(C4=NC=C(OCC5CCN(CCCCC(=O)NC6=CC=CC7=C6C(=O)N(C6CCC(=O)NC6=O)C7=O)CC5)C=N4)=C3)C(=O)C=C2)=C1
UHDFIAWELQMFHN,P03372,Q96SW2,0,0.9160154461860657,1,730.8810000000001,6.525500000000007,102.42000000000002,O=C1CCC(N2CC3=CC(N4CCN(CCCCCOC5=CC=C([C@@H]6C7=CC(F)=C(O)C=C7CC[C@@H]6C6=CC=CC=C6)C=C5)CC4)=CC=C3C2=O)C(=O)N1
UIDIHKOIENLISM,P03372,Q96SW2,0,0.5370867848396301,1,740.8570000000002,5.283900000000005,128.72,O=C1CC[C@H](N2CC3=C(C=CC4=C3OC[C@H]3CN(C(=O)CCCOC5=CC=C([C@@H]6C7=CC=C(O)C=C7CC[C@@H]6C6=CC=CC=C6)C=C5)CCN43)C2=O)C(=O)N1
UIERTIMQQRRSTO,O60885,P40337,1,0.9606063365936279,1,1070.7359999999992,7.74180000000001,217.65,CC1=NOC([C@H](C(=O)N2C[C@H](O)C[C@H]2C(=O)N[C@@H](C)C2=CC=C(C3=C(C)N=CS3)C=C2OCCOCCOCCOCCNC(=O)C[C@@H]2N=C(C3=CC=C(Cl)C=C3)C3=C(SC(C)=C3C)N3C(C)=NN=C23)C(C)C)=C1
UIHTYCUVTLDXKB,P01116,Q96SW2,0,0.4102973937988281,0,1011.1629999999992,6.432620000000006,159.59999999999997,C#CC1=C(F)C=CC2=CC(O)=CC(C3=NC=C4C(N5CC6CCC(C5)N6)=NC(OCCN5CCC6(CC5)CCN(CC5CCN(C7=CC(C)=C8C(=O)N(C9CCC(=O)NC9=O)CC8=C7F)CC5)CC6)=NC4=C3F)=C12
UIURKLRUDKJYNZ,P03372,Q96SW2,1,0.7753369808197021,1,792.9769999999999,6.964500000000008,119.49,O=C1CC[C@H](N2CC3=C(C=CC4=C3OCC43CCN(C(=O)CCC4CCN(C5=CC=C([C@@H]6C7=CC=C(O)C=C7CC[C@@H]6C6=CC=CC=C6)C=C5)CC4)CC3)C2=O)C(=O)N1
UJJUIGOBDCVXPK,P01116,Q96SW2,0,0.9812237620353699,1,1040.204999999999,6.630400000000007,166.21999999999997,C#CC1=C(F)C=CC2=CC(O)=CC(C3=NC=C4C(N5CC6CCC(C5)N6)=NC(OCCN5CCC(CC6CCN(CC7CCN(C8=CC=C9C(=C8F)N(C)C(=O)N9C8CCC(=O)NC8=O)CC7)CC6)CC5)=NC4=C3F)=C12
UJUPYASGRVZCKP,P50750,Q96SW2,0,0.5087072253227234,1,917.896,6.378400000000005,213.61,O=C1CCC(N2C(=O)C3=CC=CC(OCCCCCCCN4C=C(CCCCCCCN5CCC(NC(=O)C6=C(NC(=O)C7=C(Cl)C=CC=C7Cl)C=N[NH]6)CC5)N=N4)=C3C2=O)C(=O)N1
UJVKDCMDMYRGBD,Q92793,Q96SW2,0,0.9810104966163635,1,945.0369999999994,7.486840000000006,189.28,CC1=NOC(C)=C1C1=CC=C2C(=C1)N=C([C@@H]1CCCC(=O)N1C1=CC=C(F)C(F)=C1)N2[C@H]1CC[C@H](OCC(=O)N2CCC(CCNC3=CC=C4C(=O)N(C5CCC(=O)NC5=O)C(=O)C4=C3)CC2)CC1
UKGSYSRFJNUWOD,Q92918,Q96SW2,0,0.09919624775648117,0,862.0039999999998,5.010120000000004,172.21999999999997,CC1=CC(C2=C[NH]C3=NC=C(C4=CC=C(C5CCN(C6CN(C(=O)C7CCN(C8=CC=C9C(=O)N(C%10CCC(=O)NC%10=O)C(=O)C9=C8)CC7)C6)CC5)C=C4)N=C23)=CC=C1C(=O)N(C)C
UKRCYNJTZLLRJJ,P01116,P40337,0,0.006290467455983162,0,1136.4529999999995,8.08252000000001,201.51,CCC1=CC=CC2=CC(O)=CC(C3=NC=C4C(N5C[C@@H]6CC[C@H](C5)N6)=NC(OC[C@@H]5CCCN5C5CC6(CCN(CC(=O)N[C@H](C(=O)N7C[C@H](O)C[C@H]7C(=O)N[C@@H](C)C7=CC=C(C8=C(C)N=CS8)C=C7)C(C)(C)C)CC6)C5)=NC4=C3F)=C12
UKWUFBDMSBMUEO,Q92918,Q96SW2,0,0.26653504371643066,0,779.9019999999999,4.351820000000003,155.14999999999998,CC1=CC(C2=C[NH]C3=NC=C(C4=CC=C(N5CCN(CC6CCN(C7=CC=C8C(=O)N(C9CCC(=O)NC9=O)C(=O)C8=C7)C6)CC5)C=C4)N=C23)=CC=C1C(=O)N(C)C
UKYOBTPNHRPOON,P03372,Q96SW2,1,0.26303496956825256,0,732.8310000000001,2.914300000000001,184.04,CC(=O)N(CCOCCOCCNC1=CC=CC2=C1C(=O)N(C1CCC(=O)NC1=O)C2=O)O[C@H]1C[C@@]2(C)C(CC[C@@H]2O)C2CCC3=CC(O)=CC=C3C21
UMTQIEZQMKUPMO,P03372,Q96SW2,0,0.43228328227996826,0,724.9059999999998,5.448700000000005,109.32,O=C1CCC(N2CC3=CC(N4CCN(CC5CCN(C6=CC=C([C@@H]7C8=CC=C(O)C=C8CC[C@@H]7C7=CC=CC=C7)C=C6)CC5)CC4)=NC=C3C2=O)C(=O)N1
UNANGLGEAYVLNY,P51531,Q96SW2,0,0.7965342402458191,1,738.777,2.801400000000001,192.55,NC1=NN=C(C2=CC=CC=C2O)C=C1N1CCN(CC2=CC=C(OCCOCCNC3=CC=C4C(=O)N(C5CCC(=O)NC5=O)C(=O)C4=C3)C(F)=C2)CC1
UNWPIZFKSBHBSV,Q06187,Q96SW2,1,0.9304141402244568,1,803.9689999999997,3.122200000000004,180.65,CN1CCN([C@@H]2CCCN(C3=CN=C(C(N)=O)C(NC4=CC=C(C5CCN(C[C@H]6CCN(C7=CC=C8C(=O)N([C@H]9CCC(=O)NC9=O)CC8=C7)C6)CC5)C=C4)=N3)C2)C1=O
UOMVLLWXQVPAPT,P03372,Q96SW2,1,0.5473163723945618,1,806.0199999999999,6.985000000000008,105.66,O=C1CC[C@H](N2CC3=C(C=CC4=C3OC[C@H]3CN(CC5CCC6(CCN(C7=CC=C([C@@H]8C9=CC=C(O)C=C9CC[C@@H]8C8=CC=CC=C8)C=C7)CC6)C5)CCN43)C2=O)C(=O)N1
UPIBNOLFMMNBCB,P03372,Q96SW2,1,0.5655571222305298,1,820.9909999999998,5.027100000000004,125.97,O=C1CC[C@H](N2CC3=C(C=CC4=C3OC[C@H]3CN(C(=O)CN5CC6(CCN(C7=CC=C([C@@H]8C9=CC=C(O)C=C9CC[C@@H]8C8=CC=CC=C8)C=C7)CC6)C5)CCN43)C2=O)C(=O)N1
UPQRJEMPJLRIMJ,P03372,Q96SW2,0,0.680245578289032,1,791.9490000000001,5.880100000000006,130.57,O=C1CCC(N2C(=O)C3=CC4=C(C=C3C2=O)CN(C(=O)CN2CCC3(CC2)CCN(C2=CC=C([C@@H]5C6=CC=C(O)C=C6CC[C@@H]5C5=CC=CC=C5)C=C2)CC3)C4)C(=O)N1
UPYUCZKNJVKYQR,P03372,Q96SW2,1,0.7692108750343323,1,806.0199999999999,6.985000000000008,105.66,O=C1CC[C@H](N2CC3=C(C=CC4=C3OC[C@H]3CN(CCC5CC6(CCN(C7=CC=C([C@@H]8C9=CC=C(O)C=C9CC[C@@H]8C8=CC=CC=C8)C=C7)CC6)C5)CCN43)C2=O)C(=O)N1
UQTRNIWZKUJRCB,Q07889,Q96SW2,0,0.09330975264310837,0,954.0639999999992,6.874820000000007,201.42,COC1=CC2=NC(C)=NC(N[C@H](C)C3=CC(N)=CC(C(F)(F)F)=C3)=C2C=C1OCC1(CN(C)C(=O)C2CCN(C3CCC(NC4=CC=CC5=C4C(=O)N(C4CCC(=O)NC4=O)C5=O)CC3)CC2)CC1
URLXCHBJTUCNAT,P51531,P40337,0,0.7846395373344421,1,946.6589999999997,8.466220000000007,149.76,CC1=C(C2=CC=C([C@H](C)NC(=O)[C@@H]3C[C@@H](O)CN3C(=O)[C@@H](NC(=O)[C@H]3CC[C@H](CN4CCC(C5=CC=C6C(=C5)N5C(=NC(=O)C7=C(Cl)C=CC=C75)C6(C)C)CC4)CC3)C(C)(C)C)C=C2)SC=N1
URXAZELVUQQBKF,P41182,Q96SW2,0,0.1761099249124527,0,851.9619999999998,5.2431000000000045,178.64,COC1=CC(NC2=NC(N3CCN(CCOCCNC4=CC=CC5=C4C(=O)N(C4CCC(=O)N(C)C4=O)C5=O)CC3)=NC=C2F)=CC=C1NC(=O)C1=CC=C(C2=CCCC2)S1
USNPVGJUXHCJDF,P08581,Q96SW2,1,0.12422444671392441,0,904.001,3.035580000000004,216.05999999999997,N#CC1=CC=CC(C2=NN(CC3=CC=CC(C4=NC=C(OCC5CCN(CC(=O)N6CCN(CCNC7=CC=C8C(=O)N(C9CCC(=O)NC9=O)C(=O)C8=C7)CC6)CC5)C=N4)=C3)C(=O)C=C2)=C1
USTJNUZXLICUHG,P10275,Q96SW2,1,0.9933338761329651,1,742.8430000000001,6.093380000000006,109.22,N#CC1=CC=C(N2CCC(C3=CC=C(OCCCCCN4CCN(C5=CC=C6C(=O)N(C7CCC(=O)NC7=O)CC6=C5)CC4)C=C3)CC2)C=C1C(F)(F)F
UTVJRQFHWBOCCR,P51531,P40337,1,0.22575201094150543,0,819.0049999999999,4.568620000000003,203.03000000000003,CC1=C(C2=CC=C([C@H](C)NC(=O)[C@@H]3C[C@@H](O)CN3C(=O)[C@@H](NC(=O)C3=CC=NC(N4CCN(C5=CC(C6=CC=CC=C6O)=NN=C5N)CC4)=C3)C(C)(C)C)C=C2)SC=N1
UTZVLJZPTDCKCT,P51531,P40337,0,0.8006030321121216,1,920.1249999999995,5.418020000000006,199.37,CC1=C(C2=CC=C(CNC(=O)[C@@H]3C[C@@H](O)CN3C(=O)[C@@H](NC(=O)C3(F)CC3)C(C)(C)C)C(OCCC3=CC=C(CN4CCN(C5=CC(C6=CC=CC=C6O)=NN=C5N)CC4)C=C3)=C2)SC=N1
UUGAXXIBAJSGLG,P03372,Q96SW2,1,0.7771731019020081,1,835.0179999999998,5.417200000000005,125.97,O=C1CC[C@H](N2CC3=C(C=CC4=C3OC[C@H]3CN(C(=O)CN5CCC6(CCN(C7=CC=C([C@@H]8C9=CC=C(O)C=C9CC[C@@H]8C8=CC=CC=C8)C=C7)CC6)C5)CCN43)C2=O)C(=O)N1
UUUQRHRNYAGRFZ,P51531,P40337,0,0.7522443532943726,1,877.1289999999999,5.979220000000005,204.72000000000003,CC1=C(C2=CC=C([C@H](C)NC(=O)[C@@H]3C[C@@H](O)CN3C(=O)[C@@H](NC(=O)CCN3CCC(CCCN4C=C(C5=CC(C6=CC=CC=C6O)=NN=C5N)C=N4)CC3)C(C)(C)C)C=C2)SC=N1
UVAFNIDORKJQQG,P51531,P40337,0,0.7002238035202026,1,971.2859999999996,8.100620000000008,204.72000000000003,CC1=C(C2=CC=C([C@H](C)NC(=O)[C@@H]3C[C@@H](O)CN3C(=O)[C@@H](NC(=O)[C@H]3CC[C@H](CN4CCC5(CCC(N6C=C(C7=CC(C8=CC=CC=C8O)=NN=C7N)C=N6)CC5)CC4)CC3)C(C)(C)C)C=C2)SC=N1
UVLQOVGDDSJYRQ,P06239,Q96SW2,1,0.5864748954772949,1,785.3749999999998,4.970440000000004,155.99999999999994,CC1=NC(NC2=NC=C(C(=O)NC3=C(C)C=CC=C3Cl)S2)=CC(N2CCN(CCCC(=O)N3CCN(C4=CC=C(C5CCC(=O)NC5=O)C=C4)CC3)CC2)=N1
UWJLAZKYKPQXDR,P03372,Q96SW2,0,0.9848700761795044,1,724.9020000000002,6.242300000000006,102.42000000000002,O=C1CCC(N2CC3=CC(N4C[C@@H]5CN(CCCCOC6=CC=C([C@@H]7C8=CC=C(O)C=C8CC[C@@H]7C7=CC=CC=C7)C=C6)C[C@@H]5C4)=CC=C3C2=O)C(=O)N1
UXDSSWFXNSDICT,P00533,Q96SW2,1,0.15337423980236053,0,917.968,4.613400000000003,197.4,CCS(=O)(=O)N1C=C(C2=NC(NC3=CC=C(N4CCN(CCOCCOCC(=O)NC5=CC=CC6=C5CN(C5CCC(=O)NC5=O)C6=O)CC4)C=C3)=NC=C2C(F)(F)F)C2=CC=CC=C21
UXVDWFPWZZBVNL,P00533,P40337,0,0.6230281591415405,1,1121.8259999999989,9.924819999999997,221.72,CCN(CC)C/C=C/C(=O)NC1=CC2=C(NC3=CC=C(F)C(Cl)=C3)N=CN=C2C=C1OCC1=CN(CCCCCCCCCCC(=O)N[C@H](C(=O)N2C[C@H](O)C[C@H]2C(=O)NCC2=CC=C(C3=C(C)N=CS3)C=C2)C(C)(C)C)N=N1
UYQSFCRTUJKQHR,P01116,Q96SW2,0,0.23205362260341644,0,1058.1949999999993,6.769500000000008,166.21999999999997,C#CC1=C(F)C=CC2=CC(O)=CC(C3=NC=C4C(N5CC6CCC(C5)N6)=NC(OCCN5CCC(CC6CCN(CC7CCN(C8=CC(F)=C9C(=C8F)N(C)C(=O)N9C8CCC(=O)NC8=O)CC7)CC6)CC5)=NC4=C3F)=C12
UYRXXCNFMFNUCD,P01116,Q96SW2,0,0.09548957645893097,0,1011.2319999999992,7.202300000000008,159.59999999999997,CCC1=C(F)C=CC2=CC(O)=CC(C3=NC=C4C(N5CC6CCC(C5)N6)=NC(OCCN5CCC(CC6CCN(CC7CCN(C8=CC=C9C(=O)N(C%10CCC(=O)NC%10=O)CC9=C8)CC7)CC6)CC5)=NC4=C3F)=C12
UZRZWUYKTDBEPJ,P03372,Q96SW2,0,0.9998124241828918,1,752.956,7.022500000000008,102.42,O=C1CCC(N2CC3=CC(OCC4CCN(CC5CCN(C6=CC=C([C@@H]7C8=CC=C(O)C=C8CC[C@@H]7C7=CC=CC=C7)C=C6)CC5)CC4)=CC=C3C2=O)C(=O)N1
VAAGRGATPAEEPQ,P03372,Q96SW2,0,0.9998961687088013,1,736.9130000000004,6.721300000000007,110.26,O=C1CCC(N2C(=O)C3=CC=C(N4C[C@H]5C[C@@H]4CN5CCCCCCC4=CC=C([C@@H]5C6=CC=C(O)C=C6CC[C@@H]5C5=CC=CC=C5)C=C4)C=C3C2=O)C(=O)N1
VAIDIUXXWDFKON,P01116,Q96SW2,0,0.0960807353258133,0,979.1459999999992,5.985100000000006,159.59999999999997,C#CC1=C(F)C=CC2=CC(O)=CC(C3=NC=C4C(N5CC6CCC(C5)N6)=NC(OCCN5CCC(CN6CCC7(CC6)CCN(C6=CC=C8C(=O)N(C9CCC(=O)NC9=O)CC8=C6)CC7)CC5)=NC4=C3F)=C12
VBMKCGVNGRQNJV,Q08881,Q96SW2,1,0.18882158398628235,0,817.9919999999998,6.055300000000005,191.49,CN(CCCCCCCCC(=O)NC1=CC=C2C(=O)N(C3CCC(=O)NC3=O)C(=O)C2=C1)CC[C@@H](C1=CC=CC=C1)N1C=C(NC(=O)C2=N[NH]C3=C2CCC(C)(C)C3)C=N1
VCOSWEBKUXOFPA,Q8TBX8,P40337,0,0.0958506315946579,0,1153.8229999999994,10.020519999999998,212.18,CC1=C(C2=CC=C(CNC(=O)[C@@H]3C[C@@H](O)CN3C(=O)[C@@H](NC(=O)C3(F)CC3)C(C)(C)C)C(OCCCCCCC(=O)N3CCC4(CC3)CCN(C3=CN=CC(NC5=NC=C(Cl)C(C6=CC=CC(C7=CC=CC=C7)=C6)=N5)=C3)C4=O)=C2)SC=N1
VCTKTOYXUCNDHN,P01116,Q96SW2,0,0.10337439179420471,0,985.5369999999994,5.858300000000006,159.59999999999997,C#CC1=C(F)C=CC2=CC(O)=CC(C3=NC=C4C(N5CC6CCC(C5)N6)=NC(OCC5(CN6CCN(CC7CCN(C8=CC=C9C(=O)N(C%10CCC(=O)NC%10=O)CC9=C8Cl)CC7)CC6)CC5)=NC4=C3F)=C12
VCUCDKXHGHFYTG,P40337,P40337,1,0.7595184445381165,1,1203.7179999999987,10.311239999999998,223.26,CC1=C(C2=CC=C(CNC(=O)[C@@H]3C[C@@H](O)CN3C(=O)[C@@H](NC(=O)CCCCCCCCSSCCCCCCCCC(=O)N[C@H](C(=O)N3C[C@H](O)C[C@H]3C(=O)NCC3=CC=C(C4=C(C)N=CS4)C=C3)C(C)(C)C)C(C)(C)C)C=C2)SC=N1
VDWZBRQJPDYIPL,P01116,Q96SW2,0,0.9337372779846191,1,1041.644999999999,7.274600000000008,159.59999999999997,C#CC1=C(F)C=CC2=CC(O)=CC(C3=NC=C4C(N5CC6CCC(C5)N6)=NC(OCCN5CCC(CC6CCN(CC7CCN(C8=CC=C9C(=O)N(C%10CCC(=O)NC%10=O)CC9=C8Cl)CC7)CC6)CC5)=NC4=C3F)=C12
VEXHAYJVIHUVPL,Q92793,Q96SW2,0,0.7079285979270935,1,834.8849999999995,4.384000000000004,166.29,CC(=O)N1CCC2=C(C1)C(N1CCCC3=CC(C4=CN(C)N=C4)=C(C(F)F)C=C31)=NN2C1CCN(C(=O)N2CC3=CC4=C(C=C3C2)C(=O)N(C2CCC(=O)NC2=O)C4=O)CC1
VEXHWRJKHDYBDL,P01116,Q96SW2,0,0.1715240776538849,0,1007.1999999999992,6.621200000000007,159.59999999999997,C#CC1=C(F)C=CC2=CC(O)=CC(C3=NC=C4C(N5CC6CCC(C5)N6)=NC(OCCN5CCC(CC6CCN(CC7CCN(C8=CC=CC9=C8CN(C8CCC(=O)NC8=O)C9=O)CC7)CC6)CC5)=NC4=C3F)=C12
VFCKFYFVFDCREF,P51531,P40337,1,0.86259526014328,1,878.157,7.997920000000009,201.48,CC1=C(C2=CC=C([C@H](C)NC(=O)[C@@H]3C[C@@H](O)CN3C(=O)[C@@H](NC(=O)CCCCCCCCCCCN3C=C(C4=CC(C5=CC=CC=C5O)=NN=C4N)C=N3)C(C)(C)C)C=C2)SC=N1
VFVIXZOYLFQEFB,Q92918,Q96SW2,0,0.825545608997345,1,782.9939999999998,7.058820000000008,135.59,CCN1CCC(N2C=C(C3=C[NH]C4=NC=C(C5=CC=C(N6CCC(CC7CCN(C(=O)C8=CC=C(C)C(N9CCC(=O)NC9=O)=C8)CC7)CC6)C=C5)N=C34)C=N2)CC1
VHAQFGGOEALDLG,O60885,Q96SW2,0,0.41333532333374023,0,794.4230000000002,4.571760000000003,202.56,CC1=C(C)C2=C(S1)N1C(C)=NN=C1[C@H](CC(=O)NCCCCCCCCC(=O)N[C@@H](CCCCN)C(=O)N[C@H]1CCC(=O)NC1=O)N=C2C1=CC=C(Cl)C=C1
VHZFOSLAXPXGEN,Q9H8M2,Q96SW2,0,0.9993898272514343,1,789.8899999999999,3.785800000000002,165.37999999999997,COC1=CC(C2=CN(C)C(=O)C3=CN(C)N=C23)=CC(OC)=C1C(=O)N1CCC2(CCC(CN3CC4=CC5=C(C=C4C3)C(=O)N(C3CCC(=O)NC3=O)C5=O)CC2)CC1
VITPUOAMPGBJPT,Q92918,Q96SW2,0,0.10320700705051422,0,696.768,4.029920000000002,151.91000000000005,CC1=CC(C2=C[NH]C3=NC=C(C4=CC=C(N5CCN(C6=CC=C7C(=O)N(C8CCC(=O)NC8=O)C(=O)C7=C6)CC5)C=C4)N=C23)=CC=C1C(=O)N(C)C
VJBTZFUBOYQFGT,Q06187,Q96SW2,1,0.9296411871910095,1,749.8759999999997,4.781800000000003,151.80999999999997,NC1=NC=NC2=C1C(C1=CC=C(OC3=CC=CC=C3)C=C1)=NN2C1CCN(C2CCN(CC#CC3=CC=C4C(=O)N(C5CCC(=O)NC5=O)CC4=C3)CC2)CC1
VJDHUJCABJDGPS,P40763,Q96SW2,0,0.3215605914592743,0,1232.2169999999996,3.4260000000000077,315.33000000000004,CC(=O)N1CC[C@H]2CC[C@@H](C(=O)N[C@@H](CCC(N)=O)C(=O)N[C@@H](CC3=CC=C(F)C(F)=C3)C(=O)N3CCC(CCC#CC4=CC=CC5=C4CN(C4CCC(=O)NC4=O)C5=O)CC3)N2C(=O)[C@@H](NC(=O)C2=CC3=CC(C(F)(F)P(=O)(O)O)=CC=C3S2)C1
VJLJYODMWIENNK,P10275,Q96SW2,1,0.09096448123455048,0,909.0269999999996,4.978980000000004,165.52999999999997,N#CC1=CC=C(N2CCC(C(=O)NC3=CC=C(N4CCC(CN5CCN(CC6CCN(C7=CC=C8C(=O)N(C9CCC(=O)NC9=O)C(=O)C8=C7)CC6)CC5)CC4)C=N3)CC2)C=C1C(F)(F)F
VJOZHCXLOSNDQR,P01116,Q96SW2,0,0.10345884412527084,0,985.5369999999992,5.858300000000006,159.59999999999997,C#CC1=C(F)C=CC2=CC(O)=CC(C3=NC=C4C(N5CC6CCC(C5)N6)=NC(OCC5(CN6CCC(CN7CCN(C8=CC=C9C(=O)N(C%10CCC(=O)NC%10=O)CC9=C8Cl)CC7)CC6)CC5)=NC4=C3F)=C12
VJSRTKOZKJSNOV,P51531,P40337,1,0.23543384671211243,0,818.0169999999998,5.173620000000004,190.14000000000004,CC1=C(C2=CC=C([C@H](C)NC(=O)[C@@H]3C[C@@H](O)CN3C(=O)[C@@H](NC(=O)C3=CC=CC(N4CCN(C5=CC(C6=CC=CC=C6O)=NN=C5N)CC4)=C3)C(C)(C)C)C=C2)SC=N1
VJTKDRZMEZVMQR,P40763,Q96SW2,0,0.06286294013261795,0,1232.2609999999995,4.2879000000000085,298.26,CC(C)N1CC[C@H]2CC[C@@H](C(=O)N[C@@H](CCC(N)=O)C(=O)N[C@@H](CC3=CC=C(F)C(F)=C3)C(=O)N3CCC(CCC#CC4=CC=CC5=C4CN(C4CCC(=O)NC4=O)C5=O)CC3)N2C(=O)[C@@H](NC(=O)C2=CC3=CC(C(F)(F)P(=O)(O)O)=CC=C3S2)C1
VKFATBOBTAEKQC,Q9H8M2,Q96SW2,0,0.5273367166519165,1,826.9509999999998,5.324700000000005,160.45,COC1=CC(C2=CN(C)C(=O)C3=CN=C(C4CC4)C=C23)=CC(OC)=C1C(=O)N1CCC2(CCC(CN3CC4=CC5=C(C=C4C3)C(=O)N(C3CCC(=O)NC3=O)C5=O)CC2)CC1
VKZQGYKMSJMEIB,P03372,Q96SW2,0,0.9399427175521851,1,724.902,6.384800000000007,102.42000000000002,O=C1CCC(N2CC3=CC(N4CCN(CC[C@H]5C[C@@H](OC6=CC=C([C@@H]7C8=CC=C(O)C=C8CC[C@@H]7C7=CC=CC=C7)C=C6)C5)CC4)=CC=C3C2=O)C(=O)N1
VLJYPDPFDHUAPD,P03372,Q96SW2,1,0.9572296142578125,1,863.9819999999999,6.156200000000006,129.37,C[C@@H]1CC2=C([NH]C3=CC=CC=C23)[C@@H](C2=C(F)C=C(N3CCC4(CCN(C(=O)CN5CC6=CC7=C(C=C6C5)C(=O)N(C5CCC(=O)NC5=O)C7=O)CC4)CC3)C=C2F)N1CC(C)(C)F
VLNFMLOAARXOIU,Q9H8M2,Q96SW2,1,0.4137977361679077,0,704.784,3.246700000000001,143.38,COC1=CC(C2=CN(C)C(=O)C3=CN=CC=C23)=CC(OC)=C1C(=O)N1CCC(CN2CC3=CC4=C(C=C3C2)C(=O)N(C2CCC(=O)NC2=O)C4)CC1
VMSBUFTUDPOUJE,Q9NWZ3,Q96SW2,1,0.06448926776647568,0,894.9759999999998,4.622100000000003,191.94,CN(CCCOCCCC1=CC=CC2=C1N(C)C(=O)N2C1CCC(=O)NC1=O)C[C@H]1CC[C@H](N2C=C(NC(=O)C3=C4N=C(N5C[C@H](N)CC(F)(F)C5)C=CN4N=C3)C(C(F)F)=N2)CC1
VOBNMPSGPBDLFJ,P03372,Q96SW2,0,0.782641589641571,1,751.9720000000001,6.234300000000006,96.43,O=C1CCC(N2CC3=CC(N4CCN(C5CCN(CCCC6=CC=C([C@@H]7C8=CC=C(O)C=C8CC[C@@H]7C7=CC=CC=C7)C=C6)CC5)CC4)=CC=C3C2=O)C(=O)N1
VOHRGIXPJZQORO,P10275,Q96SW2,0,0.7785432934761047,1,802.3759999999999,5.062780000000004,137.37,N#CC1=CC=C(N2CCC3(CCN(C4=CC=C(C(=O)N5CCC(CN6CCC7=CC8=C(C=C7CC6)C(=O)N(C6CCC(=O)NC6=O)C8=O)CC5)C=C4)CC3)C2)C=C1Cl
VPCHZAQARNLMRU,O60885,P40337,0,0.6518422961235046,1,1035.0649999999998,6.070880000000009,224.62999999999997,CC1=NOC([C@H](C(=O)N2C[C@H](O)C[C@H]2C(=O)N[C@@H](CC(=O)NCCOCCOCCOCCNC(=O)C[C@@H]2N=C(C3=CC=C(Cl)C=C3)C3=C(SC(C)=C3C)N3C(C)=NN=C23)C2=CC=C(Cl)C=C2)C(C)C)=C1
VQDMELMTAYEQQK,P09874,Q96SW2,0,0.9999406337738037,1,882.0789999999996,4.572200000000004,174.49,NC(=O)C1=CC=CC2=CN(C3=CC=C([C@@H]4CCCN(C(=O)CC5CCN(CCC6CCN(CC7CN(C8=CC=C9C(=O)N(C%10CCC(=O)NC%10=O)C(=O)C9=C8)C7)CC6)CC5)C4)C=C3)N=C12
VQVZAQCNYUSBIJ,Q92793,Q96SW2,0,0.3305415213108063,0,823.9109999999997,4.439700000000003,197.82,CC(=O)N1CCC2=C(C1)C(C1=CC=CC3=CC(C4=CC=C(C(=O)NCCCCNC5=CC=CC6=C5C(=O)N(C5CCC(=O)NC5=O)C6=O)N=C4)=NC=C13)=NN2C1CCOCC1
VRDKRKMMGPZFND,P35968,P40337,0,0.1615498960018158,0,1158.362,10.725139999999994,245.42999999999995,CC1=CC=C(NC(=O)CN2C=C(C3=CC=C4C(NC(=O)C5=CC=C(NC(=O)CCCCCCCCCCC(=O)N[C@H](C(=O)N6C[C@H](O)C[C@H]6C(=O)NCC6=CC=C(C7=C(C)N=CS7)C=C6)C(C)(C)C)C=C5)=N[NH]C4=C3)C=N2)C=C1C(F)(F)F
VRIFSIGVKYUINW,P01116,Q96SW2,0,0.01765480265021324,0,939.1059999999997,5.287100000000005,176.66999999999996,CCC1=CC=CC2=CC(O)=CC(C3=NC=C4C(N5CC6CCC(C5)N6)=NC(OCCN5CCC(CCCN6CCN(C7=CC=C8C(=O)N(C9CCC(=O)NC9=O)C(=O)C8=C7)CC6)CC5)=NC4=C3F)=C12
VRMPXKBZOXAAOA,P01116,Q96SW2,0,0.014617729932069778,0,924.0909999999996,6.381500000000006,173.43,CCC1=CC=CC2=CC(O)=CC(C3=NC=C4C(N5CC6CCC(C5)N6)=NC(OCCN5CCC(CCC6CCN(C7=CC=C8C(=O)N(C9CCC(=O)NC9=O)C(=O)C8=C7)CC6)CC5)=NC4=C3F)=C12
VSVKGKAVEFCRLD,P03372,Q96SW2,0,0.7029899954795837,1,722.8860000000001,6.667700000000009,110.26000000000002,O=C1CCC(N2C(=O)C3=CC4=C(C=C3C2=O)CN(CCCC2CCN(C3=CC=C([C@@H]5C6=CC=C(O)C=C6CC[C@@H]5C5=CC=CC=C5)C=C3)CC2)C4)C(=O)N1
VTOSAOJQRFRJRP,P03372,Q96SW2,0,0.9590992331504822,1,763.8949999999999,5.099900000000004,130.57,O=C1CCC(N2C(=O)C3=CC4=C(C=C3C2=O)CN(CC(=O)N2CC3(CCN(C5=CC=C([C@@H]6C7=CC=C(O)C=C7CC[C@@H]6C6=CC=CC=C6)C=C5)CC3)C2)C4)C(=O)N1
VTQDDHGFBOZGOU,Q06187,Q96SW2,0,0.7572318315505981,1,927.0069999999996,4.158100000000002,215.88,CN1C=C(C2=CC=NC(N3N=CC4=CC(C(C)(C)C)=CC(F)=C4C3=O)=C2CO)C=C(NC2=NN3CCN(C(=O)CCOCCCC4=CC=CC5=C4CN([C@H]4CCC(=O)NC4=O)C5=O)CC3=C2)C1=O
VUGUNNWXJMBUFV,P01116,Q96SW2,0,0.3733655512332916,0,1025.1899999999991,6.760300000000007,159.59999999999997,C#CC1=C(F)C=CC2=CC(O)=CC(C3=NC=C4C(N5CC6CCC(C5)N6)=NC(OCCN5CCC(CC6CCN(CC7CCN(C8=CC=C9C(=O)N(C%10CCC(=O)NC%10=O)CC9=C8F)CC7)CC6)CC5)=NC4=C3F)=C12
VUUHHNWFNGGVNN,P50750,Q96SW2,0,0.15593858063220978,0,889.842,5.598200000000005,213.61,O=C1CCC(N2C(=O)C3=CC=CC(OCCCCCCCN4C=C(CCCCCN5CCC(NC(=O)C6=C(NC(=O)C7=C(Cl)C=CC=C7Cl)C=N[NH]6)CC5)N=N4)=C3C2=O)C(=O)N1
VUUVFBLMCDLJPY,P01116,Q96SW2,0,0.7459714412689209,1,940.0209999999996,4.917100000000004,173.01,C#CC1=C(F)C=CC2=CC(O)=CC(C3=CC=C4C(N5CC6CCC(C5)N6)=NC(OC[C@@H]5CC[C@@H](COC(=O)N6CCN(C7=CC=C8C(=O)N(C9CCC(=O)NC9=O)CC8=C7)CC6)N5C)=NC4=C3F)=C12
VWELFQOMWDAJDG,Q06187,Q96SW2,1,0.33843696117401123,0,954.5289999999997,7.283900000000007,199.03,O=C1CCC(N2C(=O)C3=CC=C(N4CCC(CCN5CCC(CC(=O)N[C@H]6CC[C@@H](NC7=NC=NC8=C7C(C(=O)C7=CC=C(OC9=CC=CC=C9)C=C7Cl)=C[NH]8)CC6)CC5)CC4)C=C3C2=O)C(=O)N1
VXKRNJLOBYGLJC,Q9BY41,Q96SW2,0,0.20631229877471924,0,704.7440000000004,3.662700000000002,189.78,O=C1CCC(N2C(=O)C3=CC=CC(NCC4=CN(CCCCCOC5=CC=C(CN6C=CC7=CC=C(C(=O)NO)C=C76)C=C5)N=N4)=C3C2=O)C(=O)N1
VXLNSYNTGQHOOZ,P51531,P40337,1,0.8947445750236511,1,957.6419999999996,8.773120000000006,149.93,CC1=C(C2=CC=C([C@H](C)NC(=O)[C@@H]3C[C@@H](O)CN3C(=O)[C@@H](C3=CC(N4CCC(CN5CCC(C6=CC=CC7=C6C(C)(C)C6=NC(=O)C8=C(Cl)C=CC=C8N76)CC5)CC4)=NO3)C(C)C)C=C2)SC=N1
VYMPLVUGLSBJJX,O14965,Q96SW2,0,0.8863766193389893,1,907.967,2.743900000000002,267.32,CC(C)S(=O)(=O)C1=CC=CC=C1NC1=NC(NC2=CC=C(N3CCN(C(=O)COCCOCC(=O)NC4=CC=CC5=C4C(=O)N(C4CCC(=O)NC4=O)C5=O)CC3)C=C2)=NC2=C1N=C[NH]2
VYOVFSMWNUHZTO,P01116,Q96SW2,0,0.8906693458557129,1,1042.632999999999,5.790100000000006,162.83999999999995,C#CC1=C(F)C=CC2=CC(O)=CC(C3=NC=C4C(N5CC6CCC(C5)N6)=NC(OCCN5CCC(CN6CCN(CC7CCN(C8=CC=C9C(=O)N(C%10CCC(=O)NC%10=O)CC9=C8Cl)CC7)CC6)CC5)=NC4=C3F)=C12
VYWPIENJSRHBGS,P09874,Q96SW2,0,0.17824719846248627,0,703.8000000000002,4.294200000000003,176.8,NC(=O)C1=CC=CC2=CN(C3=CC=C([C@@H]4CCCN(C(=O)CCCCCCNC5=CC=C6C(=O)N(C7CCC(=O)NC7=O)C(=O)C6=C5)C4)C=C3)N=C12
VYYGKORDPITVLF,P03372,Q96SW2,0,0.8622608184814453,1,753.9440000000002,5.680500000000006,105.66,O=C1CCC(N2CC3=CC(N4CCN5CCN(CCCCOC6=CC=C([C@@H]7C8=CC=C(O)C=C8CC[C@@H]7C7=CC=CC=C7)C=C6)CC5C4)=CC=C3C2=O)C(=O)N1
VZFLGBAUHUFQIW,Q9H8M2,Q96SW2,1,0.3634131848812103,0,758.8320000000001,3.667100000000002,160.45,COC1=CC(C2=CN(C)C(=O)C3=CN=CC=C23)=CC(OC)=C1C(=O)N1CCC2(CC1)CC(CN1CC3=CC4=C(C=C3C1)C(=O)N(C1CCC(=O)NC1=O)C4=O)C2
VZVNRZMYYBZOEH,Q92793,Q96SW2,0,0.9238184690475464,1,888.9289999999996,5.751040000000004,189.28,CC1=NOC(C)=C1C1=CC=C2C(=C1)N=C([C@@H]1CCCC(=O)N1C1=CC=C(F)C(F)=C1)N2[C@H]1CC[C@H](OCC(=O)NC2CN(C3=CC=C4C(=O)N(C5CCC(=O)NC5=O)C(=O)C4=C3)C2)CC1
WAIHYAJCHLPMKK,P03372,Q96SW2,1,0.7740311622619629,1,837.904,4.482200000000003,155.14999999999998,C[C@@H]1CC2=C(C=CC3=C2C=N[NH]3)[C@@H](C2=CC=C(N3CCC4(CCN(C(=O)CN5CC6=CC7=C(C=C6C5)C(=O)N(C5CCC(=O)NC5=O)C7=O)CC4)CC3)C=N2)N1CC(F)(F)F
WBCDANJGKYYWKX,P03372,Q96SW2,0,0.3797718286514282,0,749.868,4.709800000000004,130.57,O=C1CCC(N2C(=O)C3=CC4=C(C=C3C2=O)CN(CC(=O)N2CCC3(C2)CN(C2=CC=C([C@@H]5C6=CC=C(O)C=C6CC[C@@H]5C5=CC=CC=C5)C=C2)C3)C4)C(=O)N1
WBFUHQGQDBHUHR,P03372,Q96SW2,0,0.761206328868866,1,740.9010000000002,5.763700000000005,111.65,O=C1CCC(N2CC3=CC(N4CCN(C[C@H]5CC[C@H](COC6=CC=C([C@@H]7C8=CC=C(O)C=C8CC[C@@H]7C7=CC=CC=C7)C=C6)O5)CC4)=CC=C3C2=O)C(=O)N1
WBIMQWZSRFMWEW,P01116,Q96SW2,0,0.1366841197013855,0,951.0919999999992,5.204900000000005,159.59999999999997,C#CC1=C(F)C=CC2=CC(O)=CC(C3=NC=C4C(N5CC6CCC(C5)N6)=NC(OCCN5CCC(CN6CC7(CCN(C8=CC=C9C(=O)N(C%10CCC(=O)NC%10=O)CC9=C8)CC7)C6)CC5)=NC4=C3F)=C12
WBIVQSOBWUMMPM,P01116,Q96SW2,0,0.08814990520477295,0,1025.1899999999991,6.713300000000007,159.59999999999997,C#CC1=C(F)C=CC2=CC(O)=CC(C3=NC=C4C(N5CC6CCC(C5)N6)=NC(OCCN5CCC(CC6(F)CCN(CC7CCN(C8=CC=C9C(=O)N(C%10CCC(=O)NC%10=O)CC9=C8)CC7)CC6)CC5)=NC4=C3F)=C12
WBMJNGGUHCHFHY,P10275,Q96SW2,1,0.9153968691825867,1,789.3369999999996,4.144880000000004,140.61,C[C@H]1CC2(CCN(C3=CC=C(C(=O)N4CCN(C5CN(C6=CC=C7C(=O)N(C8CCC(=O)NC8=O)C(=O)C7=C6)C5)CC4)C=C3)CC2)CN1C1=CC=C(C#N)C(Cl)=C1
WBRLVFUNFSROOW,P00533,Q96SW2,1,0.9898272752761841,1,857.9160000000002,5.360400000000005,178.94,CCS(=O)(=O)N1C=C(C2=NC(NC3=CC=C(N4CCN(CCCC(=O)NC5=CC=CC6=C5CN(C5CCC(=O)NC5=O)C6=O)CC4)C=C3)=NC=C2C(F)(F)F)C2=CC=CC=C21
WBWCGTJXNCHFJI,P51531,Q96SW2,1,0.5519526600837708,1,763.8309999999999,2.4948999999999995,177.76999999999998,NC1=NN=C(C2=CC=CC=C2O)C=C1N1CCN(CC2=CC=C(N3CCN(CCOC4=CC=CC5=C4C(=O)N(C4CCC(=O)NC4=O)C5=O)CC3)C(F)=C2)CC1
WBYWTMBEFZPCDI,Q92793,Q96SW2,1,0.7240259647369385,1,808.9399999999998,5.320200000000004,168.71999999999994,CC(=O)N1CCC2=C(C1)C(C1=CC=CC3=CC(C4=CC=C(C(=O)NCCCCCC5=CC=CC6=C5CN(C5CCC(=O)NC5=O)C6=O)N=C4)=NC=C13)=NN2C1CCOCC1
WDAIGOZXKMXZKM,P03372,Q96SW2,0,0.9493522644042969,1,737.9449999999998,6.614700000000007,96.43,CC1C2=CC(N3CCN(CC4CCN(C5=CC=C([C@@H]6C7=CC=C(O)C=C7CC[C@@H]6C6=CC=CC=C6)C=C5)CC4)CC3)=CC=C2C(=O)N1C1CCC(=O)NC1=O
WDLZHYCTSMXJHB,P01116,Q96SW2,0,0.1443968266248703,0,1037.229999999999,5.396900000000006,169.45999999999998,C#CC1=C(F)C=CC2=CC(O)=CC(C3=NC=C4C(N5CC6CCC(C5)N6)=NC(OCCN5CCC(C)(CN6CCN(CC7CCN(C8=CC=C9C(=C8)N(C)C(=O)N9C8CCC(=O)NC8=O)CC7)CC6)CC5)=NC4=C3F)=C12
WECSQMYJFLXZBV,P03372,Q96SW2,0,0.9950146079063416,1,730.8810000000002,6.525500000000008,102.42000000000002,O=C1CCC(N2CC3=CC(F)=C(N4CCN(CCCCCOC5=CC=C([C@@H]6C7=CC=C(O)C=C7CC[C@@H]6C6=CC=CC=C6)C=C5)CC4)C=C3C2=O)C(=O)N1
WETJEURCIBDILQ,P24941,Q96SW2,0,0.3000166416168213,0,721.6019999999999,3.090700000000001,176.91,O=C1CCC(N2C(=O)C3=CC=C(N4CCC(CN5CCC(NC(=O)C6=N[NH]C=C6NC(=O)C6=C(Cl)C=CC=C6Cl)CC5)C4)C=C3C2=O)C(=O)N1
WEVHKLUDFWCWDR,P03372,Q96SW2,0,0.8087134957313538,1,782.957,7.16000000000001,102.42000000000002,O=C1CCC(N2CC3=CC(N4CCN(CC5CC6CC(OC7=CC=C([C@@H]8C9=CC=C(O)C=C9CC[C@@H]8C8=CC=C(F)C=C8)C=C7)CC6C5)CC4)=CC=C3C2=O)C(=O)N1
WFDYOAWNEOGIPM,Q06187,Q96SW2,1,0.9961095452308655,1,817.9519999999998,2.762400000000003,197.72,CN1CCN([C@@H]2CCCN(C3=CN=C(C(N)=O)C(NC4=CC=C(C5CCN(C[C@@H]6CCN(C7=CC=C8C(=O)N([C@@H]9CCC(=O)NC9=O)C(=O)C8=C7)C6)CC5)C=C4)=N3)C2)C1=O
WGGPAPYRIGTXOE,Q92918,Q96SW2,0,0.09824837744235992,0,764.887,5.161620000000004,151.91000000000005,CC1=CC(C2=C[NH]C3=NC=C(C4=CC=C(C5CCN(C6CCN(C7=CC=C8C(=O)N(C9CCC(=O)NC9=O)C(=O)C8=C7)C6)CC5)C=C4)N=C23)=CC=C1C(=O)N(C)C
WGJGFPKWFPZEQC,Q92918,Q96SW2,0,0.08664032816886902,0,807.9119999999999,4.205620000000002,181.01,CC1=CC(C2=C[NH]C3=NC=C(C4=CC=C(C5CCN(C6CN(C(=O)CNC7=CC=CC8=C7C(=O)N(C7CCC(=O)NC7=O)C8=O)C6)CC5)C=C4)N=C23)=CC=C1C(=O)N(C)C
WGMFZIISHOKQMF,P40763,Q96SW2,0,0.08564629405736923,0,1184.2700000000002,4.579300000000011,307.05,CN1CC[C@H]2CC[C@@H](C(=O)N[C@@H](CCC(N)=O)C(=O)N[C@H](C(=O)NCCCCCCCCCC#CC3=CC=CC4=C3CN(C3CCC(=O)NC3=O)C4=O)C3=CC=CC=C3)N2C(=O)[C@@H](NC(=O)C2=CC3=CC(C(F)(F)P(=O)(O)O)=CC=C3S2)C1
WHYMRXDDDKXAAH,O14965,P40337,0,0.6855021715164185,1,1019.2679999999996,6.082120000000006,247.84,CC1=C(C2=CC=C(CNC(=O)[C@@H]3C[C@@H](O)CN3C(=O)[C@@H](NC(=O)CCCC(=O)N3CCN(C4=CC=C(NC5=NC(NC6=CC=CC=C6S(=O)(=O)C(C)C)=C6N=C[NH]C6=N5)C=C4)CC3)C(C)(C)C)C=C2)SC=N1
WISQYAWVRSJAJK,P10275,Q96SW2,0,0.9991355538368225,1,774.3219999999999,4.772680000000004,137.37,N#CC1=CC=C(N2CCC3(CCN(C4=CC=C(C(=O)N5CCC(N6CCC7=CC8=C(C=C7C6)C(=O)N(C6CCC(=O)NC6=O)C8=O)CC5)C=C4)CC3)C2)C=C1Cl
WIXGTYZXQCOTOO,Q06187,Q96SW2,1,0.9999624490737915,1,831.9789999999998,2.936500000000003,197.72,CN1CCN([C@@H]2CCCN(C3=CN=C(C(N)=O)C(NC4=CC=C(C5(C)CCN(C[C@H]6CCN(C7=CC=C8C(=O)N([C@@H]9CCC(=O)NC9=O)C(=O)C8=C7)C6)CC5)C=C4)=N3)C2)C1=O
WKMVMHORNDWWMD,P11802,Q96SW2,0,0.6295598745346069,1,782.9469999999998,3.541120000000003,191.83,CC(=O)C1=C(C)C2=CN=C(NC3=CC=C(N4CCN(CCCCCCC(=O)N5CCC[C@H]5C(=O)N[C@@H]5CCC(=O)NC5=O)CC4)C=N3)N=C2N(C2CCCC2)C1=O
WLNCYXQRZBMBKC,Q9H8M2,Q96SW2,0,0.624544620513916,1,758.8319999999999,3.667100000000002,160.45,COC1=CC(C2=CN(C)C(=O)C3=CN=CC=C23)=CC(OC)=C1C(=O)N1CC2(CCC(CN3CC4=CC5=C(C=C4C3)C(=O)N(C3CCC(=O)NC3=O)C5=O)CC2)C1
WLTPLZGGRXBLKV,P35968,P40337,0,0.22375814616680145,0,1102.254,9.164740000000004,245.42999999999995,CC1=CC=C(NC(=O)CN2C=C(C3=CC=C4C(NC(=O)C5=CC=C(NC(=O)CCCCCCC(=O)N[C@H](C(=O)N6C[C@H](O)C[C@H]6C(=O)NCC6=CC=C(C7=C(C)N=CS7)C=C6)C(C)(C)C)C=C5)=N[NH]C4=C3)C=N2)C=C1C(F)(F)F
WLVURAOQRSTWDQ,P01116,Q96SW2,0,0.012884141877293587,0,926.0629999999996,5.228100000000005,182.66,CCC1=CC=CC2=CC(O)=CC(C3=NC=C4C(N5CC6CCC(C5)N6)=NC(OCCN5CCC(CN6CCC(OC7=CC=CC8=C7C(=O)N(C7CCC(=O)NC7=O)C8=O)CC6)CC5)=NC4=C3F)=C12
WLWKNXUSLSOAGM,Q07889,Q96SW2,1,0.07985790818929672,0,872.9459999999996,6.802120000000006,198.18,COC1=CC2=NC(C)=NC(N[C@H](C)C3=CC(N)=CC(C(F)(F)F)=C3)=C2C=C1OCC1(CN(C)C(=O)CCCCCCNC2=CC=CC3=C2C(=O)N(C2CCC(=O)NC2=O)C3=O)CC1
WMEBCPXSPHQTBP,P51531,P40337,0,0.4101189970970154,0,751.9139999999999,4.487020000000003,201.48,CC1=C(C2=CC=C([C@H](C)NC(=O)[C@@H]3C[C@@H](O)CN3C(=O)[C@@H](NC(=O)CCN3C=C(C4=CC(C5=CC=CC=C5O)=NN=C4N)C=N3)C(C)(C)C)C=C2)SC=N1
WNEWREMJBRGDRZ,P03372,Q96SW2,0,0.7244004011154175,1,753.9000000000001,4.7881000000000045,122.73000000000002,O=C1CCC(N2C(=O)C3=CC=C(N4CCN(CC5CN(CCOC6=CC=C([C@@H]7C8=CC=C(O)C=C8CC[C@@H]7C7=CC=CC=C7)C=C6)C5)CC4)C=C3C2=O)C(=O)N1
WNTMFWJFGDGXOH,P25440,Q96SW2,0,0.15350747108459473,0,824.968,3.1087200000000017,151.03000000000003,CC1=NN=C2COCC3=C(SC(C#CC4=CN(C5(CCN6CCN(C)CC6)CN(C6=CC=CC7=C6C(=O)N(C6CCC(=O)NC6=O)C7=O)C5)N=C4)=C3CC3=CC=CC=C3)N12
WORAYIFYRBXMHL,P01116,Q96SW2,0,0.26923057436943054,0,924.0659999999996,6.299300000000007,156.35999999999996,C#CC1=C(F)C=CC2=CC(O)=CC(C3=NC=C4C(N5CC6CCC(C5)N6)=NC(OCCN5CCC(CCC6CCN(C7=CC=CC8=C7CN(C7CCC(=O)NC7=O)C8=O)CC6)CC5)=NC4=C3F)=C12
WOWBMCKVEBETPS,P01116,Q96SW2,0,0.008756855502724648,0,979.1709999999996,6.067300000000007,176.66999999999996,CCC1=CC=CC2=CC(O)=CC(C3=NC=C4C(N5CC6CCC(C5)N6)=NC(OCCN5CCC6(CC5)CCN(CC5CCN(C7=CC=C8C(=O)N(C9CCC(=O)NC9=O)C(=O)C8=C7)CC5)CC6)=NC4=C3F)=C12
WQAXDAXKKXPWDH,P06239,Q96SW2,1,0.7482128739356995,1,769.3759999999999,5.194640000000004,138.92999999999995,CC1=NC(NC2=NC=C(C(=O)NC3=C(C)C=CC=C3Cl)S2)=CC(N2CCN(CCCN3CC4CC3CN4C3=CC=C(C4CCC(=O)NC4=O)C=C3)CC2)=N1
WQCUYCXVAFPYDC,Q06187,Q96SW2,1,0.187527135014534,0,978.1239999999992,4.777300000000004,224.41,CN1C=C(C2=CC=NC(N3CCN4C(=CC5=C4CC(C)(C)C5)C3=O)=C2CO)C=C(NC2=CC=C(N3CCN(C(=O)CCCCCCNC4=CC=CC5=C4C(=O)N(C4CCC(=O)NC4=O)C5=O)CC3)C=N2)C1=O
WQEHHOOLWBGLLA,P03372,Q96SW2,0,0.9392738938331604,1,740.9010000000001,5.763700000000005,111.65,O=C1CCC(N2CC3=CC(N4CCN(CCO[C@H]5C[C@H](OC6=CC=C([C@@H]7C8=CC=C(O)C=C8CC[C@@H]7C7=CC=CC=C7)C=C6)C5)CC4)=CC=C3C2=O)C(=O)N1
WQYDJYODLBQPRD,P50750,Q96SW2,0,0.12292905896902084,0,847.7609999999999,4.427900000000003,213.61,O=C1CCC(N2C(=O)C3=CC=CC(OCCCCCN4C=C(CCCCN5CCC(NC(=O)C6=C(NC(=O)C7=C(Cl)C=CC=C7Cl)C=N[NH]6)CC5)N=N4)=C3C2=O)C(=O)N1
WRZYMJHWCLMXPV,P03372,Q96SW2,0,0.7376246452331543,1,738.889,5.088900000000004,126.39,O=C1CCC(N2C(=O)C3=CC=C(N4CCN(CC5CCN(C6=CC=C([C@@H]7C8=CC=C(O)C=C8CC[C@@H]7C7=CC=CC=C7)C=N6)CC5)CC4)C=C3C2=O)C(=O)N1
WSCDDQDDVVHUBS,Q92793,Q96SW2,1,0.496407151222229,0,878.9819999999994,5.447300000000006,175.07999999999998,CC(=O)N1CCC2=C(C1)C(N1CCCC3=CC(C4=CN(C)N=C4)=C(C(F)F)C=C31)=NN2C1CCN(C(=O)CCCCCNC2=CC=CC3=C2C(=O)N(C2CCC(=O)NC2=O)C3=O)CC1
WSRMBRDBSUTIRU,Q92793,Q96SW2,1,0.42363008856773376,0,808.8469999999998,4.480300000000003,175.07999999999998,CC(=O)N1CCC2=C(C1)C(N1CCCC3=CC(C4=CN(C)N=C4)=C(C(F)F)C=C31)=NN2C1CCN(C(=O)NC2=CC=C3C(=O)N(C4CCC(=O)NC4=O)C(=O)C3=C2)CC1
WUMPBGARIFQLBV,P01116,Q96SW2,0,0.025610534474253654,0,968.1439999999994,6.030100000000006,174.82,CCC1=CC=CC2=CC(O)=CC(C3=NC=C4C(N5CC6CCC(C5)N6)=NC(OCCN5CCC(O[C@H]6C[C@H](OC7CCN(C8=CC=CC9=C8CN(C8CCC(=O)NC8=O)C9=O)CC7)C6)CC5)=NC4=C3F)=C12
WUXCNLMXASWHTR,P40763,Q96SW2,0,0.10827553272247314,0,1168.227,3.2311000000000103,298.26,CN1CC[C@H]2CC[C@@H](C(=O)N[C@@H](CCC(N)=O)C(=O)N[C@@H](CC3=CC=CC=C3)C(=O)N3CCC(CCC#CC4=CC=CC5=C4CN(C4CCC(=O)NC4=O)C5=O)CC3)N2C(=O)[C@@H](NC(=O)C2=CC3=CC(C(F)(F)P(=O)(O)O)=CC=C3S2)C1
WUYXNOSTUQQLBT,O60885,P40337,1,0.9897579550743103,1,1050.7049999999997,7.40608000000001,208.42,CC1=NOC([C@H](C(=O)N2C[C@H](O)C[C@H]2C(=O)N[C@@H](C)C2=CC=C(C3=C(C#CCOCCOCCOCCNC(=O)C[C@@H]4N=C(C5=CC=C(Cl)C=C5)C5=C(SC(C)=C5C)N5C(C)=NN=C45)N=CS3)C=C2)C(C)C)=C1
WVMKYLVDQAXAQJ,P03372,Q96SW2,0,0.35212528705596924,0,740.9010000000002,6.416700000000007,119.49,O=C1CCC(N2C(=O)C3=CC=C(N4CCCN(CCCCCOC5=CC=C([C@@H]6C7=CC=C(O)C=C7CC[C@@H]6C6=CC=CC=C6)C=C5)CC4)C=C3C2=O)C(=O)N1
WVZMAPKGVNYBBQ,Q92918,Q96SW2,0,0.19295859336853027,0,747.3039999999997,6.552000000000008,145.24,O=C1CCN(C2=CC(C(=O)N3CCC(CC4CCN(C5=CC=C(C6=CN=C7[NH]C=C(C8=CN(CC9CC9)N=C8)C7=N6)C=N5)CC4)CC3)=CC=C2Cl)C(=O)N1
WWIWRKBFUYUZCF,P03372,Q96SW2,0,0.35657361149787903,0,767.927,5.320700000000005,122.73000000000002,O=C1CCC(N2C(=O)C3=CC=C(N4CCN(CCN5CCC(OC6=CC=C([C@@H]7C8=CC=C(O)C=C8CC[C@@H]7C7=CC=CC=C7)C=C6)CC5)CC4)C=C3C2=O)C(=O)N1
WWKHZRWKTJZXRY,Q16678,P40337,1,0.31484255194664,0,940.658,10.461919999999994,158.67000000000002,CC1=C(C2=CC=C([C@H](C)NC(=O)[C@@H]3C[C@@H](O)CN3C(=O)[C@@H](NC(=O)CCCCCCOC3=CC=CC=C3C3=CSC(C4=CSC(NC5=CC=C(Cl)C=C5)=N4)=N3)C(C)(C)C)C=C2)SC=N1
WWUUIOHCIGBTOS,P03372,Q96SW2,0,0.9978903532028198,1,712.8910000000001,6.386400000000006,102.42000000000002,O=C1CCC(N2CC3=CC(N4CCN(CCCCCOC5=CC=C([C@@H]6C7=CC=C(O)C=C7CC[C@@H]6C6=CC=CC=C6)C=C5)CC4)=CC=C3C2=O)C(=O)N1
WXEOAYUJLFQPPX,P24941,Q96SW2,0,0.10931038111448288,0,721.5579999999999,2.2272,193.98,O=C1CCC(N2C(=O)C3=CC=C(N4CC(C(=O)N5CCC(NC(=O)C6=N[NH]C=C6NC(=O)C6=C(Cl)C=CC=C6Cl)CC5)C4)C=C3C2=O)C(=O)N1
WXSOTMXNHJTFKS,O60885,Q96SW2,1,0.5049691796302795,1,710.26,5.356860000000005,129.86,CC1=C(C)C2=C(S1)N1C(C)=NN=C1[C@H](CC(=O)N1CCC(C3=CC=C4C(=O)N(C5CCC(=O)NC5=O)CC4=C3)CC1)N=C2C1=CC=C(Cl)C=C1
WYAGKTWXXPHQHY,Q92918,Q96SW2,0,0.9039204716682434,1,751.2919999999997,5.7884000000000055,154.46999999999997,COCCN1C=C(C2=C[NH]C3=NC=C(C4=CC=C(N5CCC(CC6CCN(C(=O)C7=CC=C(Cl)C(N8CCC(=O)NC8=O)=C7)CC6)CC5)N=C4)N=C23)C=N1
WYGVTHFBQTVIFP,P03372,Q96SW2,0,0.8161056041717529,1,674.7940000000002,6.269700000000008,114.4,O=C1CCC(N2CC3=CC(OCCCOCCCOC4=CC=C([C@@H]5C6=CC=C(O)C=C6CC[C@@H]5C5=CC=CC=C5)C=C4)=CC=C3C2=O)C(=O)N1
WYWJHXKHDRJYLX,Q9BY41,Q96SW2,0,0.07287336140871048,0,754.841,3.517100000000001,212.34,O=C(CCCCOC1=CC=C(CCNC(=O)C2=CC=CC(C(=O)NO)=C2)C=C1)NCCCCCCNC1=CC=CC2=C1C(=O)N(C1CCC(=O)NC1=O)C2=O
WZAJDWUHOWVKTB,P51531,P40337,1,0.35338056087493896,0,903.123,7.129240000000008,227.51,CC1=NOC([C@@H](C(=O)N2C[C@H](O)C[C@H]2C(=O)N[C@@H](CC(=O)NCCCCCCCCN2C=C(C3=CC(C4=CC=CC=C4O)=NN=C3N)C=N2)C2=CC=C(C3=C(C)N=CS3)C=C2)C(C)C)=C1
XAGBOVYJSAYQKP,P03372,Q96SW2,1,0.2811652719974518,0,820.003,5.870100000000006,122.73,O=C1CC[C@H](N2CC3=C(C=CC4=C3OCC43CCN(C(=O)CN4CCC5(CC4)CN(C4=CC=C([C@@H]6C7=CC=C(O)C=C7CC[C@@H]6C6=CC=CC=C6)C=C4)C5)CC3)C2=O)C(=O)N1
XAIUILGXTPIVSR,P33981,P40337,0,0.23436473309993744,0,1047.3009999999992,4.523520000000008,271.90000000000003,CC1=C(C2=CC=C(CNC(=O)[C@@H]3C[C@@H](O)CN3C(=O)[C@H](NC(=O)CCC(=O)NCCNC(=O)CCC(=O)N3CCN(C4=CC=C(NC5=NC(NC6CCCCC6)=C6N=C[NH]C6=N5)C=C4)CC3)C(C)(C)C)C=C2)SC=N1
XAVPYITYYYJIQW,P03372,Q96SW2,0,0.9606720209121704,1,782.913,6.552600000000007,119.49,O=C1CCC(N2C(=O)C3=CC=C(N4CCN(C5CC6CC(OC7=CC=C([C@@H]8C9=CC=C(O)C=C9CC[C@@H]8C8=CC=C(F)C=C8)C=C7)CC6C5)CC4)C=C3C2=O)C(=O)N1
XCBCSMPJWBDVGA,P40763,Q96SW2,0,0.1718810647726059,0,1168.227,3.535200000000009,298.26,CN1CC[C@H]2CC[C@@H](C(=O)N[C@@H](CCC(N)=O)C(=O)N[C@](C)(C(=O)N3CCC(CCC#CC4=CC=CC5=C4CN(C4CCC(=O)NC4=O)C5=O)CC3)C3=CC=CC=C3)N2C(=O)[C@@H](NC(=O)C2=CC3=CC(C(F)(F)P(=O)(O)O)=CC=C3S2)C1
XCKSBMUXNUXUCS,P03372,Q96SW2,0,0.9633368253707886,1,748.884,5.706300000000006,128.20000000000002,O=C1CCC(N2CC3=CC(N4CCN(CC5=CC=C(COC6=CC=C([C@@H]7C8=CC=C(O)C=C8CC[C@@H]7C7=CC=CC=C7)C=C6)N=N5)CC4)=CC=C3C2=O)C(=O)N1
XCPBPBXTEDKQFJ,P03372,Q96SW2,1,0.5730565190315247,1,848.0569999999999,6.650300000000007,122.73,O=C1CC[C@H](N2CC3=C(C=CC4=C3OCC43CCN(CC(=O)N4CCCC5(CCN(C6=CC=C([C@@H]7C8=CC=C(O)C=C8CC[C@@H]7C7=CC=CC=C7)C=C6)CC5)C4)CC3)C2=O)C(=O)N1
XCPFPRATYXSOSM,P03372,Q96SW2,1,0.28218334913253784,0,780.9259999999999,4.246900000000003,125.97,O=C1CC[C@H](N2CC3=C(C=CC4=C3OC[C@H]3CN(CC(=O)N5CCN(C6=CC=C([C@@H]7C8=CC=C(O)C=C8CC[C@@H]7C7=CC=CC=C7)C=C6)CC5)CCN43)C2=O)C(=O)N1
XETBTLFBEYTSGJ,Q92793,Q96SW2,1,0.44612133502960205,0,795.9009999999998,4.409400000000002,180.75,CC(=O)N1CCC2=C(C1)C(C1=CC=CC3=CC(C4=CC=C(C(=O)NCCCNC5=CC=CC6=C5CN(C5CCC(=O)NC5=O)C6=O)N=C4)=NC=C13)=NN2C1CCOCC1
XFCSJLLJBWEKHM,Q92793,Q96SW2,0,0.8990971446037292,1,916.9829999999996,6.531240000000005,189.28,CC1=NOC(C)=C1C1=CC=C2C(=C1)N=C([C@@H]1CCCC(=O)N1C1=CC=C(F)C(F)=C1)N2[C@H]1CC[C@H](OCC(=O)NC2CCN(C3=CC=C4C(=O)N(C5CCC(=O)NC5=O)C(=O)C4=C3)CC2)CC1
XFWHUBPGSYYZFD,P33981,Q96SW2,0,0.760391891002655,1,861.9419999999999,3.881000000000001,248.85999999999996,CC(C)S(=O)(=O)C1=CC=CC=C1NC1=NC(NC2=CC=C(N3CCN(C(=O)CCCC(=O)NC4=CC=CC5=C4C(=O)N(C4CCC(=O)NC4=O)C5=O)CC3)C=C2)=NC2=C1N=C[NH]2
XGLDUONNQKNIIH,P01116,Q96SW2,0,0.723131537437439,1,1007.6279999999996,7.017500000000009,159.6,O=C1CCC(N2CC3=C(C=CC(N4CCC(CN5CCC(CC6CCN(CCOC7=NC(N8CC9CCC(C8)N9)=C8C=NC(C9=CC(O)=CC(Cl)=C9C9CC9)=C(F)C8=N7)CC6)CC5)CC4)=C3F)C2=O)C(=O)N1
XHEUEZODLRVMMV,Q92793,Q96SW2,0,0.2800155580043793,0,781.8739999999998,4.019300000000002,180.75,CC(=O)N1CCC2=C(C1)C(C1=CC=CC3=CC(C4=CC=C(C(=O)NCCNC5=CC=C6C(=O)N(C7CCC(=O)NC7=O)CC6=C5)N=C4)=NC=C13)=NN2C1CCOCC1
XHLTXBOEIXDCPZ,P10275,Q96SW2,0,0.3675878643989563,0,837.8659999999995,6.186580000000006,112.46,COC1=CC(N2CCN(CC3CCN(C4=CC(F)=C(C5CCN(C6=CC=C(C#N)C(C(F)(F)F)=C6F)CC5)C(F)=C4)CC3)CC2)=CC2=C1C(=O)N(C1CCC(=O)NC1=O)C2
XIDSBFCBCIVRKK,O60885,Q96SW2,0,0.22501878440380096,0,753.3260000000001,3.435060000000001,196.77,CC1=C(C)C2=C(S1)N1C(C)=NN=C1[C@H](CC(=O)NCCCCCCCCC(=O)N[C@@H](CO)C(=O)N[C@H]1CCC(=O)NC1=O)N=C2C1=CC=C(Cl)C=C1
XINDLZAKDOXYAG,P01116,Q96SW2,0,0.010896237567067146,0,861.0109999999996,5.691100000000006,142.52999999999997,CCC1=CC=CC2=CC(O)=CC(C3=NC=C4C(N5CC6CCC(C5)N6)=NC(OCCN5CCN(CC6CCN(C7=CC=C(N8CCC(=O)NC8=O)C(F)=C7)CC6)CC5)=NC4=C3F)=C12
XLACHYFHBVMREJ,P01116,Q96SW2,0,0.9614241123199463,1,1050.268999999999,7.535200000000009,166.21999999999997,C#CC1=C(F)C=CC2=CC(O)=CC(C3=NC=C4C(N5CC6CCC(C5)N6)=NC(OCCN5CCC(CC6CCN(CC7CCN(C8=CC=C9C(=C8)N(C(C)C)C(=O)N9C8CCC(=O)NC8=O)CC7)CC6)CC5)=NC4=C3F)=C12
XLGXYNSRFYOHBS,Q06187,Q96SW2,1,0.19822758436203003,0,1080.2129999999993,4.337100000000005,259.94,CN1C=C(C2=CC=NC(N3CCN4C(=CC5=C4CC(C)(C)C5)C3=O)=C2CO)C=C(NC2=CC=C(N3CCN(C(=O)CCCCCCOCCOCC(=O)NC4=CC=CC5=C4C(=O)N(C4CCC(=O)NC4=O)C5=O)CC3)C=N2)C1=O
XLTDZGQZLOIMGM,P01116,Q96SW2,0,0.12440195679664612,0,1028.1499999999992,5.3700000000000045,175.45,C#CC1=C(F)C=CC2=CC(O)=CC(C3=NC=C4C(N5CC6CCC(C5)N6)=NC(OC[C@@H]5C[C@@H](OC6CCN(CC7CCN(C8=CC=C9C(=C8F)N(C)C(=O)N9C8CCC(=O)NC8=O)CC7)CC6)CN5C)=NC4=C3F)=C12
XLWJWCMQMBVNSG,Q06187,Q96SW2,1,0.208856463432312,0,719.847,3.416500000000002,174.17,NC(=O)C1=NC=C(N2CCCCC2)N=C1NC1=CC=C(C2CCN(C[C@H]3CCN(C4=CC=C5C(=O)N([C@H]6CCC(=O)NC6=O)C(=O)C5=C4)C3)CC2)C=C1
XMIOCXZSPKUWLC,P51531,P40337,0,0.8198874592781067,1,847.0589999999999,4.887620000000004,203.03000000000003,CC1=C(C2=CC=C([C@H](C)NC(=O)[C@@H]3C[C@@H](O)CN3C(=O)[C@@H](NC(=O)CCC3=CC=NC(N4CCN(C5=CC(C6=CC=CC=C6O)=NN=C5N)CC4)=C3)C(C)(C)C)C=C2)SC=N1
XMQFHNQKUCBVPQ,P03372,Q96SW2,0,0.998008668422699,1,749.9119999999999,5.571700000000005,113.5,O=C1CCC(N2C(=O)C3=CC4=C(C=C3C2=O)CN(C2CN(CC3CCN(C5=CC=C([C@@H]6C7=CC=C(O)C=C7CC[C@@H]6C6=CC=CC=C6)C=C5)CC3)C2)C4)C(=O)N1
XMWSKICAFPPYSY,Q06187,Q96SW2,1,0.7990396022796631,1,840.9449999999997,5.769200000000005,181.77,NC1=NC=NC2=C1C(C1=CC=C(OC3=CC=CC=C3)C=C1)=NN2C1CCN(CC2=CC=C(C#CC3CCN(C4=CC=C5C(=O)N(C6CCC(=O)NC6=O)C(=O)C5=C4)CC3)N=C2)CC1
XNBPWGHLZPHXLY,P11802,Q96SW2,1,0.8256200551986694,1,768.9199999999998,3.1510200000000026,191.83,CC(=O)C1=C(C)C2=CN=C(NC3=CC=C(N4CCN(CCCCCCC(=O)N5CCC[C@H]5C(=O)N[C@H]5CC(=O)NC5=O)CC4)C=N3)N=C2N(C2CCCC2)C1=O
XNMNRUWTRAUODP,Q92918,Q96SW2,0,0.09683478623628616,0,765.8749999999999,3.9617200000000015,155.14999999999998,CC1=CC(C2=C[NH]C3=NC=C(C4=CC=C(N5CCN(CC6CN(C7=CC=C8C(=O)N(C9CCC(=O)NC9=O)C(=O)C8=C7)C6)CC5)C=C4)N=C23)=CC=C1C(=O)N(C)C
XNTVMRGEBFMCMD,O60885,Q96SW2,0,0.2628769874572754,0,781.3360000000002,3.917460000000001,213.84,CC1=C(C)C2=C(S1)N1C(C)=NN=C1[C@H](CC(=O)NCCCCCCCCC(=O)N[C@@H](CCC(=O)O)C(=O)N[C@H]1CC(=O)NC1=O)N=C2C1=CC=C(Cl)C=C1
XNWOVOPPKBOHMJ,P03372,Q96SW2,0,0.8104328513145447,1,713.8790000000001,5.123600000000004,114.45000000000002,O=C1CCC(N2CC3=CC(NCCN4CCN(CCOC5=CC=C([C@@H]6C7=CC=C(O)C=C7CC[C@@H]6C6=CC=CC=C6)C=C5)CC4)=CC=C3C2=O)C(=O)N1
XNWVLBYXKNUCIV,P01116,Q96SW2,0,0.01930161565542221,0,1014.1919999999992,5.812000000000007,175.45,CCC1=C(F)C=CC2=CC(O)=CC(C3=NC=C4C(N5CC6CCC(C5)N6)=NC(OC[C@@H]5C[C@@H](OC6CCN(CC7CCN(C8=CC=C9C(=C8)N(C)C(=O)N9C8CCC(=O)NC8=O)CC7)CC6)CN5C)=NC4=C3F)=C12
XNZUEQHJIKGPEJ,Q9H8M2,Q96SW2,0,0.9976560473442078,1,814.9399999999999,5.320300000000005,160.45,CCCN1C=C(C2=CC(OC)=C(C(=O)N3CCC4(CCC(CN5CC6=CC7=C(C=C6C5)C(=O)N(C5CCC(=O)NC5=O)C7=O)CC4)CC3)C(OC)=C2)C2=CC=NC=C2C1=O
XODFKBNXCCEPRN,Q92918,Q96SW2,0,0.9997364282608032,1,817.4389999999996,7.649800000000009,135.59,CCN1CCC(N2C=C(C3=C[NH]C4=NC=C(C5=CC=C(N6CCC(CC7CCN(C(=O)C8=CC=C(Cl)C(N9CCC(=O)NC9=O)=C8)CC7C)CC6)C=C5)N=C34)C=N2)CC1
XOEMYWOGFGPWDQ,P01116,Q96SW2,0,0.9999465942382812,1,979.1459999999992,5.655200000000006,148.60000000000002,C#CC1=C(F)C=CC2=CC=CC(C3=NC=C4C(N5CC6CCC(C5)N6)=NC(OC[C@@H]5C[C@@H](OC6CCN(CC7CCN(C8=CC=C9C(=O)N(C%10CCC(=O)NC%10=O)CC9=C8)CC7)CC6)CN5C)=NC4=C3F)=C12
XOGYVOVLDZMERE,Q92918,Q96SW2,1,0.08132192492485046,0,768.8499999999999,4.910620000000003,151.91000000000005,CC1=CC(C2=C[NH]C3=NC=C(C4=CC=C(C5CCN(C6CN(C7=CC8=C(C=C7F)C(=O)N(C7CCC(=O)NC7=O)C8=O)C6)CC5)C=C4)N=C23)=CC=C1C(=O)N(C)C
XOSARNKAKHCARF,Q92918,Q96SW2,1,0.5547547340393066,1,693.2119999999998,5.668600000000005,156.10000000000002,O=C1CCN(C2=CC(C(=O)N3CCC(CC4CCN(C5=CC=C(C6=CN=C7[NH]C=C(C8=C[NH]N=C8)C7=N6)C=N5)CC4)CC3)=CC=C2Cl)C(=O)N1
XOSIYVXFXZWEFK,P03372,Q96SW2,0,0.9222764372825623,1,754.8840000000001,5.674000000000006,128.72,O=C1CC[C@H](N2CC3=C(C=CC4=C3OC[C@H]3CN(C(=O)CCCCOC5=CC=C([C@@H]6C7=CC=C(O)C=C7CC[C@@H]6C6=CC=CC=C6)C=C5)CCN43)C2=O)C(=O)N1
XPICNVKPGAOVBF,Q03111,P40337,1,0.6079331636428833,1,1031.29,7.818920000000008,236.4,CC1=C(C2=CC=C([C@H](C)NC(=O)[C@@H]3C[C@@H](O)CN3C(=O)[C@@H](NC(=O)CCCCCCCCCNC(=O)C3=CC=C4CC[C@@H](NC(=O)C5=NOC(C6=CC=C(C(=O)N(C)C)C(O)=C6)=C5)C4=C3)C(C)(C)C)C=C2)SC=N1
XPLADRVOATVVDO,P03372,Q96SW2,0,0.9415581822395325,1,751.972,6.406800000000007,96.43,O=C1CCC(N2CC3=CC(N4CCN(CCCN5CCC(C6=CC=C([C@@H]7C8=CC=C(O)C=C8CC[C@@H]7C7=CC=CC=C7)C=C6)CC5)CC4)=CC=C3C2=O)C(=O)N1
XPOGTFDQDPCEDH,Q92793,Q96SW2,1,0.7656421065330505,1,835.9219999999996,4.216400000000003,189.02999999999997,CC(=O)N1CCC2=C(C1)C(C1=CC=CC3=CC(C4=CC=C(C(=O)NC5CCN(C6=CC=CC7=C6C(=O)N(C6CCC(=O)NC6=O)C7=O)CC5)N=C4)=NC=C13)=NN2C1CCOCC1
XQGDFPOIKRRKQS,P01116,Q96SW2,0,0.1502368003129959,0,1046.1399999999992,5.5091000000000045,175.45,C#CC1=C(F)C=CC2=CC(O)=CC(C3=NC=C4C(N5CC6CCC(C5)N6)=NC(OC[C@@H]5C[C@@H](OC6CCN(CC7CCN(C8=CC(F)=C9C(=C8F)N(C)C(=O)N9C8CCC(=O)NC8=O)CC7)CC6)CN5C)=NC4=C3F)=C12
XSKRXFBHRXSSKG,P01116,P40337,0,0.0045872400514781475,0,1098.3599999999997,6.734320000000007,227.36999999999995,CCC1=CC=CC2=CC(O)=CC(C3=NC=C4C(N5C[C@@H]6CC[C@H](C5)N6)=NC(OC[C@@H]5CCCN5CCC(=O)NCCC(=O)N[C@H](C(=O)N5C[C@H](O)C[C@H]5C(=O)N[C@@H](C)C5=CC=C(C6=C(C)N=CS6)C=C5)C(C)(C)C)=NC4=C3F)=C12
XSQDNYGBWGIJGO,Q92793,Q96SW2,1,0.8739767670631409,1,796.8759999999996,3.9525000000000015,148.47,CCC1=CC2=C(C=C1C(F)F)N(C1=NN(C3CCN(C(=O)CN4CC5=CC6=C(C=C5C4)C(=O)N(C4CCC(=O)NC4=O)C6=O)CC3)C3=C1CN(C(C)=O)CC3)CCC2
XSRGEWJBJKGLQM,P03372,Q96SW2,1,0.7855146527290344,1,778.9499999999999,6.574400000000007,119.49,O=C1CC[C@H](N2CC3=C(C=CC4=C3OCC43CCN(C(=O)CC4CCN(C5=CC=C([C@@H]6C7=CC=C(O)C=C7CC[C@@H]6C6=CC=CC=C6)C=C5)CC4)CC3)C2=O)C(=O)N1
XWUNOGVGBAIJRS,P01116,Q96SW2,0,0.035469334572553635,0,1038.232999999999,6.817700000000007,153.61,C#CC1=C(F)C=CC2=CC(O)=CC(C3=NC=C4C(N5CC6CCC(C5)N6)=NC(N(C)CCN5CCC(CC6CCN(CC7CCN(C8=CC=C9C(=O)N(C%10CCC(=O)NC%10=O)CC9=C8F)CC7)CC6)CC5)=NC4=C3F)=C12
XXORMIPKQOJWQL,P10275,P40337,0,0.1189006119966507,0,936.1149999999996,6.481120000000007,176.39999999999998,CC1=C(C2=CC=C(CNC(=O)[C@@H]3C[C@H](O)CN3C(=O)[C@@H](NC(=O)COCCCCCCOC3=CC=C(C4CCN(C5=NN6C(=NN=C6C(F)(F)F)CC5)CC4)C=C3)C(C)(C)C)C=C2)SC=N1
XXXDSEGLTLSYLY,Q92793,Q96SW2,0,0.5287829637527466,1,793.8319999999998,4.088600000000003,163.04999999999998,CC(=O)N1CCC2=C(C1)C(N1CCCC3=CC(C4=CN(C)N=C4)=C(C(F)F)C=C31)=NN2C1CCN(C(=O)C2=CC=C3C(=O)N(C4CCC(=O)NC4=O)C(=O)C3=C2)CC1
XYPXCLNICDKSPC,P35968,P40337,0,0.09024017304182053,0,1074.1999999999998,8.384540000000007,245.42999999999995,CC1=CC=C(NC(=O)CN2C=C(C3=CC=C4C(NC(=O)C5=CC=C(NC(=O)CCCCC(=O)N[C@H](C(=O)N6C[C@H](O)C[C@H]6C(=O)NCC6=CC=C(C7=C(C)N=CS7)C=C6)C(C)(C)C)C=C5)=N[NH]C4=C3)C=N2)C=C1C(F)(F)F
XYYUNISMYJIRKN,P01116,Q96SW2,0,0.062141213566064835,0,1025.1899999999991,6.713300000000007,159.59999999999997,C#CC1=C(F)C=CC2=CC(O)=CC(C3=NC=C4C(N5CC6CCC(C5)N6)=NC(OCCN5CCC(F)(CC6CCN(CC7CCN(C8=CC=C9C(=O)N(C%10CCC(=O)NC%10=O)CC9=C8)CC7)CC6)CC5)=NC4=C3F)=C12
XYYUYGWDNCPZBC,P01116,Q96SW2,0,0.016793139278888702,0,999.1769999999992,5.941900000000006,168.82999999999998,CCC1=C(F)C=CC2=CC(O)=CC(C3=NC=C4C(N5CC6CCC(C5)N6)=NC(OC[C@@H]5C[C@@H](OC6CCN(CC7CCN(C8=CC=C9C(=O)N(C%10CCC(=O)NC%10=O)CC9=C8)CC7)CC6)CN5C)=NC4=C3F)=C12
YAFINHBYDWHTLL,P03372,Q96SW2,0,0.8145626187324524,1,724.9020000000003,6.580400000000009,110.26,O=C1CCC(N2C(=O)C3=CC=C(N4CCN(CCCCCCC5=CC=C([C@@H]6C7=CC=C(O)C=C7CC[C@@H]6C6=CC=CC=C6)C=C5)CC4)C=C3C2=O)C(=O)N1
YALIJINQGHADRA,P01116,Q96SW2,0,0.08378995209932327,0,953.1079999999996,6.823200000000007,162.97999999999996,C#CC1=C(F)C=CC2=CC(O)=CC(C3=NC=C4C(N5CC6CCC(C5)N6)=NC(OCCN5CCC(CC6CCN(C7=CC=C8C(=C7)N(C(C)C)C(=O)N8C7CCC(=O)NC7=O)CC6)CC5)=NC4=C3F)=C12
YAQFFVWVNFWKSY,P03372,Q96SW2,0,0.9977649450302124,1,730.8810000000001,6.525500000000008,102.42000000000002,O=C1CCC(N2CC3=CC(N4CCN(CCCCCOC5=CC=C([C@@H]6C7=CC=C(O)C=C7CC[C@@H]6C6=CC=C(F)C=C6)C=C5)CC4)=CC=C3C2=O)C(=O)N1
YAROSLHUTOCQHE,P03372,Q96SW2,0,0.8820101022720337,1,763.983,6.833900000000008,96.43,O=C1CCC(N2CC3=CC(N4CC5(CCN(CC6CCN(C7=CC=C([C@@H]8C9=CC=C(O)C=C9CC[C@@H]8C8=CC=CC=C8)C=C7)CC6)CC5)C4)=CC=C3C2=O)C(=O)N1
YCBIOWPIZXJGRB,P03372,Q96SW2,1,0.9810569286346436,1,777.9219999999998,5.345900000000005,130.57,O=C1CCC(N2C(=O)C3=CC4=C(C=C3C2=O)CN(CC2CCN(C(=O)C3CN(C5=CC=C([C@@H]6C7=CC=C(O)C=C7CC[C@@H]6C6=CC=CC=C6)C=C5)C3)CC2)C4)C(=O)N1
YCNBETLTIQSJCQ,P03372,P40337,1,0.6192653775215149,1,1035.24,7.216420000000009,176.81,CC1=C(C2=CC=C(CNC(=O)[C@@H]3C[C@@H](O)CN3C(=O)[C@@H](NC(=O)COCCOCCOCCOCCOC3=CC(F)=C([C@@H]4C5=C(C[C@@H](C)N4CC(C)(C)F)C4=CC=CC=C4[NH]5)C(F)=C3)C(C)(C)C)C=C2)SC=N1
YDQJNTYQLKYGDA,O60885,Q96SW2,1,0.23432540893554688,0,739.2990000000002,3.044960000000001,196.77,CC1=C(C)C2=C(S1)N1C(C)=NN=C1[C@H](CC(=O)NCCCCCCCCC(=O)N[C@@H](CO)C(=O)N[C@H]1CC(=O)NC1=O)N=C2C1=CC=C(Cl)C=C1
YDRHAKKUUAJFHB,O14965,Q96SW2,1,0.20579563081264496,0,893.391,5.270900000000004,196.61,O=C1CCC(N2C(=O)C3=CC=CC(OCCOCCOCCOCCNC(=O)[C@]4(CC5=CC=CC(NC6=NC=CS6)=N5)CC[C@@H](OC5=CC=CC(Cl)=C5F)CC4)=C3C2=O)C(=O)N1
YDSIHFQQFOMKLW,P01116,Q96SW2,0,0.015508639626204967,0,882.0099999999999,5.355300000000005,173.43,CCC1=CC=CC2=CC(O)=CC(C3=NC=C4C(N5CC6CCC(C5)N6)=NC(OCCN5CCC6(CC5)CCN(C5=CC=C7C(=O)N(C8CCC(=O)NC8=O)C(=O)C7=C5)CC6)=NC4=C3F)=C12
YDSSGSFQYZPROQ,P01116,Q96SW2,0,0.017535153776407242,0,940.0899999999996,5.617900000000005,182.66,CCC1=CC=CC2=CC(O)=CC(C3=NC=C4C(N5CC6CCC(C5)N6)=NC(OCCN5CCC(COCC6CCN(C7=CC=C8C(=O)N(C9CCC(=O)NC9=O)C(=O)C8=C7)CC6)CC5)=NC4=C3F)=C12
YDXGLXSGGLHGPG,Q92793,Q96SW2,1,0.7538513541221619,1,835.9219999999997,4.216400000000003,189.02999999999997,CC(=O)N1CCC2=C(C1)C(C1=CC=CC3=CC(C4=CC=C(C(=O)NC5CCN(C6=CC=C7C(=O)N(C8CCC(=O)NC8=O)C(=O)C7=C6)CC5)N=C4)=NC=C13)=NN2C1CCOCC1
YEBLVGIRTINSCW,P03372,Q96SW2,0,0.9973908066749573,1,755.935,6.582900000000007,96.43,O=C1CCC(N2CC3=CC(N4CCN(CCC5CCN(C6=CC=C([C@@H]7C8=CC=C(O)C=C8CC[C@@H]7C7=CC=CC=C7)C=C6F)CC5)CC4)=CC=C3C2=O)C(=O)N1
YECMHOCJNONAQJ,P10275,Q96SW2,1,0.9999892711639404,1,802.3759999999997,5.756380000000006,137.37,C[C@H]1CC2(CCN(C3=CC=C(C(=O)N4CCC(C)(CN5CC6=CC7=C(C=C6C5)C(=O)N(C5CCC(=O)NC5=O)C7=O)CC4)C=C3)CC2)CN1C1=CC=C(C#N)C(Cl)=C1
YEEWMSGCZCRCGP,Q06187,Q96SW2,1,0.8071463108062744,1,1094.239999999999,4.725600000000005,259.94,C[C@H]1CN(C(=O)CCCCCCOCCOCC(=O)NC2=CC=CC3=C2C(=O)N(C2CCC(=O)NC2=O)C3=O)CCN1C1=CC=C(NC2=CC(C3=CC=NC(N4CCN5C(=CC6=C5CC(C)(C)C6)C4=O)=C3CO)=CN(C)C2=O)N=C1
YFEMRRDWCBPEPU,O60885,Q96SW2,0,0.3225974142551422,0,829.4240000000001,5.391060000000004,196.77,CC1=C(C)C2=C(S1)N1C(C)=NN=C1[C@H](CC(=O)NCCCCCCCCC(=O)N[C@@H](CC1=CC=C(O)C=C1)C(=O)N[C@H]1CCC(=O)NC1=O)N=C2C1=CC=C(Cl)C=C1
YFJUNDZEBBSSOT,P51531,P40337,0,0.22501224279403687,0,819.9929999999998,3.9636200000000015,215.92,CC1=C(C2=CC=C([C@H](C)NC(=O)[C@@H]3C[C@@H](O)CN3C(=O)[C@@H](NC(=O)C3=CC=CC(N4CCN(C5=NC(C6=CC=CC=C6O)=NN=C5N)CC4)=N3)C(C)(C)C)C=C2)SC=N1
YFRPALABJCDXSI,P03372,Q96SW2,0,0.9784712791442871,1,723.9180000000001,6.100000000000006,105.22,O=C1CCC(N2CC3=CC(N4CC[C@H](NCC5CCN(C6=CC=C([C@@H]7C8=CC=C(O)C=C8CC[C@@H]7C7=CC=CC=C7)C=C6)CC5)C4)=CC=C3C2=O)C(=O)N1
YGQPHRIYSFWECL,Q92793,Q96SW2,0,0.8374858498573303,1,995.0569999999992,7.106340000000007,205.41,CC1=NOC(C)=C1C1=CC=C2C(=C1)N=C([C@@H]1CCCC(=O)N1C1=CC=C(F)C(F)=C1)N2[C@H]1CC[C@H](OCC(=O)NC2=CC=C(N3CCN(C4=CC=C5C(=O)N(C6CCC(=O)NC6=O)C(=O)C5=C4)CC3)N=C2)CC1
YHETUEINSPJYOH,P09874,Q96SW2,0,0.9958310127258301,1,770.8909999999997,3.470100000000002,171.25,NC(=O)C1=CC=CC2=CN(C3=CC=C([C@@H]4CCCN(C(=O)C5CCN(CC6CCN(C7=CC=C8C(=O)N(C9CCC(=O)NC9=O)C(=O)C8=C7)C6)CC5)C4)C=C3)N=C12
YHJRUTZUIKOAAH,P01116,Q96SW2,0,0.010435962118208408,0,798.9199999999998,5.212100000000005,153.12,CCC1=CC=CC2=CC(O)=CC(C3=NC=C4C(N5CC6CCC(C5)N6)=NC(OCCN5CCC(C6=CC=C7C(=O)N(C8CCC(=O)NC8=O)CC7=C6)CC5)=NC4=C3F)=C12
YHLWMZQWXHPQAS,Q9H8M2,Q96SW2,1,0.8611237406730652,1,676.774,3.358900000000001,126.31,COC1=CC(C2=CN(C)C(=O)C3=CN=CC=C23)=CC(OC)=C1CN1CCC(N2CC3=CC4=C(C=C3C2)C(=O)N(C2CCC(=O)NC2=O)C4)CC1
YHMPXHIAAMNQIN,P03372,Q96SW2,0,0.2820596396923065,0,779.938,5.731400000000005,122.73,O=C1CC[C@H](N2CC3=C(C=CC4=C3OC[C@H]3CN(C(=O)CC5CCN(C6=CC=C([C@@H]7C8=CC=C(O)C=C8CC[C@@H]7C7=CC=CC=C7)C=C6)CC5)CCN43)C2=O)C(=O)N1
YHTOZJXOOFKGHU,P03372,Q96SW2,0,0.9628140926361084,1,805.9759999999998,6.126100000000006,130.57,O=C1CCC(N2C(=O)C3=CC4=C(C=C3C2=O)CN(CC2CCN(C(=O)C3CCN(C5=CC=C([C@@H]6C7=CC=C(O)C=C7CC[C@@H]6C6=CC=CC=C6)C=C5)CC3)CC2)C4)C(=O)N1
YINXRHBANVHQMY,P25440,Q96SW2,1,0.10893363505601883,0,712.792,3.392120000000002,144.55,CC1=NN=C2COCC3=C(SC(C#CC4=CN(CC5CN(C6=CC=CC7=C6C(=O)N(C6CCC(=O)NC6=O)C7=O)C5)N=C4)=C3CC3=CC=CC=C3)N12
YKHQHSABZFWTIC,P01116,Q96SW2,0,0.018432559445500374,0,981.1869999999992,5.802800000000006,168.82999999999998,CCC1=CC=CC2=CC(O)=CC(C3=NC=C4C(N5CC6CCC(C5)N6)=NC(OC[C@@H]5C[C@@H](OC6CCN(CC7CCN(C8=CC=C9C(=O)N(C%10CCC(=O)NC%10=O)CC9=C8)CC7)CC6)CN5C)=NC4=C3F)=C12
YKNCBQZAFZIWSX,P03372,Q96SW2,0,0.9818454384803772,1,723.918,6.053700000000006,96.43,O=C1CCC(N2CC3=CC=C(N4CCN(CC5CCN(C6=CC=C([C@@H]7C8=CC=C(O)C=C8CC[C@@H]7C7=CC=CC=C7)C=C6)CC5)CC4)C=C3C2=O)C(=O)N1
YLCCKMAJUCGEMO,P01116,Q96SW2,0,0.23297752439975739,0,979.1459999999992,5.8410000000000055,159.59999999999997,C#CC1=C(F)C=CC2=CC(O)=CC(C3=NC=C4C(N5CC6CCC(C5)N6)=NC(OCCN5CCC(CC6CCN(CC7CN(C8=CC=C9C(=O)N(C%10CCC(=O)NC%10=O)CC9=C8)C7)CC6)CC5)=NC4=C3F)=C12
YLFPZGFBGPLUOM,O60885,P40337,1,0.9912354350090027,1,1094.7579999999994,7.42268000000001,217.65,CC1=NOC([C@H](C(=O)N2C[C@H](O)C[C@H]2C(=O)N[C@@H](C)C2=CC=C(C3=C(C#CCOCCOCCOCCOCCNC(=O)C[C@@H]4N=C(C5=CC=C(Cl)C=C5)C5=C(SC(C)=C5C)N5C(C)=NN=C45)N=CS3)C=C2)C(C)C)=C1
YLSZFDJVLKZOBQ,P03372,Q96SW2,0,0.9954825639724731,1,714.8630000000002,5.232700000000005,111.65,O=C1CCC(N2CC3=CC(N4CCN(CCOCCOC5=CC=C([C@@H]6C7=CC=C(O)C=C7CC[C@@H]6C6=CC=CC=C6)C=C5)CC4)=CC=C3C2=O)C(=O)N1
YMMKUKGITHRLPG,P01116,Q96SW2,0,0.01313411258161068,0,910.1079999999996,6.741300000000008,156.35999999999996,CCC1=CC=CC2=CC(O)=CC(C3=NC=C4C(N5CC6CCC(C5)N6)=NC(OCCN5CCC(CC6CCN(C7=CC=CC8=C7CN(C7(C)CCC(=O)NC7=O)C8=O)CC6)CC5)=NC4=C3F)=C12
YMVRCVMMAZWAJM,Q92918,Q96SW2,1,0.9999357461929321,1,804.3999999999995,6.798800000000008,148.48000000000002,CCN1CCC(N2C=C(C3=C[NH]C4=NC=C(C5=CC=C(N6CCC(CC7CCN(C(=O)C8=CC=C(Cl)C(N9CCC(=O)NC9=O)=C8)CC7)CC6)N=C5)N=C34)C=N2)CC1
YMZQGDLPBIOGLS,P03372,P40337,1,0.9498783946037292,1,903.081,7.166620000000007,149.12,CC1=C(C2=CC=C(CNC(=O)[C@@H]3C[C@@H](O)CN3C(=O)[C@@H](NC(=O)COCCOC3=CC(F)=C([C@@H]4C5=C(C[C@@H](C)N4CC(C)(C)F)C4=CC=CC=C4[NH]5)C(F)=C3)C(C)(C)C)C=C2)SC=N1
YOQASZIMEWDOQF,P10275,Q96SW2,0,0.1338389664888382,0,803.8330000000001,5.679080000000006,120.3,N#CC1=CC=C(N2CCC(C3=CC=C(N4CCC(CN5CCN(C6=CC7=C(C=C6F)C(=O)N(C6CCC(=O)NC6=O)C7=O)CC5)CC4)C=C3)CC2)C(F)=C1C(F)(F)F
YPHNRJJXIRMLCD,P03372,Q96SW2,1,0.6775290966033936,1,821.0309999999998,7.206900000000009,111.65,O=C1CC[C@H](N2CC3=C(C=CC4=C3OCC43CCN(CC4CCC5(CCN(C6=CC=C([C@@H]7C8=CC=C(O)C=C8CC[C@@H]7C7=CC=CC=C7)C=C6)CC5)OC4)CC3)C2=O)C(=O)N1
YQYHHQWWWNOOKZ,P00533,P40337,0,0.4979969263076782,0,1093.7719999999993,9.31552,221.72,CCN(CC)C/C=C/C(=O)NC1=CC2=C(NC3=CC=C(F)C(Cl)=C3)N=CN=C2C=C1OCC1=CN(CCCCCCCC(=O)N[C@H](C(=O)N2C[C@H](O)C[C@H]2C(=O)N[C@H](C)C2=CC=C(C3=C(C)N=CS3)C=C2)C(C)(C)C)N=N1
YRAXWSWUXNZXEI,Q92793,Q96SW2,0,0.6969839930534363,1,862.9829999999994,5.164800000000005,149.22,CC(=O)N1CCC2=C(C1)C(N1CCCC3=CC(C4=CN(C)N=C4)=C(C(F)F)C=C31)=NN2[C@H]1CC[C@H](CN2CCN(C3=CC=CC4=C3C(=O)N(C3CCC(=O)NC3=O)C4=O)CC2)CC1
YRFWMYLCBNWJEI,P01116,P40337,0,0.005024413578212261,0,1083.3889999999997,8.788420000000006,198.27,CCC1=CC=CC2=CC(O)=CC(C3=NC=C4C(N5C[C@@H]6CC[C@H](C5)N6)=NC(OC[C@@H]5CCCN5CCCCCCC(=O)N[C@H](C(=O)N5C[C@H](O)C[C@H]5C(=O)N[C@@H](C)C5=CC=C(C6=C(C)N=CS6)C=C5)C(C)(C)C)=NC4=C3F)=C12
YRLBDMOISHPRMW,P01116,Q96SW2,0,0.4035762846469879,0,1025.1899999999991,6.760300000000007,159.59999999999997,C#CC1=C(F)C=CC2=CC(O)=CC(C3=NC=C4C(N5CC6CCC(C5)N6)=NC(OCCN5CCC(CN6CCC(CC7CCN(C8=CC=C9C(=O)N(C%10CCC(=O)NC%10=O)CC9=C8F)CC7)CC6)CC5)=NC4=C3F)=C12
YRMYHBHIFJXIGI,Q08881,Q96SW2,1,0.37007758021354675,0,807.9089999999998,3.357800000000003,209.95,CN(CCOCCOCC(=O)NC1=CC=C2C(=O)N(C3CCC(=O)NC3=O)C(=O)C2=C1)CC[C@@H](C1=CC=CC=C1)N1C=C(NC(=O)C2=N[NH]C3=C2CCC(C)(C)C3)C=N1
YSOCLZCUXLLPFU,Q92793,Q96SW2,1,0.8411567807197571,1,847.7179999999994,4.152600000000002,148.47,CC(=O)N1CCC2=C(C1)C(N1CCCC3=CC(Br)=C(C(F)F)C=C31)=NN2C1CCN(C(=O)CN2CC3=CC4=C(C=C3C2)C(=O)N(C2CCC(=O)NC2=O)C4=O)CC1
YSTQEPBPZJFTEG,P08581,Q96SW2,1,0.17851528525352478,0,820.8859999999999,4.145000000000003,166.31,O=C1CCC(N2C(=O)C3=CC=C(N4CCN(CC5CCN(C(=O)C6=CC=C(C7=NN8C(CC9=CC=C%10N=CC=CC%10=C9)=CN=C8N=C7)C=C6F)CC5)CC4)C=C3C2=O)C(=O)N1
YUFHVVATBPCYPQ,P51531,P40337,0,0.9962689876556396,1,1038.0979999999995,8.371420000000008,163.40000000000003,CC1=C(C2=CC=C(CNC(=O)[C@@H]3C[C@@H](O)CN3C(=O)[C@@H](NC(=O)C3(F)CC3)C(C)(C)C)C(OCCCN3CCC(C4=CC=C5C(=C4)N(C4CCCC4)C4=NC(=O)C6=C(Br)C=CC=C6N54)CC3)=C2)SC=N1
YVXTYEKDOUWSSR,P10275,P40337,0,0.3723577857017517,0,1078.729999999999,9.098320000000005,204.9,CC1=NOC([C@H](C(=O)N2C[C@H](S(=O)(=O)F)C[C@@H]2C(=O)N[C@@H](CC(=O)N2CCC(C#CC3=CC=C(C(=O)N[C@H]4C(C)(C)[C@H](OC5=CC=C(C#N)C(Cl)=C5)C4(C)C)C=C3)CC2)C2=CC=C(C3=C(C)N=CS3)C=C2)C(C)C)=C1
YWCHTWJTAVEIKG,P03372,Q96SW2,0,0.9943345189094543,1,708.8590000000002,6.277600000000008,110.26000000000002,O=C1CCC(N2C(=O)C3=CC4=C(C=C3C2=O)CN(CCC2CCN(C3=CC=C([C@@H]5C6=CC=C(O)C=C6CC[C@@H]5C5=CC=CC=C5)C=C3)CC2)C4)C(=O)N1
YWMGYZOTBRTAPC,Q06187,Q96SW2,1,0.9999220371246338,1,958.5359999999996,7.782800000000007,181.96,O=C1CCC(N2CC3=CC(N4CCC(CCN5CCC(CC(=O)N[C@H]6CC[C@@H](NC7=NC=NC8=C7C(C(=O)C7=CC=C(OC9=CC=CC=C9)C=C7Cl)=C[NH]8)CC6)CC5)CC4)=C(F)C=C3C2=O)C(=O)N1
YWUNYWODKIAGET,P03372,Q96SW2,0,0.4083940386772156,0,724.902,6.384800000000007,102.42,O=C1CC[C@H](N2CC3=CC(O[C@@H]4CCN(CC5CCN(C6=CC=C([C@@H]7C8=CC=C(O)C=C8CC[C@@H]7C7=CC=CC=C7)C=C6)CC5)C4)=CC=C3C2=O)C(=O)N1
YXANKPHSGKSVAX,P10275,Q96SW2,1,0.9975850582122803,1,790.3249999999996,4.156280000000003,163.15,C[C@H]1CC2(CCN(C3=CC=C(C(=O)N4CCC(CN5CC6=CC7=C(C=C6C5)C(=O)N(C5CCC(=O)NC5=O)C7=O)CC4)N=N3)CC2)CN1C1=CC=C(C#N)C(Cl)=C1
YZGOHLDCHGJLSU,P01116,Q96SW2,0,0.14912518858909607,0,1025.1899999999991,6.713300000000007,159.59999999999997,C#CC1=C(F)C=CC2=CC(O)=CC(C3=NC=C4C(N5CC6CCC(C5)N6)=NC(OCCN5CCC(F)(CC6CCN(CC7CCN(C8=CC=CC9=C8CN(C8CCC(=O)NC8=O)C9=O)CC7)CC6)CC5)=NC4=C3F)=C12
YZSAJFVSANFUKR,P03372,Q96SW2,0,0.7818233966827393,1,773.925,6.722000000000008,96.43,O=C1CCC(N2CC3=CC(N4CCN(CCC5CCN(C6=C(F)C=C([C@H]7C8=CC=C(O)C=C8CC[C@H]7C7=CC=CC=C7)C=C6F)CC5)CC4)=CC=C3C2=O)C(=O)N1
ZAGZYDLBQICBCA,Q92793,Q96SW2,1,0.7516918182373047,1,819.9139999999995,5.358400000000005,145.98,CC(=O)N1CCC2=C(C1)C(N1CCCC3=CC(C4=NN(C)C=C4)=C(C(F)F)C=C31)=NN2[C@H]1CC[C@H](CN2CC3=CC4=C(C=C3C2)C(=O)N(C2CCC(=O)NC2=O)C4=O)CC1
ZBLUHWGHQCDXPZ,Q9H8M2,Q96SW2,0,0.6189317107200623,1,828.9669999999998,5.566300000000006,160.45,COC1=CC(C2=CN(CC(C)C)C(=O)C3=CN=CC=C23)=CC(OC)=C1C(=O)N1CCC2(CCC(CN3CC4=CC5=C(C=C4C3)C(=O)N(C3CCC(=O)NC3=O)C5=O)CC2)CC1
ZBNHSSRODJHXLX,P03372,Q96SW2,0,0.681379497051239,1,749.9559999999999,6.586300000000007,96.43,O=C1CCC(N2CC3=CC(N4CCN(C5CC6(CCN(C7=CC=C([C@@H]8C9=CC=C(O)C=C9CC[C@@H]8C8=CC=CC=C8)C=C7)CC6)C5)CC4)=CC=C3C2=O)C(=O)N1
ZCOPIRBPZIGHDU,O60885,Q96SW2,1,0.7157520651817322,1,767.356,5.336560000000005,141.89,CC1=C(C)C2=C(S1)N1C(C)=NN=C1[C@H](CC(=O)NCCCN1CCC(C3=CC=C4C(=O)N(C5CCC(=O)NC5=O)CC4=C3)CC1)N=C2C1=CC=C(Cl)C=C1
ZDIXSZMEOKTHNY,P01116,Q96SW2,0,0.30615004897117615,0,967.0909999999992,4.580600000000003,168.82999999999998,C#CC1=C(F)C=CC2=CC(O)=CC(C3=NC=C4C(N5CC6CCC(C5)N6)=NC(OC[C@@H]5C[C@@H](OC6CCN(CC7CN(C8=CC=C9C(=O)N(C%10CCC(=O)NC%10=O)CC9=C8)C7)CC6)CN5C)=NC4=C3F)=C12
ZEBCDQYGDUWIRO,Q92918,Q96SW2,1,0.07314075529575348,0,707.2389999999998,5.679000000000005,145.24,CN1C=C(C2=C[NH]C3=NC=C(C4=CC=C(N5CCC(CC6CCN(C(=O)C7=CC=C(Cl)C(N8CCC(=O)NC8=O)=C7)CC6)CC5)N=C4)N=C23)C=N1
ZETUMISSKGCCDQ,P01116,P40337,0,0.006928848568350077,0,1071.3339999999998,7.24462000000001,207.5,CCC1=CC=CC2=CC(O)=CC(C3=NC=C4C(N5C[C@@H]6CC[C@H](C5)N6)=NC(OC[C@@H]5CCCN5CCOCCC(=O)N[C@H](C(=O)N5C[C@H](O)C[C@H]5C(=O)N[C@@H](C)C5=CC=C(C6=C(C)N=CS6)C=C5)C(C)(C)C)=NC4=C3F)=C12
ZFNPGRKSSUUBPW,P01116,Q96SW2,0,0.9122567176818848,1,950.1079999999994,5.979200000000006,156.99,C#CC1=C(F)C=CC2=CC(O)=CC(C3=NC=C4C(N5CC6CCC(C5)N6)=NC(N5CC[C@@H](N6CCC(CC7CCN(C8=CC=C9C(=C8)N(C)C(=O)N9C8CCC(=O)NC8=O)CC7)CC6)C5)=NC4=C3F)=C12
ZFPPZANCBCHIBI,P01116,Q96SW2,0,0.01421317644417286,0,912.0799999999996,5.389800000000005,173.43,CCC1=CC=CC2=CC(O)=CC(C3=NC=C4C(N5CC6CCC(C5)N6)=NC(OCCN5CCC(CC6CCN(C7=CC=C8C(=O)N(C9CCC(=O)NC9=O)C(=O)C8C7)CC6)CC5)=NC4=C3F)=C12
ZGPNXKLXPYNPQS,P01116,Q96SW2,0,0.011291936971247196,0,798.9199999999998,5.212100000000005,153.12,CCC1=CC=CC2=CC(O)=CC(C3=NC=C4C(N5CC6CCC(C5)N6)=NC(OCCN5CCC(C6=CC=C7CN(C8CCC(=O)NC8=O)C(=O)C7=C6)CC5)=NC4=C3F)=C12
ZGRDOVMMKHCMTA,P03372,Q96SW2,0,0.6250451803207397,1,767.927,5.320700000000005,122.73000000000002,O=C1CCC(N2C(=O)C3=CC=C(N4CCN(C5CCN(CCOC6=CC=C([C@@H]7C8=CC=C(O)C=C8CC[C@@H]7C7=CC=CC=C7)C=C6)CC5)CC4)C=C3C2=O)C(=O)N1
ZHYXPILHQRRHFF,P03372,Q96SW2,1,0.9339029788970947,1,848.9519999999998,4.798600000000004,151.49,COC1=CC(N2CCC3(CCN(C(=O)CN4CC5=CC6=C(C=C5C4)C(=O)N(C4CCC(=O)NC4=O)C6=O)CC3)CC2)=CC=C1[C@@H]1C2=CC=C3[NH]N=CC3=C2C[C@@H](C)N1CC(F)F
ZINWKRRJFFHFNJ,Q9H8M2,Q96SW2,1,0.8966217041015625,1,800.9129999999999,4.755720000000004,160.45,COC1=CC(C2=CN(C)C(=O)C3=CN=C(C)C=C23)=CC(OC)=C1C(=O)N1CCC2(CCC(CN3CC4=CC5=C(C=C4C3)C(=O)N(C3CCC(=O)NC3=O)C5=O)CC2)CC1
ZIUVTWBLWUJBEY,P50750,Q96SW2,0,0.9954246878623962,1,861.7879999999999,4.818000000000003,213.61,O=C1CCC(N2C(=O)C3=CC=CC(OCCCCN4C=C(CCCCCCN5CCC(NC(=O)C6=C(NC(=O)C7=C(Cl)C=CC=C7Cl)C=N[NH]6)CC5)N=N4)=C3C2=O)C(=O)N1
ZIWYDZVCVGTCDI,Q9H8M2,Q96SW2,0,0.8184359073638916,1,814.9399999999998,5.4912000000000045,160.45,COC1=CC(C2=CN(C(C)C)C(=O)C3=CN=CC=C23)=CC(OC)=C1C(=O)N1CCC2(CCC(CN3CC4=CC5=C(C=C4C3)C(=O)N(C3CCC(=O)NC3=O)C5=O)CC2)CC1
ZJPSMLNQMKTKJJ,P09874,Q96SW2,0,0.7383909225463867,1,798.9009999999997,3.386800000000002,188.32,NC(=O)C1=CC=CC2=CN(C3=CC=C([C@@H]4CCCN(C(=O)C5CCN(C(=O)C6CCN(C7=CC=C8C(=O)N(C9CCC(=O)NC9=O)C(=O)C8=C7)CC6)CC5)C4)C=C3)N=C12
ZJVJGKQPQHVYSL,P03372,Q96SW2,1,0.5195735692977905,1,820.9909999999998,5.027100000000004,125.97,O=C1CC[C@H](N2CC3=C(C=CC4=C3OC[C@H]3CN(CC(=O)N5CC6(CCN(C7=CC=C([C@@H]8C9=CC=C(O)C=C9CC[C@@H]8C8=CC=CC=C8)C=C7)CC6)C5)CCN43)C2=O)C(=O)N1
ZKHJDOCZHQUBCZ,P01116,Q96SW2,0,0.008963488042354584,0,937.1339999999992,5.646900000000005,159.59999999999997,CCC1=CC=CC2=CC(O)=CC(C3=NC=C4C(N5CC6CCC(C5)N6)=NC(OCCN5CCC(CN6CCC7(CC6)CN(C6=CC=CC8=C6CN(C6CCC(=O)NC6=O)C8=O)C7)CC5)=NC4=C3F)=C12
ZKMPZGMDXOECHS,O60885,Q96SW2,1,0.8610069751739502,1,821.4479999999998,6.506860000000007,141.89,CC1=C(C)C2=C(S1)N1C(C)=NN=C1[C@H](CC(=O)NCCN1CCC3(CCC(C4=CC=C5C(=O)N(C6CCC(=O)NC6=O)CC5=C4)CC3)CC1)N=C2C1=CC=C(Cl)C=C1
ZKQAJOXLLFEVTK,P09874,Q96SW2,0,0.9999397397041321,1,910.1329999999996,5.352400000000005,174.49,NC(=O)C1=CC=CC2=CN(C3=CC=C([C@@H]4CCCN(C(=O)CC5CCN(CCC6CCN(CC7CCN(C8=CC=C9C(=O)N(C%10CCC(=O)NC%10=O)C(=O)C9=C8)CC7)CC6)CC5)C4)C=C3)N=C12
ZLOIRWPQMNYBGL,Q08881,Q96SW2,1,0.29740312695503235,0,789.9379999999998,5.275100000000004,191.49,CN(CCCCCCC(=O)NC1=CC=C2C(=O)N(C3CCC(=O)NC3=O)C(=O)C2=C1)CC[C@@H](C1=CC=CC=C1)N1C=C(NC(=O)C2=N[NH]C3=C2CCC(C)(C)C3)C=N1
ZLPNUFSEIVRDOK,O60885,Q96SW2,1,0.24148572981357574,0,737.3270000000001,4.462660000000002,176.53999999999996,CC1=C(C)C2=C(S1)N1C(C)=NN=C1[C@H](CC(=O)NCCCCCCCCC(=O)N[C@@H](C)C(=O)N[C@H]1CCC(=O)NC1=O)N=C2C1=CC=C(Cl)C=C1
ZLZHJUUEUPUMNH,Q06187,Q96SW2,1,0.871246874332428,1,747.817,1.3831000000000038,197.72,CN1CCN([C@@H]2CCCN(C3=CN=C(C(N)=O)C(NC4=CC=C(N5CC6(C5)CN(C5=CC=C7C(=O)N([C@@H]8CCC(=O)NC8=O)C(=O)C7=C5)C6)C=C4)=N3)C2)C1=O
ZMDQNICGZRRDHD,P51531,P40337,1,0.9167188405990601,1,957.6419999999996,8.773120000000006,149.93,CC1=C(C2=CC=C([C@H](C)NC(=O)[C@@H]3C[C@@H](O)CN3C(=O)[C@@H](C3=CC(N4CCC(CN5CCC(C6=CC=C7C(=C6)N6C(=NC(=O)C8=C(Cl)C=CC=C86)C7(C)C)CC5)CC4)=NO3)C(C)C)C=C2)SC=N1
ZNECZZKRMJMPEX,Q92918,Q96SW2,1,0.7258479595184326,1,697.2,4.757120000000004,163.26,CCN1CCC(N2C=C(C3=C[NH]C4=NC=C(C5=CN=C(OCCNC(=O)C6=CC=C(Cl)C(N7CCC(=O)NC7=O)=C6)C(C)=C5)N=C34)C=N2)CC1
ZNZALUOUNWVYJN,P10275,Q96SW2,1,0.9330878257751465,1,753.87,5.760680000000005,103.23000000000002,N#CC1=CC=C(N2CCC(C3=CC=C(N4CCC(CN5CCN(C6=CC=C7C(=O)N(C8CCC(=O)NC8=O)CC7=C6)CC5)CC4)C=C3)CC2)C=C1C(F)(F)F
ZOHWFBXCBZWQOF,P01116,Q96SW2,0,0.8932998776435852,1,1051.256999999999,5.785400000000006,169.45999999999998,C#CC1=C(F)C=CC2=CC(O)=CC(C3=NC=C4C(N5CC6CCC(C5)N6)=NC(OCCN5CCN(CC6CCN(CC7CCN(C8=CC=C9C(=C8)N(C)C(=O)N9C8CCC(=O)NC8=O)CC7)CC6)CC5(C)C)=NC4=C3F)=C12
ZOUWJSGGCIZRQH,P03372,Q96SW2,0,0.9996986389160156,1,747.336,7.0398000000000085,102.42000000000002,O=C1CCC(N2CC3=CC(N4CCN(CCCCCOC5=CC=C([C@@H]6C7=CC=C(O)C=C7CC[C@@H]6C6=CC=CC=C6)C=C5)CC4)=CC(Cl)=C3C2=O)C(=O)N1
ZOUZDKJIHOEVRI,P03372,Q96SW2,0,0.798499345779419,1,764.8700000000001,5.635400000000005,122.65,O=C1CCC(N2CC3=C(C=C(F)C(N4CCN(CC(O)CCCOC5=CC=C([C@@H]6C7=CC=C(O)C=C7CC[C@@H]6C6=CC=CC=C6)C=C5)CC4)=C3F)C2=O)C(=O)N1
ZPQWOIFULQMSEH,P06239,Q96SW2,1,0.9206539988517761,1,771.3919999999998,5.049340000000004,138.92999999999995,CC1=NC(NC2=NC=C(C(=O)NC3=C(C)C=CC=C3Cl)S2)=CC(N2CCN(CCCN3CCN(CC4=CC=C(C5CCC(=O)NC5=O)C=C4)CC3)CC2)=N1
ZPYLDDHVODJBLD,P03372,Q96SW2,0,0.7646455764770508,1,765.999,6.481900000000007,96.43,O=C1CC[C@H](N2CC3=CC(CCN4CCCN(CC5CCN(C6=CC=C([C@@H]7C8=CC=C(O)C=C8CC[C@@H]7C7=CC=CC=C7)C=C6)CC5)CC4)=CC=C3C2=O)C(=O)N1
ZQBPERKIXUCCNQ,P29597,P40337,0,0.08333748579025269,0,1056.3079999999995,7.219120000000007,259.61,CNC(=O)C1=CN=C(NC2=CC=C(C(=O)NCCCCCCCCCC(=O)N[C@H](C(=O)N3C[C@H](O)C[C@H]3C(=O)NCC3=CC=C(C4=C(C)N=CS4)C=C3)C(C)(C)C)C=N2)C=C1NC1=CC=CC(C2=NN(C)C=N2)=C1OC
ZRCHTNWZJSGBTQ,P03372,Q96SW2,0,0.877730667591095,1,810.9670000000001,7.3328000000000095,119.49,O=C1CCC(N2C(=O)C3=CC=C(N4CCN(C5CCC6CCC(OC7=CC=C([C@@H]8C9=CC=C(O)C=C9CC[C@@H]8C8=CC=C(F)C=C8)C=C7)CC6C5)CC4)C=C3C2=O)C(=O)N1
ZRDNEVGTKURPRA,P51531,P40337,0,0.33645501732826233,0,779.968,5.2672200000000045,201.48,CC1=C(C2=CC=C([C@H](C)NC(=O)[C@@H]3C[C@@H](O)CN3C(=O)[C@@H](NC(=O)CCCCN3C=C(C4=CC(C5=CC=CC=C5O)=NN=C4N)C=N3)C(C)(C)C)C=C2)SC=N1
ZREFLFMSMWOJIS,P03372,Q96SW2,0,0.9990562200546265,1,738.8850000000001,5.882500000000006,119.49,O=C1CCC(N2C(=O)C3=CC=C(N4CCN(CC[C@@H]5C[C@H]5COC5=CC=C([C@@H]6C7=CC=C(O)C=C7CC[C@@H]6C6=CC=CC=C6)C=C5)CC4)C=C3C2=O)C(=O)N1
ZSULAKQIVKYPMS,Q06187,Q96SW2,1,0.29201796650886536,0,719.8280000000001,3.5497000000000014,183.82,NC(=O)C1=NC=C(C2=NC=CS2)N=C1NC1=CC=C(C2CCN(C[C@H]3CCN(C4=CC=C5C(=O)N([C@H]6CCC(=O)NC6=O)C(=O)C5=C4)C3)CC2)C=C1
ZTLBMWCJSVCNQM,Q92793,Q96SW2,1,0.762405276298523,1,836.9009999999996,4.277000000000004,175.07999999999998,CC(=O)N1CCC2=C(C1)C(N1CCCC3=CC(C4=CN(C)N=C4)=C(C(F)F)C=C31)=NN2C1CCN(C(=O)CCNC2=CC=C3C(=O)N(C4CCC(=O)NC4=O)C(=O)C3=C2)CC1
ZTQZAOMTCIBFNG,Q92918,Q96SW2,0,0.10390332341194153,0,806.9679999999998,6.1894200000000055,151.91000000000005,CC1=CC(C2=C[NH]C3=NC=C(C4=CC=C(C5CCN(CCC6CCN(C7=CC=C8C(=O)N(C9CCC(=O)NC9=O)C(=O)C8=C7)CC6)CC5)C=C4)N=C23)=CC=C1C(=O)N(C)C
ZUAOSWXWYFMGRN,P03372,Q96SW2,0,0.8059524297714233,1,724.902,6.242300000000006,102.42000000000002,O=C1CCC(N2CC3=CC(N4CCN(C[C@H]5C[C@@H](COC6=CC=C([C@@H]7C8=CC=C(O)C=C8CC[C@@H]7C7=CC=CC=C7)C=C6)C5)CC4)=CC=C3C2=O)C(=O)N1
ZWQJQEMPNYBFQE,Q08881,Q96SW2,0,0.23775894939899445,0,807.9089999999998,3.357800000000002,209.95,CN(CCOCCOCC(=O)NC1=CC=CC2=C1C(=O)N(C1CCC(=O)NC1=O)C2=O)CC[C@@H](C1=CC=CC=C1)N1C=C(NC(=O)C2=N[NH]C3=C2CCC(C)(C)C3)C=N1
ZWWVXLXRJJSTQN,P01116,Q96SW2,0,0.011142706498503685,0,923.0629999999996,4.506900000000003,176.66999999999996,CCC1=CC=CC2=CC(O)=CC(C3=NC=C4C(N5CC6CCC(C5)N6)=NC(OCCN5CCC(CN6CC7(C6)CN(C6=CC=C8C(=O)N(C9CCC(=O)NC9=O)C(=O)C8=C6)C7)CC5)=NC4=C3F)=C12
ZWXDWXHNSALXLR,Q06187,Q96SW2,1,0.24521343410015106,0,1052.2029999999993,4.420400000000005,242.87,CN1C=C(C2=CC=NC(N3CCN4C(=CC5=C4CC(C)(C)C5)C3=O)=C2CO)C=C(NC2=CC=C(N3CCN(CCCCCCOCCOCC(=O)NC4=CC=CC5=C4C(=O)N(C4CCC(=O)NC4=O)C5=O)CC3)C=N2)C1=O
ZXEZOPTWSHMEHU,Q92793,Q96SW2,1,0.4251593053340912,0,875.9869999999995,4.806200000000004,180.24,CC(=O)N1CCC2=C(C1)C(C1=CC=CC3=CC(C4=CC=C(C(=O)N5CCC(C6CN(C7=CC=CC8=C7C(=O)N(C7CCC(=O)NC7=O)C8=O)C6)CC5)N=C4)=NC=C13)=NN2C1CCOCC1
ZXEZSPAYGZVVCZ,Q9H8M2,Q96SW2,1,0.9066354036331177,1,800.9129999999999,4.930200000000005,160.45,CCN1C=C(C2=CC(OC)=C(C(=O)N3CCC4(CCC(CN5CC6=CC7=C(C=C6C5)C(=O)N(C5CCC(=O)NC5=O)C7=O)CC4)CC3)C(OC)=C2)C2=CC=NC=C2C1=O
ZXNULVVIUVDDCE,P03372,Q96SW2,0,0.7456473708152771,1,770.9020000000002,6.5558000000000085,119.49,O=C1CCC(N2C(=O)C3=CC=C(N4CC5(CCN(CCCCOC6=CC=C([C@@H]7C8=CC=C(O)C=C8CC[C@@H]7C7=CC=C(F)C=C7)C=C6)CC5)C4)C=C3C2=O)C(=O)N1
ZXVRYWSSUREJGW,P03372,Q96SW2,0,0.9894015789031982,1,713.8790000000001,5.781400000000005,115.31,O=C1CCC(N2CC3=NC(N4CCN(CCCCCOC5=CC=C([C@@H]6C7=CC=C(O)C=C7CC[C@@H]6C6=CC=CC=C6)C=C5)CC4)=CC=C3C2=O)C(=O)N1
ZZCOGFONUQKPPF,P00533,Q96SW2,0,0.971199095249176,1,885.9260000000002,5.277100000000004,196.01,CCS(=O)(=O)N1C=C(C2=NC(NC3=CC=C(N4CCN(C(=O)CCCC(=O)NC5=CC=CC6=C5CN(C5CCC(=O)NC5=O)C6=O)CC4)C=C3)=NC=C2C(F)(F)F)C2=CC=CC=C21
ZZUHCIBVSLMEGQ,P03372,Q96SW2,0,0.8407353162765503,1,723.918,6.053700000000005,96.43,O=C1CCC(N2CC3=CC(N4CCN(CCC5CCN(C6=CC=C([C@@H]7C8=CC=C(O)C=C8CC[C@@H]7C7=CC=CC=C7)C=C6)C5)CC4)=CC=C3C2=O)C(=O)N1
